Date,Bengaluru,Chennai,Delhi,Lucknow,Hyderabad,Patna,Jaipur,Thiruvananthapuram
26-09-2017,4.76,18.8,7.13,4.79,7.2,7.53,7.36,3.44
27-09-2017,6.16,25.33,6.62,6.4,6.41,11.56,7.87,3.44
28-09-2017,4.63,21.76,6.08,7.7,5.29,11.76,6.44,2.91
29-09-2017,5.13,50.51,7.17,6.95,4.87,4.2,7.86,4.15
30-09-2017,5.74,22.92,6.64,7.67,5.4,6.25,7.31,3.74
01-10-2017,4.53,11.61,3.46,6.78,5.12,6.12,7.13,1.86
02-10-2017,5.64,8.99,2.94,8.56,3.37,5.52,7.28,3.49
03-10-2017,4.49,19.68,5.81,8.82,6.88,3.5,7.12,2.07
04-10-2017,5.36,21.41,11.7,7.04,10.46,3.45,7.76,2.11
05-10-2017,5.07,16.78,11.96,7.37,8.94,5.08,6.82,2.21
06-10-2017,5.66,12.15,13.91,7.04,5.7,5.25,8.08,2.17
07-10-2017,4.55,10.46,22.29,6.75,7.36,6.72,8.63,2.15
08-10-2017,4.22,10.51,24,6.95,19.21,9.34,8.71,2.16
09-10-2017,5.2,14.28,23.51,7.04,4.24,7.14,8.64,2.24
10-10-2017,3.93,5.18,7.6,8.1,8.63,5.83,8.54,2.48
11-10-2017,4.38,7.64,6.57,5.91,4.3,9.59,17.57,2.72
12-10-2017,4.2,3.49,7.65,6.5,4.2,9.64,8.68,2.95
13-10-2017,4.49,14.37,9.36,5.6,2.36,12.06,11.28,3.19
14-10-2017,4.64,13.82,14.64,5.22,2.46,12.71,9.12,3.43
15-10-2017,4.22,11.79,14.31,7.14,4.4,14.06,10.99,3.67
16-10-2017,4.05,10.98,23.09,11.86,18.9,12.86,7.49,3.9
17-10-2017,4.37,9.8,17.44,17.23,11.19,7.53,8.08,4.14
18-10-2017,4.81,22.85,27.42,21.34,4.82,6.95,9.22,4.26
19-10-2017,4.39,25.11,22.15,31.73,5.43,15.41,15.18,4.38
20-10-2017,5.88,8.8,36.85,15.66,2.02,9.8,14.82,2.6
21-10-2017,5.69,7.05,20.55,15.55,10.49,9.83,9.82,1.51
22-10-2017,5.32,10.8,24.42,19.69,3.29,10.24,6.54,2.02
23-10-2017,5.39,10.73,27.79,23.36,5.28,10.65,6.12,2.53
24-10-2017,5.62,11.09,23.19,21.03,5.02,12.57,7.73,2.35
25-10-2017,4.42,11.24,23.77,26.05,9.07,13.47,8.3,2.266666667
26-10-2017,4.26,17.26,24.12,26.34,6.6,9.57,8.39,2.183333333
27-10-2017,4.26,6.78,21.24,19.57,13.15,7.66,8.38,2.1
28-10-2017,4.97,11.79,27.88,19.45,11.15,21.46,9.91,2.5175
29-10-2017,4.3,11.68,25.08,14.33,7.7,10.6,6.77,2.935
30-10-2017,3.71,9.51,23.68,10.32,12.245,3.32,7.56,3.3525
31-10-2017,3.6,11.69,19.36,10.32,16.79,8.42,6.4,3.77
01-11-2017,2.66,17.43,16.01,7.29,14.94,7.82,5.88,2.76
02-11-2017,4.15,14.51,17.19,7.06,17.59,7.22,6.15,4.25
03-11-2017,5.08,10.59,15.29,6.81,20.33,14.81,6.02,3.45
04-11-2017,3.3,6.35,18.87,7.25,13.5,18.5,5.85,4.07
05-11-2017,3.33,6.55,19.55,8.52,13.78,20.26,3.2,4.12
06-11-2017,3.15,11.84,18.74,9.71,15.11,21.96,3.97,3.64
07-11-2017,3.51,13.26,15.29,10.21,11.95,19.8,4.2,4.55
08-11-2017,2.98,13.02,20.46,9.79,17.4,24.95,4.19,5.68
09-11-2017,3.26,13.05,15.68,9.39,16.53,20.66,5.87,3.63
10-11-2017,2.76,10.05,17.84,8.94,22.05,21.41,5.28,3.75
11-11-2017,3.99,12.95,17.8,10.15,27.55,26.09,6.1,5.03
12-11-2017,3.85,16.59,13.94,10.89,21.15,23.98,4.92,3.97
13-11-2017,3.68,11.35,15.58,10.83,17.25,21.17,7.21,4.82
14-11-2017,4.15,8.2,13.67,10.19,20.01,21.39,5.15,5.2
15-11-2017,3.88,10.74,19.24,9.5,16.76,20.43,7.96,3.92
16-11-2017,4.34,12.58,22.89,9.39,13.31,21.61,6.3,4.87
17-11-2017,3.97,12.15,16.32,8.03,14.81,22.51,10.65,6.18
18-11-2017,3.59,13.45,13.3,9.27,11.42,22.27,10.75,3.6
19-11-2017,3.76,12.77,15.12,24.02,10.46,26.1,10.38,3.1
20-11-2017,3.59,11.02,13.7,13.4,10.05,24.59,7.17,4.69
21-11-2017,3.83,12.9,15.02,6.62,8.34,19.85,7.95,4.99
22-11-2017,3.36,12.47,18.13,8.11,14.21,20.66,9.49,3.12
23-11-2017,4.05,12.8,18.32,8.36,18.61,21.75,10.31,5.1
24-11-2017,3.89,15.48,19.2,9.02,12.78,18.99,11.85,4.89
25-11-2017,3.81,15.29,17.95,11.13,13.35,20.99,10.92,4.79
26-11-2017,3.75,11.31,21.01,11.19,10.47,29.86,8.99,3.84
27-11-2017,3.82,15.38,18.95,12.16,15.16,20.68,8.53,4.65
28-11-2017,3.95,19.09,19.39,8.69,16.7,22.84,7.73,3.41
29-11-2017,3.99,11.66,20.1,10.96,15,17.53,8.99,1.52
30-11-2017,4.12,8.83,16.83,8.59,14.09,16.88,10.28,3.02
01-12-2017,3.23,9.32,17.59,8.26,14.25,20.61,8.25,2.93
02-12-2017,2.98,11.23,20.17,8.96,10.97,28.35,8.1,4.19
03-12-2017,2.16,14.78,19.92,8.77,9.54,23.45,7.7,3.92
04-12-2017,2.58,20.97,20.17,9.54,12.21,24.46,8.55,4.96
05-12-2017,3.02,10.72,18.29,10.58,13.2,26.59,9.56,4.803333333
06-12-2017,4.86,14.01,20.88,11.95,13.15,25.24,10.63,4.646666667
07-12-2017,4.42,17.67,18.17,8.77,16.11,20.03,10.06,4.49
08-12-2017,4.75,14.6,21.69,13.25,24.61,16.82,10.8,1.45
09-12-2017,4.86,12.04,24.22,15.34,19.03,20.24,6.13,4.71
10-12-2017,4.96,9.89,25.97,13.86,22.76,58.61,6.87,4.33
11-12-2017,4.41,7.67,24.39,10.23,22.48,37.5,7.74,3.96
12-12-2017,3.84,6.1,11.71,10.5,12.94,30.54,4.33,3.64
13-12-2017,3.72,9.12,10.81,8.87,8.51,38.42,3.32,3.43
14-12-2017,3.71,13.19,11.18,8.43,7.88,59.67,13.63,3.99
15-12-2017,2.87,11.93,9.69,11.8,7.52,46.3,16.03,5.33
16-12-2017,3.2,7.92,4.98,8.63,8.56,39.91,13.97,3.07
17-12-2017,3.56,8.69,12.68,10.49,12.3,38.89,10.11,3.38
18-12-2017,3.66,8.65,16.97,9.83,22.04,34.58,12.86,4.12
19-12-2017,3.71,21.79,23.03,10.93,24.06,54.94,13.65,4.54
20-12-2017,6.38,11.48,25,13.64,21.88,51.15,10.35,3.96
21-12-2017,5.76,10.75,22.54,12.24,16.67,46.2,11.87,5.13
22-12-2017,3.32,13.33,20.47,11.66,16.21,45.23,8.57,3.44
23-12-2017,3.55,13.21,19.95,9.16,15.01,50.93,9.47,4.1
24-12-2017,2.29,15.53,23.73,8.54,10.11,54.55,7.95,5.42
25-12-2017,2.78,8.9,23.76,7.07,8.51,39.37,12.47,3.39
26-12-2017,2.72,14.59,22.1,8.41,18.35,41.33,9.15,3.44
27-12-2017,3.4,13.05,23.17,8.66,16.26,34.09,11.31,3.89
28-12-2017,3.38,11.39,25.51,9.5,14.18,33.04,7.65,3.89
29-12-2017,3.6,12.13,25.54,10.19,10.66,34.99,11.57,3.38
30-12-2017,3.26,8.92,21.01,7.24,9.62,37.05,17.52,4.14
31-12-2017,2.95,6.62,17.97,7.64,8.17,53.72,12.93,4.32
01-01-2018,3.2,6,18.58,6.89,11.25,51.63,9.85,3.51
02-01-2018,3.37,8.23,12.43,8.56,9.44,36.7,12.7,3.29
03-01-2018,2.8,12.77,10.28,7.57,10.52,49.93,12.06,6.04
04-01-2018,3.32,11.75,14.42,7.77,17.34,42.33,12.22,5.21
05-01-2018,5.34,16.44,13.2,9.07,15.67,30.81,9.67,7.36
06-01-2018,4.28,29.31,18.15,8.87,12.81,39.19,10.3,8.37
07-01-2018,3.37,17.55,16.27,8.86,11.62,56.84,16.11,6.67
08-01-2018,4.26,14.31,17.15,9.17,9.28,61.32,15.68,6.81
09-01-2018,16.6,20.33,21.82,8.57,10.51,52.83,11.92,6.16
10-01-2018,3.16,10.64,18.98,8.8,12.71,45.91,14.62,7.43
11-01-2018,4.91,11.52,17.4,9.82,17.13,66.87,19.33,5.36
12-01-2018,5.74,12.57,24.03,9.29,17.29,70.52,23.61,4.72
13-01-2018,3.51,19.38,24.28,10.86,20.89,50.29,15.6,5.48
14-01-2018,3.2,20.61,22.47,9.76,13.76,44.99,12.79,4.52
15-01-2018,3.35,13.78,19.12,8.7,7.43,53.83,13.37,6.34
16-01-2018,3.47,12.31,19.06,9.81,9.12,59.01,10.78,5.81
17-01-2018,3.58,26.45,14.48,10.82,10.5,49.61,8.48,7.96
18-01-2018,3.66,23.22,21.02,9.9,13.02,43.97,12.92,5.14
19-01-2018,4.22,29.85,22.27,9.96,17.29,45.92,10.84,8.08
20-01-2018,4.32,34.03,14.45,10.46,23.32,47.9,12.27,8.59
21-01-2018,3.97,33.72,16.91,9.56,13.76,47.68,10.02,7.23
22-01-2018,4.24,13.69,21.64,8.87,9.28,49.05,12.44,5.24
23-01-2018,4.59,9.92,14.25,9.71,6.93,47.83,8.79,6.63
24-01-2018,4.59,12.56,11.9,10.27,9.52,49.66,10.4,5.65
25-01-2018,4.19,9.64,6.84,8.1,16.47,50.08,9.51,5.66
26-01-2018,4.24,6.7,7.99,8.58,19.6,48.81,10.99,7.52
27-01-2018,4.21,7.26,7.94,9.7,13.62,45.88,14.81,9.01
28-01-2018,4.28,6.72,10.26,8.36,9.02,29.76,17.77,6.7
29-01-2018,4.17,8.17,12.61,9.83,8.69,31.86,18.37,6.18
30-01-2018,3.89,11.98,14.47,7.78,16.9,35.29,17.4,4.95
31-01-2018,4.07,17.29,11.35,8.44,20.33,37.73,13.34,7.95
01-02-2018,5.01,14.37,18.67,8.27,22.37,33.66,10.94,5.4
02-02-2018,4.38,8.5,12.25,9.1,16.85,37.48,11.35,6.28
03-02-2018,6.48,6.93,14.2,12.83,9.51,39.67,21.12,8.15
04-02-2018,12.74,5.65,13.2,9.75,9.46,34.47,16.14,7.65
05-02-2018,3.37,6.64,14.77,10.79,8.16,34.57,14.37,7.87
06-02-2018,3.52,8.16,14.94,11.05,9.68,36.39,20.56,7.27
07-02-2018,3.22,6.16,14.58,9.24,13.6,36.33,17.89,4.22
08-02-2018,4.2,6.61,13.8,12.08,13.52,28.47,12.54,5.42
09-02-2018,4.36,5.6,14.35,14.02,13.92,37.08,12.96,6.25
10-02-2018,6.63,6.64,13.77,13.01,13.07,39.86,11.43,3.92
11-02-2018,3.42,6.47,14.45,13.29,8.55,38.42,11.92,4.78
12-02-2018,2.99,5.97,8.58,12.54,6.61,32.37,10.6,27.65
13-02-2018,1.84,7.42,10.25,12.22,6.53,36.21,9,6.77
14-02-2018,1.61,7.06,9.03,10.56,8.3,30.96,9.26,6.77
15-02-2018,1.47,11.88,11.47,13.72,12.88,37.8,12.55,5.26
16-02-2018,2.79,9.95,12.49,15.47,17.02,33.92,10.87,4.7
17-02-2018,8.54,7.69,15.01,15.7,20.36,35.52,14.71,7.58
18-02-2018,5.69,8.49,12.17,15.42,10.27,54.87,9.36,7.27
19-02-2018,4.22,9.71,15.25,15.91,7.39,50.76,12.98,7.37
20-02-2018,3.15,9.94,14.53,19.75,6.36,42.64,7.55,7.71
21-02-2018,3.36,10.16,13.97,19.24,7.37,39.32,10.72,6.9
22-02-2018,3.19,10.97,15.89,20.89,8.69,38.02,10.53,9.69
23-02-2018,2.94,8.95,16.26,21.32,8.18,38.49,9.91,8.05
24-02-2018,2.35,9.72,15.09,21.7,8.22,37.43,17.05,8.96
25-02-2018,2.34,12.04,14.34,14.64,7.54,38.53,8.32,8.775
26-02-2018,2.61,12.92,9.64,11.36,9.89,27.21,10.13,8.59
27-02-2018,3.87,10.04,10.72,13.5,14.95,35.57,11.47,7.94
28-02-2018,3.4,9.39,14.52,13.53,12.91,33.35,8.37,8.48
01-03-2018,3.09,10.14,14.9,12.12,11.14,42.83,12,6.84
02-03-2018,3.53,9.72,11.52,13.04,10.18,33.4,8.08,7.48
03-03-2018,3.14,10.37,12.93,12.7,9.79,39.98,6.62,10.33
04-03-2018,4.2,9.28,12.95,11.9,9.17,39.26,8.31,8.62
05-03-2018,3.71,7.71,12.7,11.02,8.88,35.41,8.22,8.75
06-03-2018,3.85,8.42,12.99,12.26,9.83,36.22,10.76,7.85
07-03-2018,3.83,5.79,13.23,13.33,7.58,35.5,9.78,7.87
08-03-2018,3.66,9.39,16.98,15.43,7.22,37.06,9.88,5.89
09-03-2018,4.07,7.73,18.68,15.73,6.03,42.15,10.32,8.26
10-03-2018,4.18,7.81,14.8,14.59,7.24,38.04,12.32,9.76
11-03-2018,3.7,12.98,15.41,18.02,6.94,34.89,9.72,14.94
12-03-2018,4.01,12.55,17.48,15.34,5.14,37.91,7.8,10.69
13-03-2018,4.08,7.09,17.22,15.46,5.62,36.91,9.81,4.27
14-03-2018,4.17,7.06,17.39,18.86,7.43,45.05,10.37,5.86
15-03-2018,3.95,7.31,16.08,20.64,8.79,44.85,8.84,4.85
16-03-2018,3.88,5.73,16.61,15.59,14.59,41.25,10.57,4.3
17-03-2018,4.27,8.57,13.63,13.7,5.86,48.51,11.16,5.38
18-03-2018,3.39,20.78,17.22,11.51,4.84,51.35,11.81,4.79
19-03-2018,3.33,10.23,16.95,11.29,5.87,50.18,11.13,6.05
20-03-2018,3.26,11.81,20.52,10.77,7.01,49.53,9.02,5.52
21-03-2018,3.02,9.22,24.36,13.27,11.32,46.51,8.62,5.64
22-03-2018,3.78,7.46,17.14,10.09,13.35,50.87,9.33,6.17
23-03-2018,3.89,3.84,12.75,10.34,16.25,48,7.61,5.32
24-03-2018,3.61,5.9,14.56,11.63,16.63,47.24,8.77,5.45
25-03-2018,3.59,3.54,15.57,9.9,10.47,48.42,10.05,4.98
26-03-2018,5.17,9.39,16.28,10.38,7.69,45.13,10.06,5.59
27-03-2018,6.99,7.14,18.5,10.63,9.57,54.47,10.24,5.05
28-03-2018,4.245,4.51,16.27,13.93,9.65,49.48,11.31,10.06
29-03-2018,1.5,5.95,16.53,13.36,9.33,49.89,10.16,5.43
30-03-2018,1.48,6.74,15.95,11.53,7.54,47.22,11.24,4.5
31-03-2018,2.58,6.34,16.59,10.29,7.47,45.8,11.76,5.8
01-04-2018,2.83,7.76,14.13,10.62,5.79,45.56,9.94,8.77
02-04-2018,3,6.52,16.54,11.45,5.28,47.74,10.63,7.8
03-04-2018,3.91,6.48,17.36,12.52,5.64,52.83,9.35,6.01
04-04-2018,3.42,5.81,16.58,13.52,5.82,52.52,13.25,7.72
05-04-2018,3.39,7.03,19.67,9.71,4.72,50.91,11.46,8.52
06-04-2018,3.64,6.96,19.96,8.36,5.68,51.48,9.65,11.26
07-04-2018,3.55,4.99,10.48,7.21,9.13,50.36,8.96,7.86
08-04-2018,3.4,11.9,10.5,8.54,5.05,53.89,7.76,6.31
09-04-2018,3.34,28.17,10.77,8.84,6.94,47.09,7.84,4.92
10-04-2018,3.47,30.67,12.65,15.8,6.42,50.31,7.77,6.68
11-04-2018,3.4,20.43,11.21,10.96,6.12,52.73,6.34,6.59
12-04-2018,3.24,6.2,10.07,8.35,7.29,49.12,4.2,6.4
13-04-2018,3.56,5.03,13.37,10.62,5.19,47.52,7.09,5.33
14-04-2018,3.8,4.51,15.77,10.04,4.9,41.39,8.4,5.77
15-04-2018,3.42,3.97,17.56,12,5.47,42.86,7.43,5.38
16-04-2018,3.01,4.74,21.02,11.41,8.34,46.85,5.59,5.76
17-04-2018,2.74,3.34,13.57,12.56,5.64,48.2,7.5,6.29
18-04-2018,2.73,3.88,13.29,10.39,9.98,55.42,7.97,5.61
19-04-2018,6.9,3.44,16.76,10.77,10.51,53.16,7.73,5.74
20-04-2018,2.28,4.3,15.55,11.88,9.2,49.72,9.92,5.67
21-04-2018,2.7,3.77,12.08,9.43,10.1,49.2,6.64,7.09
22-04-2018,3.94,3.78,16.92,10.77,7.55,51.38,8.73,6.37
23-04-2018,3.94,3.35,12.89,10.81,6.52,46.7,6.96,7.11
24-04-2018,4.05,4.11,17.01,12.27,6.92,50.74,9.55,6.11
25-04-2018,4.06,3.37,15.1,14.96,6.07,49.87,9.46,4.82
26-04-2018,5.71,5.12,17.89,12.84,6.99,50.34,10.84,6.16
27-04-2018,5.25,5.02,12.96,10.43,7.12,41.91,10.29,6.46
28-04-2018,5.54,4.86,12.38,12.83,6.84,50.06,7.69,5.78
29-04-2018,6.03,3.63,16.1,12,7.72,47.85,5.78,7.98
30-04-2018,5.46,3.97,11.9,9.26,9.74,48.92,5.95,6.53
01-05-2018,6.12,3.39,8.8,10.28,7.94,50.23,7.74,6.11
02-05-2018,9.43,5.4,7.65,10.77,5.92,50.67,5.51,5.52
03-05-2018,5.83,7.39,9.52,9.62,5.45,49.65,7.75,5.02
04-05-2018,6.65,4.36,9.06,10.9,6.1,41.48,7.2,6.05
05-05-2018,4.22,4.32,11.85,10.09,5.94,46.87,8.75,6.5
06-05-2018,5.71,5.11,14.61,11.07,6.47,44.43,8.65,5.61
07-05-2018,5.1,20.65,16.31,10.68,6.91,45.99,10.8,6.59
08-05-2018,6.3,9.24,6.97,13,7.8,41.82,7.31,5.77
09-05-2018,5.64,6.74,12.35,10.26,6.11,41.89,8.61,5.79
10-05-2018,5.31,7.95,12.02,8.27,5.28,38.75,8.44,6.3
11-05-2018,5.48,5.67,16.58,11.04,6.44,44.68,9.23,6.78
12-05-2018,4.33,6.1,17.75,13.17,5.79,44.45,9.43,6.54
13-05-2018,5.76,6.18,11.48,10.5,6.11,39.58,10.77,7.13
14-05-2018,7.1,6.23,11.3,8.98,5.38,48.95,10.47,6.43
15-05-2018,6.35,6.55,11.9,9.89,4.84,40.03,10.55,7.11
16-05-2018,6.26,6.31,9.25,10.52,8.26,51.23,11.15,6.16
17-05-2018,5.16,7.82,13.61,10.36,9.18,49.64,12.09,4.77
18-05-2018,4.09,5.65,13.97,11.03,6.93,45.29,11.27,5.58
19-05-2018,4.82,6.8,12.48,10.19,8.04,46.76,8.6,5.87
20-05-2018,4.3,7.94,12.65,7.18,6.25,48.47,9.45,4.19
21-05-2018,4.51,6.83,12.73,6.2,6.97,43.55,9.83,5.19
22-05-2018,3.12,6.22,15.56,9.41,7.04,42.66,11.69,6.47
23-05-2018,4.33,6.03,17.57,10.76,6.22,43.77,11.24,6.99
24-05-2018,4.77,6.28,17.78,8.21,6.42,45.56,16.49,6.68
25-05-2018,4.87,6.2,12.73,8.63,6.99,39.32,10.24,3.77
26-05-2018,3.78,6.46,14.9,9.37,4.39,32.15,12.22,5.08
27-05-2018,3.86,5.25,11.59,7.56,6.26,37.77,10.01,4.98
28-05-2018,4.26,5.48,15.54,7.09,5.77,36.85,15.87,5.22
29-05-2018,3.57,5.4,11.93,7.03,6.41,30.11,10.39,5.53
30-05-2018,3.68,6.2,8.58,6.64,6.53,39.04,10.23,4.93
31-05-2018,3.55,5.1,9.71,6.46,5.81,39.17,10.31,5.15
01-06-2018,3.69,4.68,8.24,7.22,6.76,39.18,12.89,6.04
02-06-2018,6.55,4.91,9.08,7.39,6.87,39.07,11.85,5.44
03-06-2018,4.18,6.62,7.79,7.86,7.11,39.56,10.85,4.82
04-06-2018,4.39,6.78,8.14,7.28,7.1,39.99,11.14,5.28
05-06-2018,6.31,6.24,7.51,8.05,7.18,39.36,9.03,5.86
06-06-2018,7.21,5.87,9.34,8.73,7.06,35.13,8.07,6.22
07-06-2018,5.85,5.12,10.1,9.96,5.17,36.07,8.76,6.53
08-06-2018,6.23,6.26,7.75,9.92,6.1,35.82,8.28,4.84
09-06-2018,5.35,5.8,6.41,10.68,6.84,37.58,10.74,6
10-06-2018,5.19,6.33,7.35,10.4,7.35,35.42,11.19,5.36
11-06-2018,4.66,5.87,6.94,10,8.45,34.43,9.54,5.64
12-06-2018,3.37,6.19,8.73,10.03,10.11,39.02,10.04,5.95
13-06-2018,4,5.75,6.91,9.01,7.58,45.415,9.3,4.97
14-06-2018,2.91,5.64,7.22,10.09,8.26,51.81,6.74,5.79
15-06-2018,3.21,5.95,7.31,9.1,9.66,26.85,9.06,5.97
16-06-2018,3.24,4.42,7.29,9.48,8.96,33.13,9.4,5.94
17-06-2018,3.83,4.97,6.18,8.56,9.83,35,9.07,5.44
18-06-2018,4.93,6.27,7.71,8.72,8.6,35.86,9.68,5.25
19-06-2018,4.53,6.21,6.5,7.24,6.94,42.54,8.23,6.17
20-06-2018,4.83,5.71,10.05,8.89,6.5,41.49,13.27,5.1
21-06-2018,5.1,5.9,9.73,11.23,6.21,38.08,13.19,6
22-06-2018,4.68,5.65,12.38,9.06,6.19,37.85,10.2,5.57
23-06-2018,4.7,4.85,11.68,7.89,6.35,38.09,10.28,5.87
24-06-2018,4.64,5.48,13.73,7.96,6.42,36.95,9.77,5.83
25-06-2018,4.79,6.06,12.17,8.24,6.36,37.88,8.21,5.71
26-06-2018,4.78,5.28,13.16,8.46,5.93,42.11,9.73,5.67
27-06-2018,4.87,5.84,10.43,8.77,4.6,38.31,9.54,5.64
28-06-2018,5.5,5.57,8.48,8.2,5.05,39,10.02,6.63
29-06-2018,5.95,5.21,9.36,7.9,5.38,39.94,8.04,5.19
30-06-2018,6.63,6.16,9.55,7.89,6.64,35.09,9.04,5.16
01-07-2018,6.11,5.51,8.53,9.93,7.1,39.85,10.73,6.42
02-07-2018,6.9,6.51,8.82,11.07,5.74,40.03,10.97,5.33
03-07-2018,7.51,5.53,10.11,6.68,5.56,42.75,11.7,6.47
04-07-2018,6.49,5.74,10.14,5.46,5.95,34.38,11,6.52
05-07-2018,6.47,5.91,11.14,5.36,6.07,39.4,9.44,5.86
06-07-2018,6.63,5.73,10.27,6.03,5.06,41,10.3,6.89
07-07-2018,7.2,4.83,10.4,8.27,5.19,46.94,10.34,5.85
08-07-2018,7.09,6.22,11.6,7.23,5.61,89.52,10.72,5.98
09-07-2018,7.5,5.42,11,5.88,5.45,58.78,9.83,7.12
10-07-2018,7.49,5.36,10.92,6.69,5.47,46.2,8.84,6.66
11-07-2018,8.27,6.56,11.26,6.62,4.83,50.3,8.4,7
12-07-2018,8.6,6.04,10.92,8.67,4.96,58.06,9.51,5.75
13-07-2018,7.14,5.81,10.69,6.54,6.21,80.92,10.32,5.02
14-07-2018,7.47,4.79,11.13,7.59,6.88,78.96,8.47,6.97
15-07-2018,6.66,5.74,10.64,6.13,6.66,56.12,8.56,6.22
16-07-2018,7.32,5.79,9.51,5.74,8.75,46.43,9.6,4
17-07-2018,7.56,7.06,10.2,6.6,6.46,54.19,9.32,5.61
18-07-2018,7.75,11.13,11.04,7.75,6.95,55.64,10.16,6.37
19-07-2018,7.58,7.33,11.14,8.38,7.32,57.14,9.16,6.38
20-07-2018,7.49,6.12,10.4,7.26,9.52,45.51,8.33,5.93
21-07-2018,7.68,6.79,11.2,6.49,9.11,51.68,7.23,5.89
22-07-2018,8.01,8.48,9.85,5.85,9.22,51.57,6.87,5.17
23-07-2018,7.9,6.89,10.43,6.36,7.41,51.78,8.89,6.24
24-07-2018,7.08,6.18,10.78,5.55,5.87,48.07,12.59,5.13
25-07-2018,7.68,8.34,9.99,6.31,6.55,55.45,10.01,6.28
26-07-2018,7.55,11.1,9.27,6.17,7.06,80.07,8.96,6.06
27-07-2018,7.46,5.64,9.13,6.35,6.46,51.81,9.81,6.64
28-07-2018,6.84,6.54,9.55,5.46,6.09,44.84,8.71,5.73
29-07-2018,6.51,9.83,9.37,5.51,7.2,32.85,9.76,5.23
30-07-2018,7.18,7.12,8.96,4.93,6.79,21.96,10.03,5.99
31-07-2018,6.44,6.08,9.12,5.77,6.8,8.74,9.76,5.48
01-08-2018,6,6.97,9.71,5.21,6.2,12.44,8.75,5.96
02-08-2018,6.28,6.19,10.22,5.23,6.61,15.77,8.6,4.65
03-08-2018,6.5,7.57,9.48,5.51,7.02,28.32,9.41,5.55
04-08-2018,6.8,5.68,9.61,5.05,6.63,20.96,10.74,6.02
05-08-2018,7.15,5.85,9.86,5.78,6.37,21.21,9.3,5.43
06-08-2018,5.94,5.49,9.4,6.1,7.05,15.58,10.37,4.48
07-08-2018,6.18,5.8,10.65,7.55,8.15,17.96,8,5.95
08-08-2018,6.68,5.96,9.47,7.87,7.42,15.27,7.59,6.03
09-08-2018,6.27,6.67,9.85,7.5,5.9,12.46,9.74,4.98
10-08-2018,7.52,6.22,9.66,6.57,6.07,13.15,11.08,4.96
11-08-2018,6.44,7.81,8.84,5.79,6.09,10.84,7.66,5.82
12-08-2018,6.96,4.28,9.09,5.97,6.15,10.84,7.26,4.93
13-08-2018,5.96,6.47,9.26,7.42,6.65,15.98,7.17,5.75
14-08-2018,6.34,6.16,9.86,8.37,7.29,24.07,9.28,5.72
15-08-2018,6.35,4.58,8.85,9.32,10.13,23.49,11.23,6.13
16-08-2018,5.58,10.58,10.43,9.56,5.69,22.72,10.39,5.77
17-08-2018,5.76,15.97,9.26,9.14,7.17,18.95,8.93,4.56
18-08-2018,6.76,14.94,10.05,9.14,8,25.63,10.47,5.12
19-08-2018,6.44,15.14,11.4,8.68,6.84,23.94,10.13,5.57
20-08-2018,6.65,14.29,10.88,8.31,5.98,27.3,9.34,5.11
21-08-2018,5.95,15.09,11.99,7.8,6.73,26.1,10.09,6.39
22-08-2018,6.92,14.35,11.43,7.46,8.08,23.52,10.06,5.51
23-08-2018,7.32,14.77,10.82,7.19,8.73,24.58,10.24,6.5
24-08-2018,7.81,11.98,10.4,7.6,8.55,25.58,8.77,6.51
25-08-2018,7.61,13.19,10.9,12.86,7.55,24.18,9,5.95
26-08-2018,7.07,14.06,10.31,11.13,7.85,24.33,8.74,5.47
27-08-2018,7.09,12.04,10.82,10.8,7.61,23.76,9.08,6.19
28-08-2018,6.5,12.49,10.84,4.62,6.97,25.61,10.98,5.38
29-08-2018,6.94,11.59,10.23,5.17,8.39,25.03,11.17,6.49
30-08-2018,7.56,10.61,9.97,5.59,8.85,25.23,9.56,6.38
31-08-2018,7.34,13.07,9.67,6.26,7.13,25.04,11.33,6.35
01-09-2018,7.25,12.61,10.53,5.61,8.74,23.2,11.67,5.98
02-09-2018,8.3,13.98,9.81,5.03,6.4,22.43,11.05,6.07
03-09-2018,8.66,14.76,9.96,5.27,7.13,23.72,10.92,6.02
04-09-2018,8.63,12.8,10.8,6.44,7.74,25.16,11.25,5.56
05-09-2018,7.69,9.42,9.62,6.08,8.05,20.93,11.59,5.48
06-09-2018,8.53,6.19,10.13,6.34,7.84,22.95,11.5,6.72
07-09-2018,8.27,8.08,10.75,4.85,7.79,24.32,11.4,6
08-09-2018,7.58,14.86,11.38,5,9.3,25.23,10.5,5.5
09-09-2018,7.65,7.37,10.98,4.78,8.8,24.14,7.8,6.82
10-09-2018,7.71,5.85,11.21,4.54,7.75,19.69,8.4,8.14
11-09-2018,6.95,5.71,9.77,4.62,6.42,31.92,9.8,5.19
12-09-2018,7.44,4.94,10.31,3.94,5.67,24.67,10.89,5.86
13-09-2018,8.27,5.26,11.24,3.62,6,27.39,10.91,6.73
14-09-2018,7.55,5.34,11.21,4.18,7.04,18.57,11.19,6.44
15-09-2018,7.46,6.92,11.74,3.95,6.77,25.01,9.41,7.36
16-09-2018,8.26,6.42,11.14,3.82,7.78,27.72,8.59,7.35
17-09-2018,7.87,10.04,11.12,4.08,8.41,25.47,9.07,6.45
18-09-2018,7.24,11.07,11.95,5.05,6.81,27.02,9.87,6.07
19-09-2018,7.82,7.27,13.43,4.77,6.9,25.54,15.17,5.56
20-09-2018,7.22,8.13,14.41,4.36,7.14,27.3,11.49,5.05
21-09-2018,6.83,6.23,12.74,3.75,8.39,24.72,10.81,5.15
22-09-2018,7.24,5.06,11.11,3.39,6.23,24,11.13,5.45
23-09-2018,7.1,5.8,11.59,3.36,6.13,28.55,12.14,5.68
24-09-2018,6.7,5.68,11.08,4.44,5.85,25.44,10.45,5.26
25-09-2018,6.79,6.98,10.88,5.61,6.42,24.64,10.11,5.71
26-09-2018,6.76,6.47,11.59,4,8.2,30.77,8.09,6.39
27-09-2018,6.59,5.66,12.78,4.47,6.93,28.75,9.04,5.6
28-09-2018,6.14,7.46,12.98,4.75,7.03,28.69,11.1,5.42
29-09-2018,6.06,6.62,13.08,4.61,7.08,24.1,9.96,5.54
30-09-2018,5.67,7.98,12.38,5.15,9.16,26.73,10.08,5.25
01-10-2018,6.59,7.23,12.7,5.46,7.78,25.87,11.04,4.94
02-10-2018,6.36,7.93,12.25,4.94,5.89,24.49,14.15,4.85
03-10-2018,6.27,7.96,13.36,4.99,5.74,22.79,12.57,5.22
04-10-2018,6.52,17.2,14.42,4.93,5.14,22.34,9.8,5.37
05-10-2018,6.96,27.34,17.27,5.1,6.26,22.3,10.32,4.93
06-10-2018,6.52,24.43,13.42,6.17,8.43,27.58,10.31,5.57
07-10-2018,6.73,9.43,14.33,5.93,6.99,25.22,9.94,3.92
08-10-2018,6.84,10.98,16.13,6.38,9.45,27.25,10.18,5.68
09-10-2018,6.89,9.66,19.67,6.41,17.26,27.01,11.77,5.59
10-10-2018,6.48,11.67,16.55,6.66,13.82,27.51,16.05,6.49
11-10-2018,6.55,7.72,14.54,7.08,14.89,25.25,9.12,5.53
12-10-2018,6.53,6.41,16.06,6.55,13.5,26.52,8.56,5.73
13-10-2018,6.35,6.21,17.91,6.39,10.8,28.37,11.57,5.31
14-10-2018,6.28,8.16,16.07,5.69,9.08,26.71,11.12,6.65
15-10-2018,6.36,7.04,17.96,6.72,9.14,26.54,14.45,6.64
16-10-2018,6.52,7.54,19.19,7,4.76,26.05,13.89,5.55
17-10-2018,6.56,8.69,17.13,8.04,4.21,28.72,11.8,5.91
18-10-2018,6.45,6.33,18.46,6.08,3.64,37.04,13.06,5.69
19-10-2018,6.31,11.52,18.35,4.73,3.92,29.65,9.78,6.48
20-10-2018,6.74,10.13,19.82,5.45,6.19,32.91,9.25,5.7
21-10-2018,7.29,6.7,20.59,5.22,5.23,32.07,10.36,5.49
22-10-2018,7.54,15.4,17.74,6.6,9.47,31.31,9.52,6.15
23-10-2018,8.02,10.54,19.49,10.34,6.04,31.98,8.39,5.12
24-10-2018,8.31,9.99,20.95,9.36,6.88,35.23,9.23,5.1
25-10-2018,6.52,6.88,22.51,8.1,8.39,33.53,9.29,5.23
26-10-2018,7.67,8.35,20.76,8.52,11.76,34.53,9.15,6.05
27-10-2018,6.75,15.7,19.9,10.29,16.45,26.81,10.26,6.45
28-10-2018,6.29,10,15.62,7.41,14.29,27.37,12.13,6.36
29-10-2018,7.03,5.44,16.66,7.13,19.41,25.76,11.43,5.75
30-10-2018,6.8,7.44,17.62,8.71,14.14,26.47,11.32,5.84
31-10-2018,5.81,6.32,18.11,9.8,14.98,24.95,9.62,5.96
01-11-2018,7.01,7.29,20.12,10.77,11.42,26.5,13.46,5.16
02-11-2018,6.14,5.72,19.65,11.77,6.15,24.61,8.24,5.56
03-11-2018,6.46,7.7,17.1,7.61,4.13,28.16,11.34,5.2
04-11-2018,6.17,15.54,15.01,5.09,3.89,22.35,9.9,10.4
05-11-2018,6.14,17.81,14.63,6.89,4.62,29.15,9.49,7.32
06-11-2018,7.11,12.25,15.37,6.35,5.76,31.25,10.95,6.5
07-11-2018,7.8,14.09,19.39,13.34,8.73,36.17,16.96,7.09
08-11-2018,7.7,8.6,26.52,16.73,7.39,32.85,27.32,6.52
09-11-2018,5.77,6.03,17.41,10.04,10.52,37.44,14.94,6.32
10-11-2018,4.97,10.87,18.01,10.69,16.11,34.72,12.17,11.07
11-11-2018,5.67,12.87,16.2,8.22,18.58,29.33,10.39,4.37
12-11-2018,6.65,11.44,17.4,9.17,27.46,33.72,15.29,15.51
13-11-2018,7.96,10.76,18.72,10.35,32.99,32.52,11.52,4.1
14-11-2018,7.78,12.45,16.02,8.48,28.68,31.41,10.2,5.6
15-11-2018,6.5,10.97,15.03,8.04,23.55,32.99,7.17,6.12
16-11-2018,5.06,12.81,14.2,7.51,14.26,34.17,10.46,3.56
17-11-2018,5.2,8.51,14.37,9.33,4.64,32.77,9.88,4.48
18-11-2018,5.38,8.95,16.29,11.68,4.63,33.14,12.13,5.66
19-11-2018,5.57,13.48,16.32,9.93,4.53,34.64,11.45,15.55
20-11-2018,5.21,8.75,16.11,10.39,9.77,30.7,11.07,7.98
21-11-2018,5.74,7.71,14.22,9.37,13.92,38.44,13.14,4.72
22-11-2018,5.89,9.4,16.89,9.07,9.72,33.15,12.48,6.1
23-11-2018,5.57,7.81,16.39,8.49,15.7,31.94,12.7,11.65
24-11-2018,5.34,6.77,15.12,9.05,15.99,34.8,13.3,6.56
25-11-2018,5.25,6.22,16.56,9.07,16.75,33.66,11.59,5.53
26-11-2018,5.65,6.7,20.11,10.05,18.36,35.12,10.68,14.75
27-11-2018,5.5,7.59,18.31,10.39,11.85,42.79,13.03,8.29
28-11-2018,5.6,7.35,15.96,10,8.85,50.93,10.07,17.86
29-11-2018,5.48,6.72,12.76,7.94,14.12,51.82,9.53,8.86
30-11-2018,5.46,10.09,13.69,7.15,20.32,45.49,13,11.58
01-12-2018,5.49,14.74,14.4,7.82,13.09,32.36,13.79,18.65
02-12-2018,6.21,10.53,16.62,8.52,9.29,31.97,12.63,14.93
03-12-2018,6.78,8.84,16.52,7.83,7.79,33.19,11.81,8.44
04-12-2018,5.86,8.25,16.28,8.77,8.53,24.44,17.2,5.31
05-12-2018,5.69,8.29,15.89,7.25,5.66,28.69,17.2,8.6
06-12-2018,6.47,7.77,16.49,7.77,4.21,24.78,15.92,5.11
07-12-2018,5.9,8.44,14.11,7.53,4.65,25.16,20.16,4.07
08-12-2018,5.86,7.98,15.47,6.67,4.23,29.52,19.89,20.81
09-12-2018,7.38,8.5,18.08,6.98,5.66,46.42,19.87,7.57
10-12-2018,5.77,9,16.74,9.42,5.63,40.06,17.52,2.92
11-12-2018,5.94,11.76,15.49,7.83,7.25,41.9,16.02,8.49
12-12-2018,6.32,12.46,14.64,6.82,5.85,43.91,8.99,4.18
13-12-2018,6.32,12.84,13.07,6.97,4.46,35.35,8.75,4.45
14-12-2018,6.57,8.68,12.5,7.06,6.86,43.64,9.44,9
15-12-2018,6.24,9.89,13.34,6.9,13.68,37.27,9.86,12.14
16-12-2018,6.45,8.78,15.76,7.59,16.29,35.83,10.88,12.18
17-12-2018,7.69,10.81,16.14,7.67,12.91,37.63,13.18,9.89
18-12-2018,5.98,13.49,17.76,7.36,9.12,36.54,11.59,9.98
19-12-2018,6.12,13.94,17.41,7.75,9.12,33.23,9.98,23.73
20-12-2018,6.04,10.77,17.68,7.28,11.57,28.34,11.88,16.99
21-12-2018,5.88,9.74,15.9,8.74,12.56,28.81,10.81,25.33
22-12-2018,6.01,8.34,18.47,9.91,10.82,32.46,9.44,24.59
23-12-2018,4.98,9.02,18.21,8.32,7.12,27.61,10.25,16.17
24-12-2018,5.33,10.8,17.86,7.96,10.6,33.02,12.24,18.5
25-12-2018,5.24,12.48,14.14,10.46,8.93,28.1,15.93,9.51
26-12-2018,5.27,9.28,15.37,9.22,6.85,34.63,17.73,11.66
27-12-2018,5.67,16,18.03,10.99,10.27,28.16,16.97,17.07
28-12-2018,6.12,11.95,14.8,8.72,16.12,28.76,19.57,34.23
29-12-2018,6.07,11.11,16.49,13.86,20.66,44.55,12.89,18.01
30-12-2018,5.34,8.52,19.91,14.27,17.59,25.07,13.73,13.9
31-12-2018,7.25,17.04,17.38,14.7,19.97,25.42,14.5,15.98
01-01-2019,8.29,18.33,17.77,15.52,22.51,33.82,16.89,13.1
02-01-2019,10.22,14.34,18.27,16.56,13.44,31.81,15.89,13.63
03-01-2019,8.15,15.54,15.12,9,13.01,34.85,19.49,20.06
04-01-2019,5.76,15.84,13.22,8.46,12.51,31.78,22.65,22.19
05-01-2019,6.13,11.74,15.59,9.5,8.17,36.1,13.07,30.99
06-01-2019,6.36,14.62,13.65,6.86,6.61,33.58,11.12,30.89
07-01-2019,7.13,13.32,15.49,7.8,9.93,32,14.19,25.64
08-01-2019,7.64,17.38,14.67,5.87,15.09,33.24,17.31,20.32
09-01-2019,7.01,12.12,15.09,6.76,24.2,32.73,15.86,23.45
10-01-2019,5.88,11.52,16.81,8.18,15.91,35.12,11.8,17.98
11-01-2019,5.79,15.08,20.03,8.36,6.42,28.05,11.48,35.33
12-01-2019,5.73,9.37,17.81,14.64,5.24,33.52,15.38,15.31
13-01-2019,5.47,13.8,17.83,11.44,4.84,33.72,16.28,24.64
14-01-2019,4.93,19.57,15.05,6.75,5.55,31.37,17.6,22.15
15-01-2019,5.28,19.9,17.09,8.14,10.91,30.88,18.46,19.25
16-01-2019,5.05,17.67,20.35,9.01,13.59,32.24,15.56,21.95
17-01-2019,5.74,17.24,19.63,8.31,9.96,32.07,16.52,17.06
18-01-2019,5.35,19.54,14.7,6.77,9.28,31.11,19.45,15.24
19-01-2019,5.07,17.95,18.07,8.94,11.05,31.81,18.23,22.8
20-01-2019,5.2,11.27,20.98,10.39,11.84,36.53,22.47,20.22
21-01-2019,5.32,9.07,16.82,8.37,6.44,30.18,20.26,13.38
22-01-2019,5.06,15.54,11.87,8.31,5.3,31.23,17.52,10.14
23-01-2019,5.42,16.66,14.17,8.18,4.71,43.74,22.04,7.48
24-01-2019,4.97,15.18,15.29,9.77,5.47,46.97,18.41,8.5
25-01-2019,4.79,8.45,14.62,9.04,4.8,45.36,11,6.37
26-01-2019,5.27,8.05,14.48,6.41,6.04,46.11,10.26,5.02
27-01-2019,5.16,10.56,15.89,5.81,9.21,45.77,11.39,2.44
28-01-2019,4.12,16.53,15.76,7.05,10.45,43.78,13.56,4.7
29-01-2019,4.91,26.06,18.56,7.75,12.83,42.61,12.25,4.24
30-01-2019,4.8,15.23,24.75,8.53,16.51,43.42,9.88,4.75
31-01-2019,5.45,10.95,20.48,9.86,9.26,46.97,12.95,8.99
01-02-2019,5.35,20.89,17.83,9.8,5.43,42.2,11.9,8.87
02-02-2019,5.01,17.98,11.55,9.25,6.77,42.32,10.13,7.74
03-02-2019,4.58,9.54,11.7,6.58,5.07,42.02,11.35,4.04
04-02-2019,4.6,8.95,14.06,6.89,5.28,45.34,10.6,7.43
05-02-2019,4.54,8.29,22.38,8.62,7.07,44.51,12.14,4.78
06-02-2019,5.81,8.82,15.59,10.4,6.27,46.63,11.4,2.12
07-02-2019,5.3,9.04,11.12,7.33,6.17,44.88,9.66,7.82
08-02-2019,5.21,9.01,12.66,7.85,10.22,43.89,13.03,7.24
09-02-2019,6.19,12.96,13.25,6.73,13.22,40.83,14.17,5.03
10-02-2019,4.52,16.47,16.41,6.83,28.83,43.17,10.68,16.43
11-02-2019,4.04,26.99,17.52,8.57,7.38,43.02,9.57,5.14
12-02-2019,3.99,13.74,19.93,10.07,5.18,41.18,10.23,1.96
13-02-2019,4.75,10.38,18.61,9.9,6,44.72,14.76,2.77
14-02-2019,4.88,11.87,14.53,9.37,4.32,43.26,10.92,5.15
15-02-2019,4.08,12.88,15.38,6.82,3.41,42.37,12.21,6.64
16-02-2019,4.69,6.55,12.92,6.41,8,44.13,14.24,7.9
17-02-2019,4.15,7.69,15.14,5.16,6.81,41.84,16.09,2.44
18-02-2019,4.52,9.65,16.78,6.77,9.02,43.8,13.54,2.23
19-02-2019,4.52,9.46,15.93,7.62,5.59,48.97,13.62,1.86
20-02-2019,4.39,20.24,17.16,7.43,3.81,45.96,10.76,6.33
21-02-2019,5.06,21.39,20.1,8.61,4.09,29.84,11.13,6.93
22-02-2019,5.45,23.61,13.94,7.48,5.25,29.32,10.81,5.78
23-02-2019,5.53,17.84,15.66,5.74,6.7,29.54,15.47,3.81
24-02-2019,5.19,10.08,18.99,7.03,5.81,30.07,14.35,3.62
25-02-2019,6.12,6.72,18.07,7.92,11.5,29.99,12.61,5.49
26-02-2019,6.29,9.36,16.88,7.86,11.07,30.61,9.25,3.18
27-02-2019,4.45,8.94,12.52,7.53,11.17,32.44,10.21,2.09
28-02-2019,4.87,9,16.98,5.77,9.8,36.22,8.98,2.03
01-03-2019,4.93,12.89,15.81,6.55,9.83,37.23,11.34,4.06
02-03-2019,4.57,30.02,17.96,9.54,3.78,37.21,9.77,3.83
03-03-2019,4.87,20.68,13.48,8.29,4.01,36.02,8.06,3.72
04-03-2019,5.09,6.32,14.75,8.17,8.92,38.55,7.85,5.66
05-03-2019,4.2,17.25,14.26,9.53,14.57,38.3,8.8,1.49
06-03-2019,4.12,11.03,15.16,11.23,20.09,37.12,10.61,1.92
07-03-2019,6.25,4.02,16.39,8.87,23.3,36.52,10.98,5.76
08-03-2019,7.02,5.58,17.44,9.7,13.99,39.04,12.41,5.13
09-03-2019,5.51,5.6,17.3,10.92,5.59,38.17,12.3,1.27
10-03-2019,5.12,7.05,16.36,10.5,4.96,33.56,9.99,4.36
11-03-2019,6.11,9.82,18.44,11.57,4.82,34.38,11.72,9.61
12-03-2019,8.64,11.08,13.82,12.22,5.24,39.54,12.14,3.83
13-03-2019,9.55,9.2,22.48,12.57,5.42,39.52,12.91,4.84
14-03-2019,6.55,8.2,17.54,11.09,7.95,39.4,10.95,3.08
15-03-2019,6.12,7.74,16.21,9.74,9.87,39.53,8.89,4.17
16-03-2019,5.15,13.08,15.72,9.37,5.68,39.34,10.52,5.28
17-03-2019,5.01,14.42,19.96,11.81,4.56,39.63,9.94,4.1
18-03-2019,5.61,8.64,20.36,11.73,7.62,39.69,10.6,6.37
19-03-2019,5.13,5.91,20.72,11.56,4.31,39.62,11.35,7.03
20-03-2019,5.7,3.9,21.42,10.38,4.37,48.14,12.03,7.4
21-03-2019,5.44,5.61,19.99,8.01,5.08,39.06,11.78,7.34
22-03-2019,6.86,10.28,16.06,7.39,7.76,43.16,9.19,4.13
23-03-2019,5.8,7.05,17.52,7.65,6.14,43.81,9.85,2.66
24-03-2019,6.92,6.74,19.06,8.7,7.32,41.28,11.82,2.74
25-03-2019,7.66,6.63,20.19,9.21,7.35,44.59,12.25,2.6
26-03-2019,7.29,7.07,19.26,8.7,7.21,41.82,12.29,3.36
27-03-2019,6.91,6.04,20.35,9.23,6.45,43.31,13.59,3.37
28-03-2019,6.72,6.29,24.86,10.35,9.55,45.72,13.55,2.35
29-03-2019,5.4,6.68,19.52,12.14,10.09,43.57,15.17,1.99
30-03-2019,4.89,5.95,22.39,10.69,7.18,45.19,13.5,1.17
31-03-2019,4.68,6.52,18.9,8.89,5.63,47.54,12.61,1.55
01-04-2019,4.73,6.34,20.09,10.1,7.18,49.33,12.73,1.44
02-04-2019,5.37,6.2,24.4,9.21,6.48,50.18,14.66,1.58
03-04-2019,4.96,7.04,21.6,10.67,5.57,49.52,16.58,2.69
04-04-2019,6.16,6.15,29.11,7.76,5.26,50.39,16.55,1.84
05-04-2019,5.22,6.42,28.67,7.29,7.11,49.96,11.75,5.9
06-04-2019,4.83,6.55,23.23,8.04,8.13,49.93,12.73,1.01
07-04-2019,4.86,6.51,21.35,6.75,5.59,43.2,17.05,1.28
08-04-2019,5.66,6.91,15.1,6.6,6.35,44.3,13.03,2.87
09-04-2019,5.07,6.95,22.03,6.91,8.36,40.62,14.8,1.95
10-04-2019,4.99,6.59,20.84,6.81,8.54,41.97,17,1.98
11-04-2019,5.76,6.87,21.51,7.25,8.56,41.13,15.36,1.15
12-04-2019,5.41,6.18,19.48,8.25,9.78,42.57,13.88,1.13
13-04-2019,7.4,6.42,20.82,7.44,7.85,37.59,14.74,1.02
14-04-2019,8.4,7.55,20.65,7.58,8.61,40.85,13.23,2.54
15-04-2019,7.56,7.16,22.2,7.29,6.78,41.38,12.31,2.66
16-04-2019,5.95,6.89,12.59,5.86,7.05,43.59,11.44,1.8
17-04-2019,5.09,6.69,11.1,5.38,5.59,46.52,16.52,1.79
18-04-2019,4.1,6.74,15.05,5.69,6.17,44.28,10.25,0.64
19-04-2019,4.55,6.85,21.22,6.65,2.86,38.93,9.88,0.63
20-04-2019,5.28,6.58,26.03,8.06,3.16,44.6,11.33,1.39
21-04-2019,4.9,7.53,22.16,7.82,3.73,42.43,10.84,1.2
22-04-2019,4.83,5.86,29.31,9.92,3.66,44.15,14.74,1.41
23-04-2019,4.42,6.31,25.76,8.04,6.3,44.41,14.65,1.59
24-04-2019,4.37,6.08,19.17,7.71,4.16,44.97,17.13,2.48
25-04-2019,5.35,6.68,17.67,10.23,4.87,43.39,21.97,4.42
26-04-2019,4.45,5.85,26.12,10.62,5.83,43.12,14.33,2.4
27-04-2019,4.97,6.68,21.85,8.43,6,42.1,13.69,0.78
28-04-2019,5.76,5.6,20.02,8.2,7.03,41.76,14.63,3.05
29-04-2019,4.5,6.99,23.71,8.28,6.19,42.32,14.22,2.75
30-04-2019,3.88,6.21,26.58,11.83,6.81,47.86,12.71,2.96
01-05-2019,4.72,6.16,27.67,9.23,5.57,43.62,11.98,2.37
02-05-2019,4.34,6.44,18.26,7.74,8.07,43.48,13.99,3.95
03-05-2019,4.43,5.91,17.91,7.64,9.12,45.04,16.75,2.85
04-05-2019,3.67,5.05,18.19,7.49,11.55,42.71,17.37,3.69
05-05-2019,4.21,5.84,21.93,6.78,12.2,43,14.56,3.27
06-05-2019,4.03,6.29,23.72,5.58,13.57,44.82,11.5,3.35
07-05-2019,4.63,6.78,22.77,6.84,12.38,43.9,10.27,3.25
08-05-2019,4.16,6.36,25.84,7.45,11.17,39.86,12.51,2.34
09-05-2019,4.4,7.45,23.46,7.29,11.69,44.01,9.94,2.03
10-05-2019,4.23,6.51,17.6,7.77,16.44,44.18,11.19,2.32
11-05-2019,3.64,7,21.6,9.18,9.88,35.46,8.5,1.81
12-05-2019,4.01,7.02,19.36,6.72,5.39,32.82,11.87,2.31
13-05-2019,4.11,7.7,33.5,5.09,6.61,34.89,11.7,1.96
14-05-2019,5.41,6.68,13.4,6.31,5.5,36.38,10.71,1.44
15-05-2019,4.29,7.1,20.93,6.83,5.83,42.73,10.85,3.05
16-05-2019,3.69,5.75,15.36,6.56,8.98,42.12,10.45,4.11
17-05-2019,4.17,4.42,13.26,6.59,7.43,44.15,10.28,4.11
18-05-2019,4.54,4.99,10.93,5.52,10.74,42.91,12.03,3.04
19-05-2019,3.86,4.23,17.36,5.62,13.51,41.63,12.27,6.34
20-05-2019,4.83,5.18,19.81,6.45,6.3,44.89,11.71,3.95
21-05-2019,4.25,5.34,20.15,7.8,5.97,36.21,11.47,4.4
22-05-2019,5.69,4.63,16.92,8.52,6.41,37.42,12.09,3.89
23-05-2019,3.95,5.04,21.68,7.02,5.38,37.05,11.13,5.65
24-05-2019,5.29,7.08,11.99,4.63,6.35,35.21,11.93,5.51
25-05-2019,5,6.2,13.09,4.58,7.62,36.1,11.43,2.22
26-05-2019,3.85,7.3,17.94,4.92,9.65,36.13,10.56,1.25
27-05-2019,4.44,6.69,18.9,5.65,7.74,36.05,11.51,1.47
28-05-2019,4.07,7.55,20.59,6.61,5.92,35.35,12.66,2.62
29-05-2019,4.82,7.3,23.61,6.92,7.43,38.26,12.57,2.02
30-05-2019,3.96,7.43,21.99,5.95,6.04,38.52,11.33,0.83
31-05-2019,4.09,7.66,19.82,4.23,4.32,39.09,12.74,1.22
01-06-2019,4.4,7.58,21.54,4.81,4.88,49.59,12.13,2.22
02-06-2019,4.39,6.82,14.15,4.68,5.89,43.81,13.55,1.6
03-06-2019,4.71,8.53,12.64,4.73,4.86,43.49,12.39,1.58
04-06-2019,4.54,6.89,13.67,5.59,4.5,44.29,12.44,1.38
05-06-2019,4.73,8.24,15.82,6.67,5.33,44.91,11.54,1.02
06-06-2019,4.17,7.89,16.15,5.1,4.84,42.73,12.37,2.91
07-06-2019,5.38,7.13,14.44,4.45,5.89,45.56,10.93,1.74
08-06-2019,5.1,6.74,13.47,6.32,5.04,42.76,11.33,1.44
09-06-2019,4.02,6.49,21.74,5.03,5.98,43.71,12.04,2.03
10-06-2019,4.44,5.75,15.19,8.71,6.06,46.73,13.45,2.22
11-06-2019,4.58,4.02,13.52,8.01,5.11,40.63,10.63,2.54
12-06-2019,6.09,5.79,11.57,4.6,5.25,45.04,8.84,2.86
13-06-2019,7.48,3.78,11.79,4.33,5.75,36.63,9.06,3.18
14-06-2019,8.44,4.38,12.89,3.64,4.75,34.02,10.31,3.5
15-06-2019,8.45,4.57,17.56,6.06,5.46,38.17,10.98,3.82
16-06-2019,8.99,7.97,9.54,3.43,4.29,40.64,11.51,4.14
17-06-2019,8.36,9.62,11.07,3.93,5.56,43.87,9.84,4.46
18-06-2019,6.23,7.35,8,4.55,4.82,44.85,12.56,4.81
19-06-2019,4.91,10.2,12.69,5.82,6.26,38.38,11.49,1.77
20-06-2019,4.96,10.03,9.7,6.34,6.32,43.66,11.13,2.28
21-06-2019,5.48,6.91,12.23,5.06,4.86,43.05,12.82,2.38
22-06-2019,5.06,5.9,14.97,4.48,4.34,41.78,13.12,1.64
23-06-2019,4.46,3.82,10.11,3.06,4.77,41.09,18.85,3.02
24-06-2019,4.33,4.42,10.74,4.71,5.04,40.85,16.07,2.45
25-06-2019,4.77,4.58,11.91,5.08,5.03,36.54,13.71,1.21
26-06-2019,4.15,4.24,12.87,4.55,4.29,40.78,10.84,2.4
27-06-2019,4.27,3.91,13.46,5.11,4.55,38.27,10.43,0.65
28-06-2019,4.78,3.92,14.43,4.28,3.51,42.05,13.95,0.95
29-06-2019,4.7,4.82,11.99,4.7,3.99,40.25,11.52,2.32
30-06-2019,3.91,5,12.82,4.72,5,41.75,9.51,2.39
01-07-2019,4.63,4.13,12.22,4.37,5.62,39.05,10.83,0.94
02-07-2019,5.37,4.18,12.02,4.37,3.99,38.73,9.48,1.68
03-07-2019,4.98,7.28,9.75,5.13,3.65,39.41,9.48,0.65
04-07-2019,5.09,3.36,9.75,5.67,4.07,40.41,10.07,1.64
05-07-2019,5.03,3.2,11.05,7.37,3.39,38.71,8.85,1.87
06-07-2019,5.32,3.89,10.18,5.74,3.28,38.72,10.32,1.69
07-07-2019,5.3,4.1,10.67,4.67,3.48,41.43,9.95,1.6
08-07-2019,5.8,4.21,10.64,4.46,4.35,42.36,10.19,1.26
09-07-2019,5.41,3.77,9.52,3.96,4.2,40.71,9.76,1.34
10-07-2019,5.79,4.34,10.41,4.57,4.32,39.39,9.76,0.41
11-07-2019,7.22,4.83,9.64,3.03,5.19,45.34,9.98,0.96
12-07-2019,7.87,5.76,8.96,3.82,8.4,42.24,10.2,1.54
13-07-2019,6.01,5.32,9.11,5.73,9.88,39.76,9.5,0.97
14-07-2019,6.77,4.89,9.85,5.81,4.59,41.62,10.53,1.66
15-07-2019,5.93,4.61,10.39,5.98,5.51,40.31,11.22,1.31
16-07-2019,4.12,4.48,9.64,6.3,10.41,42.77,11.6,0.77
17-07-2019,3.9,4.94,8.91,4.97,9.63,42.33,10.37,1.97
18-07-2019,4.16,4.39,8.86,5.03,9.44,44.1,10.15,0.9
19-07-2019,4.42,6.77,9.95,6.51,9.68,39.09,9,1.96
20-07-2019,7.4,6.38,8.6,6.48,5.41,42.95,9.53,0.86
21-07-2019,7.96,4.55,8.83,14.1,6.12,45.66,8.87,0.71
22-07-2019,6.1,7.59,8.95,14.27,5.78,39.44,9.35,1.03
23-07-2019,3.98,9.25,9.05,8.93,5.06,50.11,9.17,0.89
24-07-2019,3.69,10.6,8.83,3.98,6.43,47.5,8.1,1.33
25-07-2019,3.63,8.65,8.76,4.12,7.48,48.65,8.02,1.1
26-07-2019,4.09,6.76,8.92,5.05,9.89,50.26,8.6,2.38
27-07-2019,3.87,6.32,8.67,4.68,6.52,48.63,8.92,0.68
28-07-2019,5.9,5.85,8.43,5.19,4.07,46.38,7.89,0.42
29-07-2019,3.82,6.45,8.97,5.06,4.02,47.08,8.26,1.3
30-07-2019,3.95,5.63,9.36,4.65,6.56,50.09,8.24,1.23
31-07-2019,3.58,5.57,8.78,4.01,9.55,48.48,8.88,1.5
01-08-2019,3.68,5.89,8.79,4.28,6.72,50.54,8.34,0.44
02-08-2019,4.34,5.95,8.45,5.88,5.84,51.84,8.18,1.72
03-08-2019,4.05,6.2,9.43,5.57,4.24,49.81,7.47,0.59
04-08-2019,4.08,6.2,9.96,5.46,5.03,49.05,7.01,1.09
05-08-2019,4.26,5.45,9.37,5.58,5.9,46.54,8.28,1.07
06-08-2019,4.38,6.21,8.26,5.39,5.97,47.05,9.06,1.87
07-08-2019,4.52,8.41,9.81,6.02,5.86,44.93,9.09,1.32
08-08-2019,4.1,6.47,10.61,5.44,5.75,45.77,9.29,1.93
09-08-2019,3.44,5.14,9.3,4.82,10.95,47.81,10.4,1.89
10-08-2019,3.53,8.7,8.47,5.09,9.39,48.63,10.69,0.71
11-08-2019,3.57,5.95,8.65,4.27,11.43,46.88,9.93,0.89
12-08-2019,4.06,6.14,8.14,4.29,12.18,46.27,10.04,0.94
13-08-2019,4.13,7.6,8.37,3.85,9.62,50.74,10.25,2.11
14-08-2019,3.5,8.55,8.5,4.18,9.85,36.43,9.23,1.13
15-08-2019,2.97,11.34,8.51,3.71,13.65,47.15,9.48,2.15
16-08-2019,3.49,10.24,8.61,4.16,9.61,50.33,9.48,0.95
17-08-2019,3.7,8.6,7.67,3.89,8.87,51.44,9.08,1.17
18-08-2019,3.66,5.96,8.57,3.62,8.41,47.16,9.01,0.55
19-08-2019,3.85,7.14,8.6,4.15,8.72,49.93,9.15,1.43
20-08-2019,3.8,9.73,8.12,4.33,9,50.15,10.06,1.08
21-08-2019,4.86,14.46,7.81,4.27,11.3,50.55,9.54,1.36
22-08-2019,4.84,7.08,8.41,3.64,8.82,50.2,10.17,0.73
23-08-2019,4.64,4.37,8.36,4.61,11.22,49.91,8.72,1.57
24-08-2019,4.8,6.04,8.78,6.26,11.93,48.39,8.85,1.79
25-08-2019,5.48,5.02,8.23,5.98,7.35,49.99,9.54,1.36
26-08-2019,5.42,6.22,8.55,5.85,7.65,50.99,9.8,2.02
27-08-2019,7.1,5.48,10.01,5.08,7.78,51.05,9.82,1.65
28-08-2019,5.11,5.43,9.64,4.89,8.56,51.21,9.43,1.05
29-08-2019,5.43,5.5,8.24,4.56,5.76,49.11,9.74,1.29
30-08-2019,5.01,6.61,9.33,5.47,7.93,51.37,10.29,1.23
31-08-2019,4.89,6.39,9.14,6.45,6.72,55.2,10.7,1.34
01-09-2019,5.24,5.87,8.41,5.01,6.07,55.14,10.36,1.38
02-09-2019,5.3,5.99,8.81,4.9,8.25,55.33,12.69,1.03
03-09-2019,5.21,6.07,8.95,4.82,11.3,54.16,11.02,1.21
04-09-2019,5.33,6.84,9.03,5.87,7.72,57.88,11.16,0.99
05-09-2019,5.18,7.16,9.25,4.78,7.29,52.9,10.06,0.61
06-09-2019,5.36,6.69,10.9,4.83,7.28,38.81,11.7,1.81
07-09-2019,6.09,6.17,8.17,4.47,7.33,41.28,10.67,2.75
08-09-2019,6.15,4.73,8.72,4.21,6.93,47.75,11.11,1.04
09-09-2019,5.78,6.02,8.45,4.42,8.12,52.82,11.36,1.22
10-09-2019,5.49,6.38,9.49,4.65,6.41,55.74,11.14,1.33
11-09-2019,5.11,6.34,9.54,5.05,5.51,43.62,11.11,0.58
12-09-2019,5.18,6.39,8.91,4.06,10.14,46.06,12.13,0.96
13-09-2019,4.94,6.64,8.16,5.11,9.74,45.57,11.6,1.25
14-09-2019,5.58,6.07,8.48,5.13,9.21,46.24,11.86,1.01
15-09-2019,5.31,6.12,8.55,4.61,8.65,45.51,12.44,0.63
16-09-2019,5.11,6.69,8.35,4.71,10.36,46.72,11.59,0.89
17-09-2019,4.84,6.3,8.64,4.07,8.23,48.27,9.63,0.82
18-09-2019,4.32,6.94,9.46,4.59,5.48,55.29,10.6,1.09
19-09-2019,4.64,7.09,9.29,4.7,3.09,53.62,9.82,1.81
20-09-2019,4.81,6.7,10.81,5.28,4.86,52.74,10.22,1
21-09-2019,5.07,5.97,9.63,5.6,8.83,48.44,10.25,1.52
22-09-2019,4.92,6.58,9.32,4.85,2.91,46.92,11.5,1.12
23-09-2019,5.99,6.28,9.9,6.11,3.56,49.13,12.02,1.13
24-09-2019,5.91,6.61,9.19,4.99,2.65,49.37,12.67,2.08
25-09-2019,4.98,6.19,8.94,3.94,2.49,46.43,12.24,1.85
26-09-2019,4.63,6.36,10.43,4.19,3.49,46.68,9.78,1.98
27-09-2019,4.97,7.13,10.3,4.46,4.7,46.41,9.17,0.89
28-09-2019,4.69,6.76,10.01,3.04,4.62,47,10.11,0.64
29-09-2019,5.51,6.47,8.85,3.02,2.47,47.79,10.96,0.94
30-09-2019,5.24,6.03,8.22,3.9,3.01,49.61,11.96,1.31
01-10-2019,4.56,5.99,8.5,5.04,3.03,54.38,13.78,0.78
02-10-2019,6.01,6.54,8.95,3.73,3.8,61.27,11.67,1.17
03-10-2019,5.33,6.78,10.42,4.52,3.9,58.14,11.15,0.51
04-10-2019,4.35,5.46,8.34,4.4,10.07,54.38,11.8,0.75
05-10-2019,4.22,5.71,8.08,3.74,6.79,52.3,13.04,1.42
06-10-2019,3.39,5.38,8.62,3.93,5.33,48.63,12,1.79
07-10-2019,4.19,5.58,8.25,5.04,5.21,46.43,9.57,1.21
08-10-2019,3.39,6.55,8.91,5.65,3.4,48.11,9.38,0.89
09-10-2019,4.97,5.6,11.9,4.46,3.53,49.79,11.48,1.73
10-10-2019,4.81,5.86,13.83,5.5,3.94,56.89,9.87,0.95
11-10-2019,3.94,5.86,11.02,6.61,4.11,57.73,10.85,2.16
12-10-2019,4.47,6.25,11.26,4.46,3.6,58.81,10.65,1.38
13-10-2019,4.48,6.08,12.75,4.56,3.71,59.63,12.75,1.55
14-10-2019,4.18,5.94,11.46,5.75,5.04,60.58,12.99,1.04
15-10-2019,4.42,5.98,13.31,4.11,3.79,57.14,12.33,0.92
16-10-2019,3.85,6.39,13.22,8.83,2.95,58.25,14.93,1.93
17-10-2019,3.74,6.92,14.95,4.86,2.7,60.34,16.03,1.25
18-10-2019,4.83,5.46,11.36,4.22,2.71,55.87,13.6,1.18
19-10-2019,4.63,5.72,11.33,5.17,2.92,73.04,12.7,0.95
20-10-2019,5.72,5.7,10.64,5.37,2.68,72.53,13.55,0.68
21-10-2019,5.78,6.7,11.11,4.38,3.34,69.45,12.82,1.21
22-10-2019,5.59,5.56,11.7,6.85,3.63,53.8,14.51,1.72
23-10-2019,6.07,5.86,14.08,6.27,4.71,51.61,13.83,1.43
24-10-2019,6.39,8.83,18.87,5.88,8.3,52.31,14.03,2.18
25-10-2019,6.37,8.14,15.17,6.15,4.34,51.41,10.39,0.73
26-10-2019,5.76,9.38,12.76,6.64,2.59,51.98,10.3,1.29
27-10-2019,5.26,13.94,13.21,9.5,4.04,72.29,14.34,1.58
28-10-2019,5.38,12.81,18.03,11.27,5.25,62.87,22.49,1.47
29-10-2019,6.61,8.58,12.71,9.43,3.38,69.38,17.19,1.11
30-10-2019,6.42,7.21,13.81,7.83,2.96,60.47,16.04,0.97
31-10-2019,5.73,6.61,15.86,9.22,2.8,67.27,15.01,1.07
01-11-2019,6,7.58,16.32,11.59,3.41,68.51,15.73,2.54
02-11-2019,6.16,6.82,12.88,13.13,3.58,61.83,12.76,5.44
03-11-2019,5.46,6.92,10.2,9.95,5.34,66.6,12.85,9.18
04-11-2019,5.53,8.77,11.68,7.8,11.04,64.74,13.21,9.53
05-11-2019,6.15,8.17,13.17,8.92,13.54,64.97,11.88,10.17
06-11-2019,5.74,7.9,11.58,9.32,9.23,66.24,12.32,9.44
07-11-2019,5.9,7.08,11.95,13.16,6.2,64.57,10.61,9.01
08-11-2019,6.55,7.75,14.04,14.77,7.62,66.01,10.46,8.21
09-11-2019,5.61,5.4,11.58,10.19,9.4,57.23,10.93,9.28
10-11-2019,5.26,5.46,13.95,7.82,11.76,55.44,10.81,8.68
11-11-2019,5.67,8.85,15.18,8.25,6.83,62.79,10.78,9.43
12-11-2019,6.13,8.42,14.41,10.11,8.28,62.22,10.18,8.44
13-11-2019,6.37,7.38,15.12,13.71,7.01,72.33,14.53,10.05
14-11-2019,6.12,6.06,16.26,15.81,5.57,65.75,10.81,9.64
15-11-2019,6.02,7.39,14.14,15.97,6.04,57.33,12.16,9.71
16-11-2019,6.16,5.87,12.89,14.16,6.42,62.93,14,9.91
17-11-2019,6.37,6.7,10.78,9.9,11.76,50.06,11.72,7.1
18-11-2019,6.8,4.97,10.55,7.92,13.24,41.97,10.5,7.93
19-11-2019,6.55,4.67,12.05,12.68,9.84,37.05,11.61,8.84
20-11-2019,6.93,5.58,14.74,11.39,6.29,37.69,13.13,9.3
21-11-2019,6.68,8.18,19.85,11.22,4.59,15.09,11.19,9.27
22-11-2019,6.26,7.89,16.02,11.77,5.68,14.52,11.89,9.61
23-11-2019,6.44,8.55,11.64,9.73,9.06,16.08,11,8.61
24-11-2019,6.17,7.4,11.35,8.64,6.99,17.66,13.15,9.27
25-11-2019,6.81,5.42,13.59,10.04,7.34,14.41,13.54,8.56
26-11-2019,5.87,8.19,17.65,18.23,6.09,12.56,12.21,9.23
27-11-2019,6.34,10.19,10.71,13.69,5.83,16.41,14.76,9.93
28-11-2019,6.31,7.09,8.99,9.28,7.11,19.22,12.92,8.17
29-11-2019,5.38,9.47,10.14,10.41,5.44,14.84,9.96,8.76
30-11-2019,5.46,6.84,9.87,9.31,5.9,13.81,10.59,7.86
01-12-2019,6.35,6.93,11.39,6.17,5.92,11.14,12.57,7.79
02-12-2019,5.99,8.1,11.18,7.81,5.01,13.62,16.07,8.27
03-12-2019,6.03,5.45,11.37,6.73,5.45,13.35,17.42,9.56
04-12-2019,5.33,7.67,13.48,8.96,5.55,13.77,16.74,8.54
05-12-2019,6.48,7.47,14.48,15.7,8.32,17.1,19.16,8.2
06-12-2019,6.69,7.21,13.41,16.09,8.61,13.75,15.88,8.98
07-12-2019,7.05,6.22,15.4,20.77,6.63,11.9,10.86,9.09
08-12-2019,8.15,5.71,13.69,18.48,5.88,13.34,10.3,8.48
09-12-2019,6.57,7.03,12.34,12.07,5.62,12.3,11.55,9.68
10-12-2019,6.59,7.23,12.49,14.18,6.12,12.6,13.66,9.46
11-12-2019,5.96,6.47,14.71,15.6,5.73,12.47,13.22,9.49
12-12-2019,5.81,6.08,12.61,16.29,5.58,10.48,9.51,9.24
13-12-2019,6.69,10.79,7.9,11.24,5.87,13.99,13.03,9.56
14-12-2019,6.56,13.79,9.04,10.77,5.14,7.91,15.75,8.33
15-12-2019,6.28,7.5,8.5,13.06,4.87,6.41,13.43,8.9
16-12-2019,7,8.23,7.17,9.81,5.05,8.45,14.38,11.62
17-12-2019,6.73,6.74,7.26,8.51,6.06,9.23,13.61,7.76
18-12-2019,6.79,8.7,7.98,8.12,6.88,12.14,12.01,11.15
19-12-2019,7.36,8.95,9.64,11.74,5.69,11.67,11.32,10.05
20-12-2019,5.91,8.04,9.92,12.57,8.96,8.87,10.17,9.48
21-12-2019,6.45,13.49,8.52,27.4,7.61,8.6,11.88,10.2
22-12-2019,6.09,17.17,6.67,12.27,6.27,9.85,10.34,9.74
23-12-2019,6.11,7.07,7,13.91,5.84,14.46,10.89,9.65
24-12-2019,7.13,7.88,8.7,15.12,5.24,10.66,11.45,9.43
25-12-2019,5.95,9.79,6.96,24.4,4.73,8.33,12.16,9.57
26-12-2019,6.25,18.7,6.99,11.49,5.43,8.66,11.22,9.48
27-12-2019,6.6,13.18,7.88,10.2,6.89,7.04,13.06,9.29
28-12-2019,7.38,11.45,10.26,12.63,14.5,7.62,11.23,8.58
29-12-2019,7.39,8.48,10.25,12.61,10.51,8.13,11.57,9.3
30-12-2019,8.04,10.6,11.15,10.24,6.71,8.64,12.76,8.64
31-12-2019,7.58,13.03,11.03,21.58,5.25,7.45,9.95,9.03
01-01-2020,8.56,12.44,18.49,26.48,4.18,7.99,13.52,10.15
02-01-2020,7.52,7,19.95,28.94,3.83,9.22,12.32,8.78
03-01-2020,6.4,10.2,14.93,8.49,5.53,8.14,10.76,8.87
04-01-2020,6.94,8.4,12.85,11.96,6.3,8.45,10.01,7.68
05-01-2020,7.01,7.45,9.59,9.43,17.49,8.12,14.26,8.36
06-01-2020,6.97,8.12,11.34,15.94,11.39,7.49,11.96,9.65
07-01-2020,7.35,19.3,12.74,18.43,5.24,7.14,10.42,9.47
08-01-2020,6.61,21.18,8.67,13.23,6.19,8.47,11.06,7.55
09-01-2020,6.01,17.91,7.28,9.52,6.66,7.87,12.29,8.15
10-01-2020,7.71,9.65,9.44,9.53,8.8,7.98,12.79,8.58
11-01-2020,6.72,10.03,11.65,12.16,13.04,7.72,12.06,9.89
12-01-2020,7.38,8.13,12.35,27.16,14.43,7.34,11.85,10.6
13-01-2020,6.51,17.51,11.59,20.11,11.57,11.17,13.05,9.13
14-01-2020,7.03,23.68,9.24,7.87,5.04,12.28,12.35,8.56
15-01-2020,7.78,17.7,10.68,9.84,4.35,12.23,11.63,8.77
16-01-2020,7.7,19.88,10.44,6.44,5.35,10.93,11.55,8.71
17-01-2020,7.3,22.76,9.69,10.21,5.87,11.24,14.61,8.61
18-01-2020,5.81,27.29,9.65,10.02,5.17,10.92,12.84,9.17
19-01-2020,5.8,23.09,8.69,8.2,4.3,11.8,14.82,8.79
20-01-2020,5.74,17.54,9.65,8.96,4.75,10.29,10.47,7.65
21-01-2020,6.86,18.22,12.24,11.34,5.1,10.71,9.74,8.05
22-01-2020,6.35,12.25,10.95,13.29,5.74,9.72,11.42,8.46
23-01-2020,7.64,17.79,8.71,10.29,6.51,9.09,13.84,8.76
24-01-2020,7.44,19.6,10.73,11.11,7.58,11.35,14.24,7.8
25-01-2020,6.85,14.06,12.36,11.22,9.29,10.42,13.81,7.75
26-01-2020,8.32,10.3,12.81,10.76,8.08,10.33,12.52,8.42
27-01-2020,9.36,8.09,14.72,11.15,7.35,10.37,13.01,9.13
28-01-2020,13.04,8.18,11.12,10.07,9.14,10.59,10.17,8.24
29-01-2020,11.45,8.01,9.85,7.79,12.66,10.48,7.4,9.48
30-01-2020,9.86,7.71,10.06,6.94,12.68,11.1,8.78,9.09
31-01-2020,8.97,9.02,9.9,10.6,8.72,10.31,11.34,8.28
01-02-2020,10.3,9.86,10.02,8.9,5.26,10.53,9.87,7.65
02-02-2020,6.12,15.74,10.32,8.33,4.62,9.85,10.9,7.72
03-02-2020,7.34,16.44,11.4,9.01,4.14,9.91,11.57,7.37
04-02-2020,6.81,16.41,15.26,10.4,6.01,10.2,12.97,9.16
05-02-2020,7.47,12.91,13.31,9.27,4.73,10.78,13.92,8.28
06-02-2020,6.93,8.57,12.08,7.83,4.98,10.54,12.64,8.51
07-02-2020,8.53,8.19,14.21,6.4,4.61,8.7,13.1,9.66
08-02-2020,7.2,8.97,14.39,7.71,4.7,9.63,14.4,10.1
09-02-2020,10.99,13.16,14.64,7.32,5.98,8.57,12.54,10.59
10-02-2020,8.07,9.11,14.83,6.96,4.23,9.59,13.61,10.76
11-02-2020,7.08,10.31,14.37,9.3,4.72,8.98,15.08,11.91
12-02-2020,7.06,10.75,16.24,10.3,5.87,7.51,13.21,10.17
13-02-2020,7.06,17.74,16.49,8.81,9.22,7.07,14.08,8.53
14-02-2020,6.98,18.01,13.53,10.2,19.3,6.74,15.04,5.63
15-02-2020,7.48,13.03,17.59,9.76,13.19,6.54,18.1,4.36
16-02-2020,8.14,13.14,19.61,8.15,11.81,7.02,13.5,8.11
17-02-2020,9.48,13.37,18.85,7.32,10.93,6.89,14.45,5.11
18-02-2020,7.44,9.15,23.01,8.1,14.12,6.31,15.14,5.63
19-02-2020,7.62,15.05,20.13,11.26,8.36,6.52,18.31,6.48
20-02-2020,5.97,19.39,14.91,7.15,5.78,7.06,17.16,6.87
21-02-2020,6.25,8.47,10.45,8.27,6.09,7.34,15.43,7.58
22-02-2020,6.62,8.51,13.38,8.27,5.72,8.72,12.67,6.61
23-02-2020,5.92,18.19,14.3,7.23,5.8,11.01,12.87,5.49
24-02-2020,5.93,11.57,15.94,6.47,4.77,8.19,16.53,5.74
25-02-2020,6.01,11.02,18.24,5.31,8.89,8.69,13.8,6.29
26-02-2020,5.38,7.63,17.61,5.29,12.79,7.1,14.49,5.08
27-02-2020,6.72,8.79,14.7,6.44,10.07,6.85,13.1,6.73
28-02-2020,6.75,16.07,11.55,6.4,6.6,8.11,13.42,5.78
29-02-2020,6.22,19.12,12.05,6.87,4.91,8.66,12.92,6.48
01-03-2020,7.09,11.18,12.19,6.22,4.72,9.43,11.69,6.67
02-03-2020,6.36,18.07,15.81,6.52,5.26,9.4,14.27,5.51
03-03-2020,6.96,17.71,15.48,7.18,5.34,9.27,13.27,4.75
04-03-2020,6.6,6.97,16.22,8.28,8.82,8.18,13.27,3.82
05-03-2020,7.21,6.12,11.32,5.96,11.83,7.35,13.6,4.91
06-03-2020,8.07,6.52,10.42,4.83,5.21,9.77,12.91,4.42
07-03-2020,7.12,4.53,11.84,5.36,4.76,9.21,12.72,6.27
08-03-2020,6.71,6.52,12.61,6.77,4.69,10.96,12.39,6.45
09-03-2020,7.41,5.87,13.33,5.9,4.82,10.86,12.01,6.92
10-03-2020,7.08,5.51,17.21,6.98,4.35,10.61,12.34,6.41
11-03-2020,8.25,8.56,13.82,8.3,5.01,10.76,11.74,6.12
12-03-2020,6.36,5.64,13.68,7.94,5.55,11.98,11.69,7.67
13-03-2020,7.36,5.6,15.42,5.19,4.96,10.36,15.56,7.02
14-03-2020,6.65,13.21,11.59,5.9,6.01,9.85,14.93,8.57
15-03-2020,6.97,14.94,13.92,6.45,5.37,10.52,13.71,8.75
16-03-2020,6.75,19.01,14.8,5.95,4.57,10.19,17.26,8.27
17-03-2020,7.01,7.6,15.06,7.61,3.98,9.92,14.32,7.16
18-03-2020,7.25,5.75,14.93,6.88,5.34,9.6,13.86,7.17
19-03-2020,7.97,5.81,17.66,6.4,7.02,10.81,14.21,7.53
20-03-2020,6.97,5.55,19.71,7.88,5.39,12.79,16.32,6.45
21-03-2020,6.75,5.84,18.55,5.51,7.04,12.85,15.34,5.17
22-03-2020,6.92,4.84,16.63,4.27,6.38,12.21,11.8,5.66
23-03-2020,6.03,5.93,15.17,4.55,5.41,12.91,13.09,5.54
24-03-2020,6.39,5.83,15.81,4.6,6.67,13.09,11.67,6.32
25-03-2020,7.92,5.04,11.49,4.89,6.22,13.57,9.47,5.9
26-03-2020,5.87,6.3,12.82,6.54,5.14,13.26,8.44,5.55
27-03-2020,6.49,5.09,11.04,7.84,5.3,12.52,10.15,4.42
28-03-2020,6.11,4.41,10.28,4.93,6.39,11.73,10.98,5.04
29-03-2020,6.37,6.88,10.39,5.46,4.71,11.6,11.87,5.81
30-03-2020,6.77,5.79,12.47,5.94,7.11,11.76,12.47,7.88
31-03-2020,5.11,6.26,12.33,6.21,7.31,12.44,13.55,6.65
01-04-2020,5.81,5.54,13,5.92,6.64,12.02,12.78,6.46
02-04-2020,5.56,4.94,10.84,6.27,6.67,12.62,14.8,7.38
03-04-2020,6.8,5.22,11.99,6.07,9.04,11.53,18.55,6.11
04-04-2020,6.51,4.61,12.59,6.43,8.46,11.9,14.75,5.47
05-04-2020,6.06,4.96,16.03,6.64,8.36,11.35,15.63,4.28
06-04-2020,4.44,4.12,15.59,6.49,8.47,11.73,14.14,4.24
07-04-2020,5.3,4.57,13.46,5.85,8.49,11.83,10.95,6
08-04-2020,5.55,4.13,12.85,6.72,11.06,11.5,11.39,5.79
09-04-2020,5.83,4.78,14.2,6.66,9.14,13.4,12.54,5.76
10-04-2020,6.1,7.49,16.32,7.23,6.51,11,13.53,5.4
11-04-2020,6.06,11.31,18.38,8.08,6.21,10.23,12.63,5.29
12-04-2020,4.78,7.11,15.7,6.93,4.25,10.81,12.14,5.43
13-04-2020,5.75,7.13,19.86,7.6,3.48,10.03,13.38,5.7
14-04-2020,6.34,5.96,17.38,7.33,4.27,9.95,12.46,6.31
15-04-2020,8.19,6.13,14.89,7.25,4.36,9.7,12.39,5.28
16-04-2020,6.55,5.2,19.42,8.79,4.19,9.71,13.91,5.9
17-04-2020,5.77,5.42,14.08,10.04,5.07,9.8,11.67,6.13
18-04-2020,5.59,5.2,12.63,8.71,4.46,9.9,13.33,5.17
19-04-2020,6.21,4.49,13.17,10.59,5.75,9.46,13.25,5.05
20-04-2020,6.75,5.2,15.06,6.62,6.01,9.79,11.72,5.8
21-04-2020,6.2,4.84,15.36,6.54,6.64,9.61,12.74,5.74
22-04-2020,6.79,4.83,17.34,6.36,4.56,10.19,12.06,5.72
23-04-2020,6.36,4.69,17.39,8.37,4.88,10.09,10.2,5.17
24-04-2020,6.54,4.44,18.62,6.67,4.43,10.12,12.13,5.51
25-04-2020,5.83,4.79,12.76,8.67,5.65,9.94,11.39,5.31
26-04-2020,5.47,6.89,16.21,5.78,4.27,10.26,12.68,5.57
27-04-2020,5.55,4.29,15.59,6.16,3.83,9.83,11.4,5.5
28-04-2020,5.86,4.57,17.6,6.71,3.72,8.63,12.19,5.62
29-04-2020,5.73,4.4,19.08,6.54,3.67,9.37,12.05,5.52
30-04-2020,5.45,4.74,17.42,8.36,4.03,11.96,12.14,5.32
01-05-2020,6.28,4.43,17.52,5.44,4.27,11.21,11.48,5.29
02-05-2020,6.19,3.96,13,6,5.59,10.84,14.83,5.4
03-05-2020,6.23,4.47,11.94,7.72,5.04,11.59,11.01,5.36
04-05-2020,7.16,4.61,11.92,7.42,4.59,14.98,10.48,5.42
05-05-2020,7.44,3.61,16.4,6.38,4.17,7.97,8.98,5.23
06-05-2020,6.85,6.99,15.78,6.14,4.45,10.27,8.58,5.68
07-05-2020,6.09,3.98,13.6,6.02,4.3,7.95,10.18,6.11
08-05-2020,7.14,4.85,13.82,7.13,4.84,10.37,12.13,5.19
09-05-2020,7.51,3.53,13.33,7.08,5.41,11,9.81,5.46
10-05-2020,6.93,3.92,12.02,7.05,5.02,9.06,9.67,5.92
11-05-2020,7.7,4.54,12.66,7.18,7.01,5.84,11.67,5.88
12-05-2020,6.05,4.63,13.84,7.7,6.05,7.53,10.83,5.73
13-05-2020,6.09,4.34,15.41,9.44,4.61,11.72,11.23,6.3
14-05-2020,6.12,4.55,12.92,8,5.29,7.41,11.74,5.26
15-05-2020,7.39,4.12,13.71,8.44,5.38,5.55,9.58,6.17
16-05-2020,7.06,4.68,16.19,5.39,6.32,7.87,10.58,5.78
17-05-2020,7.19,4.13,20.19,5.94,5.87,16.97,11.87,5.91
18-05-2020,6.14,4.49,22.11,7.35,7.55,7.68,11.32,4.94
19-05-2020,5.67,5,20.41,7.79,9.4,5.06,12.32,4.88
20-05-2020,6.05,3.87,18.96,10.59,10.5,6.6,12.57,5.15
21-05-2020,5.8,5.66,18.99,8.71,11.4,4.98,11.06,5.09
22-05-2020,5.59,6.39,26.05,8.22,8.55,9.35,13.05,5.12
23-05-2020,6.29,7.14,17.05,5.57,8.65,5.92,11.35,5.73
24-05-2020,5.64,6.79,17.11,6.25,6.61,5.2,12.5,6.1
25-05-2020,5.81,6.77,21.3,5.89,5.94,4.09,11.14,5.78
26-05-2020,6.38,6.44,16.82,6.39,6.32,4.01,12.31,5.93
27-05-2020,6.03,7.23,14.49,6.03,5.46,3.9,8,5.29
28-05-2020,6.24,6.1,11.68,4.66,5.65,8.5,11.11,6.18
29-05-2020,6.48,6.54,9.95,4.95,6.1,7.47,10.31,5.53
30-05-2020,6.27,5.44,9.95,5.62,5.49,7.28,8.23,7.33
31-05-2020,7.01,4.8,9.06,4.31,4.66,8.38,9.69,6.92
01-06-2020,6.78,7.27,14.02,5.78,5.23,9.38,10.83,5.32
02-06-2020,6.65,6.57,12.71,5.57,4.36,5.24,9.3,4.94
03-06-2020,6.85,4.04,15.91,7.3,5.12,4.4,10.95,4.64
04-06-2020,6.94,4.05,17.97,5.65,5.56,3.73,10.45,3.39
05-06-2020,7.12,5.31,12.46,5.57,6.89,4.52,9.47,3.74
06-06-2020,7.16,5.12,10.69,5.69,10.04,3.22,10.65,6.39
07-06-2020,7.11,5.35,11.89,5.82,9.34,2.88,9.48,8.92
08-06-2020,6.88,6.34,15.78,6.52,9.69,2.8,10.64,6.82
09-06-2020,6.99,5.45,15.06,4.98,9.15,2.86,9.52,6.87
10-06-2020,6.92,6.85,14.12,6.39,5.72,3.16,12.02,6.08
11-06-2020,6.99,5.45,12.74,6,6.7,3.15,9.72,6.31
12-06-2020,7.2,6.83,12.9,6.89,6.02,3.25,11.36,6.27
13-06-2020,7.33,5.77,10.59,6.05,5.32,2.82,8.81,6.22
14-06-2020,6.86,4.18,13.57,6.44,6.34,2.86,9.72,7.35
15-06-2020,7.68,6.57,12.57,6.84,6.19,2.76,9.5,7.19
16-06-2020,7.21,4.44,12.08,5.93,5.28,2.76,9.64,7.66
17-06-2020,7.74,7.76,10.84,6.76,5.7,2.68,10.35,5.72
18-06-2020,7.27,9.99,12.19,6.05,5.94,4.87,8.94,6.18
19-06-2020,7.22,6.45,11.98,5.3,7.96,4.65,11.3,6.04
20-06-2020,7.81,5.5,10.98,5.34,7.71,4.49,10.04,5.35
21-06-2020,7.47,5.53,11.71,5.08,8.15,3.73,10.51,5.56
22-06-2020,7.18,6.66,11.08,5.27,7.86,3.79,10.04,4.98
23-06-2020,6.98,8.1,11.09,5.17,6.56,3.75,9.77,5.36
24-06-2020,6.86,6.32,11.02,4.86,5.26,3.24,9.68,6.54
25-06-2020,7.73,7.92,11.28,4.93,5.16,2.98,8.76,6.14
26-06-2020,7.45,5.55,11.66,3.97,5.03,2.92,10.34,6.23
27-06-2020,7.29,7.29,10.38,3.77,5.39,3.63,9.96,8.38
28-06-2020,6.6,6.48,10.7,2.85,6.36,3.92,8.93,8.32
29-06-2020,6.33,6.62,11.58,3.36,6.29,3.6,10.59,8.07
30-06-2020,6.45,7.5,10.51,4.31,5.3,3.91,10.36,8.4
01-07-2020,6.66,9.23,11.15,6.02,6.07,3.99,5.19,6.15
