Date,Bengaluru,Delhi,Hyderabad,Jaipur,Thiruvananthapuram
31-08-2017,111.68,60.15,49.77,62.19,48.67
01-09-2017,86.06,41.64,63.66,129.39,52.14
02-09-2017,87.12,45.86,75.72,76.9,35.43
03-09-2017,59.94,79.78,37.21,76.67,34.39
04-09-2017,85.24,84.29,49.36,105.84,48.9
05-09-2017,98.1,75.82,62.12,107.61,45.75
06-09-2017,49.13,85.23,70.96,119.22,19.97
07-09-2017,100.44,67.06,80.64,134.85,35.68
08-09-2017,72.73,101.89,58.94,127.1,28.79
09-09-2017,83.19,111.65,57.8,141.03,27.17
10-09-2017,93.49,119.5,41.91,134.31,25.92
11-09-2017,115.56,120.06,30.25,119.65,28.58
12-09-2017,104.51,103.84,27.36,100.32,23.44
13-09-2017,108.42,143.16,36.34,93.43,20.83
14-09-2017,90.68,186.11,17.55,129.25,21.98
15-09-2017,71.81,127.68,27.69,159.03,37.03
16-09-2017,92.8,82.26,19.92,166.8,34.22
17-09-2017,52.78,85.65,27.18,158.2,21.48
18-09-2017,66.31,102.29,16.29,166.38,29.78
19-09-2017,87.05,112.21,19.23,138.75,38.16
20-09-2017,81.53,111.9,24.64,147.92,27.48
21-09-2017,80.51,76.81,28.99,123.45,31.36
22-09-2017,80.49,18.59,35.75,86.61,44.17
23-09-2017,91.14,43.57,63.17,99.61,48.97
24-09-2017,112.5,81.42,108.57,103.16,44.41
25-09-2017,53.18,100.02,87.46,91.97,52.61
26-09-2017,76.88,114.15,98.84,106.71,45.45
27-09-2017,50.86,125.39,108.16,121.45,29.29
28-09-2017,90.26,102.91,74.16,93.76,24.1
29-09-2017,71.25,140.94,58.36,135.61,29.61
30-09-2017,68.52,125.73,61.2,156.57,24.03
01-10-2017,57.46,120.56,50.52,132.15,13.37
02-10-2017,46.54,128.15,31.41,103.81,10.5
03-10-2017,63.75,127.48,36.84,126.14,17.57
04-10-2017,67.04,138.81,77.06,168.86,22
05-10-2017,42.33,125.31,89.52,49.68,30.71
06-10-2017,55.39,111.43,54.04,127.56,13
07-10-2017,70.61,151.15,46.38,136.85,19.95
08-10-2017,65.04,155.03,42.02,137.4,33.45
09-10-2017,71.87,173.87,41.72,167.67,42.21
10-10-2017,73.85,158.68,46.53,137.5,41.2
11-10-2017,62.71,122.3,51.78,148.16,40.18
12-10-2017,54.56,186.91,69.1,163.82,39.17
13-10-2017,52.24,207.87,39.46,185.03,38.16
14-10-2017,44.65,208.87,60.37,203.48,37.15
15-10-2017,50.86,195.47,61.1,177.3,36.13
16-10-2017,76.61,213.98,154.52,183.07,35.12
17-10-2017,118.88,212.35,133.53,199.42,34.11
18-10-2017,188.67,204.03,137.82,209.76,33.09
19-10-2017,147.94,259,144.81,185.42,32.08
20-10-2017,264.9,387.13,112.82,242.1,16
21-10-2017,157.62,317.52,105.44,220.78,24.75
22-10-2017,118.74,201.91,98.82,164.83,46.65
23-10-2017,123.41,242.73,83.34,157.92,68.55
24-10-2017,176.27,331.64,97.66,169.87,43.5
25-10-2017,134.15,326.46,159.54,241.74,39.83333333
26-10-2017,88.04,290.41,139.05,233.76,36.16666667
27-10-2017,87.11,293.68,146.09,191.48,32.5
28-10-2017,91.81,329.05,163.27,179.77,33.505
29-10-2017,100.35,300.92,147.82,149.33,34.51
30-10-2017,82.59,308.22,144.485,192.4,35.515
31-10-2017,68.08,323.45,141.15,199.97,36.52
01-11-2017,56.91,265.9,149.12,191.69,37.06
02-11-2017,57.13,227.41,141.02,149.72,35.06
03-11-2017,73.54,239.73,126.96,179.69,40.5
04-11-2017,64.65,292.7,97.93,208.45,45.71
05-11-2017,29.28,334.64,68.47,179,24.78
06-11-2017,27.3,330.27,67.08,184.37,41.97
07-11-2017,42.42,654.68,81.64,235.07,29.74
08-11-2017,40.08,796.88,82.74,206.93,28.67
09-11-2017,66.25,652.21,84.55,202.82,27.27
10-11-2017,51.65,496.48,83.57,245.62,45.25
11-11-2017,77.14,511.44,115.98,245.38,46.57
12-11-2017,72,622.4,109.26,221.93,59.01
13-11-2017,57.77,498.63,107.88,224.06,86.2
14-11-2017,65.86,365.91,118.47,152.03,76.8
15-11-2017,66.28,279.26,100.21,159.11,78.67
16-11-2017,78.07,278.95,82.13,176.02,69.39
17-11-2017,71.36,220.08,80.34,189.76,83.82
18-11-2017,63.17,202.59,71.59,143.58,80.76
19-11-2017,59.05,190.51,77.41,220.31,59.98
20-11-2017,58.7,249.28,89.51,124.92,48.04
21-11-2017,41.37,253.38,87.99,121.42,31.01
22-11-2017,46.73,258.11,75.97,138.6,42.44
23-11-2017,63.39,251.23,88.36,165.07,61.21
24-11-2017,80.23,256.92,125.61,208.73,89.2
25-11-2017,81.86,268.09,133.01,224.97,126.78
26-11-2017,69.67,338.82,137.59,251.58,102.32
27-11-2017,57.05,328.09,145.39,200.67,49.07
28-11-2017,65.13,290.47,144.06,198.49,48.66
29-11-2017,64.65,327.64,122.5,226.64,48.34
30-11-2017,36.84,344.17,121.51,223.61,11.05
01-12-2017,19.23,309.07,128.64,176.81,15.05
02-12-2017,53.35,324.46,123.66,160.86,29.16
03-12-2017,69.73,359.22,125.86,171.25,41.84
04-12-2017,71.86,390.1,119.15,196.77,53.82
05-12-2017,63.98,358.86,96.64,170.11,61.00666667
06-12-2017,92.18,210.21,85.9,154.46,68.19333333
07-12-2017,77.97,170.12,127.59,153.87,75.38
08-12-2017,93.55,204.38,153.15,178.79,61.09
09-12-2017,108.41,268.35,149.05,195.03,49.68
10-12-2017,117.05,341.87,108.63,142.66,73.21
11-12-2017,85.74,338.45,117.26,104.96,101.59
12-12-2017,85.6,152.76,140.38,103.7,88.6
13-12-2017,93.92,203.48,136.56,103.23,58.23
14-12-2017,73.5,189.9,120.92,81.34,66.47
15-12-2017,55.14,194.15,119.88,95.76,88.53
16-12-2017,63.26,152.72,131.11,84.63,68.19
17-12-2017,69.56,163.65,142.76,162.87,69.96
18-12-2017,81.51,189.64,143.78,122.76,71.95
19-12-2017,72.71,257.19,130.67,233.77,71.07
20-12-2017,70.28,410.74,152.17,157.34,46.85
21-12-2017,62.23,435.23,148.17,114.04,56.57
22-12-2017,58.04,241.38,162,82.12,41.88
23-12-2017,60.26,181.59,170.76,143.67,59.38
24-12-2017,38.57,301.71,156.46,145.27,49.75
25-12-2017,45.31,368.35,144.94,139.44,64.2
26-12-2017,60.95,326.11,151.9,179.15,79.85
27-12-2017,87.05,317.87,129.4,194.31,86.73
28-12-2017,83.3,362.39,139.18,173.48,98.85
29-12-2017,74.48,347.63,152.12,169.41,85.7
30-12-2017,70.68,401.15,132.99,203.76,100.61
31-12-2017,59.11,445.58,126.76,167.95,80.02
01-01-2018,74.54,415.09,119.64,178.65,88.43
02-01-2018,78.63,422.59,135.87,206.62,88.75
03-01-2018,69.71,336.87,149.51,246.82,78.75
04-01-2018,80.05,377.61,164.76,184.38,90.64
05-01-2018,93.29,360.99,160.28,168.34,118
06-01-2018,94.22,378.9,150.95,188.25,117.45
07-01-2018,94.39,292.74,144.54,148.31,101.17
08-01-2018,77.23,259.13,141.46,186.29,95.2
09-01-2018,76.89,355.21,160.44,193.76,115.88
10-01-2018,71,294.24,158.74,201.64,109.22
11-01-2018,63.45,243.95,162.88,192.72,71.31
12-01-2018,76.54,281.06,159.96,204.94,71.91
13-01-2018,98.69,355.43,157,225.04,67.32
14-01-2018,110.99,308.74,141.02,177.58,53.93
15-01-2018,100.57,309.85,115.26,147.77,72.73
16-01-2018,99.23,231.04,126.51,147.79,95.26
17-01-2018,101.11,353.55,128.06,95.02,109.18
18-01-2018,103.52,428.08,141.85,150.86,102.56
19-01-2018,92.99,398.16,139.54,162.69,98.15
20-01-2018,114.17,252.92,143.85,171.49,115.98
21-01-2018,104.31,274.5,140.77,159.86,118.82
22-01-2018,119.95,352.68,142.1,151.15,115.3
23-01-2018,132.27,248.48,117.57,139.83,120.64
24-01-2018,125.43,192.19,131.41,150.18,112.83
25-01-2018,129.02,167.31,155.17,136.44,84.26
26-01-2018,117.17,207.66,155.11,165.34,89.49
27-01-2018,143.26,271.1,156.79,125.73,99.88
28-01-2018,124.79,248.26,145.17,125.41,71.88
29-01-2018,114.19,272.45,149.79,128.24,99.08
30-01-2018,115.21,212.59,152.71,255.39,96.6
31-01-2018,112.97,205.56,141.76,194.82,107.96
01-02-2018,106.5,298.58,129.95,202.91,114.76
02-02-2018,103.77,282.16,120.39,163.54,102.16
03-02-2018,104.97,239.61,115.8,142.6,96.7
04-02-2018,99.74,252.13,105.44,131.3,95.27
05-02-2018,94.58,308.37,112.02,143.84,93.88
06-02-2018,98.75,274.72,124.69,122.86,89.88
07-02-2018,95.75,246.92,135.34,125.18,71.72
08-02-2018,87.19,338.61,105.04,133.57,47.29
09-02-2018,96.52,348.94,116.97,142.45,63.08
10-02-2018,84.89,373.06,119.66,130.41,65.34
11-02-2018,96.63,300.96,88.76,153.69,70.25
12-02-2018,88.93,153.11,87.6,94.19,77.5
13-02-2018,55.15,170.12,85.63,115.9,86.42
14-02-2018,68.55,149.43,100.95,95.49,95.91
15-02-2018,59.31,173.59,118.54,120.24,84.58
16-02-2018,53.91,219.11,116.94,151.38,72.11
17-02-2018,70.68,244.27,121.32,195.09,82.45
18-02-2018,64.77,234.67,126.08,206.35,82.58
19-02-2018,62.32,315.75,112.55,170.79,93.06
20-02-2018,66.18,317.53,101.62,169.44,89.44
21-02-2018,79.69,346.46,118.2,191.24,101.58
22-02-2018,64.91,313.47,131.06,218.51,89.49
23-02-2018,71.15,333.99,125.93,200.22,90.78
24-02-2018,56.42,349.29,112.47,173.37,90.74
25-02-2018,33.81,222.46,105.66,132.12,75.225
26-02-2018,25.9,156.72,119.73,111.95,59.71
27-02-2018,30.13,178.51,123.59,140.03,72.7
28-02-2018,56.03,279.26,139.53,135.15,63.66
01-03-2018,99.47,256.86,127.04,125.46,68.91
02-03-2018,116.47,253.32,120.49,96.5,69.71
03-03-2018,121.49,205.92,122,106.4,72.3
04-03-2018,128.58,182.26,116.74,112.89,92.26
05-03-2018,94.71,164.74,111.76,65.63,94.17
06-03-2018,109.19,163.52,104.93,76.99,95.3
07-03-2018,114.17,178.53,101.89,87.4,91.27
08-03-2018,125.36,283.57,114.59,74.35,91.55
09-03-2018,133.95,274.89,120.43,93.2,90.79
10-03-2018,143.26,171.69,133.3,101.44,89.77
11-03-2018,123.62,183.74,108.18,93.48,95.27
12-03-2018,105.52,223.67,96.19,114.52,74.65
13-03-2018,63.71,245.66,87.82,134.5,41.85
14-03-2018,85.74,328.98,101.24,149.6,36.01
15-03-2018,54.8,314.72,103.11,145.77,27.9
16-03-2018,33.54,256.67,134.44,145.28,32.91
17-03-2018,33.85,170.16,78.33,110.91,38.78
18-03-2018,33.52,173.07,71.63,95.43,45.87
19-03-2018,57.31,197.13,92.55,117.03,40.88
20-03-2018,70.07,249.2,102.17,102.34,66.78
21-03-2018,98.38,280.94,118.46,170.32,66.95
22-03-2018,176.51,176.02,139.34,137.88,58.81
23-03-2018,136.77,151.45,146.7,99.92,76.01
24-03-2018,141.77,186.62,149.81,99.02,81.22
25-03-2018,113.42,190.95,150.7,120.57,84.28
26-03-2018,94.3,198.67,126.86,122.38,77.71
27-03-2018,72.36,256.4,124.78,193.53,71.97
28-03-2018,101.135,280.25,113.07,145.62,40.97
29-03-2018,129.91,217.49,135.91,123.85,61.25
30-03-2018,126.18,241.13,114.81,165.81,77.14
31-03-2018,95.37,292.49,112.36,128.46,76.18
01-04-2018,112.89,199.8,89.8,150.31,64.64
02-04-2018,96.92,241.96,75.96,147.7,63.12
03-04-2018,100.63,252.21,97.31,164.25,67.92
04-04-2018,106.41,262.69,91.88,159.23,61.69
05-04-2018,114.6,337.64,86.82,168.6,78.18
06-04-2018,108.71,231.2,103.01,165.54,72.54
07-04-2018,109.09,132.97,79.03,130.82,73.04
08-04-2018,94.63,137.52,61.55,131.99,45.04
09-04-2018,67.05,123.41,91.86,114.73,39.62
10-04-2018,64.9,251.98,97.46,132.35,35.43
11-04-2018,63.33,125.53,72.09,107.11,38.12
12-04-2018,64.13,109.03,79.04,57.9,32.92
13-04-2018,57.17,196.02,66.21,67.81,30.35
14-04-2018,60.06,235.01,58.22,96.36,25.04
15-04-2018,57.83,258.52,63.54,114.8,31.97
16-04-2018,55,334.05,103.38,188.52,32.97
17-04-2018,61.9,260.67,90.45,162.73,37.77
18-04-2018,69.46,256.18,92.25,155.48,56.12
19-04-2018,79.33,282.24,118.3,167.26,41.6
20-04-2018,60.94,385.04,120.61,283.19,37.06
21-04-2018,84.17,480.07,139.55,476.74,52.84
22-04-2018,75.88,208.53,110.65,123.99,53.8
23-04-2018,60.47,219.94,80.06,109.14,58.59
24-04-2018,77.31,274.05,95.19,132.15,57.52
25-04-2018,58.32,313.41,86.24,141.44,52.44
26-04-2018,61.07,397.1,92.67,167.8,72.46
27-04-2018,63.83,336.49,99.47,203.97,72.5
28-04-2018,66.58,316.52,86.22,182.58,68.55
29-04-2018,69.33,259.12,95.6,181.87,76.45
30-04-2018,72.08,214.51,106.84,182.6,59.65
01-05-2018,74.84,165.91,133.09,210.23,53.26
02-05-2018,77.59,189.28,95.82,224.58,56.07
03-05-2018,80.34,153.75,86.12,155.74,50.04
04-05-2018,83.1,123.82,48.18,132.15,55.18
05-05-2018,85.85,196.76,68.37,148.22,46.4
06-05-2018,88.6,290.63,81.65,168.37,30.75
07-05-2018,91.36,302.1,93.43,145.71,30.01
08-05-2018,94.11,177.71,110.15,295.96,27.82
09-05-2018,96.86,177.76,101.87,148.03,42.75
10-05-2018,99.61,215.34,74.91,126.26,28.12
11-05-2018,102.37,315.8,80.97,146.01,28.73
12-05-2018,105.12,353.5,81.54,155.01,21.4
13-05-2018,107.87,236.35,76.51,223.93,23.59
14-05-2018,110.63,137.39,67.84,266.9,24.27
15-05-2018,113.38,177.03,46.54,202.16,46.65
16-05-2018,116.13,221.21,90.88,196.66,50.52
17-05-2018,118.88,288.92,103.29,199.7,33.39
18-05-2018,124.39,241.99,88.67,153.33,23.2
19-05-2018,94.78,284.44,136.63,166.85,30.44
20-05-2018,66.81,228.61,106.87,223.76,24.91
21-05-2018,58.23,209.67,137.04,143.79,35.89
22-05-2018,71.88,243.14,108.84,189.57,43.92
23-05-2018,84.46,324,122.16,203.48,45.18
24-05-2018,65.64,298.07,93.09,168.39,65.82
25-05-2018,64.28,249.82,108.46,159.11,17.46
26-05-2018,43.62,263.49,67.93,138.06,44.1
27-05-2018,52.37,314.96,69.28,196.27,27.03
28-05-2018,48.38,290.96,76.56,188.11,40
29-05-2018,27.94,312.18,91.62,161.76,41.09
30-05-2018,38.75,295.94,80.59,190.37,32.33
31-05-2018,41.38,235.22,83.68,137.75,42.4
01-06-2018,60.8,233.97,77.09,179.51,36.25
02-06-2018,54.34,154.66,63.45,491.01,27.32
03-06-2018,29.26,140.21,73.89,219.89,22.6
04-06-2018,28.86,179.31,64.8,234.51,30.1
05-06-2018,22.18,152.57,67.42,225.77,37.16
06-06-2018,27.69,159.45,62.83,191.06,33.78
07-06-2018,31.71,165.33,25.82,197.39,27.33
08-06-2018,21.36,196.34,33.87,256.32,43.69
09-06-2018,26.98,136.75,42.57,101.89,40.67
10-06-2018,28.7,141.09,32.8,113.8,36.92
11-06-2018,34.25,218.14,55.94,152,43.69
12-06-2018,48.19,497.9,88.06,248.63,53.74
13-06-2018,48.59,743.98,89.47,361.08,39.6
14-06-2018,35.64,761.91,92.58,324,28.3
15-06-2018,33.51,613.34,86.25,216.17,30.9
16-06-2018,43.59,516.85,63.65,158.06,28.76
17-06-2018,42.66,289.18,66.18,130.08,31.95
18-06-2018,100.6,166.71,48.97,239.87,38.2
19-06-2018,100.12,152.06,29.85,125.66,63.21
20-06-2018,73.69,201.22,26.79,99.87,49.12
21-06-2018,76.66,273.16,33.35,198.31,44.95
22-06-2018,79.08,247.55,45.55,145.43,45.68
23-06-2018,55.83,242.29,34.46,143.46,44.56
24-06-2018,73.73,163.89,37.87,116.5,25.55
25-06-2018,70.62,155.61,41.38,93.53,41.84
26-06-2018,56.97,92.12,41.54,80.01,39.79
27-06-2018,42.25,111.4,46.04,70.62,39.18
28-06-2018,34.44,71.42,50.36,45.71,34.99
29-06-2018,44.86,84.12,57.2,50.54,38.49
30-06-2018,65.8,103.75,57.03,66.1,35.9
01-07-2018,64.03,97.81,39.49,127.94,33.89
02-07-2018,55.13,122.23,42.25,92.06,34.53
03-07-2018,62.68,109.65,41.16,64.43,43.26
04-07-2018,71.37,113.75,58.87,75.61,42.32
05-07-2018,74.52,133.6,40.07,132.67,40.65
06-07-2018,58.91,163.19,48.6,164.14,46.16
07-07-2018,38.84,158.13,51.43,171.89,44.91
08-07-2018,42.49,179.05,45.9,174.4,36.83
09-07-2018,56.44,169.96,36.37,169.73,29.21
10-07-2018,52.63,112.45,44.03,125.02,27.82
11-07-2018,53.13,102.39,45.74,82.22,36.89
12-07-2018,51.19,127.08,16.09,82.09,39.8
13-07-2018,47.82,61.6,26.26,55.56,46.58
14-07-2018,60.54,70.35,40.97,59.32,36.38
15-07-2018,63.33,78.42,39.28,41.93,21.69
16-07-2018,47.19,83.03,20,52.99,26.23
17-07-2018,53.45,84.78,26.59,49.09,27.05
18-07-2018,56.14,97.11,36.01,62.93,41.07
19-07-2018,43.02,83.54,38.34,50.27,35.93
20-07-2018,41.94,80.33,32.59,73.79,46.7
21-07-2018,52.67,95.93,51.45,58.65,62.76
22-07-2018,67.89,47.63,54.49,51.94,58.53
23-07-2018,51.56,69.73,53.6,58.85,65.29
24-07-2018,50.14,94.8,44.78,56.67,43
25-07-2018,44.75,80.13,53.74,74.65,34.25
26-07-2018,55.87,57.98,42.62,154.02,40.29
27-07-2018,64.9,35.79,43.56,137.81,46.1
28-07-2018,64.54,67.2,55.98,115.76,54.71
29-07-2018,57.53,116.89,74.2,122.45,50.25
30-07-2018,65.5,122.86,84.97,107.31,37.53
31-07-2018,67.39,165.4,66.84,139.8,25.9
01-08-2018,68.6,195.09,75.6,178.41,39.67
02-08-2018,68.41,268.29,76.03,191.11,36.35
03-08-2018,71.35,248.8,101.48,187.2,37.27
04-08-2018,94.02,264.97,76.16,173.12,42.58
05-08-2018,81.19,246.89,55.76,164.36,33.81
06-08-2018,66.31,131.76,71.45,133.34,28.54
07-08-2018,59.59,110.19,55.72,113.08,30.15
08-08-2018,43.88,76.04,46.48,92.53,25.2
09-08-2018,55.07,91.15,37.67,54.06,39.6
10-08-2018,59.31,115.63,41.09,75.27,27.55
11-08-2018,46.24,98.26,29.84,82,31.22
12-08-2018,35.22,83.58,28.35,76.2,29.91
13-08-2018,39.72,106.03,24.68,98.64,31.66
14-08-2018,31.87,126.7,46.65,106.87,28.88
15-08-2018,36.24,117.21,68.81,174.59,42
16-08-2018,38.58,88.06,10.87,63.99,34.43
17-08-2018,52.28,80.82,46.57,50.48,27.58
18-08-2018,65.73,77.4,41.14,59.66,28.14
19-08-2018,52.97,96,34.82,54.67,30.3
20-08-2018,67.41,125.39,31.47,63.08,39.35
21-08-2018,77.55,77.56,23.02,74.71,44.17
22-08-2018,74,74.91,29.62,72.22,46.05
23-08-2018,52.66,73.3,38.94,54.46,43.2
24-08-2018,60.28,88,56.52,66.95,50.41
25-08-2018,75.89,82.69,55.37,66.07,42.72
26-08-2018,60.03,77.21,45.18,89.44,39.71
27-08-2018,64.68,56.62,40.27,121.42,37.14
28-08-2018,63.28,58.76,45.72,184.45,24.86
29-08-2018,49.08,65.58,64.42,81.65,33.98
30-08-2018,66.23,95.47,82.96,142.72,41.24
31-08-2018,57.18,152.29,75.11,108.97,47.25
01-09-2018,78.59,110.35,71.26,82.3,56.07
02-09-2018,69.2,80.4,47.92,58.8,52.38
03-09-2018,73.19,72.38,39.37,52.13,50.48
04-09-2018,81.02,105.56,66.88,75.55,51.27
05-09-2018,77.04,101.8,87.39,125.37,55.46
06-09-2018,71.56,138.52,83.21,111.45,52.45
07-09-2018,66.34,87.03,79.97,84.08,45.48
08-09-2018,47.45,72.63,55.67,66.71,43.17
09-09-2018,56.66,56.92,91.9,36.25,47.03
10-09-2018,72.52,83.98,94.94,69.66,50.89
11-09-2018,79.46,78.11,66.55,81.34,60.76
12-09-2018,73.31,103.27,53.38,86.86,67.26
13-09-2018,76.26,115.88,77.55,86.72,68.99
14-09-2018,76.6,113.92,85.86,93.5,72.04
15-09-2018,56.2,125.81,89.53,96.66,64.05
16-09-2018,55.34,131.43,89.05,95.56,43.68
17-09-2018,49.62,157.59,61.65,105.2,43.82
18-09-2018,64.1,165.11,63.97,108.36,35.01
19-09-2018,69.15,175.12,84.63,125.88,39.68
20-09-2018,74.65,185.23,97.71,131.03,32.57
21-09-2018,81.33,112.51,78.9,152.06,60.69
22-09-2018,80.93,46.36,58.1,42.51,56.28
23-09-2018,75.04,54.77,62.49,29.29,30.23
24-09-2018,56.12,35.84,68.68,49.27,29.76
25-09-2018,63.24,49.41,86.95,119.84,45.89
26-09-2018,76.66,108.67,107.41,148.79,47.71
27-09-2018,72.24,171.42,78.57,137.69,41.11
28-09-2018,77.69,214.66,99.06,133.41,45.3
29-09-2018,64.18,230.62,107.62,204.24,27.84
30-09-2018,62.82,155.26,129.23,169.67,35.57
01-10-2018,66.61,177.08,122.8,120.65,43
02-10-2018,51.79,185.21,80.37,130.6,31.2
03-10-2018,52.6,177.17,79,117.24,34.18
04-10-2018,46.9,235.14,85.85,86.8,29.82
05-10-2018,40.41,270.61,103.38,103.51,39.69
06-10-2018,42,199.37,136.25,118.1,50.39
07-10-2018,69.05,221.03,139.95,112.71,24.47
08-10-2018,96.04,279.23,144.33,104.33,26.54
09-10-2018,91.63,263.89,146.71,118.42,26.27
10-10-2018,109.21,256.14,150.65,149.94,34.46
11-10-2018,147.26,208.39,148.36,164.77,50.68
12-10-2018,151.57,172.04,132.24,135.2,67.44
13-10-2018,158.69,264.13,130.27,129.21,63.53
14-10-2018,100.3,217.12,111.45,175.48,52.64
15-10-2018,88.52,280.24,107.55,143.41,53.57
16-10-2018,94.07,342.5,90.41,156.8,35.04
17-10-2018,51.83,323.31,53.89,128.48,28.26
18-10-2018,55.23,337.98,57.72,147.49,30.33
19-10-2018,61.94,313.84,80.57,147.93,30.94
20-10-2018,86.65,328.13,128.56,136.15,28.76
21-10-2018,122.86,294.36,131.27,181.3,24.47
22-10-2018,132.8,274.68,144.33,113.03,31.72
23-10-2018,123.18,302.16,139.91,108.54,33.12
24-10-2018,111.41,384.46,125.13,121.51,56.61
25-10-2018,121.55,368.33,124.74,123.68,72.5
26-10-2018,123.42,396.01,123.62,131.48,94.45
27-10-2018,112.7,408.94,145.22,137.79,116.25
28-10-2018,96.1,375.23,134.88,151.56,96.05
29-10-2018,101.84,427.06,130.4,172.78,84.26
30-10-2018,109.55,459.45,121.32,168.18,90.58
31-10-2018,106.07,405.94,120.91,192.07,83.3
01-11-2018,66.49,416.97,109.17,159.56,68.11
02-11-2018,56.53,373.61,76.12,139.07,77.95
03-11-2018,63.23,298.85,59.8,111.45,27.28
04-11-2018,77.72,179.85,48.95,155.07,45.52
05-11-2018,90.86,500.01,68.87,96.51,78.08
06-11-2018,116.55,312.87,94.97,143.3,86.88
07-11-2018,107.56,300.54,103.16,147.91,65.46
08-11-2018,108.02,509.73,109.93,228.55,73.19
09-11-2018,98.45,440.76,125.75,256.31,60.82
10-11-2018,88.44,447.4,136.07,243.42,53.9
11-11-2018,101.12,425.12,129.81,171.85,54.12
12-11-2018,120.24,464.28,148.54,171.55,63.39
13-11-2018,130.84,441.43,150.01,193.07,59.67
14-11-2018,143.53,225.77,159.01,120.91,87.3
15-11-2018,105.52,175.95,140.37,179.8,104.39
16-11-2018,59.99,230.56,115.57,180.6,73.44
17-11-2018,96.6,255.42,59.77,171.56,76.59
18-11-2018,83.45,313.67,50.4,132.79,64.32
19-11-2018,61.66,319.12,61.77,123.11,47.35
20-11-2018,67.23,374.77,112.36,145.57,35.46
21-11-2018,71.11,349.54,139.98,160.78,36.16
22-11-2018,39.52,292.92,137.89,144.07,48.44
23-11-2018,50.78,331.22,147.11,168.41,49.24
24-11-2018,93.05,223.33,155.13,159.27,37.35
25-11-2018,106.53,268.83,149.67,193.58,44.34
26-11-2018,119.7,362.41,150.75,139.42,85.65
27-11-2018,137.9,378.23,152.94,132.45,112.18
28-11-2018,112.2,356.12,155.16,150.3,119.12
29-11-2018,86.54,363.12,153.14,159.61,108.14
30-11-2018,79.92,340.56,145.96,171.07,58.17
01-12-2018,83.54,297.66,147.06,177.14,70.75
02-12-2018,68.25,331.5,145.82,159.49,72.64
03-12-2018,69.43,356.2,145.29,154.57,69.66
04-12-2018,74.27,393.74,147.65,135.66,90.86
05-12-2018,64.2,345.32,118.13,147.49,74.59
06-12-2018,81.35,395.33,111.3,148.21,61.3
07-12-2018,150.02,353.86,92.8,128.71,53.63
08-12-2018,98.66,358.72,122.93,131.45,47.04
09-12-2018,110.14,388.23,131.2,142.75,85.48
10-12-2018,137.41,453.77,132.25,145.21,114.52
11-12-2018,177.97,461.98,145.09,132.43,124.33
12-12-2018,142.62,327.23,134.84,95.9,115.19
13-12-2018,103.83,162.44,123.7,80.8,90.71
14-12-2018,84.47,196.85,119.8,74.59,73.69
15-12-2018,81.06,211.8,134.26,80.6,89.85
16-12-2018,109.67,252.01,149.24,184.78,90.91
17-12-2018,140.52,322.5,95.42,97.21,85.65
18-12-2018,181.41,339.38,34.08,114.26,110.35
19-12-2018,132.37,351.7,62.25,196.71,116.95
20-12-2018,105.66,429.33,93.15,188.66,102.92
21-12-2018,106.8,403.18,107.95,192.65,103.17
22-12-2018,93.24,502.83,139.71,142.72,106.69
23-12-2018,86.46,560.68,138.69,124.86,60.51
24-12-2018,85.68,546.59,154.46,133.18,60.48
25-12-2018,102.48,399.37,149.61,133.25,52.33
26-12-2018,100.47,366.1,119.15,142.13,69.44
27-12-2018,107.8,453.45,134.16,160.86,81.17
28-12-2018,111.01,387.84,138.43,150.5,79.04
29-12-2018,106.31,399.14,140.93,175.54,85.51
30-12-2018,100.07,503.99,142.41,173.96,83.14
31-12-2018,107.44,494.51,136.91,184.89,99.05
01-01-2019,107.76,461.02,143.42,212.37,99.86
02-01-2019,92.47,515.72,153.99,190.06,98.66
03-01-2019,96.42,519.34,146.69,167.25,92.79
04-01-2019,105.52,388.79,158.34,140.16,80.7
05-01-2019,99.1,411.49,140.13,130.37,85.2
06-01-2019,105.51,254.66,153.78,173.96,79.36
07-01-2019,116.5,283.88,157.71,108.94,91.32
08-01-2019,106.76,242.02,165.61,154.85,93.45
09-01-2019,113.27,238.94,164.93,144.19,104.01
10-01-2019,108.49,278.87,161.34,145.13,92.53
11-01-2019,111.13,432.2,143.85,109.93,99.11
12-01-2019,121.91,465.89,146,148.73,102.28
13-01-2019,99.59,403.32,120.93,151.52,95.19
14-01-2019,110.39,173.94,132.9,118.65,110.44
15-01-2019,86.88,229.1,145.13,144.21,105.47
16-01-2019,99.49,424.07,150.46,145.41,116.02
17-01-2019,120.55,519.49,156.89,174.82,97.88
18-01-2019,118.41,364.61,154.77,199.04,118.3
19-01-2019,102.34,402.21,159.37,204.21,112.76
20-01-2019,82.67,478.43,148.16,139.62,120.86
21-01-2019,99.24,289.4,129.97,136.56,114.98
22-01-2019,136.15,72.61,93.9,84.68,95.33
23-01-2019,121.85,211.71,106.81,104.94,107.83
24-01-2019,109.76,218.93,112.52,120.1,108.97
25-01-2019,87.96,136.43,80.89,128.72,90.38
26-01-2019,101.59,169.32,62.98,89.54,81.14
27-01-2019,87.62,217.45,74.22,94.5,72.21
28-01-2019,73.19,212.42,104.9,115.61,72.15
29-01-2019,62.01,235.85,114.66,109.38,59.82
30-01-2019,92.31,334.21,118.88,116.55,67.14
31-01-2019,94.63,335.07,121.95,90.54,65.93
01-02-2019,99.62,265.65,115.34,127.06,71.48
02-02-2019,96.87,266.3,117.17,126.12,79.06
03-02-2019,87.56,209.41,107.15,136.68,64.31
04-02-2019,70.95,248.49,115.35,122.01,74.89
05-02-2019,82.59,408.32,120.36,132.47,69.57
06-02-2019,115.27,270.92,130.57,116.91,57.39
07-02-2019,117.29,107.83,110.45,138.74,72.17
08-02-2019,108.3,156.6,133.58,130.76,85.64
09-02-2019,123.42,165.94,157.47,114.07,85.04
10-02-2019,93.13,255.47,162.47,119.98,59.82
11-02-2019,78.53,304.98,119.01,103.34,60.12
12-02-2019,88.06,357.36,119.19,103.97,64.67
13-02-2019,92.86,336.99,137.41,100.35,73.93
14-02-2019,84.87,237.08,128.51,93.74,82.9
15-02-2019,92.27,194.76,86.91,112.12,78.98
16-02-2019,98.49,181.64,103.18,79.48,65.73
17-02-2019,108.7,180.93,94.43,98.3,64.89
18-02-2019,104.51,215.05,136.33,125.28,61.82
19-02-2019,98.5,229.75,113.45,152.36,57.21
20-02-2019,79.97,185.4,79.95,105.01,67.65
21-02-2019,92.9,178.07,89.56,110.79,50.94
22-02-2019,101.4,147.86,107.69,85.23,54.29
23-02-2019,113.03,115.07,133.36,77.06,60.73
24-02-2019,97.06,161.89,104.32,97.62,58.6
25-02-2019,96.15,172.59,119.44,99.75,68.04
26-02-2019,101.91,120.3,136.81,86.36,68.32
27-02-2019,94.03,91.52,126.1,90.05,67.47
28-02-2019,111.32,180.46,127.96,82.02,74.96
01-03-2019,125.3,181.26,129.12,93.01,88.46
02-03-2019,95.38,182.54,72.5,95.81,68.2
03-03-2019,92.75,105.16,68.92,92.74,63.12
04-03-2019,100.96,180.84,95.61,104.75,69.4
05-03-2019,112.83,135.4,160.94,76.61,58.71
06-03-2019,116.45,168.32,160.54,88.21,67.2
07-03-2019,158.87,212.7,166.23,98.3,178.24
08-03-2019,141.49,199.28,154.68,86.8,126.39
09-03-2019,114.17,162.18,118.38,109.92,86.59
10-03-2019,85.59,163.8,108.68,78.2,60.76
11-03-2019,79.55,205.43,95.23,106.43,70.94
12-03-2019,108.89,129.4,105.87,113.73,72.46
13-03-2019,120.17,231.19,112.41,112.89,96.27
14-03-2019,116.74,217.74,110.33,103.28,87.99
15-03-2019,110.46,144.35,121.89,69.78,85.38
16-03-2019,118.8,140.6,110,97.93,88.36
17-03-2019,104.35,184.01,95.18,90.2,87.18
18-03-2019,99.47,202.01,102.44,88.88,72.39
19-03-2019,94.23,227.07,74.26,95.8,65.23
20-03-2019,91.98,237.61,94.54,113.06,62.21
21-03-2019,94.78,197.17,90.51,120.22,59.9
22-03-2019,96.39,119.87,86.97,94.58,61.19
23-03-2019,102.51,138.56,111.13,87.27,64.78
24-03-2019,93.06,133.47,118.89,116.74,59.02
25-03-2019,105.51,150.34,117.86,109.51,65.3
26-03-2019,112.26,169.16,123.44,78.85,67.23
27-03-2019,121.14,186.49,115.06,93.5,67.02
28-03-2019,129.96,260.26,136.99,110.43,75.77
29-03-2019,129.31,257.27,146.25,134.35,75.12
30-03-2019,123.2,238.99,140.7,125.59,85.28
31-03-2019,107.85,177.53,137.92,121.18,81.64
01-04-2019,110.5,170.14,115.93,96.36,79.24
02-04-2019,123.38,211.47,119.4,93.61,82.12
03-04-2019,120.13,206.04,116.3,106.73,81.81
04-04-2019,108.63,270.77,104.02,113.56,50.68
05-04-2019,108.25,281.53,84.24,162.11,44.72
06-04-2019,112.08,303.71,80.2,135.7,50.03
07-04-2019,103.64,355.22,79.56,224.38,66.82
08-04-2019,94.86,280.23,85.8,473.02,71.05
09-04-2019,90.8,225.5,99.2,161.64,67.66
10-04-2019,107.04,247.53,105.98,149.74,62.29
11-04-2019,113.7,204.19,73.52,157.93,59.77
12-04-2019,109,217,98.89,368.18,65.59
13-04-2019,98.37,175.93,82.36,129.76,60.17
14-04-2019,89.76,168.11,102.32,116.91,60.55
15-04-2019,92.14,187.59,97.74,183.47,54.56
16-04-2019,94.39,186.75,111.85,132.07,51.86
17-04-2019,97.64,62.49,87.34,48.73,56.55
18-04-2019,72.34,91.55,109.83,61.5,44.77
19-04-2019,63.83,155.39,67.2,83.64,42.03
20-04-2019,73.46,193.76,60.36,84.96,32.47
21-04-2019,69.39,219.06,59.67,99.17,28.21
22-04-2019,92.48,255.31,61.15,132.85,41.85
23-04-2019,77.31,277.28,83.12,159.44,28.42
24-04-2019,85.7,262.58,81.6,147.99,40.08
25-04-2019,109.49,274.39,98.68,183.88,44.12
26-04-2019,109.42,244.21,116.45,226.52,53.12
27-04-2019,123.11,301.82,134.45,135.05,59.62
28-04-2019,117.36,285.73,112.97,158.98,59.02
29-04-2019,108.27,274.83,98.53,156.09,56.52
30-04-2019,94.01,284.13,101.79,140.33,49.07
01-05-2019,74.84,323.97,111.66,160.14,49.94
02-05-2019,102.47,282.83,141.06,186.04,87.96
03-05-2019,95.06,149.1,146.83,127.27,103.25
04-05-2019,116.59,196.87,123.19,102.97,100.42
05-05-2019,110.84,249.97,126.81,123.61,97.18
06-05-2019,106.65,295.84,135.12,138.44,110.95
07-05-2019,87.52,378.89,152.18,190.08,88.32
08-05-2019,81.91,415.23,152.96,253.87,67.7
09-05-2019,94.86,414.7,139.1,249.34,64.57
10-05-2019,93.68,320.44,139.05,116.66,56.44
11-05-2019,93.84,289.05,136.64,126.72,54.42
12-05-2019,93.08,503.28,95.62,263.62,48.58
13-05-2019,86.2,351.28,108.46,109.65,44.81
14-05-2019,88.8,124.28,105.12,104.64,44.75
15-05-2019,81.23,191.04,110.8,345.65,45.92
16-05-2019,93.74,218.38,102.17,272.87,58.16
17-05-2019,91.59,316.4,123.1,288.94,65.88
18-05-2019,118.1,106.51,144.54,72.58,55.7
19-05-2019,101.63,162.83,158.9,89.54,46.85
20-05-2019,105.55,218.72,124.74,105.8,62.22
21-05-2019,93.68,194.58,114.83,113.58,72.77
22-05-2019,84.74,201.27,94.33,95.82,64.09
23-05-2019,97.98,230,111.01,92.55,51.78
24-05-2019,75.5,117.66,92.55,111.48,31.31
25-05-2019,71.31,118.65,128.82,84.22,29.58
26-05-2019,49.25,136.58,144.06,98.64,34.61
27-05-2019,59.78,172.68,124.03,120.86,52.68
28-05-2019,84.93,183.77,128.79,88.86,77.25
29-05-2019,62.28,202.75,148.7,110.77,76.55
30-05-2019,77.36,246.05,120.31,113.74,78.76
31-05-2019,60.85,337.77,107.63,129.06,49.86
01-06-2019,64.19,298.35,95.7,126.37,54.8
02-06-2019,64.72,219.79,127.37,135.33,35.77
03-06-2019,42.09,300.7,71.14,179.22,37.15
04-06-2019,61.65,171.58,54.95,231.37,29.82
05-06-2019,56.09,208.72,92.7,212.32,27.21
06-06-2019,51.53,236.45,104.77,132.26,45.83
07-06-2019,56.96,152.39,68.55,165,33.76
08-06-2019,53.47,187.62,65.33,111.22,25.46
09-06-2019,39.84,265.12,67.58,106.15,24.78
10-06-2019,25.87,233.49,54.49,148.37,23.83
11-06-2019,30.88,487.77,38.63,112.71,27.86
12-06-2019,35.87,240.88,31.33,86.77,31.9
13-06-2019,38.15,189.69,28.99,54.96,35.93
14-06-2019,47.2,188.21,40.79,91.31,39.96
15-06-2019,54.09,274.68,62.18,98.75,43.99
16-06-2019,56.08,160.96,61.02,83.67,48.03
17-06-2019,64.03,137.08,73.19,99.1,52.06
18-06-2019,64.96,84.53,62.52,93.21,56.09
19-06-2019,60.88,223.08,63.26,40.69,47.92
20-06-2019,53.32,130.88,56.2,63.58,22.78
21-06-2019,56.61,188.16,64.68,106.02,29.696
22-06-2019,45.48,177.16,40.82,133.44,36.612
23-06-2019,36.43,126.12,48.17,98.69,43.528
24-06-2019,44.9,85.68,48.67,63.19,50.444
25-06-2019,76.25,119.98,52.03,94.08,57.36
26-06-2019,61.12,155.9,38.92,86.19,55.51
27-06-2019,65.51,230.98,25.11,278.62,50.75
28-06-2019,85.13,239.15,21.02,126.7,45.05
29-06-2019,81.98,271.27,24.02,92.83,46.9
30-06-2019,63.53,270.03,35.16,113.38,40.2
01-07-2019,70.15,189.32,38.86,95.18,36.12
02-07-2019,62.01,233.25,29.98,109.13,43.52
03-07-2019,60.9,113.92,45.27,90.87,34.86
04-07-2019,60.19,87.8,38.88,66.84,27.34
05-07-2019,57.46,99.98,33.26,72.35,38.57
06-07-2019,51.06,87.5,38.56,60.06,49.52
07-07-2019,68.71,91.79,37.91,63.56,28.95
08-07-2019,55.7,148.79,44.22,106.73,26.17
09-07-2019,46.87,128.6,34.76,102.12,26.83
10-07-2019,50.35,278.71,31.67,129.19,33.66
11-07-2019,61.32,352.26,39.46,113.69,49.88
12-07-2019,62.33,363.7,39.59,98.81,50.61
13-07-2019,57.91,294.27,34.14,95.25,37.18
14-07-2019,51.48,280.99,42.52,91.76,27.74
15-07-2019,47.39,137.67,40.84,110.12,26.98
16-07-2019,46.99,79.22,72.98,117.34,29.01
17-07-2019,55,67.73,61.44,99.4,29.39
18-07-2019,62.36,78.08,83.02,76.34,21.07
19-07-2019,37.85,158.3,73.21,64.03,17.91
20-07-2019,42.66,117.84,38.84,78.8,21.05
21-07-2019,41.46,105.55,36.16,88.64,16.86
22-07-2019,41.71,119.66,37.69,65.44,21.08
23-07-2019,41.62,153.96,27.42,57.44,26.21
24-07-2019,63.75,156.93,33.46,58.55,29.58
25-07-2019,53.24,63.51,34.31,38.6,39.38
26-07-2019,53.25,61.26,37.9,53.06,35.43
27-07-2019,50.99,45.04,32.82,60.43,43.83
28-07-2019,49.13,46.35,32.98,41.61,44.4
29-07-2019,56.25,64.17,24.55,34.12,39.89
30-07-2019,56.4,82.81,16.54,52.87,35.98
31-07-2019,47.37,76.67,24.67,63.57,31.15
01-08-2019,51.46,85.89,22.89,60.62,33.9
02-08-2019,52.16,83.66,14.41,51.22,45.88
03-08-2019,46.6,80.35,12.53,59.18,44.31
04-08-2019,41.66,88.15,12.61,53.25,38.04
05-08-2019,29.63,104.96,16.23,69.69,48.38
06-08-2019,30.58,57.31,21.56,52.14,34.72
07-08-2019,32.65,72.98,20.37,47.41,27.68
08-08-2019,27.28,80.22,31.7,52.15,29.48
09-08-2019,30.16,61.47,36.39,47.3,23.3
10-08-2019,38.48,47.75,36.04,35.13,16.95
11-08-2019,38.27,67.15,49.51,39.86,14.72
12-08-2019,46.51,51.91,66.23,59.12,17.06
13-08-2019,46.9,56.18,83.11,86.92,21.22
14-08-2019,46.08,58.36,65.91,59.34,24.9
15-08-2019,38.14,56.28,52.66,51.56,33.7
16-08-2019,34.85,37.1,56.16,35.01,28.25
17-08-2019,52,19.51,78.62,32.83,40.48
18-08-2019,47.66,30.45,96.6,50.61,42.58
19-08-2019,49.59,86.13,75.83,78.41,39.9
20-08-2019,48.73,95.71,86.73,83.01,38.29
21-08-2019,45.86,129.46,79.58,71.19,31.07
22-08-2019,57.03,130.49,56.42,74.26,23.18
23-08-2019,44.78,142.76,61.82,65.97,22.64
24-08-2019,63.42,149.82,48.14,65.64,30.07
25-08-2019,55.99,67.82,36.89,62.54,21.39
26-08-2019,49.29,68.59,51.14,47.48,18.76
27-08-2019,47,107.99,65.41,50.73,21.27
28-08-2019,42.17,103.01,62.16,54.28,23.28
29-08-2019,44.99,90.29,53.81,51.05,31.92
30-08-2019,50.6,105.68,35.21,53.09,30.21
31-08-2019,65.26,123.23,26.77,59.9,39.05
01-09-2019,47.85,81.44,19.79,62.25,28.91
02-09-2019,27.78,101.79,31.72,59.21,26.69
03-09-2019,32.65,143.56,25.24,80.25,27.66
04-09-2019,40.46,150.39,22.06,59.59,23.82
05-09-2019,42.24,90.44,23.81,63.85,21.87
06-09-2019,44.08,89.47,26.23,66.62,19.67
07-09-2019,45.38,83.26,26.13,59.48,27.82
08-09-2019,45.47,77.01,23.28,55.73,29.74
09-09-2019,49.54,126.43,31.13,70.51,30.69
10-09-2019,58.85,144.47,39.67,115.21,27.14
11-09-2019,60.37,174.33,52.44,100.18,28.23
12-09-2019,57.11,132.61,54.59,86.65,31.68
13-09-2019,60.43,83.22,39.18,77.7,33.53
14-09-2019,56.94,69.36,43.73,58.29,30.52
15-09-2019,50.11,72.61,44.63,53.45,29.57
16-09-2019,40.74,129.47,63.7,88.55,32.68
17-09-2019,43.3,135.84,65.7,91.4,34.76
18-09-2019,63.17,97.32,47.59,77.85,22.19
19-09-2019,59.79,62.19,42.83,62.65,22.42
20-09-2019,56.78,106.47,35.92,50.06,33.56
21-09-2019,68.81,96.29,56.75,54.39,36.12
22-09-2019,53.11,65.65,56.52,38.05,33.91
23-09-2019,50.88,83.33,62.68,54.24,20.84
24-09-2019,36.94,96.22,45.66,130.77,22.3
25-09-2019,32.33,86.31,34.73,51.3,22.76
26-09-2019,41.07,69.49,37.11,41.7,26.74
27-09-2019,75.73,56.71,30.07,44.42,32.4
28-09-2019,78.07,66.98,47.6,41.82,33.81
29-09-2019,87.7,51.03,65.29,54.95,29.1
30-09-2019,53.78,81.97,65.51,72.81,20.95
01-10-2019,68.99,92.41,62.5,65.55,27.22
02-10-2019,36.79,96.13,69.4,66.13,30.45
03-10-2019,52.83,143.97,72.14,90.64,28.85
04-10-2019,58.29,94.9,70.39,73.74,31.23
05-10-2019,70.53,108.22,75.69,73.3,33.07
06-10-2019,55.82,140.15,65.7,95.61,28.23
07-10-2019,60.1,137.81,81.52,100.67,22.56
08-10-2019,39.4,116.56,83.53,92.61,19.94
09-10-2019,46.37,182.89,79.18,98.12,34.77
10-10-2019,70.64,215.18,64.26,92.04,33.61
11-10-2019,79.81,203.36,56.51,101.36,29.79
12-10-2019,75.75,209.42,61.3,107.82,28.76
13-10-2019,46.8,255.42,61.96,141.72,21.86
14-10-2019,52.98,239.47,94.89,127.04,28.23
15-10-2019,57.89,285.26,100.99,138.94,29.12
16-10-2019,57.38,279.78,104.37,128.95,33.51
17-10-2019,48.38,245.2,94.64,143.55,20.77
18-10-2019,52.13,203.39,52.38,113.18,23.21
19-10-2019,37.64,174.84,54.35,106.5,18.555
20-10-2019,39.02,203.14,51.18,152.29,13.9
21-10-2019,41.14,235,46.72,126.29,16.67
22-10-2019,35.11,213.26,71.08,150.71,22.5
23-10-2019,35.91,268.58,70.86,164,21.1
24-10-2019,46.46,346.51,43.48,129.05,33.55
25-10-2019,42.75,270.87,56.62,156.27,37.78
26-10-2019,47.6,290.6,42.64,128.1,36.28
27-10-2019,74.17,321.68,51.1,167.46,42.3
28-10-2019,78.91,420.35,94.5,317.48,35.83
29-10-2019,78,440.77,74.5,258.16,33.99
30-10-2019,42.23,454.35,72.97,142.43,10.54
31-10-2019,49.95,500.04,51.57,149.59,12.23
01-11-2019,77.15,584.15,54.11,117.66,28.72
02-11-2019,72.41,467.74,70,204.73,37.35
03-11-2019,71.78,706.58,84.04,177.57,31.71
04-11-2019,112.73,386.16,115.79,135.82,27.28
05-11-2019,144.98,296.98,157.6,147.13,50.49
06-11-2019,142.05,207.19,155.75,113.7,50.81
07-11-2019,136.66,292.56,125.56,86.17,45.02
08-11-2019,110.88,253.44,129.17,156.68,47.27
09-11-2019,102.59,230.5,146.94,144.05,31.08
10-11-2019,102.92,296.44,133.78,143.75,30.39
11-11-2019,117.91,380.54,122.21,153.14,39.27
12-11-2019,68.96,529.59,111.69,171.8,49.25
13-11-2019,81.26,541.19,120.38,213.07,67.61
14-11-2019,61.17,545.66,124.6,229.9,56.88
15-11-2019,65.78,576.12,130.32,136.96,48.96
16-11-2019,57.92,293,134.25,143.57,35.95
17-11-2019,64.16,165.5,135.59,94.09,27.57
18-11-2019,61.85,181.67,153.76,95.75,51.91
19-11-2019,51.01,218.13,159.66,93.86,45.85
20-11-2019,48.76,295.47,153.06,108.09,43.29
21-11-2019,78.55,363.77,137.03,112.33,39.84
22-11-2019,78.49,332.6,143.27,136.99,35.35
23-11-2019,68.13,224.14,146.29,183.61,53.49
24-11-2019,71.69,178.21,147.9,154.12,49.09
25-11-2019,69.94,213.67,152.32,137.38,42.3
26-11-2019,72.66,225.78,147.41,106.04,47.81
27-11-2019,65.25,128.1,141.73,115.98,65.38
28-11-2019,53.29,58.6,141.9,173.58,40.69
29-11-2019,61.34,100.29,117.76,114.1,49.72
30-11-2019,50.92,159.36,129.5,113.4,25.41
01-12-2019,42.5,192.47,115.41,113.24,13.3
02-12-2019,34.67,229.08,78.45,103.89,31.62
03-12-2019,55.3,241.56,80.56,133,51.14
04-12-2019,69.48,277.92,134.99,127.29,52.39
05-12-2019,91.85,416.79,152.49,110.43,58.52
06-12-2019,96.47,362.1,164.16,154.65,58
07-12-2019,71.64,348.44,152.67,170.28,64.6
08-12-2019,52.13,355.16,126.99,129.83,39.35
09-12-2019,56.84,311.58,111.21,143.97,44.54
10-12-2019,55.42,363.3,116.77,170.32,57.7
11-12-2019,63.74,452.65,122.45,159.87,59.92
12-12-2019,67.98,412.59,109.27,133.17,49.24
13-12-2019,71.83,124.26,69.75,110.13,61.92
14-12-2019,60.07,128.36,83.56,67.13,42.06
15-12-2019,66.09,151.57,78.64,88.25,46.41
16-12-2019,59.81,133.11,100.38,85.13,63.77
17-12-2019,61.09,140.23,129.71,96.44,51.31
18-12-2019,84.86,214.88,146.93,145.26,66.25
19-12-2019,77.48,385.13,147.41,114.33,48.09
20-12-2019,91.61,449.06,152.23,132.48,57.02
21-12-2019,89.87,353.94,156.27,124.14,52.52
22-12-2019,84.08,202.05,141.72,74.88,63.31
23-12-2019,89.98,240.19,132.56,102.75,68.62
24-12-2019,77.13,401.03,109.07,107.85,80.62
25-12-2019,71.87,258.28,123.2,110.92,58.38
26-12-2019,87.08,299.85,114.8,137,38.64
27-12-2019,87.09,371.45,119.06,151.74,49.14
28-12-2019,70.75,426.12,141.13,164.04,62.85
29-12-2019,73.77,500.15,149.05,156.69,72.67
30-12-2019,77.49,486.35,127.34,183.66,73.72
31-12-2019,84.76,338.18,82.17,168.36,68.57
01-01-2020,70.8,483.87,69.42,153.05,65.09
02-01-2020,62.73,439.31,56,96.26,60.26
03-01-2020,69.62,337.04,57.88,119.11,65.79
04-01-2020,106.81,327.22,106.32,120.23,55.05
05-01-2020,97.94,257.94,113.98,143.95,43.67
06-01-2020,62.08,247.47,101.12,127.91,74.23
07-01-2020,62.95,176.22,89.73,103.39,59.51
08-01-2020,74.18,145.85,74.46,116.72,37.56
09-01-2020,85.93,132.06,88.34,64.83,57.01
10-01-2020,83.02,203.54,129.65,88.47,65.95
11-01-2020,66.98,245.62,141.86,116.17,55.43
12-01-2020,75.34,325.36,137.74,119.43,50.54
13-01-2020,97.81,329.77,135.4,124.35,72
14-01-2020,108.24,163.67,139.44,96.06,85.45
15-01-2020,79.82,179.08,86.93,92.31,90.09
16-01-2020,84.68,197.9,65.41,94.23,74.82
17-01-2020,85.16,152.98,63.66,108.73,69.87
18-01-2020,65.04,198.24,74.36,101.53,59.79
19-01-2020,59.29,187.93,71.2,119.35,56.6
20-01-2020,82.12,225.67,83.38,137.1,58.42
21-01-2020,84.98,348.45,89.76,93.14,52.01
22-01-2020,71.37,296.98,85.47,107.22,55.34
23-01-2020,76.02,137.61,115.76,82.95,53.17
24-01-2020,84.68,151.81,128.53,94.73,60.35
25-01-2020,95.52,240.57,141.41,120.92,65.88
26-01-2020,93.93,309.09,138.48,152.56,55.09
27-01-2020,92.25,330.91,119.51,89.61,59.45
28-01-2020,98.54,149.12,105.71,102.11,80.21
29-01-2020,100.44,134.17,132.5,58.37,91.03
30-01-2020,107.2,168.43,149.58,76.94,88.7
31-01-2020,102.88,170.33,131.21,84.15,86.73
01-02-2020,105.15,201.19,83.63,107.15,71.66
02-02-2020,84.84,200.9,86.11,114.62,57.62
03-02-2020,80.75,243.43,79.23,105.2,68.97
04-02-2020,75,340.56,68.94,106.78,53.71
05-02-2020,74.45,255.41,79.91,110.26,62.33
06-02-2020,92.77,205.43,83.58,121.15,60.73
07-02-2020,103.19,253.82,85.67,109.67,56.28
08-02-2020,106.63,238.17,82.42,93.48,61.92
09-02-2020,111.14,247.62,67.47,126.91,60.54
10-02-2020,82.96,292.44,71.1,152.86,134.53
11-02-2020,77.23,306.12,80,129.13,70.15
12-02-2020,72.71,295.05,105.86,151.41,64.86
13-02-2020,86.81,179.78,130.5,170.52,69.38
14-02-2020,120.55,172.28,149.4,130.02,63.63
15-02-2020,129.65,174.78,142.86,121.14,70.41
16-02-2020,89.03,237.81,134.24,128.09,80.15
17-02-2020,94.89,282.84,138.05,150.22,82.96
18-02-2020,105.87,238.91,120.32,154.46,67.89
19-02-2020,97.46,286.39,116.05,153.94,67.59
20-02-2020,95.51,223.69,94.57,105,74.67
21-02-2020,72.85,85.49,76.37,161.44,62.19
22-02-2020,82.03,123.44,77.15,91.06,68.21
23-02-2020,85.26,182.2,64.14,104.68,49.54
24-02-2020,82.42,145.05,77.92,98.54,58.64
25-02-2020,97.01,224.02,107.78,121.82,61.57
26-02-2020,88.67,258.62,134.28,107.89,60.79
27-02-2020,92.84,203.77,108.25,115.08,59.85
28-02-2020,95.58,161.36,103.27,121.08,68.88
29-02-2020,95.45,115.82,94.49,114.53,123.28
01-03-2020,89.66,91.88,93.93,86.33,55.13
02-03-2020,115.89,203.51,98.66,86.35,59.61
03-03-2020,154.34,188.73,101.91,116.32,50.14
04-03-2020,118.07,193.79,109.13,100.89,88.17
05-03-2020,111.38,67.5,135.4,64.82,63.93
06-03-2020,83.19,38.5,85.6,62.79,58.67
07-03-2020,89.88,85.45,92.91,71.4,55.47
08-03-2020,84.01,140.22,68.49,68.45,54.46
09-03-2020,84.66,133.75,75.09,78.51,54.84
10-03-2020,89.64,160.91,60.08,79.9,62.34
11-03-2020,80.31,112.57,75.82,72.28,56.42
12-03-2020,78.55,155.18,86.96,122.98,59.96
13-03-2020,76.68,209.02,78.19,247.19,54.95
14-03-2020,72.04,85.26,83.27,181.04,60.48
15-03-2020,72.17,124.24,81.84,101.22,53.51
16-03-2020,71.05,144.37,68.18,92.2,60.2
17-03-2020,77.96,160.15,69.94,93.03,70.74
18-03-2020,72.55,162.56,68.45,97.43,47.79
19-03-2020,87.04,195.15,97.86,102.61,52.54
20-03-2020,94.45,200.79,72.83,100.6,61.65
21-03-2020,95.67,184.81,103.66,64.36,59.67
22-03-2020,66.88,134.46,85.6,67.6,49.53
23-03-2020,82.77,100.55,72.32,73.5,54.5
24-03-2020,82.89,103.62,59.24,72.85,41.48
25-03-2020,48.81,68.03,59.28,57.46,46.73
26-03-2020,51.53,75.81,60.99,31.24,46.63
27-03-2020,51.79,45.48,67.6,19.14,52.78
28-03-2020,45.75,34.15,67.08,27.54,54.61
29-03-2020,47.23,55.75,75.41,35.04,45.16
30-03-2020,53.57,64.66,65.96,39.81,48.86
31-03-2020,48.55,67.01,72.92,46.95,49.22
01-04-2020,49.89,65.84,83.65,67.35,48.32
02-04-2020,58.49,61.06,80.7,44.31,56.02
03-04-2020,69.87,62.69,69.42,37.37,56.3
04-04-2020,63.83,77.64,72.16,48.46,55.61
05-04-2020,67.3,96.88,57.17,62.17,46.5
06-04-2020,50.53,114.88,64.99,81.56,31.28
07-04-2020,20.84,94.02,39.6,78.6,35.34
08-04-2020,28.13,79.04,43.45,54.61,37.62
09-04-2020,32.12,76.32,61.5,56.49,45.18
10-04-2020,22.69,112.93,36.93,63.6,43.1
11-04-2020,35.92,118.1,43.01,88.94,49.68
12-04-2020,35.49,92.7,59.02,80.61,46.43
13-04-2020,42.98,136.77,66.35,96.61,52.42
14-04-2020,52.51,144.7,78.8,116.07,49.73
15-04-2020,50.11,190.98,68.75,92.25,35.83
16-04-2020,42.7,191.17,68.87,94.49,26.06
17-04-2020,50.83,89.58,75.93,147.95,26.14
18-04-2020,46.7,102.53,63.08,143.5,21.02
19-04-2020,41.6,73.86,61.21,72.79,20.13
20-04-2020,31.92,113.25,57.08,51.02,27.65
21-04-2020,48.52,87.27,42.44,36.53,31.6
22-04-2020,50.26,130.99,46.3,50.6,30.51
23-04-2020,48.49,127.82,62.7,45.72,35.6
24-04-2020,65.58,138.46,54.72,54.55,38.65
25-04-2020,55.47,85.83,72.38,71.1,41.47
26-04-2020,43.11,117.1,59.77,76.78,57.7
27-04-2020,50.33,53.02,56.45,48.21,34.27
28-04-2020,55.81,80.36,53.68,50.57,44.32
29-04-2020,39.31,114.91,37.73,66.25,34.48
30-04-2020,54.56,115.63,54.39,193.04,48.19
01-05-2020,61.29,143.11,53.46,92.73,43.59
02-05-2020,50.84,107.36,51.4,109.34,48.64
03-05-2020,56.07,83.02,80.72,102.62,47.16
04-05-2020,71.6,60.59,69.69,55.48,47.67
05-05-2020,87.56,115.91,75.39,49.15,54.3
06-05-2020,64.54,169.61,59.71,65.09,45.58
07-05-2020,72.07,88.35,58.71,49.74,47.43
08-05-2020,52.32,120.82,66.53,96.85,36.69
09-05-2020,60.98,126.9,61.16,119.29,39.05
10-05-2020,59.49,110.39,47.77,146.77,37.16
11-05-2020,66.73,93.49,82.55,84.08,34.67
12-05-2020,70.53,94.4,62.6,45.03,52.48
13-05-2020,39.32,159.2,54.77,252.96,29.49
14-05-2020,58.72,126.53,53.65,67.1,38.91
15-05-2020,46.71,101.93,56.89,114.11,40.97
16-05-2020,56.99,151.8,61.38,79.61,31.34
17-05-2020,52.69,187.24,72.72,112.29,40.82
18-05-2020,47.84,192.68,71.9,142.31,33.81
19-05-2020,79.02,208.65,122.45,122.71,44.22
20-05-2020,64,155.41,134.25,104.68,39.46
21-05-2020,60.44,163.77,118.03,104.48,29.47
22-05-2020,56.21,213.47,137.19,141.08,30.8
23-05-2020,62.59,209.49,147.59,179.36,37.29
24-05-2020,66.58,179.3,124.09,152.88,35.54
25-05-2020,57.36,162.41,97.27,119.96,47.13
26-05-2020,71.59,190.11,85.85,127.41,35.47
27-05-2020,55.23,161.76,90.2,148.49,41.6
28-05-2020,55.7,229.55,96.67,192.43,40.45
29-05-2020,53.37,66.66,79.56,154.79,32.58
30-05-2020,42.52,53.19,60.6,70.43,29.67
31-05-2020,51.62,40.43,60.07,60,17.71
01-06-2020,22.16,80.47,54.63,59.16,16.64
02-06-2020,19.43,98.32,31.29,59.38,22.06
03-06-2020,19.34,114.01,24.32,68.89,23.91
04-06-2020,30.11,143.79,28.72,57.31,34.41
05-06-2020,48.48,87.05,52.74,38.46,36.22
06-06-2020,50.12,80.49,74.58,59.04,23.4
07-06-2020,45.11,91.17,59.86,74.68,32.1
08-06-2020,48.85,103.27,68.79,76.92,40.8
09-06-2020,52.5,148.67,56.02,80.86,49.5
10-06-2020,73.07,156.29,42.43,89.36,45.57
11-06-2020,39.75,134.36,45.14,89.02,42.51
12-06-2020,35.21,152.7,35.96,94.71,48.84
13-06-2020,42.32,129.33,23.48,97.19,46.15
14-06-2020,35.74,150.28,22.79,78.89,34.44
15-06-2020,36.58,120.23,31.78,80.35,47.31
16-06-2020,45.6,107.99,20.76,113.24,46.31
17-06-2020,56.47,92.58,20.97,105.61,57.72
18-06-2020,63.66,100.62,33.09,121.22,48.74
19-06-2020,57.17,205.56,55.14,103.34,41.01
20-06-2020,47.55,108.73,63.77,134.98,40.99
21-06-2020,42.05,95.63,72.01,81.15,31.24
22-06-2020,40.19,77.48,68.3,67.36,34.27
23-06-2020,49.93,64.12,56.6,56.81,54.74
24-06-2020,52.43,62.61,45.4,51.1,67.22
25-06-2020,40.06,77.76,46.29,202.53,51.15
26-06-2020,28.66,112.08,54.96,118.34,32.5
27-06-2020,29.48,155.94,44.2,76.66,36.04
28-06-2020,26.34,308.65,32.18,67.44,43.97
29-06-2020,29.27,184.12,44.74,77.3,46.71
30-06-2020,24.26,91.98,41.95,64.26,41.53
01-07-2020,30.48,128.66,66.5,103.68,35
