Date,Bengaluru,Chennai,Delhi,Lucknow,Mumbai,Hyderabad,Patna,Gurugram,Visakhapatnam,Jaipur,Thiruvananthapuram
01-01-2018,1.04,0.03,1.8,1.89,0.28,0.99,2.6,2.31,0.95,0,1.28
02-01-2018,1,0.08,1.52,1.39,1.64,0.92,2.47,2.11,1.02,0,1.32
03-01-2018,1.09,0.13,1.29,1.43,3.64,0.83,2.58,2.26,1.33,0,1.36
04-01-2018,0.96,0.18,1.36,1.6,3.55,1,2.46,2.27,1.95,0,1.4
05-01-2018,1.04,0.23,1.38,1.45,2.68,1.05,2.31,2.46,1.5,0,1.32
06-01-2018,0.98,0.28,1.59,1.67,2.97,1.1,2.15,2.82,1.78,0,1.32
07-01-2018,0.99,0.33,1.3,1.81,2.62,1.03,2.36,2.67,1.6,0,1.27
08-01-2018,0.93,0.38,1.33,1.83,2.49,0.98,2.97,2.59,1.19,0,1.69
09-01-2018,0.96,0.39,1.54,1.83,2.14,0.95,2.5,2.65,0.88,0,1.55
10-01-2018,0.89,1.15,1.4,2.1,2.43,1.03,2.08,2.52,1.28,0,1.58
11-01-2018,0.96,0.94,1.47,1.62,2.13,1.04,2.07,2.31,1.52,0,1.57
12-01-2018,1.35,0.98,1.56,1.29,2.16,1.09,2.49,2.38,1.64,0,1.59
13-01-2018,0.93,1.23,2.12,1.49,1.93,1.19,2.44,2.7,1.19,0,1.58
14-01-2018,1.29,0.93,1.72,1.36,2.12,1.16,2.08,2.83,2.11,0,1.25
15-01-2018,0.89,0.89,1.42,2.48,2.53,0.83,2.15,2.13,1.37,0,1.58
16-01-2018,0.92,0.9,1.36,1.57,1.96,0.92,2.61,1.49,1.48,0,1.54
17-01-2018,0.92,0.83,1.61,1.96,1.46,0.87,2.56,1.46,1.39,0,1.6
18-01-2018,1.01,0.76,2.04,1.97,1.22,0.99,1.67,1.84,1.33,0,1.56
19-01-2018,1.21,0.64,1.82,1.89,1.42,0.9,3.42,1.67,1.41,0,1.4
20-01-2018,1.16,0.68,1.31,2.16,1.16,1,2.81,1.45,1.52,0,1.47
21-01-2018,1.14,0.6,1.51,1.16,1.29,0.95,2.91,1.72,1.48,0.01,1.48
22-01-2018,1.14,0.68,1.87,1.34,1.3,0.89,3.4,1.48,1.52,0.22,1.8
23-01-2018,1.24,0.62,1.43,1.83,0.83,0.71,3.25,1.59,1.7,0.21,1.68
24-01-2018,1.19,0.7,1.32,1.05,0.1,0.71,1.99,1.54,1.505,0.31,1.17
25-01-2018,1.06,0.9,1.37,1.06,0.26,0.89,1.19,1.69,1.31,0.42,0.91
26-01-2018,0.94,0.83,1.43,1.31,0.42,0.91,1.28,1.71,1.115,0.5,0.89
27-01-2018,1.04,0.89,1.4,1.28,0.58,1.45,2.35,1.7,0.92,0.46,0.88
28-01-2018,0.89,0.78,1.85,1.53,0.74,0.85,2.78,1.5,0.99,1.23,0.92
29-01-2018,1.05,0.82,1.96,1.13,0.9,0.84,2.29,1.58,1.04,1.16,1.18
30-01-2018,0.99,0.79,2,1.14,1.06,0.68,2.82,1.4,1.24,1.36,0.92
31-01-2018,1.06,0.86,2.52,0.98,1.22,1,2.83,1.63,1.15,1.18,1.16
01-02-2018,1.08,0.79,1.62,1.04,1.4,1.1,2.85,1.66,1.15,1.7,1.14
02-02-2018,1.44,0.95,1.49,1.37,1.3,0.99,2.97,1.52,1.19,0.83,1.06
03-02-2018,1.04,0.83,1.29,2.02,1.06,0.8,2.76,1.48,1.25,0.75,0.96
04-02-2018,0.93,0.75,1.3,1.39,1.79,0.73,2.33,1.44,1.06,0.83,0.9
05-02-2018,0.95,0.79,1.33,0.86,1.59,0.73,1.71,1.51,1.16,0.75,0.94
06-02-2018,0.89,0.95,1.21,0.69,1.69,0.86,1.34,1.55,1.02,0.91,0.91
07-02-2018,0.94,0.94,1.18,1.28,1.62,0.99,1.16,1.58,0.66,1.1,0.94
08-02-2018,1.1,1.05,1.75,0.81,1.6,0.84,1.1,1.52,0.59,0.89,0.89
09-02-2018,1.01,1.03,1.7,0.95,1.37,0.87,1.12,1.89,0.61,1.23,0.95
10-02-2018,0.99,0.97,2.55,1.12,1.54,0.82,1.19,1.98,0.59,0.54,0.95
11-02-2018,0.88,0.91,1.56,1.49,1.33,0.6,1.68,1.81,0.44,0.48,0.88
12-02-2018,0.98,0.85,0.97,1.09,1.04,0.61,2.13,1.51,0.48,0.6,1.05
13-02-2018,1.01,1,1.21,1.14,1.41,0.61,1.43,1.63,0.49,0.62,0.94
14-02-2018,0.96,1,0.96,0.65,1.5,0.76,0.88,0.88,0.51,0.59,0.93
15-02-2018,0.96,0.97,1.03,0.62,1.01,0.84,0.85,0.16,0.71,1.18,1.08
16-02-2018,0.98,0.85,1.21,0.68,0.96,0.81,1.1,1.09,0.65,1.51,1.04
17-02-2018,1.03,1.05,1.27,0.71,0.99,0.92,1.03,1.16,0.73,1.65,1.14
18-02-2018,0.95,0.79,1.36,0.8,0.98,1.02,1.59,1.19,0.49,0.71,0.91
19-02-2018,1.05,0.8,1.96,0.8,1.08,0.77,1.36,0.67,0.54,1.17,1.03
20-02-2018,1.09,0.74,1.89,0.91,1.18,0.74,1.49,0.72,0.72,1.41,1.09
21-02-2018,0.98,0.75,2.42,1.23,1.2,0.85,2.05,0.77,0.81,1.55,1.07
22-02-2018,0.95,0.73,1.8,1.15,1.53,0.88,2.16,0.82,0.74,1.43,0.88
23-02-2018,0.94,0.68,1.81,1.41,1.37,0.85,1.28,0.88,0.77,1.34,0.98
24-02-2018,0.96,0.75,1.52,1.14,1.55,0.7,1.82,0.92,1.71,0.98,1.02
25-02-2018,0.92,0.71,1,0.87,1.71,0.76,1.6,0.97,1.11,0.83,1.03
26-02-2018,1.01,0.75,0.88,0.68,1.65,1.09,1.46,1.02,0.94,0.81,1.04
27-02-2018,0.94,0.66,1.15,0.72,1.81,1.16,1.2,1.07,0.77,0.89,0.87
28-02-2018,1.04,0.66,1.47,0.85,1.93,1.3,1.31,1.12,0.76,0.99,0.9
01-03-2018,0.95,0.76,1.43,0.78,1.97,1.12,1.35,1.18,0.82,0.75,1.02
02-03-2018,0.98,0.7,1.64,0.89,2.07,1.06,1.82,1.25,0.77,0.76,1.06
03-03-2018,1,0.76,1.18,0.68,1.88,0.88,1.2,1.18,0.71,0.67,0.96
04-03-2018,1.02,0.72,0.99,0.73,1.7,0.94,1.58,1.16,0.71,0.71,0.96
05-03-2018,1.02,0.69,0.99,0.65,1.7,0.89,1.47,1.06,0.83,0.65,1.05
06-03-2018,0.96,0.69,0.94,0.63,1.78,0.74,1.36,1.01,0.77,0.65,1.05
07-03-2018,0.98,0.86,1.11,0.72,1.72,0.79,1.57,1.02,0.88,0.79,1.08
08-03-2018,1.08,0.8,1.84,0.87,1.73,0.92,1.77,1.1,0.54,0.62,1.12
09-03-2018,1.09,0.84,1.64,0.73,1.8,0.96,1.73,1.18,0.56,0.68,1.1
10-03-2018,1.05,0.75,0.95,0.63,1.74,1.02,1.44,1.15,0.75,0.77,1.04
11-03-2018,1.03,0.75,1.08,0.69,1.86,0.79,1.58,1.12,0.82,0.61,0.98
12-03-2018,1.05,1.03,1.18,1.05,1.67,0.67,1.78,1.15,0.73,1.07,1.18
13-03-2018,1.14,1.02,1.54,0.68,1.34,0.71,1.88,1.15,0.78,1.2,1.22
14-03-2018,1.15,0.99,1.63,0.87,1.26,0.85,2.09,1.14,0.78,0.67,0.94
15-03-2018,1.15,0.95,1.23,0.54,1.31,0.77,1.79,1.12,0.83,0.82,0.76
16-03-2018,1.03,0.98,1.09,0.39,1.5,0.86,1.68,1.13,0.62,0.69,1
17-03-2018,1.02,1.09,1.09,0.3,1.48,0.76,1.42,0.74,1.1,0.71,0.87
18-03-2018,1.09,0.88,1.2,0.27,1.36,0.7,1.42,0,0.91,0.76,1
19-03-2018,0.97,0.99,1.1,0.31,1.4,0.83,1.44,0,0.66,0.78,1.15
20-03-2018,1.49,0.94,1.42,0.49,1.44,0.87,1.58,0,0.64,0.78,1.18
21-03-2018,1.55,1.18,1.36,0.58,1.53,0.89,1.8,0,0.76,0.67,1.17
22-03-2018,1.83,1.35,1,0.4,1.91,0.86,1.96,0.83,0.68,0.73,1.1
23-03-2018,1.23,0.98,0.89,0.34,1.72,1.01,1.74,1.09,0.93,0.79,1.12
24-03-2018,0.82,1.14,0.91,0.32,1.7,1.05,1.33,1.14,0.65,0.73,0.93
25-03-2018,1.05,1.11,0.96,0.31,1.67,0.98,1.23,1.27,0.54,0.69,1.19
26-03-2018,0.67,1.09,1.06,0.34,1.66,0.84,1.4,0.75,0.72,1.17,1.18
27-03-2018,0.78,1.07,1.52,0.39,1.05,0.79,2.25,0.75,0.67,1.67,1.47
28-03-2018,1.01,1.31,1.74,0.6,1.36,0.75,2.1,0.83,0.56,0.86,1.82
29-03-2018,1.2,0.91,1.01,0.43,1.17,0.91,1.64,1.09,0.57,0.91,1.36
30-03-2018,1.05,0.88,1.11,0.4,1.11,0.81,1.24,1.68,0.52,0.72,2.59
31-03-2018,1.05,0.82,1.17,0.28,1.1,0.83,0.92,1.66,0.6,0.56,2.99
01-04-2018,0.86,0.79,1.01,0.56,1.37,0.63,0.85,2.53,0.62,0.72,0.8
02-04-2018,1,0.74,1.22,0.52,1.27,0.72,0.9,1.61,0.44,0.84,0.82
03-04-2018,1.15,0.78,1.28,0.54,1.32,0.78,1.38,1.6,0.5,0.83,0.89
04-04-2018,0.89,0.97,1.44,0.49,1.16,0.72,1.11,1.61,0.43,1.18,0.97
05-04-2018,1.22,1.07,1.76,0.5,1.23,0.67,0.97,1.6,0.49,0.74,0.99
06-04-2018,1.03,0.91,1.42,0.41,1.29,0.74,1,1.33,0.56,0.77,1.01
07-04-2018,0.78,0.59,1.12,0.41,1.29,0.76,0.94,1.52,0.53,1.03,0.92
08-04-2018,0.66,0.58,1.09,0.43,1.44,0.67,0.93,2.73,0.31,1.06,0.83
09-04-2018,0.7,0.51,1.35,0.39,1.55,0.71,1.25,2.57,0.58,0.8,0.86
10-04-2018,0.88,0.78,1.57,0.51,1.36,0.79,0.97,2.54,0.63,0.53,0.95
11-04-2018,1,0.77,0.99,0.44,1.37,0.68,1.03,2.16,0.52,0.66,0.95
12-04-2018,0.9,0.85,1.3,0.4,1.31,0.67,1.31,2.32,0.5,0.52,0.86
13-04-2018,0.98,0.92,1.78,0.33,1.34,0.56,1.18,2.49,0.51,0.68,1.12
14-04-2018,0.96,0.86,2.12,0.35,1.32,0.69,1.44,2.79,0.56,0.64,0.82
15-04-2018,0.67,0.74,2.26,0.48,1.28,0.83,1.57,2.89,0.48,0.6,0.84
16-04-2018,0.69,0.9,2.51,0.56,1.29,0.9,1.38,2.96,0.48,0.63,0.88
17-04-2018,0.87,1.06,1.56,0.43,1.44,0.72,1.41,0.83,0.64,0.61,0.95
18-04-2018,0.96,0.87,1.04,0.29,1.44,0.61,1.26,0,0.51,0.58,1.13
19-04-2018,0.91,0.93,1.19,0.36,1.47,0.77,1.11,0,0.48,0.78,0.94
20-04-2018,0.85,0.82,0.91,0.51,1.37,0.86,1.14,0,0.57,0.85,0.99
21-04-2018,0.9,0.85,0.89,0.3,1.48,0.9,1.7,0,0.59,0.53,0.95
22-04-2018,0.78,0.8,0.85,0.29,0.986666667,0.75,1.06,0.17,0.34,0.5,0.83
23-04-2018,0.8,0.78,1.03,0.3,0.493333333,0.56,1.18,0.41,0.71,0.7,0.88
24-04-2018,0.82,0.85,1.28,0.41,0,0.54,2.4,0.3,0.59,1.15,0.85
25-04-2018,0.98,0.85,2.02,0.6,1.83,0.6,1.64,0.83,1.77,1.19,0.78
26-04-2018,0.85,0.81,2.09,0.36,1.96,0.62,0.98,0.17,0.52,0.84,0.88
27-04-2018,1.16,0.88,1.41,0.37,1.92,0.68,0.97,0.07,0.38,0.71,0.93
28-04-2018,0.91,0.82,1.14,0.47,1.85,0.52,0.96,0,0.44,0.66,1.12
29-04-2018,0.69,0.84,1.26,0.42,1.78,0.59,0.95,0,0.44,0.5,1.03
30-04-2018,1.14,0.8,1.12,0.43,1.71,0.7,0.86,0.03,0.4,0.46,0.86
01-05-2018,0.59,1.71,0.81,0.39,1.64,0.57,0.93,0.22,0.43,0.7,0.77
02-05-2018,0.9,0.91,1.02,0.53,1.57,0.7,1.05,0.12,0.61,0.6,0.84
03-05-2018,0.88,0.71,1.23,0.38,1.5,0.56,1.01,0.1,0.69,0.49,0.91
04-05-2018,1.16,0.77,1.17,0.36,1.43,0.62,1.12,0.11,0.46,0.73,0.89
05-05-2018,0.72,0.8,1.74,0.53,1.36,0.6,1.2,0.16,0.42,0.77,0.89
06-05-2018,0.73,0.73,2.05,0.51,1.29,0.58,1.23,0.29,0.53,0.67,0.86
07-05-2018,0.91,0.78,2.2,0.51,1.3,0.58,1.47,0.24,0.52,0.86,0.87
08-05-2018,0.8,0.74,1.31,0.48,1.36,0.97,1.61,0.16,0.61,0.96,0.88
09-05-2018,0.69,1.37,1.46,0.34,1.35,0.67,1.57,0.22,0.62,0.74,1.01
10-05-2018,0.81,0.93,2.41,0.33,1.3,0.63,1.56,0.28,0.53,0.84,0.86
11-05-2018,0.89,1.1,2.73,0.44,1.26,0.66,1.25,0.4,0.41,0.8,0.96
12-05-2018,0.88,1.18,3.2,0.5,1.23,0.64,1.16,0.46,0.46,0.94,0.88
13-05-2018,0.86,1.2,2.1,0.44,1.36,0.74,1.07,0.35,0.48,1.85,0.8
14-05-2018,0.87,1.15,2.05,0.42,1.25,0.64,1.05,0.28,0.46,1.77,0.77
15-05-2018,0.7,1.24,1.91,0.5,1.22,0.68,1.12,0.29,0.42,2.1,1.06
16-05-2018,0.82,1.27,1.11,0.58,1.21,0.78,0.87,0.41,0.5,2.11,0.95
17-05-2018,0.9,1.16,0.85,0.47,1.25,0.9,0.88,0.39,0.55,0.8,0.96
18-05-2018,1.1,0.86,1.07,0.57,1.27,0.62,1.04,0.24,0.61,0.91,0.89
19-05-2018,0.98,0.86,1.46,0.4,1.32,0.69,0.94,0.52,0.44,0.88,0.9
20-05-2018,0.79,0.85,1.08,0.16,1.34,0.62,0.83,0.5,0.32,0.83,0.86
21-05-2018,0.8,0.8,0.91,0.18,1.27,0.91,1.18,0.54,0.41,0.82,1
22-05-2018,1.06,0.81,1.17,0.45,1.32,0.69,1.1,0.57,0.37,1.07,0.88
23-05-2018,0.93,0.84,1.66,0.6,1.31,0.83,1,0.13,0.37,0.97,0.89
24-05-2018,0.92,0.78,1.34,0.6,1.19,0.78,0.99,0.08,0.35,0.86,0.95
25-05-2018,0.95,0.86,1.31,0.5,1.06,0.76,1.06,0.25,0.27,1.15,0.6
26-05-2018,1.12,0.88,1.47,0.66,1.09,0.69,1.03,0.75,0.3,1.03,0.95
27-05-2018,1.02,0.86,1.1,0.53,1.23,0.78,0.84,0.66,0.35,0.61,0.74
28-05-2018,1.19,0.82,1.33,0.53,1.14,0.72,0.98,0.48,0.48,0.93,1
29-05-2018,1.18,0.84,1.4,0.35,1.16,0.64,0.9,0.82,0.39,0.85,0.89
30-05-2018,1.01,0.84,0.95,0.21,1.16,0.58,1.04,0.69,0.41,0.98,0.86
31-05-2018,1.03,0.82,1,0.37,1.18,0.83,0.98,0.8,0.43,0.9,1
01-06-2018,0.99,0.81,0.81,0.43,1.2,0.64,0.94,0.81,0.43,0.9,1.01
02-06-2018,1.06,0.84,0.98,0.47,1.46,0.77,1.01,0.75,0.54,0.81,0.86
03-06-2018,1.01,0.85,0.84,0.66,1.74,0.62,0.99,0.82,0.55,0.61,0.72
04-06-2018,0.96,0.76,0.81,0.58,1.46,0.56,0.91,0.82,1.04,0.9,0.92
05-06-2018,0.94,0.77,0.82,0.58,1.62,0.62,1.14,0.8,0.51,0.74,1.08
06-06-2018,1.04,0.88,0.88,0.66,1.07,0.64,1.06,0.82,0.5,0.82,0.92
07-06-2018,1,0.83,0.96,0.68,1.28,0.61,1.12,0.77,0.4,0.82,0.73
08-06-2018,0.91,0.79,0.95,0.58,1.26,0.71,0.95,0.1,0.73,0.81,0.89
09-06-2018,0.96,0.82,0.9,0.56,1.43,0.68,0.89,0.11,0.45,0.53,0.6
10-06-2018,0.92,0.79,0.93,0.48,1.04,0.64,0.81,0.08,0.41,0.5,0.58
11-06-2018,0.99,0.74,0.9,0.51,1,0.66,1.2,0.07,0.41,0.44,0.8
12-06-2018,0.99,0.8,0.87,0.58,1.05,0.66,1.13,0.08,0.93,0.7,0.86
13-06-2018,0.95,0.85,0.77,0.64,1.03,0.6,0.8,0.04,0.63,0.56,0.79
14-06-2018,1.02,0.8,0.72,1.03,1.05,0.54,0.25,0.05,0.53,0.4,0.7
15-06-2018,1.01,0.82,0.7,1.11,1.1,0.57,0.78,0.29,0.55,0.54,0.76
16-06-2018,1.09,0.83,0.68,1.03,1.44,0.6,0.9,0.13,0.39,0.55,0.71
17-06-2018,1.06,0.78,0.68,0.82,1.52,0.57,1.07,0.74,0.38,0.48,0.76
18-06-2018,1.15,0.78,0.77,0.87,1.45,0.58,1.38,1.06,0.37,0.48,0.93
19-06-2018,1.06,0.81,0.68,0.92,1.4,0.53,0.9,0.97,0.36,0.47,0.93
20-06-2018,1.06,0.79,0.77,0.89,1.42,0.44,0.9,1.33,0.46,0.54,0.71
21-06-2018,1.02,0.8,0.75,0.93,1.15,0.46,1.01,1.49,0.35,0.83,0.77
22-06-2018,1.02,0.79,0.99,0.82,1.19,0.49,1.12,1.32,0.46,0.77,0.98
23-06-2018,1.03,0.79,0.96,0.84,1.45,0.36,0.87,1.93,0.54,0.56,0.74
24-06-2018,0.98,0.81,0.77,0.84,1.35,0.23,0.91,0.66,0.46,0.66,0.81
25-06-2018,1.01,0.8,0.74,0.94,1.19,0.27,0.8,0.83,0.43,0.64,0.62
26-06-2018,0.93,0.8,0.72,0.96,1.17,0.26,0.4,0.78,0.57,0.75,0.94
27-06-2018,1.02,0.81,0.84,0.78,1.21,0.26,0.83,0.79,0.56,0.8,0.83
28-06-2018,0.99,0.81,0.76,0.78,1.4,0.28,0.76,1.97,0.45,0.64,0.67
29-06-2018,0.99,0.81,0.87,0.9,1.72,0.3,1.1,1.12,0.7,0.52,0.83
30-06-2018,1,0.78,0.91,0.83,1.49,0.33,1.23,0.81,0.43,0.55,0.8
01-07-2018,0.89,0.79,0.78,0.91,1.49,0.3,1.09,0.9,0.56,0.3,0.68
02-07-2018,0.88,0.87,0.65,0.7,1.37,0.24,1.1,1.11,0.48,0.55,0.74
03-07-2018,0.87,0.88,0.86,0.67,1.49,0.26,0.76,0.88,0.5,0.54,0.83
04-07-2018,0.79,0.86,0.78,0.64,1.17,0.35,0.73,0.62,0.45,0.48,0.88
05-07-2018,0.82,0.84,0.95,0.71,1.19,0.25,1.06,0.63,0.43,0.59,0.8
06-07-2018,0.86,0.9,0.94,0.9,1.17,0.3,1.19,0.59,0.54,0.75,0.78
07-07-2018,0.76,0.84,0.9,0.9,1.27,0.34,1.33,0.65,0.58,0.89,0.78
08-07-2018,0.89,0.83,0.98,0.79,1.41,0.28,1.25,0.75,0.5,0.78,0.72
09-07-2018,0.88,0.78,0.93,0.74,1.52,0.22,1.17,0.85,0.49,0.77,0.79
10-07-2018,0.87,0.82,0.81,0.69,1.19,0.25,1.43,0.85,0.47,0.72,0.81
11-07-2018,0.9,0.77,0.84,0.85,1.17,0.3,1.11,0.77,0.4,0.68,0.84
12-07-2018,0.75,0.8,0.76,0.88,1.16,0.25,1.04,0.46,0.85,0.73,0.87
13-07-2018,0.78,0.77,0.88,0.87,1.23,0.27,1,0.46,0.45,0.63,0.92
14-07-2018,0.75,0.78,0.84,1.25,1.2,0.28,1.1,0.65,0.54,0.62,0.75
15-07-2018,0.71,0.78,0.78,0.99,1.16,0.31,0.99,0.83,0.42,0.79,0.66
16-07-2018,0.8,0.73,0.96,1.02,1.17,0.37,1.13,0.68,0.52,0.65,0.67
17-07-2018,0.82,0.85,0.87,1,1.22,0.26,0.95,0.77,0.37,0.58,0.62
18-07-2018,0.8,0.82,0.82,0.73,1.25,0.27,1.01,0.7,0.49,0.57,0.71
19-07-2018,0.86,0.81,0.8,0.8,1.2,0.26,1.21,0.65,0.39,0.74,0.81
20-07-2018,0.83,0.77,0.89,0.92,1.24,0.31,1.14,0.76,0.55,0.63,0.76
21-07-2018,0.83,0.79,0.97,0.94,1.04,0.3,1.04,0.89,0.58,0.68,0.82
22-07-2018,0.85,0.83,0.83,1.13,1.02,0.28,0.75,0.56,0.51,0.6,0.74
23-07-2018,0.87,0.74,0.81,1.22,1.07,0.26,0.96,0.59,0.72,0.63,0.91
24-07-2018,0.92,0.81,0.83,1.1,1.1,0.32,0.83,1.1,0.58,0.58,0.8
25-07-2018,0.94,0.81,0.81,1.08,1.05,0.26,0.57,0.54,0.66,0.71,0.75
26-07-2018,0.83,0.82,0.89,1.14,1.15,0.29,0.77,0.58,0.59,0.58,0.74
27-07-2018,0.76,0.85,0.91,1.09,1.14,0.27,0.91,0.57,0.55,0.49,0.9
28-07-2018,0.77,0.81,0.73,1.22,1.14,0.28,0.99,0.49,0.53,0.52,0.95
29-07-2018,0.79,0.86,0.74,1.11,1.05,0.38,0.59,0.52,0.45,0.42,0.87
30-07-2018,0.97,0.78,0.8,0.94,1.15,0.32,0.79,0.59,0.99,0.45,0.93
31-07-2018,0.75,0.82,0.91,0.68,1.23,0.27,0.75,0.63,0.45,0.48,1.02
01-08-2018,0.83,0.86,0.94,0.59,1.16,0.28,0.54,0.91,0.54,0.51,1.07
02-08-2018,0.83,0.94,0.86,0.76,1.2,0.36,1.14,0.55,0.33,0.53,0.95
03-08-2018,0.9,0.79,0.78,0.74,1.18,0.31,0.85,0.66,0.51,0.69,0.98
04-08-2018,0.9,0.8,0.76,0.78,1.19,0.28,1.13,0.55,0.67,0.69,1.04
05-08-2018,0.83,0.78,0.71,1.01,1.17,0.31,1.03,0.54,0.37,0.69,1.06
06-08-2018,0.78,0.83,0.9,0.81,1.2,0.29,1.41,0.51,0.59,0.73,1
07-08-2018,0.81,0.76,0.98,0.86,1.21,0.3,1.34,1,0.52,0.91,1.05
08-08-2018,0.87,0.74,1.02,0.68,1.2,0.28,0.91,0.74,0.6,0.83,1.12
09-08-2018,0.83,0.81,0.89,0.74,1.21,0.36,1.03,0.49,0.61,0.75,1.16
10-08-2018,0.79,0.8,1.11,0.92,1.22,0.31,1.37,0.57,0.64,0.75,1.05
11-08-2018,0.78,0.85,0.7,0.89,1.24,0.28,1.78,0.51,0.6,0.66,1.15
12-08-2018,0.77,0.79,0.66,0.92,1.22,0.31,1.59,0.49,0.48,0.59,1.14
13-08-2018,0.8,0.86,0.84,0.9,1.14,0.32,2.05,0.38,0.69,0.65,1.4
14-08-2018,0.89,0.8,1.09,0.97,0.91,0.31,1.82,0.63,1.01,0.77,1.29
15-08-2018,0.85,0.73,0.84,0.87,1.12,0.35,1.25,0.38,0.935,0.64,0.44
16-08-2018,0.68,0.78,1.21,0.59,1.1,0.3,1.2,0.54,0.86,0.74,1.1
17-08-2018,0.67,0.86,0.98,0.62,1.09,0.3,1.16,0.46,0.53,0.61,1.17
18-08-2018,0.73,0.85,0.88,0.85,1.06,0.29,1.85,0.61,0.56,0.72,1.36
19-08-2018,0.69,0.8,1.07,0.82,1.02,0.32,1.32,0.56,0.51,0.82,1.42
20-08-2018,0.74,0.83,1.18,0.8,0.99,0.27,1.39,0.58,1.05,0.9,1.78
21-08-2018,0.77,0.73,1.02,0.68,1.02,0.25,1.12,0.54,0.85,0.82,1.53
22-08-2018,0.78,0.83,0.9,0.72,1.03,0.29,1.29,0.52,0.88,0.73,1.13
23-08-2018,0.9,0.81,0.82,0.86,1.01,0.29,1.47,0.54,0.91,0.67,1.01
24-08-2018,0.82,0.83,0.8,0.79,1.18,0.31,1.71,0.6,0.9,0.6,1.13
25-08-2018,0.92,0.77,0.68,0.65,1.33,0.29,1.62,0.43,1.37,0.59,1.73
26-08-2018,0.93,0.8,0.6,0.73,1.36,0.27,1.17,0.46,1.08,0.54,2.45
27-08-2018,0.86,0.9,0.78,0.88,1.44,0.3,1.35,0.49,0.79,0.75,2.73
28-08-2018,0.81,0.67,0.85,0.65,1.39,0.28,1.1,0.59,0.9,0.74,2.11
29-08-2018,0.87,0.83,0.9,0.75,1.31,0.29,1.04,0.59,1.11,0.75,0.82
30-08-2018,0.79,0.82,0.95,0.74,1.29,0.29,1.1,0.58,0.84,0.65,0.64
31-08-2018,0.83,0.93,0.82,0.87,1.31,0.3,1.03,0.61,1.36,0.57,0.91
01-09-2018,0.8,0.84,1.02,0.9,1.31,0.31,1.06,0.58,1.13,0.62,0.79
02-09-2018,0.76,0.78,0.87,0.82,1.32,0.34,0.54,0.15,1,0.64,0.78
03-09-2018,0.87,0.97,1.06,0.84,1.31,0.34,0.76,0.06,0.95,0.66,0.81
04-09-2018,0.91,0.85,1.29,0.99,1.31,0.31,0.75,0.29,0.97,0.71,0.77
05-09-2018,0.85,0.72,1.04,0.77,1.23,0.38,1.07,0.66,0.89,0.75,0.81
06-09-2018,0.8,0.9,0.96,1.21,0.98,0.31,0.87,0.56,0.93,0.71,0.79
07-09-2018,0.79,0.99,1.1,0.82,0.97,0.32,0.61,0.66,0.96,0.72,0.9
08-09-2018,0.75,0.93,0.84,0.99,0.99,0.33,0.77,0.29,0.88,0.73,0.78
09-09-2018,0.82,0.85,0.72,1.28,1.1,0.42,0.63,0.58,1.03,0.78,0.65
10-09-2018,0.96,0.78,0.88,1.33,1.27,0.46,0.4,0.46,0.95,0.78,0.52
11-09-2018,0.95,0.85,0.78,1.58,1.55,0.57,0.46,0.46,0.98,0.92,0.76
12-09-2018,0.96,0.74,0.71,1.34,1.41,0.59,0.29,0.38,1.01,0.69,0.85
13-09-2018,0.99,0.81,0.63,0.72,1.44,0.6,0.78,0.52,0.86,0.77,0.88
14-09-2018,0.98,0.76,0.7,0.68,1.57,0.53,0.96,0.41,1.13,0.71,0.93
15-09-2018,0.95,0.8,0.8,0.76,1.77,0.51,0.94,0.38,1.03,0.7,0.81
16-09-2018,0.96,0.93,0.72,0.73,1.77,0.5,0.81,0.35,0.95,0.71,0.81
17-09-2018,0.83,1.1,0.78,0.91,1.62,0.41,0.93,0.32,0.91,0.68,0.83
18-09-2018,0.76,0.86,0.75,0.89,1.58,0.45,1.03,0.51,1.01,0.84,0.84
19-09-2018,0.76,0.89,0.89,1.08,1.39,0.45,1.4,0.53,0.97,0.92,0.84
20-09-2018,0.89,1.09,0.98,1.17,1.7,0.42,1.35,0.29,1.05,0.95,0.88
21-09-2018,0.8,0.83,0.75,0.82,1.92,0.38,0.68,0.29,0.81,0.81,0.83
22-09-2018,0.83,0.78,0.73,0.87,1.35,0.34,0.89,0.47,0.7,0.72,0.9
23-09-2018,0.85,0.67,0.67,1.11,1.5,0.44,0.67,0.37,0.45,0.62,0.75
24-09-2018,0.93,0.99,0.74,1.1,1.6,0.62,0.9,0.41,0.51,0.89,0.87
25-09-2018,0.99,0.99,0.81,0.99,1.55,0.66,0.88,0.72,0.43,1.15,0.95
26-09-2018,0.87,0.94,1.03,1.1,1.57,0.8,0.51,0.46,0.65,1.21,0.86
27-09-2018,0.94,0.74,1.5,1.06,1.58,0.54,0.9,0.6,0.54,1.06,0.96
28-09-2018,0.8,0.78,1.78,1.09,2,0.58,1.31,0.52,0.18,1.34,0.94
29-09-2018,0.79,0.66,1.57,1.14,1.94,0.64,1.13,0.16,0.56,1.34,0.97
30-09-2018,0.81,0.83,1,0.85,2.32,0.62,0.93,0.72,0.46,1.14,0.96
01-10-2018,0.87,1,1.13,0.97,2.21,0.5,0.89,0.83,0.52,1.16,1.14
02-10-2018,0.74,0.97,1.11,1,2,0.49,1,0.85,0.49,1.28,0.89
03-10-2018,0.76,0.78,1.13,1.17,1.95,0.45,1.39,0.86,0.41,1.13,1.1
04-10-2018,0.8,1.16,1.34,1.42,2.09,0.45,1.53,1.05,0.66,0.98,0.86
05-10-2018,0.78,1.05,1.62,1.04,2.14,0.43,1.49,1.51,0.57,1.06,0.95
06-10-2018,0.78,1.08,1.23,1.11,2.13,0.56,1.28,0.8,0.68,0.95,1.16
07-10-2018,0.74,0.72,1.25,0.95,1.89,0.5,1.14,0.81,0.55,0.91,1.03
08-10-2018,0.79,0.85,1.51,1.16,1.76,0.56,1.66,1.02,0.57,1.1,1.01
09-10-2018,0.85,1.09,1.59,1.04,1.75,0.54,2.13,1,0.54,1.12,1.01
10-10-2018,0.81,0.95,1.51,0.86,1.69,0.48,1.48,0.99,0.64,1.01,1.04
11-10-2018,0.99,0.88,1.02,0.85,1.66,0.46,1.3,0.8,0.96,0.9,1.09
12-10-2018,0.93,0.96,1.13,1.16,1.76,0.53,1.31,0.97,0.69,0.92,1.02
13-10-2018,0.9,0.88,1.41,0.87,1.91,0.64,1.15,1.03,0.53,0.8,0.98
14-10-2018,0.8,0.66,1.3,0.94,2.18,0.47,1.01,0.93,0.61,0.9,0.96
15-10-2018,0.88,0.88,1.61,1.1,2.34,0.53,1.29,1.34,0.71,1.38,1.05
16-10-2018,0.74,0.8,2.2,1.26,2.41,0.46,1.44,1.48,0.51,1.43,1.04
17-10-2018,0.75,1.06,1.93,1.57,1.96,0.58,1.89,1.44,0.54,1.6,1.02
18-10-2018,0.82,0.94,2.47,1.58,1.7,0.55,2.59,1,0.8,1.36,0.84
19-10-2018,0.74,1.1,1.66,1.31,1.54,0.52,2,0.96,0.78,1.26,0.97
20-10-2018,0.75,1.12,1.55,1.28,1.62,0.68,1.5,1.11,0.67,1.54,1.01
21-10-2018,0.74,0.89,1.52,1.3,1.715,0.61,1.57,1.24,0.75,0.96,0.8
22-10-2018,1.04,0.96,1.55,1.19,1.81,0.72,1.83,1.27,0.79,1.28,1.05
23-10-2018,1.16,0.63,1.84,1.15,1.72,0.67,1.83,1.02,0.97,1.27,0.86
24-10-2018,1.01,0.75,2.52,1.43,2.38,0.89,1.68,1.09,1.04,1.3,1.25
25-10-2018,1.02,0.87,2.35,2.2,2.59,0.61,2.24,1.1,0.9,1.2,1.31
26-10-2018,1.01,2.03,2.72,1.5,1.93,0.46,3.07,0.99,0.77,1.02,1.49
27-10-2018,1.03,0.82,3.14,1.79,2.65,0.68,2.35,1.1,0.76,1.09,1.46
28-10-2018,0.97,0.97,2.45,1.87,2.2,0.55,1.59,0.85,0.61,1.07,1.15
29-10-2018,1.12,0.84,2.67,1.83,1.75,0.5,1.66,0.84,0.63,1.63,1.2
30-10-2018,1.19,0.8,2.9,1.63,1.87,0.58,1.57,1.11,0.61,1.62,1.21
31-10-2018,1.06,1.15,2.91,1.3,1.95,0.56,2,0.95,0.57,1.43,1.09
01-11-2018,0.95,1.09,2.97,1.55,2.1,0.59,2.55,1.01,0.54,1.91,1.19
02-11-2018,0.96,1.1,1.99,2.31,2.02,0.56,2.32,0.77,0.56,1.92,1.44
03-11-2018,1.1,0.87,1.43,1.72,1.95,0.48,1.84,0.89,0.54,1.44,1.13
04-11-2018,0.82,0.79,1,1.2,1.71,0.51,2.53,0.63,0.54,1.08,1.34
05-11-2018,1.03,0.99,1.88,1.19,1.74,0.53,2.33,0.83,0.6,0.95,1.4
06-11-2018,1.12,1.03,1.29,1.32,2.14,0.58,1.42,1.11,0.75,1.4,1.22
07-11-2018,1.04,0.99,1.44,1.69,2.32,0.52,1.67,1,0.74,1.53,1.39
08-11-2018,0.99,0.94,2.45,2,2.81,0.55,1.67,1.55,0.73,1.96,1.72
09-11-2018,0.99,1.14,2.65,1.96,2.76,0.54,1.33,1.07,0.66,2.74,1.5
10-11-2018,1.05,1.22,3.01,2.13,2.92,0.58,1.56,0.89,0.74,2.65,1.41
11-11-2018,1.11,1.06,2.89,1.8,2.65,0.58,1.79,0.92,0.69,2.42,1.2
12-11-2018,1.38,1.23,2.85,2.01,2.59,0.58,1.86,1.06,0.92,2.39,1.19
13-11-2018,1.46,1.19,2.74,1.84,2.1,0.68,1.69,0.93,0.75,2.46,1.19
14-11-2018,1.57,1.01,1.68,1.88,2.3,0.76,2.32,1.08,0.75,1.26,1.28
15-11-2018,1.43,0.99,1.29,2.16,2.33,0.73,1.68,0.95,0.73,1.53,1.37
16-11-2018,1.05,0.98,1.24,1.98,2.35,0.61,1.64,0.88,0.81,1.4,1.12
17-11-2018,1.02,1,1.6,2.74,2.75,0.47,1.26,0.91,0.7,1.96,1.29
18-11-2018,1.01,0.99,2,2.84,2.83,0.43,2.59,0.86,0.64,1.21,1.24
19-11-2018,1.1,1.03,1.56,2.98,2.42,0.45,2.75,0.88,0.63,1.24,1.23
20-11-2018,1.09,1.09,2.04,2.77,2.01,0.58,3.2,1.02,0.66,1.29,1.24
21-11-2018,1.02,0.88,1.79,2.44,2.21,0.58,2.31,1.15,0.67,1.74,1.21
22-11-2018,1.03,0.92,2.09,1.95,2.41,0.6,2.92,1.05,0.68,0.99,1.3
23-11-2018,1.11,1,2.04,1.96,2.35,0.65,2.6,0.83,0.7,1.16,1.18
24-11-2018,1.04,0.94,1.34,1.8,2.61,0.72,2.55,0.61,0.71,1.49,1.25
25-11-2018,0.85,0.95,1.72,1.5,2.89,0.64,3.16,0.41,0.72,1.71,1.2
26-11-2018,0.83,1.05,2.43,2.51,3.07,0.67,3.01,0.63,0.73,1.24,1.5
27-11-2018,0.84,1.24,3.32,2.58,2.87,0.74,3.36,0.89,0.74,1.13,1.56
28-11-2018,0.89,0.94,2.85,2.03,2.83,0.77,2.32,1.04,0.76,1.14,1.74
29-11-2018,0.93,0.87,2.52,2.05,2.85,0.81,3.58,0.65,0.77,1.39,1.81
30-11-2018,0.89,0.91,1.96,2.01,2.93,0.67,3,0.71,0.78,1.85,1.8
01-12-2018,0.97,0.85,1.91,2.03,3.02,0.72,2.79,0.81,0.68,1.87,1.96
02-12-2018,0.79,0.82,2.77,2.18,2.21,0.74,2.95,0.82,0.76,1.51,1.65
03-12-2018,0.8,1.09,2.74,2.03,1.89,0.75,2.95,0.65,0.84,1.74,1.61
04-12-2018,0.89,0.98,3.17,2.21,2.42,0.76,3.68,1,0.92,1.53,2.03
05-12-2018,0.87,1.16,2.59,1.97,3.26,0.7,2.96,0.7,0.85,1.53,1.95
06-12-2018,0.9,1.03,3.04,2.09,2.63,0.74,2.86,0.62,0.89,1.63,1.76
07-12-2018,0.93,1.06,2.09,2.02,2.06,0.64,2.89,0.59,0.85,1.37,1.73
08-12-2018,0.78,1.06,2.2,1.83,2.34,0.71,2.83,0.8,0.91,1.44,1.79
09-12-2018,0.75,1.05,2.67,2.25,2.12,0.74,2.3,0.96,0.84,1.71,1.9
10-12-2018,1.04,1.39,2.75,3.06,1.79,0.63,3.5,0.65,0.65,1.57,2.07
11-12-2018,1.08,1.13,2.78,2.27,1.91,0.73,2.44,0.67,0.83,1,2.21
12-12-2018,1.05,1.04,1.95,2.13,1.81,0.68,2.83,0.67,0.84,0.91,2.11
13-12-2018,1.03,1.05,1.21,1.68,1.81,0.67,2.7,0.68,0.84,0.97,2.11
14-12-2018,0.97,1.08,1.22,1.69,1.81,0.8,2.09,0.47,0.79,0.86,2.1
15-12-2018,0.96,0.94,1.22,1.74,1.87,0.62,1.19,0.43,0.72,0.81,2.39
16-12-2018,0.98,0.77,1.42,2.21,1.8,0.61,1.29,0.48,0.61,0.92,2.32
17-12-2018,1.29,1.17,1.93,2.33,1.7,0.53,1.42,0.55,0.58,1.09,2.06
18-12-2018,1.72,1.1,1.78,2.03,1.9,0.4,1.16,0.46,0.54,1.31,2.37
19-12-2018,1.11,0.97,1.92,2,1.97,0.47,1.87,0.4,0.46,1.95,2.94
20-12-2018,0.83,0.99,2.64,1.74,1.74,0.67,2.76,0.45,0.513333333,1.95,2.53
21-12-2018,0.99,0.94,2.22,0.99,1.9,0.64,2.3,0.49,0.566666667,2.17,2.77
22-12-2018,0.91,0.84,2.59,1.76,2.58,0.67,2.08,0.5,0.62,1.18,2.91
23-12-2018,0.82,0.91,3.36,1.25,2.65,0.68,2.53,0.48,0.68,0.95,2.49
24-12-2018,0.85,1.03,3.36,1.13,2.75,0.68,1.9,0.65,0.63,1.31,2.91
25-12-2018,0.93,1.04,1.9,1.05,2.72,0.61,1.82,0.43,0.91,1.08,2.55
26-12-2018,1.01,0.93,1.99,1.06,1.86,0.69,2.1,0.35,1.08,1.77,2.42
27-12-2018,0.9,1.39,2.87,0.87,1.81,0.63,2.24,0.37,0.92,1.24,2.85
28-12-2018,0.91,1.08,1.66,0.72,2.03,0.62,1.74,1.16,0.73,1.32,4.85
29-12-2018,0.89,1.01,1.96,0.81,2.05,0.62,2.61,3.13,0.65,1.92,5.59
30-12-2018,0.85,0.8,2.94,0.95,2.11,0.67,2.54,1.71,0.47,1.63,5.48
31-12-2018,1.02,1.01,2.7,1.01,2.57,0.7,2.8,1.83,1.09,2,4.56
01-01-2019,0.98,0.86,2.54,1.03,2.75,0.94,2.86,1.2,1.26,1.84,4.61
02-01-2019,1.06,1,2.78,1.26,3.14,1.03,3.65,0.82,1.28,1.66,0.08
03-01-2019,1.01,0.99,2.55,0.99,3.65,0.97,2.61,1.48,1.38,1.12,0.06
04-01-2019,1.09,0.9,2.01,1.05,3.5,0.88,2.18,1.42,1.25,1.06,0.05
05-01-2019,1.03,0.98,2.23,1.12,2.76,0.78,2.2,1.32,0.95,0.8,0.05
06-01-2019,0.89,0.86,1.49,0.89,2.76,0.73,2.14,1.1,1.12,1.05,0
07-01-2019,1.05,0.86,1.57,1.06,2.18,0.76,1.19,0.97,1.2,0.82,0.03
08-01-2019,1.06,0.84,1.31,0.91,2.75,0.92,0.37,0.79,1.51,1.09,0.07
09-01-2019,1.05,0.85,1.3,0.92,2.49,0.94,1.14,0.76,1.4,0.98,0.03
10-01-2019,0.94,0.81,1.75,1.1,3.01,0.82,1.42,0.87,1.08,1.42,0
11-01-2019,1.01,0.9,2.9,1.16,3.32,0.74,3.15,1.06,0.86,1.03,0
12-01-2019,1.04,0.89,3.11,1.27,2.76,0.68,2.54,1.01,1,1.16,0
13-01-2019,0.93,1.08,2.36,0.95,3.11,0.62,2.42,1.12,1.02,0.89,0
14-01-2019,1.02,0.97,1.04,0.8,2.37,0.66,1.03,1.18,1.71,0.74,0
15-01-2019,0.85,1.2,1.37,0.85,2.53,0.75,0.85,1.1,1.24,1.57,0.01
16-01-2019,0.98,0.84,2.58,1.1,2.56,0.74,2.56,1.48,0.88,1.25,0
17-01-2019,1.09,0.89,3.13,0.96,3.25,0.83,2.96,2.24,0.96,1.28,0
18-01-2019,1.02,1.04,2.06,1.04,2.99,0.78,2.48,1.81,1.12,1.85,0.06
19-01-2019,0.94,0.89,2.35,1.2,3.3,0.72,2.11,2.47,1.24,1.66,0.02
20-01-2019,0.79,0.97,3.66,1.41,3.34,0.76,2.27,2.83,1.29,1.09,0.36
21-01-2019,0.92,0.92,1.83,1.44,2.1,0.68,3.41,2.23,1.3,0.91,1.11
22-01-2019,1.06,0.87,1.01,1.17,1.94,0.46,1.89,1.91,1.24,0.92,0.93
23-01-2019,1.04,0.87,1.62,1.19,1.65,0.53,0.89,2.84,1.09,0.8,0.87
24-01-2019,0.87,1.01,1.44,1.45,1.78,0.58,1.24,2.31,1.16,0.79,0.95
25-01-2019,0.84,0.9,1.01,1.49,1.83,0.46,1.62,1.78,1.1,0.69,0.97
26-01-2019,0.87,0.83,0.98,1.14,1.84,0.52,1.17,1.96,0.63,0.72,0.81
27-01-2019,0.8,0.97,1.1,1.03,1.79,0.55,0.59,1.95,0.78,0.87,0.6
28-01-2019,0.73,0.99,1.06,1,2.29,0.62,0.84,1.81,0.88,1.16,0.71
29-01-2019,0.88,1.01,1.24,1.05,2.12,0.54,0.66,2.28,0.83,1.05,0.69
30-01-2019,1.01,0.97,1.76,0.96,2.83,0.57,1.16,2.68,0.71,1.15,0.76
31-01-2019,0.88,0.98,1.9,1.14,2.93,0.66,2.24,2.47,0.7,0.86,0.69
01-02-2019,0.87,0.93,1.34,1.29,2.3,0.64,2.66,2.47,0.84,0.88,0.68
02-02-2019,0.82,0.93,1.24,0.97,2.27,0.64,2.73,2.02,1.19,1.07,0.84
03-02-2019,0.8,0.93,1.32,0.84,3.21,0.59,2.07,2.63,1.06,1.08,0.67
04-02-2019,0.82,0.94,1.81,1.13,3.25,0.64,1.84,2.86,0.85,1.06,0.92
05-02-2019,0.86,1.01,2.95,1.25,2.73,0.67,1.86,3.5,1.32,1.36,0.93
06-02-2019,0.88,0.99,1.64,1.95,1.88,0.71,2.43,0.46,1.43,1.31,0.85
07-02-2019,0.94,1.1,0.84,1.01,1.59,0.54,2.48,0.17,1.57,1.03,0.75
08-02-2019,0.85,1.07,0.94,1.16,1.64,0.64,1.42,0.23,1.15,0.98,0.89
09-02-2019,1.25,0.91,0.96,0.75,2,0.59,1.25,0.18,0.83,1.83,0.81
10-02-2019,0.96,1,1.36,0.82,2.84,0.54,1.2,0.76,0.82,1.69,0.78
11-02-2019,0.81,1.04,1.78,0.98,3.17,0.57,1.56,0.66,0.68,1.26,0.85
12-02-2019,0.82,1.01,2.09,1.38,3.27,0.63,1.73,0.77,0.72,1.16,0.86
13-02-2019,0.9,0.96,1.94,1.58,2.6,0.65,1.59,0.69,0.78,1.19,0.86
14-02-2019,0.71,1.03,1.42,1.62,1.91,0.68,1.52,0.45,1.06,1.08,0.84
15-02-2019,0.87,1.08,1.22,0.84,1.86,0.54,1.39,0.52,0.74,1.09,0.84
16-02-2019,1.05,0.94,1.13,0.77,2.16,0.64,0.71,0.41,0.86,1.09,0.73
17-02-2019,0.99,0.92,1.09,0.74,2.37,0.55,0.49,0.57,0.81,1.29,0.67
18-02-2019,1.23,0.98,1.18,0.96,2.25,0.73,0.96,0.73,0.79,1.23,0.66
19-02-2019,0.95,0.99,1.56,1.28,2.19,0.56,2.43,0.65,0.68,0.91,0.67
20-02-2019,0.85,0.91,1.4,1.24,3,0.47,1.79,0.46,0.72,0.95,0.67
21-02-2019,0.96,1.06,1.37,1.16,1.67,0.54,2.4,0.45,0.83,0.9,0.59
22-02-2019,0.96,1.09,1.07,1.07,1.85,0.64,2.34,0.42,0.67,0.78,0.68
23-02-2019,1.03,1.01,0.85,0.7,2.51,0.71,0.89,0.49,0.84,0.8,0.55
24-02-2019,0.94,0.95,1.03,0.79,1.84,0.57,0.72,0.51,0.72,0.86,0.56
25-02-2019,1,1.12,1.24,1.19,1.97,0.52,2.01,0.47,1.11,0.96,0.69
26-02-2019,0.99,1.08,0.95,1.33,1.69,0.58,1.71,0.41,0.89,0.91,0.65
27-02-2019,0.93,0.89,0.79,1.68,1.72,0.62,1.13,0.46,0.756666667,0.83,0.63
28-02-2019,0.94,0.72,1.25,1.56,1.92,0.52,0.9,0.42,0.623333333,0.89,0.67
01-03-2019,1.05,0.82,1.17,1.51,2.35,0.6,1.17,0.32,0.49,0.89,0.58
02-03-2019,0.83,0.66,1.36,1.6,2.78,0.44,1.88,0.45,0.45,0.88,0.74
03-03-2019,0.86,0.6,1.16,1.51,1.64,0.5,1.44,0.41,0.55,0.82,0.64
04-03-2019,0.8,0.81,1.54,1.32,1.64,0.6,1.27,0.38,0.73,0.93,0.76
05-03-2019,1.11,0.81,1.01,1.1,1.54,0.64,1.49,0.39,0.67,0.82,0.62
06-03-2019,1.13,0.81,1.25,1.05,1.67,0.74,1.19,0.33,0.74,1.18,0.57
07-03-2019,1.44,0.78,1.48,1.29,1.75,0.88,1.03,0.28,0.67,1.07,0.65
08-03-2019,1.32,0.77,1.27,1.2,1.83,0.67,1.46,0.31,0.77,0.93,0.68
09-03-2019,1.01,0.83,0.99,1.01,2.14,0.62,2,0.19,0.86,0.89,0.65
10-03-2019,0.81,0.67,0.96,1.05,1.96,0.44,1.89,0.2,0.61,1.06,0.66
11-03-2019,0.75,0.77,1.24,1.59,1.67,0.41,1.43,0.26,0.83,0.81,0.75
12-03-2019,0.8,0.75,0.93,1.25,1.54,0.41,1.85,0.21,0.71,0.89,0.66
13-03-2019,0.89,0.91,1.27,1.14,1.58,0.5,1.44,0.3,0.71,0.93,0.83
14-03-2019,0.73,0.77,1.36,1.63,1.63,0.44,1.22,0.37,0.84,0.82,0.74
15-03-2019,0.89,0.8,1,1,1.73,0.57,1.26,0.21,0.72,0.77,0.86
16-03-2019,0.94,0.71,0.92,0.95,2.18,0.71,1.12,0.16,0.59,0.76,0.83
17-03-2019,0.87,0.85,1.07,1.14,1.93,0.54,0.91,0.23,0.62,0.84,0.81
18-03-2019,0.8,0.79,1.19,1.19,2.28,0.57,1.15,0.24,0.57,1.01,0.83
19-03-2019,0.82,0.81,1.29,1.29,2.34,0.58,1.45,0.29,0.68,1.04,0.89
20-03-2019,0.73,0.71,1.35,2.04,1.8,0.58,1.5,0.26,0.64,0.95,0.89
21-03-2019,0.87,0.65,1.34,1.51,1.58,0.66,3.93,0.53,0.79,0.78,0.85
22-03-2019,0.94,0.84,0.74,1.22,1.44,0.59,1.33,0.13,0.96,0.68,0.86
23-03-2019,0.97,0.72,0.89,1.01,1.44,0.73,1.12,0.2,0.77,0.73,0.8
24-03-2019,0.84,0.82,0.82,1.15,1.575,0.69,1.28,0.16,0.87,0.63,0.7
25-03-2019,0.84,0.77,0.93,1.76,1.71,0.71,1.87,0.19,0.83,0.71,0.86
26-03-2019,0.93,0.87,1.04,1.12,1.71,0.74,2.1,0.22,0.7,0.91,0.72
27-03-2019,1.08,0.92,1.22,1.28,1.6,0.65,1.93,0.21,0.68,1.6,0.57
28-03-2019,1.17,0.71,1.76,1.37,1.61,0.74,2.5,0.3,0.77,1.45,0.81
29-03-2019,1.14,0.85,1.8,1.83,1.5,0.79,2.87,0.59,0.83,1.51,0.72
30-03-2019,1.15,0.77,1.51,1.68,1.49,0.81,1.95,0.24,0.86,1.04,0.84
31-03-2019,0.9,1.05,0.94,1.29,1.46,0.71,1.31,0.2,0.88,0.86,0.75
01-04-2019,1.01,0.98,0.88,1.17,1.43,0.56,1.02,0.16,0.94,0.96,0.82
02-04-2019,1.03,0.93,1.19,1.5,1.7,0.59,1.63,0.21,0.95,1.1,0.77
03-04-2019,0.94,0.93,1.32,1.97,1.79,0.67,1.69,0.38,0.88,1.2,0.74
04-04-2019,0.94,1.02,1.8,2.07,1.72,0.58,1.17,0.7,0.87,1.47,0.79
05-04-2019,1.07,1.05,1.96,1.68,1.76,0.46,1.12,0.68,0.72,0.99,0.74
06-04-2019,0.95,1.1,1.32,1.6,1.78,0.57,0.91,0.36,0.63,0.8,0.76
07-04-2019,0.98,0.95,1.49,1.3,1.85,0.48,0.78,0.33,0.64,0.74,0.63
08-04-2019,0.95,0.97,1.06,1.53,1.78,0.68,1.22,0.35,0.8,0.96,0.7
09-04-2019,1.09,0.94,1.44,1.61,1.73,0.75,1.08,0.35,0.85,0.94,0.84
10-04-2019,1.13,1.07,1.76,1.65,1.77,0.77,1.03,0.31,0.66,1.06,0.89
11-04-2019,0.89,1.08,1.21,1.36,1.74,0.51,1.23,0.26,0.81,0.85,0.85
12-04-2019,0.95,1,1.12,1.87,1.83,0.54,1.33,0.34,0.96,0.97,0.86
13-04-2019,0.92,1,1.06,1.14,2.06,0.63,1.18,0.66,0.8,0.81,0.86
14-04-2019,0.78,0.99,1.02,1.09,1.91,0.67,0.94,0.51,0.71,0.77,0.91
15-04-2019,1.04,1.1,1.28,1.14,1.88,0.54,1.24,0.58,0.84,0.75,0.88
16-04-2019,0.99,1.09,1.1,1.1,1.85,0.55,1.1,0.51,0.87,0.88,1.01
17-04-2019,1.16,1.01,0.9,1.16,1.69,0.5,1.04,0.39,0.8,0.84,0.94
18-04-2019,1.09,0.9,1.01,1.06,1.82,0.61,1.37,0.56,0.75,0.8,0.88
19-04-2019,0.9,0.97,1.24,1.05,1.84,0.51,1.08,0.65,0.65,0.84,0.96
20-04-2019,1.02,1.06,1.42,1.28,1.92,0.54,1.83,0.6,0.71,0.95,0.97
21-04-2019,1.04,0.98,1.66,1.48,1.89,0.5,2.06,0.74,0.79,0.86,0.94
22-04-2019,1.1,1.06,1.87,1.62,1.86,0.53,1.35,1.2,0.65,1.32,0.95
23-04-2019,1.31,0.97,1.92,1.24,1.84,0.77,1.31,0.71,0.61,1.66,0.72
24-04-2019,1.22,1.06,1.41,1.24,1.77,0.6,1.63,0.81,0.6,1.14,0.93
25-04-2019,1.19,1.07,1.31,1.54,1.76,0.65,1.37,0.84,0.88,0.94,0.82
26-04-2019,1.08,0.97,1.34,1.45,1.79,0.6,0.84,0.68,0.79,0.93,0.89
27-04-2019,0.84,1.01,1.05,0.88,1.94,0.71,0.88,0.55,1.01,0.83,1.04
28-04-2019,1,1.05,1.06,0.96,1.88,0.6,0.81,0.51,0.83,0.75,0.98
29-04-2019,0.95,1.13,1.33,1.33,1.85,0.63,1.1,0.66,0.61,1.03,0.89
30-04-2019,0.92,1.13,1.62,1.7,1.84,0.58,0.97,0.65,0.61,1.64,1.03
01-05-2019,0.99,1.17,1.61,1.63,1.77,0.56,0.66,0.71,0.58,1.51,0.93
02-05-2019,0.86,1.06,1.19,1.31,1.76,0.49,0.65,0.61,0.57,0.9,1.09
03-05-2019,0.74,0.99,1.09,1.09,1.8,0.43,0.47,0.55,1.16,0.94,1.02
04-05-2019,0.85,1.01,1.26,1.25,1.8,0.48,0.21,0.84,0.86,1.06,0.88
05-05-2019,0.8,1.02,1.51,1.1,1.79,0.53,0.61,0.68,0.95,1.51,0.8
06-05-2019,0.8,1.08,1.93,1.04,1.8,0.8,1.11,0.61,0.9,1.11,1.04
07-05-2019,0.86,1.11,1.98,1.3,1.82,1.08,1.43,0.64,0.85,0.94,1.02
08-05-2019,0.88,1.02,2,1.12,1.76,0.78,1.33,0.99,0.64,0.82,0.98
09-05-2019,1.36,1.14,1.52,1.03,1.76,0.76,1.78,0.63,1.16,0.7,0.84
10-05-2019,0.94,1.13,1.03,1.15,1.75,0.8,2.66,0.5,0.81,0.67,0.87
11-05-2019,0.97,1.03,1.15,1.61,1.78,0.72,1.22,0.57,0.87,0.78,0.82
12-05-2019,1.06,0.92,1.22,1.4,1.81,0.59,1.56,0.71,0.71,0.71,0.78
13-05-2019,0.91,1.05,1.51,1.24,1.77,0.62,1.74,0.75,0.98,0.76,0.87
14-05-2019,0.92,1.01,1.02,1.27,1.67,0.5,1.65,0.56,0.69,0.75,0.95
15-05-2019,1.01,0.85,1.52,1.5,1.45,0.63,1.31,0.61,0.9,1.06,1.31
16-05-2019,1.23,1.04,1.38,1.26,1.43,0.61,1.32,0.58,0.84,0.8,2.44
17-05-2019,1.19,1.24,1.31,1.11,1.5,0.59,1.47,0.53,0.97,0.71,3.31
18-05-2019,1.19,0.76,1.04,1.06,1.62,0.63,1.39,0.55,0.96,0.84,2.02
19-05-2019,0.97,0.83,1.21,1.15,1.54,0.84,0.83,0.6,0.68,0.97,0.64
20-05-2019,1.06,0.9,1.35,1.38,1.65,0.58,1.88,0.64,0.83,0.94,0.81
21-05-2019,0.88,1,1.21,1.42,1.79,0.5,1.71,0.61,0.79,0.84,0.72
22-05-2019,1.11,1.22,1.5,1.47,1.75,0.51,1.37,0.64,0.67,0.78,0.68
23-05-2019,1.04,1.08,1.49,1.32,1.78,0.53,1.14,0.65,0.73,0.75,0.67
24-05-2019,0.89,1.07,1.21,1.15,1.69,0.63,1.37,0.59,0.77,0.65,0.38
25-05-2019,0.79,0.96,0.99,1.38,1.41,0.68,1.37,0.52,0.82,0.61,0.64
26-05-2019,0.69,1.05,1.06,1.26,1.36,0.82,1.32,0.55,0.75,0.57,0.5
27-05-2019,0.94,1.17,1.28,1.49,1.45,0.56,2.44,0.6,0.79,0.83,0.55
28-05-2019,0.92,1.23,1.3,1.67,1.76,0.6,1.9,0.6,1.06,0.75,0.54
29-05-2019,0.75,1.31,1.45,1.2,1.7,0.79,1.47,0.58,0.85,0.85,0.55
30-05-2019,0.79,1.03,1.75,1.24,1.39,0.56,1.12,0.51,0.8,0.53,0.68
31-05-2019,0.82,1.1,1.47,0.92,1.45,0.59,0.99,0.3,0.77,0.56,0.62
01-06-2019,1.04,0.89,1.56,0.88,1.58,0.54,1.26,0.29,0.76,0.73,0.62
02-06-2019,0.85,0.77,1.07,1.12,1.6,0.66,1.05,0.39,0.79,0.73,0.46
03-06-2019,0.9,1.22,1.03,1.04,1.29,0.44,1.29,0.4,0.9,0.77,0.76
04-06-2019,0.79,1.12,1.14,0.91,0.68,0.42,1.3,0.3,0.86,0.65,0.65
05-06-2019,0.75,0.92,1.29,0.9,0.63,0.61,1.06,0.37,0.85,0.71,0.59
06-06-2019,1.02,0.94,1.13,0.9,0.58,0.43,1.13,0.34,0.84,0.7,0.77
07-06-2019,0.92,1.07,1.11,0.77,0.5,0.47,1.16,0.32,0.85,0.88,0.74
08-06-2019,0.81,1.06,1.47,0.97,0.52,0.69,1.14,0.36,0.74,0.87,0.71
09-06-2019,0.66,1.11,1.86,0.97,0.55,0.45,1,0.28,0.9,1.01,0.56
10-06-2019,0.62,1.3,1.63,1,0.68,0.43,1.39,0.36,0.82,0.81,0.55
11-06-2019,0.72,1.31,1.41,0.71,0.7,0.36,1.29,0.29,0.74,0.61,0.5
12-06-2019,0.61,1.05,0.92,0.93,0.63,0.32,1.21,0.35,0.86,0.67,0.45
13-06-2019,0.66,1.05,1.03,0.9,0.53,0.32,1.26,0.5,0.75,0.63,0.39
14-06-2019,0.64,1.09,1.07,0.93,0.53,0.32,1.35,0.58,0.97,0.61,0.34
15-06-2019,0.68,1.06,1.18,0.84,0.51,0.31,1.6,0.11,0.76,0.57,0.29
16-06-2019,0.62,0.98,0.8,0.74,0.33,0.29,1.08,0.84,0.69,0.64,0.24
17-06-2019,0.7,1,0.89,0.84,0.44,0.32,1.14,0.8,0.78,0.62,0.18
18-06-2019,0.7,1.18,1.03,1.04,0.51,0.32,1.09,0.53,0.84,0.87,0.13
19-06-2019,0.78,0.99,1.12,1.26,0.53,0.33,1.48,0.68,1.08,0.61,0.08
20-06-2019,0.65,1.04,0.92,1.18,0.48,0.32,1.03,0.28,0.89,0.78,0.43
21-06-2019,0.74,1.1,1.22,1.43,0.46,0.42,0.96,0.24,0.82,0.87,0.48
22-06-2019,0.69,0.93,1.11,1.04,0.46,0.36,1.63,0.26,1.11,0.95,0.81
23-06-2019,0.67,1.16,0.95,1.02,0.43,0.46,1.03,0.47,0.73,0.85,0.47
24-06-2019,0.71,1.08,0.92,1.15,0.54,0.48,0.99,0.55,0.68,0.85,0.67
25-06-2019,0.76,1.08,1.07,1.26,0.52,0.56,1.21,0.52,0.64,0.88,0.65
26-06-2019,0.76,0.94,1.16,1.14,0.47,0.29,1.31,0.57,0.79,1,0.65
27-06-2019,0.72,0.86,1.16,1.06,0.51,0.27,1.7,0.49,0.81,0.76,0.63
28-06-2019,0.68,0.66,1.02,1.07,0.44,0.34,1.87,0.44,0.87,0.78,0.58
29-06-2019,0.72,0.79,0.93,1.23,0.49,0.34,1.47,0.44,0.8,0.74,0.68
30-06-2019,0.63,0.84,1.04,1.17,0.53,0.34,1.24,0.5,0.63,0.61,0.6
01-07-2019,0.71,0.95,0.94,1.1,0.55,0.35,1.98,0.48,0.88,0.73,0.77
02-07-2019,0.73,0.79,0.99,1.24,0.59,0.36,1.31,0.56,0.66,0.71,0.79
03-07-2019,0.7,0.82,0.99,1.08,0.62,0.35,1.29,0.56,1.02,0.8,0.82
04-07-2019,0.79,0.85,1.11,1.04,0.72,0.36,1.33,0.6,0.68,0.82,0.63
05-07-2019,0.7,0.93,1.2,1.57,0.57,0.37,1.38,0.58,0.61,0.78,0.81
06-07-2019,0.76,0.85,1,1.23,0.42,0.39,1.26,0.57,0.7,0.78,0.78
07-07-2019,0.75,0.75,1.08,1.35,0.42,0.36,1.15,0.55,0.69,0.72,0.55
08-07-2019,0.76,0.82,1.15,1.38,0.44,0.34,1.35,0.6,0.59,0.71,0.62
09-07-2019,0.86,0.8,1.11,1.14,0.41,0.35,1.38,0.54,1.27,0.69,0.64
10-07-2019,0.78,0.99,1.04,1.26,0.47,0.33,0.78,0.53,0.83,0.61,0.68
11-07-2019,0.84,0.92,0.97,1.06,0.41,0.35,0.7,0.49,0.63,0.62,0.82
12-07-2019,0.79,0.99,1.05,1.22,0.44,0.42,1.24,0.51,0.5,0.59,0.77
13-07-2019,0.75,0.98,0.97,1.28,0.44,0.35,0.92,0.45,0.52,0.63,0.64
14-07-2019,0.74,0.77,0.95,1.11,0.44,0.39,0.9,0.37,0.37,0.53,0.57
15-07-2019,0.8,0.9,1.09,1.37,0.43,0.39,1.48,0.33,0.76,0.68,0.61
16-07-2019,0.8,0.98,1.05,1.05,0.45,0.43,1.95,0.48,0.95,0.59,0.64
17-07-2019,0.82,0.98,1.03,0.89,0.49,0.36,1.65,0.45,1.07,0.63,0.73
18-07-2019,0.85,0.83,1.24,0.88,0.46,0.41,2.08,0.45,0.63,0.7,0.56
19-07-2019,0.67,0.74,1.41,1,0.51,0.46,1.94,0.44,0.93,0.63,0.42
20-07-2019,0.63,0.94,1.15,0.82,0.62,0.43,1.77,0.32,0.57,0.79,0.33
21-07-2019,0.67,0.84,1.39,0.79,0.71,0.41,1.58,0.48,0.44,0.64,0.42
22-07-2019,0.69,0.97,1.55,1,0.55,0.46,1.46,0.53,0.39,0.71,0.57
23-07-2019,0.75,0.85,1.61,0.93,0.4,0.35,1.07,0.53,0.49,0.69,0.56
24-07-2019,0.67,0.82,1.41,0.92,0.28,0.37,0.76,0.5,0.89,0.64,0.7
25-07-2019,0.77,0.88,0.94,0.89,0.31,0.42,0.65,0.45,1.05,0.71,0.77
26-07-2019,0.73,0.86,0.99,0.83,0.27,0.38,1.13,0.48,0.67,0.76,0.88
27-07-2019,0.64,0.84,1,0.8,0.43,0.36,1.05,0.49,0.7,0.75,0.96
28-07-2019,0.71,0.88,0.89,1.12,0.46,0.36,0.85,0.52,0.75,0.55,0.92
29-07-2019,0.68,0.8,0.92,0.96,0.51,0.37,1.02,0.52,0.93,0.7,1.12
30-07-2019,0.72,0.9,0.97,1.05,0.46,0.3,1.08,0.56,0.76,0.71,1.67
31-07-2019,0.66,0.83,0.93,1.31,0.46,0.37,1.04,0.5,0.98,0.7,2.74
01-08-2019,0.69,0.83,0.94,1.16,0.43,0.42,1.34,0.51,0.88,0.61,0.68
02-08-2019,0.75,0.91,1.03,1.13,0.4,0.36,1.37,0.57,0.79,0.66,0.77
03-08-2019,0.65,0.88,1.07,1.06,0.39,0.33,1.32,0.54,0.84,0.78,0.83
04-08-2019,0.69,0.78,1.13,1.13,0.4,0.3,1.11,0.51,0.99,0.67,0.65
05-08-2019,0.65,0.71,1.24,1.36,0.42,0.33,1.6,0.49,0.86,0.93,0.67
06-08-2019,0.71,0.7,1.14,1.21,0.44,0.46,2.22,0.51,0.71,0.76,0.68
07-08-2019,0.78,0.62,1.22,1.62,0.43,0.38,1.77,0.53,0.56,0.89,0.68
08-08-2019,0.67,1.05,1.01,1.59,0.44,0.42,1.74,0.48,0.79,0.71,0.68
09-08-2019,0.71,0.65,0.86,1.4,0.43,0.36,2.12,0.4,0.74,0.59,0.72
10-08-2019,0.72,0.64,0.87,1.8,0.41,0.32,2.02,0.34,0.82,0.51,0.51
11-08-2019,0.61,0.57,0.96,1.78,0.43,0.37,2.14,0.42,0.69,0.63,0.39
12-08-2019,0.78,0.61,1.02,2.37,0.45,0.45,1.8,0.45,1.09,0.65,0.45
13-08-2019,0.93,0.9,1.1,2.77,0.54,0.42,1.91,0.43,1.04,0.82,0.59
14-08-2019,0.81,0.88,1.19,2.01,0.57,0.36,1.34,0.47,0.75,0.79,0.63
15-08-2019,0.69,0.86,1.04,1.08,0.53,0.31,1.14,0.48,1.17,0.64,0.6
16-08-2019,0.76,0.89,0.87,1.29,0.52,0.38,1.44,0.43,0.89,0.58,0.63
17-08-2019,0.9,0.57,0.81,1.1,0.52,0.38,1.51,0.39,1.06,0.55,0.81
18-08-2019,0.85,0.55,0.98,1,0.55,0.42,1.56,0.4,1.03,0.55,0.72
19-08-2019,0.88,0.94,1.31,1.07,0.54,0.37,1.65,0.43,1.35,0.62,0.74
20-08-2019,0.98,1.04,1.23,1.13,0.51,0.48,1.85,0.64,1.05,0.68,0.72
21-08-2019,1.06,1,1.14,1.08,0.52,0.53,1.6,0.6,0.7,0.6,0.67
22-08-2019,0.83,0.71,1.21,1.11,0.55,0.52,1.66,0.43,0.73,0.79,0.7
23-08-2019,0.85,0.64,1.3,1.13,0.6,0.43,0.98,0.27,1.24,0.61,0.63
24-08-2019,0.77,0.58,1.47,0.97,0.58,0.28,1.16,0.3,0.88,0.61,0.64
25-08-2019,0.58,0.61,0.93,0.78,0.69,0.37,1.17,0.31,0.57,0.49,0.59
26-08-2019,0.72,0.62,0.99,0.98,0.64,0.38,1.75,0.32,1.28,0.64,0.71
27-08-2019,0.71,0.59,1.17,1.03,0.35,0.38,1.38,0.36,0.79,0.9,0.7
28-08-2019,0.63,0.62,1.07,0.9,0.46,0.37,1.3,0.43,0.65,0.68,0.7
29-08-2019,0.64,0.67,0.93,1.54,0.66,0.42,1.89,0.43,0.71,0.7,0.67
30-08-2019,0.71,0.73,1.02,2.29,0.67,0.4,1.97,0.43,0.76,0.66,0.72
31-08-2019,0.79,0.75,1.41,2.65,0.63,0.38,1.25,0.47,0.82,0.8,0.66
01-09-2019,0.67,0.78,1.11,2.51,0.65,0.4,0.91,0.49,0.87,0.68,0.68
02-09-2019,0.64,1.05,1.07,1.91,0.71,0.38,2.61,0.54,0.93,0.73,0.81
03-09-2019,0.73,1,1.21,0.97,0.64,0.36,1.46,0.62,0.99,0.82,0.84
04-09-2019,0.72,0.93,1.22,0.93,0.62,0.38,1.25,0.55,1.04,0.89,0.77
05-09-2019,0.79,0.82,0.97,1.01,0.6,0.3,1.16,0.48,1.1,0.73,0.81
06-09-2019,0.88,0.81,0.99,1.09,0.57,0.28,1.26,0.48,0.71,0.92,0.78
07-09-2019,0.79,0.78,1,1.08,0.62,0.3,1.07,0.47,0.77,0.7,0.82
08-09-2019,0.79,1.05,0.9,1.1,0.67,0.31,0.83,0.47,0.84,0.7,0.77
09-09-2019,0.78,0.85,1,0.96,0.57,0.34,1.32,0.52,0.94,0.93,0.8
10-09-2019,0.73,0.75,1.07,1.02,0.39,0.31,1.32,0.61,0.95,0.85,0.7
11-09-2019,0.72,0.86,1.15,1.03,0.52,0.35,1.67,0.61,0.95,0.8,0.67
12-09-2019,0.8,0.83,0.99,1.03,0.44,0.31,1.01,1.07,1.03,0.62,0.92
13-09-2019,0.86,0.71,0.88,1.08,0.54,0.34,0.8,1.53,1.06,0.65,0.73
14-09-2019,0.76,0.46,0.77,0.97,0.46,0.36,1.89,1.54,0.73,0.54,0.77
15-09-2019,0.78,0.64,0.91,0.79,0.62,0.52,1.25,1.58,0.68,0.62,0.8
16-09-2019,0.82,0.88,1.13,0.91,0.57,0.38,1.47,1.73,0.84,0.72,0.87
17-09-2019,1,0.92,1.12,0.92,0.59,0.4,1.35,1.77,0.47,0.71,0.94
18-09-2019,0.95,0.99,0.86,1.09,0.8,0.51,2.61,1.72,0.5,1.46,0.85
19-09-2019,0.85,1.15,0.78,1.07,0.83,0.53,2.04,1.68,0.43,0.85,0.93
20-09-2019,0.82,1.15,0.95,1.01,0.75,0.48,1.53,1.73,0.54,0.77,0.88
21-09-2019,0.92,0.83,0.99,0.95,0.47,0.46,1.66,1.69,0.61,0.73,0.82
22-09-2019,1.01,1.12,0.91,0.97,0.45,0.48,1.19,1.15,0.5,0.53,0.84
23-09-2019,1.2,0.76,0.93,0.93,0.55,0.63,1.58,1.74,0.59,0.64,0.99
24-09-2019,1.15,0.9,0.98,1.03,0.57,0.5,1.16,1.73,0.89,0.73,1.13
25-09-2019,0.85,0.86,0.9,1.09,0.67,0.45,0.79,1.67,0.93,1.01,1.07
26-09-2019,0.83,0.93,0.83,0.91,0.67,0.44,0.77,1.09,1.62,0.73,1.24
27-09-2019,1.04,0.89,0.78,0.97,0.39,0.33,0.89,0.72,1.27,0.65,1.08
28-09-2019,0.98,0.68,0.77,0.84,0.28,0.4,0.54,0.81,0.83,0.68,1.01
29-09-2019,0.79,0.88,0.74,0.67,0.28,0.62,0.47,0.68,1.19,0.83,1.33
30-09-2019,0.81,0.78,0.92,0.78,0.32,0.82,0.88,0.53,1.32,0.75,3.04
01-10-2019,1.01,0.84,0.96,0.97,0.35,0.67,1.24,0.65,0.96,0.73,1.58
02-10-2019,0.94,0.8,1.05,0.81,0.47,0.53,1.04,0.98,1.24,0.93,0.89
03-10-2019,1.01,0.83,1.25,1.12,0.66,0.59,1.17,0.99,1.19,0.84,0.97
04-10-2019,1.1,0.81,0.99,1.35,0.71,0.65,1.5,1.02,0.86,0.71,0.9
05-10-2019,1.13,0.63,1.03,1.23,1.19,0.61,1.8,1.08,1.25,0.68,0.85
06-10-2019,0.92,0.77,0.99,1.19,0.83,0.62,1.39,1.16,0.63,0.91,0.75
07-10-2019,1.14,0.75,0.91,1.18,0.84,0.57,1.36,0.97,0.85,1.48,0.74
08-10-2019,0.71,0.81,0.85,1.18,1.45,0.57,1.5,0.54,0.87,1.07,0.7
09-10-2019,0.95,0.87,1.37,1.36,1.02,0.66,1.64,1.21,0.7,1.04,0.9
10-10-2019,0.87,0.8,1.34,1.38,0.89,0.63,1.5,1.35,0.93,0.75,0.84
11-10-2019,0.83,0.76,1.37,1.48,1.12,0.55,1.49,0.93,0.72,0.83,0.9
12-10-2019,0.83,0.56,1.44,1.16,0.83,0.56,1.71,1.54,0.68,0.96,0.97
13-10-2019,0.79,0.67,1.65,1.08,1.54,0.58,1.09,2.55,0.6,0.86,0.75
14-10-2019,0.85,0.61,1.73,1.1,0.98,0.56,4.14,2.65,0.56,0.91,0.95
15-10-2019,0.83,0.68,2.18,1.12,1.15,0.54,2.93,2.58,0.62,1.28,1.09
16-10-2019,0.72,0.68,1.77,1.27,1.24,0.67,3.29,2.27,0.74,1.02,1.07
17-10-2019,0.85,0.81,1.44,1.32,1.22,0.63,2.88,2.26,0.56,0.88,0.91
18-10-2019,0.71,0.77,1.14,1.36,1.19,0.5,2.67,2.38,0.51,0.88,0.94
19-10-2019,0.72,0.6,1.18,1.37,1.08,0.48,0.96,1.91,0.8,0.95,0.96
20-10-2019,0.52,0.87,1.26,1.36,1.19,0.62,1.25,2.01,0.53,0.94,0.81
21-10-2019,0.85,0.85,1.3,1.19,1.03,0.51,1.19,2.1,0.52,1.16,0.81
22-10-2019,0.83,0.85,1.37,1.19,1.04,0.65,1.23,1.59,0.78,1.37,0.81
23-10-2019,0.83,0.9,1.79,1.19,0.89,0.57,1.59,0.85,0.69,1.43,0.91
24-10-2019,0.76,0.92,2.46,1.24,1.04,0.6,1.69,1.81,0.99,0.87,1.16
25-10-2019,0.83,0.95,1.72,1.02,0.93,0.49,0.96,0.98,1.44,0.85,1
26-10-2019,0.74,0.73,1.92,1.32,0.91,0.44,0.69,0.89,0.8,0.9,0.84
27-10-2019,1.01,1.34,1.77,0.99,0.93,0.45,0.87,0.86,1.11,1.1,0.85
28-10-2019,1.04,1.42,1.77,1.42,0.68,0.59,1.59,1.33,0.58,1.17,1.13
29-10-2019,0.97,0.8,2.43,1.22,0.67,0.64,2.17,1.44,0.82,1.23,1.02
30-10-2019,0.98,0.78,2.67,1.28,0.83,0.98,2.29,1.35,0.79,0.96,0.76
31-10-2019,0.87,0.99,2.92,1.16,0.8,0.86,1.69,1.69,1,1.15,0.82
01-11-2019,0.9,1.04,2.59,1.33,0.65,0.46,2.95,1.92,1.06,0.84,1.03
02-11-2019,1.08,0.71,1.93,1.22,0.64,0.61,2.76,1.43,0.95,0.96,1.04
03-11-2019,0.99,0.87,2.39,0.73,0.72,0.59,2.2,1.78,1.13,0.93,0.95
04-11-2019,1.26,0.98,1.47,0.99,0.84,0.64,1.79,0.92,1.27,0.99,0.92
05-11-2019,1.48,1.08,1.43,0.84,0.85,0.75,2.11,0.75,1.25,1.17,1.09
06-11-2019,1.36,1.09,1.52,0.93,1.01,0.85,1.76,0.66,1.18,0.86,1.1
07-11-2019,1.38,1.04,1.58,1.33,0.61,0.65,2.43,0.77,0.95,0.69,0.95
08-11-2019,1.29,0.96,1.68,1.27,0.61,0.71,2.61,1.17,1.05,0.9,1.08
09-11-2019,1.07,0.86,1.34,1.18,0.8,0.67,1.62,0.82,0.93,0.77,1.01
10-11-2019,1,0.98,1.44,1.53,1.02,0.57,1.35,0.77,0.88,0.83,1.02
11-11-2019,0.96,0.82,1.79,1.63,1.12,0.64,0.86,1.18,1.1,0.92,1.12
12-11-2019,1,0.54,2.25,1.56,1.21,0.48,1.99,1.79,0.74,0.96,1.26
13-11-2019,0.93,0.52,2.5,2.1,1.03,0.55,1.95,2.09,0.92,1.22,1.83
14-11-2019,0.92,0.47,2.92,1.31,0.79,0.6,2.12,2.34,1,1.1,3.71
15-11-2019,1.1,0.52,2.35,1.66,0.88,0.67,1.79,1.94,1.11,0.81,2.03
16-11-2019,1.01,0.54,1.34,1.42,0.86,0.67,1.45,1.09,0.84,0.85,4.11
17-11-2019,0.84,0.53,0.92,0.89,0.93,0.66,1.47,0.53,0.72,0.66,0.83
18-11-2019,1.01,0.46,1.26,1.56,0.89,0.71,1.6,0.68,0.71,0.78,1.06
19-11-2019,0.96,0.55,1.6,1.56,1.17,0.68,2.02,0.94,0.76,1.02,1.08
20-11-2019,1.05,0.46,2.21,1.54,1.22,0.69,1.69,1.38,0.77,0.93,1.01
21-11-2019,1.19,0.47,3,1.14,1.16,0.7,2.55,1.82,0.69,0.85,1.09
22-11-2019,1.06,0.46,2.4,1.05,1.07,0.76,2.42,2.01,0.75,1.03,1.12
23-11-2019,1.01,0.47,1.3,1.26,1.08,0.77,1.71,0.89,0.81,1.2,1.5
24-11-2019,0.9,0.49,1.01,0.79,0.98,0.79,1.6,0.71,1.27,0.91,1.13
25-11-2019,1.17,0.47,1.45,1.13,1.06,0.72,2.4,1.23,0.92,0.81,1.24
26-11-2019,1,0.52,1.41,1.63,1.07,0.7,1.68,1.09,0.92,0.88,1.32
27-11-2019,1.22,0.53,0.89,1.32,0.94,0.85,1.63,0.78,0.85,0.74,1.3
28-11-2019,1.04,0.52,0.65,1.09,1.1,0.88,2.21,0.5,0.64,1.07,1.2
29-11-2019,1,0.45,1.03,1.15,1.21,0.79,1.89,0.79,0.8,0.75,1.29
30-11-2019,1.03,0.38,1.21,1.06,1.05,0.79,1.32,0.88,0.8,0.72,1.1
01-12-2019,0.93,0.47,1.17,1.22,1.27,0.7,1.27,0.81,0.74,0.79,0.8
02-12-2019,0.94,0.44,1.49,1.42,1.02,0.61,2.04,0.93,0.75,0.92,1.12
03-12-2019,1.11,0.54,1.49,1.82,0.93,0.75,2.15,0.97,0.82,1.21,1.63
04-12-2019,0.96,0.52,1.95,2.1,0.89,0.81,2.9,1.35,0.74,1.31,1.47
05-12-2019,0.94,0.44,2.95,0.95,1.01,0.92,3.13,2.11,0.69,0.88,1.2
06-12-2019,0.94,0.55,2.03,1.02,1,0.86,3.31,2.01,0.69,1.05,1.14
07-12-2019,1.05,0.91,2.32,1.18,0.96,0.82,1.79,1.89,0.62,1.06,1.34
08-12-2019,0.95,0.93,2.88,1.12,1.05,0.83,0.81,2.07,0.68,1.23,1.16
09-12-2019,1.03,0.71,2.32,1.3,1.14,0.89,2.55,2.16,0.91,1.18,1.33
10-12-2019,1.02,0.6,2.41,1.9,1.22,0.86,2.3,2.6,0.95,1.58,1.33
11-12-2019,0.84,0.73,3.2,1.82,1.29,0.92,2.91,2.56,1.03,1.33,1.4
12-12-2019,0.91,0.54,2.01,1.24,1.32,0.78,2.08,1.84,1.1,0.82,1.4
13-12-2019,0.94,0.56,1.14,1.08,1.02,0.61,1.06,1.14,0.95,0.79,1.44
14-12-2019,0.97,0.72,1.18,1.18,0.99,0.67,1.46,1.23,0.89,0.68,1.3
15-12-2019,0.78,0.64,1.15,1.25,1.15,0.66,1.74,1.07,0.84,0.69,1.47
16-12-2019,0.91,0.7,1.04,1.69,1.34,0.75,1.66,0.96,0.96,0.8,1.56
17-12-2019,1.05,0.53,1.07,1.76,1.18,0.84,1.2,1.14,1.12,0.99,1.2
18-12-2019,1.13,0.52,1.24,1.93,0.92,0.91,0.93,1.41,1.14,1.12,1.49
19-12-2019,1.16,0.53,1.92,1.35,0.98,0.92,1.42,2.11,1.1,0.98,1.39
20-12-2019,1.19,0.66,2.16,1.86,1.14,1,1.92,2.07,1.02,1.22,1.56
21-12-2019,0.98,0.69,1.71,1.89,1.25,0.84,2.14,2.02,1.12,0.91,1.58
22-12-2019,0.91,0.6,1.13,1.73,1.21,0.66,3.58,1.48,1.02,0.66,1.53
23-12-2019,1,0.69,1.28,1.56,1.18,0.73,3.1,1.49,1.13,0.96,1.66
24-12-2019,1.13,0.6,1.76,1.52,1.28,0.63,2.75,2.04,1.44,0.96,1.94
25-12-2019,1.03,0.75,1.2,1.63,1.26,0.74,1.47,1.45,1.26,1.04,1.56
26-12-2019,1.03,0.72,1.17,1.06,0.98,0.75,1.2,1.53,1.16,1.08,1.59
27-12-2019,1.09,0.54,1.39,1.11,1.02,0.73,1.13,1.73,1.24,1.3,1.89
28-12-2019,0.97,0.65,1.96,1.53,0.98,0.72,1.38,2.26,1.21,1.18,1.63
29-12-2019,0.92,0.62,1.86,1.18,0.98,0.79,1.42,2.55,0.74,1.28,2.26
30-12-2019,1.03,0.57,2.24,1.23,1.03,0.81,1.81,3.17,1.06,1.24,1.94
31-12-2019,1.06,0.61,1.8,1.91,0.82,0.68,2.41,2.03,1.13,1.06,1.49
01-01-2020,1.07,0.65,3.15,2.35,1.22,0.65,2.71,3.7,1.16,1.03,1.41
02-01-2020,1.16,0.76,3.32,2.5,1.02,0.61,3.03,4.07,1.08,0.95,0.96
03-01-2020,0.99,0.97,2.8,1.38,0.97,0.57,2.17,3.23,1.09,0.81,0.76
04-01-2020,1.39,0.87,2.2,1.9,0.96,0.7,1.62,2.38,0.97,1.11,0.92
05-01-2020,1.01,0.77,1.23,1.52,1.1,0.57,1.37,2.03,0.84,1.2,0.85
06-01-2020,1.09,0.83,1.27,2.35,1.01,0.75,1.84,1.87,0.96,0.8,1.12
07-01-2020,1.06,0.55,1.18,1.45,1.29,0.6,2.41,1.52,0.95,0.81,1.12
08-01-2020,1.03,0.55,1.13,1.18,0.89,0.45,2.45,1.75,0.9,0.85,0.84
09-01-2020,1.09,0.78,0.89,1.15,0.85,0.52,1.31,1.48,1.27,0.64,0.99
10-01-2020,1.05,0.77,1.3,1.38,0.93,0.52,1.79,1.76,1.02,0.86,1.06
11-01-2020,0.89,0.79,1.54,1.52,1.08,0.62,2.43,1.78,1.19,1.27,1.01
12-01-2020,0.97,0.85,2.26,1.76,1.47,0.57,2.64,2.29,1.03,1.42,0.82
13-01-2020,1.11,0.88,2.11,1.23,0.84,0.61,3.65,2.08,1.41,0.91,0.97
14-01-2020,1.08,1.1,1.16,1.85,0.7,0.63,4.16,1.4,2.08,0.76,0.91
15-01-2020,0.93,0.65,1.17,2.24,0.65,0.42,4.05,1.28,1.26,0.65,1.06
16-01-2020,1.2,0.65,1.11,1.59,0.66,0.38,3.27,1.44,1.05,0.76,0.97
17-01-2020,1.27,0.7,1.14,1.86,0.68,0.44,2.07,1.38,1.03,1.12,0.95
18-01-2020,0.95,0.84,1.32,1.45,0.98,0.48,0.95,1.68,1.03,1,0.88
19-01-2020,0.96,0.78,0.96,1.37,1.12,0.43,0.76,1.16,1.04,0.86,0.94
20-01-2020,1.07,0.88,1.39,1.42,1.3,0.47,0.87,1.3,0.81,0.84,1.15
21-01-2020,1.1,0.8,1.93,1.32,1.58,0.46,1.49,1.65,0.79,0.81,1.04
22-01-2020,1.23,0.89,1.9,1.74,1.49,0.48,1.56,2.17,1.02,0.85,0.99
23-01-2020,1.1,0.87,0.79,1.07,1.24,0.62,1.26,0.87,1.33,0.86,1.06
24-01-2020,1.22,0.97,0.99,1.45,1.17,0.66,0.84,0.97,1.43,0.85,1.06
25-01-2020,1.23,0.9,1.48,1.68,1.32,0.7,1.2,1.7,1.23,1.42,1.03
26-01-2020,1.1,0.9,2.09,2.25,1.4,0.63,1.43,2.29,0.94,1.37,0.85
27-01-2020,1.24,1.08,2.19,2.12,0.76,0.56,1.69,1.89,0.92,1.24,0.87
28-01-2020,1.17,1.11,1.26,1.88,0.64,0.45,1.46,1.35,1.23,0.84,0.97
29-01-2020,0.99,1.02,1.24,1.92,0.56,0.56,1.18,1.23,1.14,0.72,1.13
30-01-2020,1.19,0.94,1.08,2.45,0.84,0.57,1.47,1.4,1.03,0.85,1.07
31-01-2020,1.05,1.09,1.1,2.82,1.03,0.47,0.82,1.42,0.93,1.01,1.05
01-02-2020,1.03,0.86,1.26,2.29,1.12,0.4,1.03,2.18,0.98,0.97,0.92
02-02-2020,0.81,0.77,1.2,1.62,1.31,0.45,0.73,2.04,0.9,1.17,0.83
03-02-2020,0.96,0.88,1.51,1.75,1.28,0.42,1.05,2.23,0.88,1.08,1.04
04-02-2020,1,0.88,2.21,2.51,0.77,0.42,1.74,2.33,1.31,0.83,0.88
05-02-2020,1.16,0.84,1.3,1.67,0.96,0.44,1.3,2.39,1.25,1,1
06-02-2020,1.11,0.91,1.18,1.71,0.87,0.4,1.3,1.76,0.9,1.03,0.87
07-02-2020,1.06,0.78,1.51,1.38,0.9,0.39,1.52,2.33,0.91,0.82,0.92
08-02-2020,0.95,0.77,1.16,1.33,1,0.45,1.37,1.6,0.82,1.08,0.98
09-02-2020,1.06,0.8,1.29,1.41,1.03,0.49,1.47,1.71,0.81,1.18,0.95
10-02-2020,1.09,0.73,1.61,1.29,0.93,0.48,1.36,2.2,0.85,1.4,1.29
11-02-2020,1.07,0.84,1.89,1.53,1.05,0.49,1.25,2.75,0.96,1.28,1.02
12-02-2020,0.93,0.86,1.29,1.1,1.1,0.6,1,1.87,1.02,1.17,1.09
13-02-2020,1.06,0.93,0.95,1.02,1.11,0.6,1.26,1.17,1.33,1.23,1.15
14-02-2020,1.29,1.02,0.82,0.84,0.87,0.85,1.36,1.38,1.14,0.87,0.87
15-02-2020,1.24,0.9,0.91,1.03,0.88,0.8,0.83,1.42,1.29,0.92,0.86
16-02-2020,0.99,0.78,1.38,1.18,0.95,0.56,1.02,1.91,0.99,1.02,1.02
17-02-2020,1.15,0.77,1.61,1.14,1.3,0.63,1.17,2.34,1.03,1.23,0.95
18-02-2020,1.07,0.96,1.39,0.96,1.25,0.57,1.1,1.89,1.04,1.58,0.73
19-02-2020,1.28,0.77,2,1.25,1.32,0.58,1.32,1.88,0.93,1.04,0.66
20-02-2020,1.06,0.67,0.99,0.82,1,0.41,1.2,1.67,0.92,0.92,0.82
21-02-2020,1,0.83,0.83,1.06,0.75,0.35,0.96,1.82,0.84,0.96,0.79
22-02-2020,0.98,0.86,1.2,1.13,0.97,0.37,1.01,1.67,0.58,0.86,1.01
23-02-2020,1.09,0.72,1.26,1.19,1.19,0.39,1.12,1.82,1.06,0.83,0.75
24-02-2020,1.01,0.97,1.02,1.36,1.22,0.46,0.9,1.24,1.28,0.88,0.99
25-02-2020,1.28,0.9,1.22,1.17,0.95,0.46,0.79,1.29,1.22,0.84,1.02
26-02-2020,0.97,0.58,1.54,1.24,0.75,0.51,0.79,1.53,1.29,1.01,1.03
27-02-2020,1.16,0.67,1.23,1.28,0.92,0.41,0.98,1.17,0.91,0.97,1.1
28-02-2020,1.06,0.77,0.97,1.29,1.37,0.43,1.36,1.27,1.05,0.88,1.29
29-02-2020,1.01,0.69,0.83,1.35,1.24,0.51,1.54,1.26,0.95,1.04,1.07
01-03-2020,0.98,0.55,0.97,1.25,0.65,0.58,1.35,1.07,0.89,0.66,0.98
02-03-2020,1.18,0.66,1.58,1.19,0.77,0.59,1.25,1.68,1.24,0.9,1.39
03-03-2020,1.27,0.64,1.22,1.12,0.46,0.52,1.28,1.97,1.15,0.91,1.82
04-03-2020,1.22,0.7,1.1,1.1,0.52,0.52,1.19,1.69,1.15,0.92,2.17
05-03-2020,1.04,0.74,0.81,1.1,0.53,0.64,0.9,1.16,0.87,0.86,1.52
06-03-2020,0.94,0.75,0.87,1.08,0.43,0.44,0.69,1.06,0.67,0.79,0.73
07-03-2020,0.98,0.65,0.82,1.18,0.48,0.46,0.81,0.97,0.72,0.86,0.84
08-03-2020,0.88,0.62,1.11,1.08,0.57,0.46,0.89,0.97,0.92,0.85,0.97
09-03-2020,0.99,0.71,0.75,1.1,0.67,0.5,0.91,0.77,0.74,0.81,1.05
10-03-2020,0.94,0.55,0.84,1.12,0.77,0.44,1.32,0.92,0.76,0.63,1.08
11-03-2020,0.96,0.63,0.76,1.1,0.43,0.48,1.01,0.89,0.79,0.86,1.1
12-03-2020,1.05,0.74,0.94,1.09,0.49,0.58,1.26,0.88,0.67,0.86,1.05
13-03-2020,0.93,0.96,0.87,1.09,0.5,0.46,1.04,0.84,0.45,0.76,1.08
14-03-2020,0.91,0.7,0.76,1.09,0.58,0.53,1.04,0.82,0.81,1.04,0.92
15-03-2020,0.92,0.55,0.9,1.1,1.01,0.49,1.18,0.97,0.87,1.83,0.74
16-03-2020,0.84,0.86,0.89,1.08,1.24,0.53,1.4,1.06,0.92,0.82,0.93
17-03-2020,0.86,0.86,1,1.06,1.66,0.47,1.47,1.18,1.1,1.01,1.03
18-03-2020,0.9,0.87,1.07,1.03,1.02,0.51,1.57,1.28,0.96,1.21,1.04
19-03-2020,0.93,0.87,1.14,1.16,0.6,0.68,1.4,1.23,1.12,1.06,0.97
20-03-2020,0.98,0.91,1.24,1.13,0.5,0.52,1.6,1.11,0.87,0.52,1.06
21-03-2020,1.06,0.97,1.18,1.03,0.47,0.57,1.88,0.88,0.76,0.65,0.97
22-03-2020,0.82,0.85,0.92,1.07,0.36,0.49,1.54,1.13,0.66,0.53,0.88
23-03-2020,1.05,0.94,0.78,1.05,0.42,0.46,1.45,0.81,0.72,0.63,0.96
24-03-2020,0.86,0.61,0.81,1.07,0.52,0.4,1.63,0.97,0.68,0.59,0.87
25-03-2020,0.76,0.65,0.68,0.99,0.5,0.4,1.74,0.75,0.83,0.5,0.85
26-03-2020,0.7,0.55,0.58,1.01,0.43,0.37,1.71,0.56,0.43,0.41,0.88
27-03-2020,0.85,0.51,0.53,1,0.4,0.36,1.68,0.54,0.11,0.47,0.96
28-03-2020,0.85,0.56,0.54,1.01,0.48,0.39,1.49,0.49,0.11,0.51,0.94
29-03-2020,0.85,0.52,0.52,0.99,0.42,0.47,0.62,0.5,0.11,0.39,0.77
30-03-2020,0.91,0.52,0.58,1.02,0.43,0.41,0.53,0.55,0.11,0.47,0.72
31-03-2020,0.83,0.51,0.56,1.01,0.46,0.49,1.61,0.52,0.11,0.67,0.65
01-04-2020,0.76,0.62,0.62,0.99,0.4,0.65,1.86,0.55,0.11,0.51,0.67
02-04-2020,0.86,0.61,0.6,0.96,0.43,0.55,1.79,0.52,0.11,0.58,0.68
03-04-2020,0.77,0.59,0.61,0.97,0.39,0.51,1.55,0.47,0.11,0.56,0.6
04-04-2020,0.72,0.58,0.68,0.99,0.42,0.5,1.47,0.52,0.11,0.74,0.48
05-04-2020,0.8,0.55,0.81,0.99,0.44,0.44,1.43,0.69,0.11,0.57,0.46
06-04-2020,0.71,0.61,0.81,0.99,0.36,0.66,1.42,0.65,0.11,0.54,0.32
07-04-2020,0.71,0.59,0.6,0.98,0.36,0.8,1.64,0.43,0.11,0.59,0.46
08-04-2020,0.72,0.57,0.56,1.01,0.37,0.41,1.76,0.42,0.11,0.49,0.47
09-04-2020,0.73,0.57,0.66,0.92,0.38,0.51,1.76,0.47,0.11,0.54,0.52
10-04-2020,0.67,0.56,0.81,1,0.37,0.52,1.44,0.68,0.11,0.5,0.51
11-04-2020,0.79,0.57,0.83,0.99,0.44,0.38,1.53,0.81,0.11,0.51,0.5
12-04-2020,0.72,0.65,0.67,0.98,0.45,0.4,1.47,0.6,0.11,0.62,0.49
13-04-2020,0.71,0.66,0.83,1.04,0.44,0.41,1.37,0.76,0.11,0.58,0.51
14-04-2020,0.69,0.59,0.93,0.88,0.53,0.38,1.4,0.81,0.11,0.66,0.49
15-04-2020,0.67,0.59,0.93,0.91,0.72,0.41,1.27,0.79,0.11,0.6,0.46
16-04-2020,0.73,0.61,0.94,0.87,0.59,0.49,1.32,0.83,0.11,0.51,0.49
17-04-2020,0.65,0.58,0.64,0.99,0.64,0.51,1.35,0.62,0.11,0.62,0.5
18-04-2020,0.72,0.6,0.68,1.04,0.63,0.5,1.37,0.57,0.11,0.52,0.42
19-04-2020,0.61,0.58,0.71,1.07,0.65,0.38,1.4,0.65,0.11,0.52,0.38
20-04-2020,0.55,0.55,1.02,1.03,0.7,0.38,1.28,0.78,0.11,0.6,0.48
21-04-2020,0.78,0.64,0.82,1,0.57,0.5,1.29,0.68,0.11,0.51,0.49
22-04-2020,0.68,0.58,0.86,1,0.41,0.39,0.93,0.77,0.11,0.61,0.48
23-04-2020,0.67,0.59,0.91,1.05,0.4,0.45,0.45,0.79,0.11,0.61,0.42
24-04-2020,0.75,0.66,0.99,1.02,0.38,0.44,0.42,0.77,0.11,0.58,0.43
25-04-2020,0.69,0.68,0.75,1.05,0.32,0.46,0.38,0.58,0.11,0.6,0.45
26-04-2020,0.82,0.78,0.77,1,0.36,0.42,0.37,0.67,0.11,0.63,0.4
27-04-2020,0.76,0.75,0.76,0.96,0.34,0.44,0.43,0.54,0.11,0.58,0.49
28-04-2020,0.79,0.7,0.86,0.98,0.35,0.39,0.39,0.63,0.11,0.73,0.44
29-04-2020,0.74,0.68,0.91,1,0.36,0.41,0.42,0.75,0.11,0.5,0.51
30-04-2020,0.75,0.67,0.84,0.98,0.33,0.6,0.52,0.76,0.11,0.59,0.46
01-05-2020,0.67,0.73,0.89,1,0.31,0.64,0.46,0.74,0.11,0.64,0.45
02-05-2020,0.8,0.7,0.76,1.01,0.28,0.54,0.48,0.7,0.11,0.44,0.49
03-05-2020,0.82,0.75,0.68,1,0.27,0.49,0.44,0.73,0.11,0.7,0.46
04-05-2020,0.86,0.7,0.72,1.07,0.28,0.48,0.34,0.55,0.11,0.73,0.45
05-05-2020,0.82,0.75,0.87,0.99,0.29,0.45,0.38,0.81,0.11,0.52,0.47
06-05-2020,0.93,0.69,0.89,0.87,0.3,0.52,0.44,0.72,0.11,0.69,0.58
07-05-2020,0.88,0.76,0.73,0.85,0.35,0.41,0.52,0.61,0.11,0.78,0.51
08-05-2020,0.77,0.72,0.83,0.82,0.38,0.45,0.49,0.72,0.11,0.64,0.47
09-05-2020,0.77,0.69,0.85,0.88,0.3,0.37,0.56,0.77,0.11,0.64,0.58
10-05-2020,0.77,0.72,0.74,0.88,0.3,0.43,0.56,0.77,0.11,0.65,0.43
11-05-2020,0.81,0.71,0.76,0.87,0.36,0.53,0.56,0.53,0.11,0.77,0.53
12-05-2020,0.73,0.72,0.75,0.81,0.34,0.47,0.69,0.68,0.11,0.87,0.6
13-05-2020,0.8,0.66,0.9,0.88,0.28,0.38,0.75,0.81,0.11,0.69,0.57
14-05-2020,0.74,0.7,0.89,0.92,0.29,0.35,0.77,0.94,0.11,0.62,0.53
15-05-2020,0.87,0.83,0.84,0.83,0.31,0.34,0.55,0.76,0.11,0.67,0.49
16-05-2020,0.96,0.84,0.99,0.82,0.31,0.46,0.69,0.85,0.11,0.39,0.56
17-05-2020,0.72,0.7,1.06,0.89,0.28,0.49,0.76,1.01,0.11,0.62,0.43
18-05-2020,0.85,1.06,1.12,0.83,0.26,0.43,0.72,0.91,0.11,0.6,0.53
19-05-2020,0.73,0.93,1.31,0.87,0.28,0.52,0.57,0.99,0.11,0.46,0.49
20-05-2020,0.72,1.01,1.03,0.81,0.28,0.44,0.51,0.89,0.11,0.67,0.52
21-05-2020,0.74,1.01,1.09,0.83,0.27,0.43,0.42,0.92,0.11,0.94,0.5
22-05-2020,0.79,0.95,1.31,1.01,0.26,0.68,0.37,1.06,0.11,0.7,0.54
23-05-2020,0.72,0.84,1.16,1.14,0.29,0.62,0.52,1.02,0.11,0.79,0.51
24-05-2020,0.59,1.12,0.87,1.33,0.25,0.52,0.67,0.91,0.11,0.66,0.43
25-05-2020,0.7,1.01,0.94,1.1,0.25,0.44,0.68,0.93,0.11,0.64,0.53
26-05-2020,0.76,1,1.1,1.17,0.24,0.45,0.63,0.91,0.11,0.58,0.62
27-05-2020,0.92,1.07,0.83,1.18,0.21,0.44,0.45,0.91,0.63,0.68,0.54
28-05-2020,0.66,1.12,0.8,1.02,0.22,0.41,0.38,0.88,0.65,0.65,0.56
29-05-2020,0.7,1.11,0.77,1.08,0.26,0.34,0.44,0.67,0.63,0.67,0.64
30-05-2020,0.74,0.94,0.84,1.24,0.27,0.33,0.44,0.7,0.76,0.79,0.61
31-05-2020,0.84,1.02,0.84,1.15,0.31,0.43,0.37,0.79,0.57,0.61,0.43
01-06-2020,0.6,1.16,0.96,1.19,0.33,0.42,0.46,0.85,0.5,0.63,0.5
02-06-2020,0.57,1.07,0.92,1.07,0.43,0.33,0.71,0.77,0.47,0.68,0.47
03-06-2020,0.6,1.01,0.9,1.13,0.28,0.34,0.78,0.78,0.58,0.58,0.25
04-06-2020,0.62,1.05,1.09,1.09,0.34,0.3,0.73,0.87,0.68,0.61,0.27
05-06-2020,0.66,1.09,0.87,1.11,0.31,0.3,0.58,0.82,0.85,0.68,0.29
06-06-2020,0.6,1.17,0.82,1.13,0.28,0.29,0.67,0.77,0.64,0.62,0.46
07-06-2020,0.57,1.17,0.86,1.12,0.31,0.3,0.72,0.87,0.57,0.64,0.42
08-06-2020,0.65,1.16,0.94,1.12,0.33,0.32,0.74,1,0.64,0.63,0.64
09-06-2020,0.62,0.96,1.01,1.19,0.33,0.31,0.82,0.92,0.88,0.62,0.38
10-06-2020,0.66,0.83,1.03,1.13,0.33,0.28,0.7,0.81,0.69,0.55,0.53
11-06-2020,0.67,1.21,0.91,1.18,0.32,0.27,0.58,0.72,0.7,0.65,0.61
12-06-2020,0.64,1.2,1.06,1.19,0.38,0.28,0.45,0.77,0.97,0.74,0.54
13-06-2020,0.72,1.01,0.95,1.06,0.39,0.29,0.45,0.64,0.67,0.84,0.46
14-06-2020,0.56,1.03,1.04,1.03,0.38,0.26,0.45,0.68,0.58,0.78,0.42
15-06-2020,0.62,1.17,0.88,1.07,0.4,0.31,0.71,0.58,0.71,0.79,0.65
16-06-2020,0.6,1.18,0.88,1.11,0.44,0.31,0.87,0.55,0.63,0.62,0.58
17-06-2020,0.65,1.08,0.78,1.14,0.41,0.28,0.87,0.53,0.54,0.62,0.54
18-06-2020,0.73,1.21,0.82,1.18,0.43,0.26,0.85,0.55,0.68,0.68,0.55
19-06-2020,0.66,1.05,0.86,1.07,0.42,0.27,0.66,0.7,1.07,0.55,0.43
20-06-2020,0.66,1.12,0.8,1.01,0.34,0.26,0.61,0.53,0.74,0.59,0.56
21-06-2020,0.54,1.08,0.85,1.06,0.32,0.25,0.45,0.49,0.71,0.5,0.38
22-06-2020,0.62,1.12,0.91,1.02,0.39,0.26,0.74,0.65,0.73,0.68,0.56
23-06-2020,0.62,1.13,0.88,1.11,0.38,0.32,0.86,0.69,0.54,0.64,0.67
24-06-2020,0.61,1.07,0.89,1.2,0.4,0.36,0.77,0.63,0.56,0.7,0.5
25-06-2020,0.74,1.1,1.02,1.16,0.4,0.35,0.95,0.75,0.41,0.67,0.51
26-06-2020,0.61,1.14,1.01,0.98,0.42,0.34,0.79,0.9,0.46,0.69,0.56
27-06-2020,0.67,1.1,0.87,0.8,0.43,0.36,0.87,0.66,0.47,0.59,0.61
28-06-2020,0.66,0.76,0.94,0.81,0.38,0.36,0.72,0.67,0.52,0.5,0.61
29-06-2020,0.56,0.96,0.88,0.8,0.38,0.38,0.88,0.57,0.48,0.55,0.68
30-06-2020,0.56,1.05,0.84,0.72,0.36,0.39,0.83,0.78,0.52,0.67,0.53
01-07-2020,0.54,1.02,0.97,0.73,0.37,0.43,0.82,1.11,0.59,0.54,0.42
