Date,Bengaluru,Chennai,Delhi,Lucknow,Hyderabad,Gurugram,Jaipur,Thiruvananthapuram
28-08-2017,13.12,28.73,13.61,13.54,31.84,17.97,20.16,4.14
29-08-2017,14.98,33.28,18.33333333,18.2,35.24,29.91,20.25,3.7
30-08-2017,16.33,29.77,23.05666667,26.77,32.5,30.46,36.12,5.1
31-08-2017,24.66,40.89,27.78,19.36,30.67,18.97,172.28,7.45
01-09-2017,13.48,35.94,24.03,18.1,35.74,12.36,109.72,7.69
02-09-2017,15.86,33.32,25,18.2,32.11,12.16,112.46,7.59
03-09-2017,29.74,45.44,25.07,14.84,33.41,11.25,18.08,7.61
04-09-2017,23.83,52.5,24.93,14.14,33.5,13.92,22.85,7.71
05-09-2017,23.99,57.04,25.08,14.73,41.28,13.67,22.04,7.6
06-09-2017,27.63,50.32,24.95,18.19,24.76,12.08,19.97,7.6
07-09-2017,12.5,33.91,24.93,15.15,32.88,12.97,17.19,7.75
08-09-2017,34.54,19.78,25.88,20.56,39.66,17.47,16.84,7.71
09-09-2017,15.06,23.26,25.77,19.36,41.62,20.76,25.45666667,7.7
10-09-2017,9.66,33.22,26.39,30.02,31.82,17.71,34.07333333,7.7
11-09-2017,9.5,33.73,27.92,26.2,32.15,17.61,42.69,7.67
12-09-2017,11.3,32.25,24.84,29.4,33.02,14.26,43.17,7.62
13-09-2017,12.87,13.16,24.38,29.14,30.88,20.02,40.11,7.63
14-09-2017,28.38,33.18,26.98,23.29,34.13,18.91,37.53,7.69
15-09-2017,18.53,19.31,27.32,30.61,38,22.56,37.34,7.56
16-09-2017,14.39,27.23,26.7,32.14,34.23,21.38,36.74,7.68
17-09-2017,5.9,17.7,26.7,31.59,31.75,30.88,37.68,7.59
18-09-2017,6.18,19.6,30.08,27.24,34.2,38.15,34.34,7.71
19-09-2017,19.64,20.92,28.73,18.66,38.84,36.53,23.59,7.63
20-09-2017,25.61,25.78,31.95,16.73,41.74,30.21,28.72,7.73
21-09-2017,24.16,28.07,23.1,15.47,37.47,11.61,22.295,7.66
22-09-2017,28.96,30.08,24.88,14.94,36.6,9.48,15.87,7.74
23-09-2017,41.31,42.39,22.19,12.27,30.97,9.41,35.1,7.62
24-09-2017,29.38,37.77,22.63,16.39,29.73,16.84,38.96,7.57
25-09-2017,24.14,27.56,24.48,19.63,29.35,16.3,36.47,7.65
26-09-2017,27.37,32.34,30.45,20.53,29.15,12.34,43.75,7.67
27-09-2017,7.85,21.74,29.26,26.15,28.45,15.93,51.03,7.71
28-09-2017,21.6,22.01,34.06,30.48,28.01,23.68,1.59,7.53
29-09-2017,8.95,30.37,40.26,29.53,31.95,26.92,1.55,7.62
30-09-2017,29.89,35.78,38.44,29.65,34.25,31.03,1.55,7.57
01-10-2017,21.92,23.47,32.9,23.32,29.4,28.09,1.33,4.38
02-10-2017,34.02,31.28,30.1,16.98,32.57,25.6,1.11,4.3
03-10-2017,29.93,30.05,34.34,15.38,34.69,32,1.68,3.61
04-10-2017,30.31,16.24,35.79,20.42,39.92,30.07,2.42,3.93
05-10-2017,10.53,33.99,36.81,17.38,43.05,75.54,2.07,4.83
06-10-2017,28.31,29.66,38.67,20.43,32.82,54.23,0.98,3.99
07-10-2017,21.99,24.72,34.44,25.48,43.87,21.17,0.67,4.13
08-10-2017,35.86,35.85,35.32,28.6,36.8,50.41,0.43,3.82
09-10-2017,20.43,35.88,31.11,19.71,41.5,22.99,0.24,4.44
10-10-2017,45.08,28.71,30.89,22.94,70.62,26.71,0.87,4.7
11-10-2017,34.99,40.74,29.67,18.43,43.76,21.74,1.75,4.97
12-10-2017,22.7,33.92,35.14,23.52,54.35,34.77,2.18,5.23
13-10-2017,14.59,11.17,37.98,21.43,79.99,31.99,6.46,5.49
14-10-2017,9.9,24.98,42.39,31.1,63.15,34.61,24.99,5.76
15-10-2017,13.39,17.31,37.15,39.88,57.62,36.07,29.4,6.02
16-10-2017,15.03,9.19,30.49,28.96,72.46,32.59,30.87,6.28
17-10-2017,17.23,6.88,30.46,19.74,67.21,32.26,51.28,6.54
18-10-2017,27.54,26.01,35.86,18.81,56.47,26.67,66.34,6.81
19-10-2017,34.64,45.95,36.35,17.24,57.92,25.37,74.41,7.07
20-10-2017,38.72,38.81,41.14,15.35,84.66,40.66,37.96,3.83
21-10-2017,34.89,43.89,34.52,17.32,81.47,38.07,49.77,6.51
22-10-2017,28.1,44.44,34.88,26.57,68.38,32.95,31.04,6.23
23-10-2017,33.95,65.06,52.91,28.24,53.28,27.37,31.08,5.95
24-10-2017,27.3,34.76,86.13,26.58,40.66,31.42,44.67,3.85
25-10-2017,20.57,24.77,106.16,31.97,107.68,33.84,60.92,3.816666667
26-10-2017,12.69,14.36,99.71,25.79,71.63,29.87,113.08,3.783333333
27-10-2017,19.69,19.74,82.93,33.02,18.11,30.26,74.38,3.75
28-10-2017,32.07,20.15,110.71,29.39,80.8,40.62,42.78,4.7125
29-10-2017,36.67,29.74,83.99,42.12,58.83,37.19,85.91,5.675
30-10-2017,32.74,9.72,88.38,37.37,56.25,34.82,114.57,6.6375
31-10-2017,47.84,21.9,65.34,45.65,53.67,21.56,81.74,7.6
01-11-2017,43.92,11.64,56.79,37.03,58.62,33.53,43.61,7.71
02-11-2017,44.38,24.43,61.91,47.5,63.67,45.12,44.14,7.77
03-11-2017,52.18,29.09,62.16,46.69,55.23,30.22,67.79,7.77
04-11-2017,43.23,21.16,73.16,44.73,51.23,32.78,118.39,7.76
05-11-2017,17.19,12.74,86.74,46.58,47.67,34.6,100.07,7.69
06-11-2017,6.75,12.67,72.82,42.18,43.64,24.93,89.91,7.7
07-11-2017,7.02,9.18,56.06,46.2,43.46,29.88,58.88,7.74
08-11-2017,13.74,22.1,55.51,57.2,54.87,21.77,59.78,7.82
09-11-2017,30.46,31.39,86.62,56.13,50.7,23.35,57.94,7.76
10-11-2017,24.08,24.35,104.94,50.44,55.83,19.26,83,7.77
11-11-2017,30.86,32.78,95.54,60.8,71.54,28.94,98.66,7.72
12-11-2017,14.76,32.86,88.03,60.88,53.74,37.87,83.03,7.66
13-11-2017,43.16,26.02,94.42,45.74,59.62,24.72,63.32,7.84
14-11-2017,37.68,16.2,69.5,35.99,44.16,41.87,100.59,7.77
15-11-2017,39.31,23.57,60.28,37.48,48.8,37.75,89.14,7.83
16-11-2017,34.31,25.78,62.01,29.43,43.11,28.26,81.71,7.81
17-11-2017,37.48,29.76,47.92,37.44,37.36,20.93,62.68,7.73
18-11-2017,19.28,19.58,37.68,42.82,37.79,27.6,54.05,7.65
19-11-2017,15.11,16.62,47.8,40.77,39.81,45.13,72.81,7.67
20-11-2017,17.27,11.44,54.08,58.37,42.8,40.78,55.8,7.82
21-11-2017,3.14,9.64,57.13,69.72,40.93,36.67,51.15,7.75
22-11-2017,15.6,26.93,57.6,61.73,51,31.75,50.67,7.81
23-11-2017,28.57,33.97,54.34,54.78,39.92,29.15,55.99,7.76
24-11-2017,29.13,27.26,54.02,52.9,60.26,25.78,37.61,7.84
25-11-2017,38.5,45.01,48.1,54.83,68.38,25.51,35.21,7.79
26-11-2017,35.73,29.54,44.82,64.86,52.91,24.71,34.9,7.78
27-11-2017,24.36,19.64,41.09,65.26,55.76,27.3,28.37,7.8
28-11-2017,22.54,25.07,34.78,51.4,56.56,18.35,54.08,7.76
29-11-2017,23.71,26.94,40.91,34.01,67.32,16.65,51.65,7.9
30-11-2017,19.73,17.88,44.4,31.53,60.26,23.29,64.74,7.97
01-12-2017,4.11,34.83,31.62,29.09,59.62,23.16,119.81,7.89
02-12-2017,4.61,42.02,36.62,31.63,65.3,16.78,114.76,7.88
03-12-2017,8.9,31.4,37.61,29.46,63.84,21.42,87.04,7.84
04-12-2017,24.47,26.7,32.64,27.96,67.63,18.03,66.54,7.76
05-12-2017,12.45,30.04,50.69,29.49,60.14,14.37,90.16,7.8
06-12-2017,15.95,40.77,43.68,44.14,48.64,20.02,78.4,7.84
07-12-2017,17.7,40.88,41.43,43.58,48.33,25.39,65.1,7.88
08-12-2017,19.45,47.78,50.26,51.29,61.72,32.23,69.44,7.82
09-12-2017,21.2,38.98,68.58,38.22,59.43,25.82,52.89,8.03
10-12-2017,22.96,45.45,90.07,27.02,39.78,25.97,76.32,8.07
11-12-2017,24.71,55,66.07,28.25,44.73,15.43,83.65,8.27
12-12-2017,26.46,28.49,38.75,22.08,54.6,19.68,32.27,8.18
13-12-2017,28.21,19.15,46.28,29.12,48.7,22.45,28.16,7.63
14-12-2017,29.96,15.41,42.19,25.2,48.56,25.8,50.24,7.55
15-12-2017,31.71,27.65,38.04,24.85,42.62,28.07,49.86,7.55
16-12-2017,33.46,52.58,23.98,32.47,42.31,29.34,54.35,10.52
17-12-2017,35.21,68.71,36.4,37.52,46.91,36.66,48.42,7.27
18-12-2017,36.96,66.46,45.37,29.55,56.42,51.86,53.42,8.78
19-12-2017,38.71,61.01,49.68,22.79,45.37,33.28,29.52,22.21
20-12-2017,40.46,35.3,67.35,25.31,43,14.9,20.26,15.67
21-12-2017,42.21,25.9,66.06,49.22,51.64,28.5,43.46,21.79
22-12-2017,43.97,24.92,48.84,80.06,50.01,31.67,56.18,34.32
23-12-2017,45.72,25.37,43.85,77.57,57.5,42.28,43.65,34.25
24-12-2017,47.47,25.72,59.85,64.36,47.69,28.04,51.36,39.37
25-12-2017,49.24,24.74,56.1,61.54,38.5,27.11,42.49,37.88
26-12-2017,50.97,37.33,38.93,63.43,53.45,31.21,45.58,41.78
27-12-2017,51.85,58.63,58.98,64.21,47.38,21.64,42.85,41.2
28-12-2017,52.72,38.43,66,51.08,47.22,21.84,38.57,39.1
29-12-2017,17.18,35.45,61.36,39.17,49.58,22.99,54.47,29.28
30-12-2017,33.48,19.64,61.73,28.32,41.64,24.92,70.86,41.68
31-12-2017,32.36,26.74,76.45,49.5,39.55,18.47,59.4,42.77
01-01-2018,25.89,28.82,68.75,60.19,38.93,19.58,48.42,46.69
02-01-2018,24.78,17.19,68.68,50.44,51.26,17.54,48.92,44.93
03-01-2018,35.27,26.41,54.94,42.66,56.84,16.49,28.61,67.08
04-01-2018,46.62,40.16,66.31,30.7,58.03,18.69,34.35,48.75
05-01-2018,51.89,31.36,48.57,15.74,52.74,19.16,44.31,46.77
06-01-2018,59.57,42.57,39.65,27.13,47.04,19.47,33.02,63.19
07-01-2018,62.13,50.15,57.39,25.4,50.17,24.91,32.07,59.76
08-01-2018,76.84,48.76,54.55,25.25,52.61,27.37,39.68,55.21
09-01-2018,70.18,50.51,66.79,22.39,57.35,26.25,60.8,40.89
10-01-2018,54.29,18.73,58.51,27.65,56.34,33.08,42.16,35.72
11-01-2018,37.03,26.63,56.22,32.01,55.98,40.11,43.99,39
12-01-2018,48.6,31.97,62.37,17.78,52.03,28.86,43.56,69.77
13-01-2018,47.39,20.49,75.14,22.37,49.6,24.53,30.72,35.78
14-01-2018,53.1,28.71,64.8,26.75,48.64,26.16,49.59,56.36
15-01-2018,66.4,40.6,59.73,29.12,50.02,34.78,35.43,49.1
16-01-2018,59.88,42.88,54,39.04,43.58,41.55,53.28,17.45
17-01-2018,64.8,33.83,64.1,16.64,45.85,25.9,77.47,85.18
18-01-2018,65.34,44.7,72.89,27.45,37.53,22.37,56.89,71.98
19-01-2018,71.99,52.91,73.6,22.2,38.71,24.74,52.2,55.7
20-01-2018,80.04,51.59,43.18,24.45,45.46,31.66,70.72,71.96
21-01-2018,81.55,57.39,41.49,36.88,44.16,26.22,51.67,83.6
22-01-2018,77.88,40.29,68.33,33.49,52.29,30.88,80.44,82.67
23-01-2018,60.85,38.16,48.67,26.45,47.74,23.25,63.97,72.01
24-01-2018,43.36,28.97,42.04,28.72,45.11,14.67,68.73,61.27
25-01-2018,56.22,37.25,43.99,20.9,45.4,15.29,46.15,33.61
26-01-2018,63.78,51.81,44.09,42.45,52.7,14.25,43.38,32.93
27-01-2018,61.21,40.58,56.12,57.25,52.9,21.91,63.56,49.57
28-01-2018,62.46,53.46,54.01,55.88,48.76,15.62,64.12,35.46
29-01-2018,55.34,56.87,60.56,59.69,50.19,19.58,78.61,50.39
30-01-2018,56.31,52.14,56.85,66.28,51.92,22.04,40.81,52.8
31-01-2018,52.6,49.48,53.7,71.36,40.67,26.68,50.29,63.42
01-02-2018,41.2,37.94,60.7,61.06,36.26,18.05,30.7,51.89
02-02-2018,49.36,45.96,52.12,62.13,36.32,20.04,42.92,62.62
03-02-2018,46.48,32.07,52.29,56.21,50.3,26.56,77.78,68.96
04-02-2018,42.53,40.93,52.23,59.09,54.21,33.25,86.54,73.09
05-02-2018,40.8,34.94,43.11,71.31,56.47,17.54,73.03,61.4
06-02-2018,40.51,20.1,41.11,59.51,36.51,15.55,65.91,52.53
07-02-2018,25.11,16.92,49.34,46.54,39.53,19.19,54.31,47.85
08-02-2018,27.4,20.76,45.91,42.86,34.55,14.92,69.47,36.32
09-02-2018,30.91,14.02,49.11,40.36,35.92,19.09,60.7,51.88
10-02-2018,25.27,29.6,53.31,32.64,29.39,15.98,94.86,45.62
11-02-2018,38.11,22.69,43.54,17.54,34.88,15.6,102.21,38.89
12-02-2018,32.61,28.55,37.47,22.29,38.74,22.96,65.26,46.7
13-02-2018,44.28,27.95,38.83,23.1,44.34,37.9,63.08,48.7
14-02-2018,38.23,40.05,38.43,25.01,46.28,57.6,65.17,50.03
15-02-2018,35.76,40.81,40.95,28,46.88,96.25,45.86,49.33
16-02-2018,36.38,38.51,38.4,30.65,41.68,80.2,46.16,54.5
17-02-2018,43.4,42.39,44.13,29.86,39.46,84.97,38.36,56.25
18-02-2018,49.17,47.51,45.75,25.56,47.42,82.77,60.49,68.39
19-02-2018,51.46,33.17,49.74,30.61,53.02,35.7,89.57,68.23
20-02-2018,55.88,35.85,51.27,28.9,50.85,39.5,69.73,61.85
21-02-2018,52.95,28.4,57.47,25.85,47.88,43.31,38.47,55.37
22-02-2018,52.15,26.36,47.69,23.8,46.5,47.11,39.8,63.23
23-02-2018,52.09,23.75,48.62,21.08,48.94,50.92,39.47,55.44
24-02-2018,35.76,23.03,55.26,42.51,45.22,54.72,40.12,55.15
25-02-2018,37.55,20.43,43.87,94.71,33.06,58.52,63.51,55.315
26-02-2018,30.2,24.98,43.19,87.92,40.48,62.33,53.56,55.48
27-02-2018,32.51,45.08,40.51,89.05,40.86,66.13,51.77,45
28-02-2018,31.63,32.1,46.16,98.61,41.99,69.94,81.28,49.22
01-03-2018,36.47,50.02,40.69,94.98,37.91,73.74,81.47,40.94
02-03-2018,45.24,40.18,45.55,98.26,43.91,88.2,56.37,44.56
03-03-2018,43.82,50.51,38.38,88.2,53.05,78.94,56.2,55.98
04-03-2018,44.8,33.49,34.95,77.14,50.33,68.28,58.18,62.81
05-03-2018,36.83,24.97,40.45,59.88,48.64,59.01,68.26,53.78
06-03-2018,33.61,26.86,44.99,61.54,56.45,81.88,61.55,50.74
07-03-2018,46.63,33.84,45.24,61.47,53.66,82.67,45.88,51.6
08-03-2018,40.31,33.49,57.76,42.5,45.08,85.47,60.92,47.42
09-03-2018,40.87,39.55,52.43,40.57,45.57,83.67,66.18,51.29
10-03-2018,33.03,33.76,41.74,38.13,50.9,74.93,91.2,59.25
11-03-2018,45.61,45.47,46.28,30.69,57.23,94.86,74.52,77.58
12-03-2018,38.92,17.77,44.49,36.22,44.39,85.33,62.44,41.66
13-03-2018,20.48,18.79,43.79,34.42,42.72,82.93,45.99,27.62
14-03-2018,38.25,14.83,48.03,25.22,49.57,84.76,24.9,29.59
15-03-2018,26.5,13.35,37.77,22.33,48.41,62.35,34.09,29.45
16-03-2018,23.65,14.79,43.04,36.08,43.99,81.13,60.08,28.14
17-03-2018,26.48,19.13,37.89,38.68,47.12,82.7,74.39,33.22
18-03-2018,20.61,26.31,45.83,47.83,37.7,47.61,84.96,33.06
19-03-2018,50.57,24.22,44.89,48.96,48.04,45.17,81.08,31.39
20-03-2018,46.5,21.59,51.95,39.03,47.14,51.7,50.35,42.72
21-03-2018,53.46,21.6,52.82,24.86,45.92,50.95,48.83,40.37
22-03-2018,34.26,28.59,45.99,32.86,32.33,58.44,71.21,42.66
23-03-2018,32.05,32.94,46.6,46.94,36.12,68.66,69.35,38.36
24-03-2018,58.64,37.83,50.02,51.96,39.62,71.22,53.65,33.2
25-03-2018,54.78,25.78,54.47,51.79,43.09,77.31,62.13,41.53
26-03-2018,64.14,21.06,52.72,51.08,44.76,73.81,42.88,54.65
27-03-2018,73.5,12.2,49.55,49.84,50.92,57.27,31.33,46.2
28-03-2018,73.18,14.1,57.85,33.71,51.24,58.31,43.54,24.33
29-03-2018,72.87,20.3,57.43,37.69,48.28,21.45,76.41,35.77
30-03-2018,72.57,31.36,58.75,34.3,45.56,18.33,66.68,43.01
31-03-2018,72.27,52.63,67.56,37.38,49.61,14.95,87.17,41.97
01-04-2018,71.97,62.76,68.76,32.79,48.2,14.64,100.86,42.71
02-04-2018,71.66,46.55,64.33,29.27,44,16.42,98.23,42.65
03-04-2018,71.36,38.27,67.6,29.04,41,15.76,91.4,60
04-04-2018,71.06,55.15,65.46,38.72,50.85,15.85,44.35,56.52
05-04-2018,70.75,56.64,64.73,36.67,43.49,17.55,70.08,43.56
06-04-2018,70.45,46.24,54.04,32.04,46.02,17.84,97.55,55.6
07-04-2018,70.15,42.24,54.42,30.18,49,13.89,93.05,67.81
08-04-2018,69.84,46.15,56.29,27.04,44.24,11.54,104.05,51.95
09-04-2018,69.54,53.25,42.76,24.52,47.22,10.69,98.39,52.8
10-04-2018,69.24,23.9,60.94,29.03,37.75,12.04,80.06,36.52
11-04-2018,68.94,26.55,46.34,30.1,31.17,11.33,70.35,62.71
12-04-2018,68.63,20.72,48.2,33.5,38.29,12.83,59.07,33.77
13-04-2018,68.33,16.83,47.74,39.79,38.8,13.9,43.98,28.84
14-04-2018,68.03,23.02,47.69,39.31,40.13,17.01,65.62,36.91
15-04-2018,67.72,24.7,53.47,36.2,27.82,12.71,60.73,33.24
16-04-2018,67.42,23.77,55.85,28.24,36.09,13.16,37.98,35.33
17-04-2018,67.12,24.69,49.19,36.52,41.82,10.41,40.94,29.03
18-04-2018,66.82,24.28,51.01,38.64,45.82,17.87833333,59.38,32.06
19-04-2018,66.52,28.49,53.3,39.54,39.18,25.34666667,45.28,34.88
20-04-2018,66.22,31.08,48.98,25.02,37.27,32.815,45.52,34.04
21-04-2018,74.47666667,34.68,61.05,36.23,31.15,40.28333333,66.89,42.16
22-04-2018,82.73333333,32.97,60.81,52,43.31,47.75166667,70.82,37.8
23-04-2018,90.99,31.38,63.78,56.54,49.31,55.22,71.61,43.28
24-04-2018,55.89,27.93,59.45,48.87,51.74,38.39,49.49,39.92
25-04-2018,49.01,27.55,48.81,39.88,53.56,33.58,42.43,44.63
26-04-2018,46.4,29.81,65.07,41.64,52.61,15.75,46.37,45.22
27-04-2018,53.72,22.95,69.49,42.34,52.49,23.68,42.32,44.64
28-04-2018,40.12,15.65,75.5,41.36,46.38,29.18666667,39.32,38.39
29-04-2018,45.33,25.58,69.07,43,49.28,34.69333333,68.36,40.11
30-04-2018,46.3,29.47,60.39,45.07,44.31,40.2,52.55,42.29
01-05-2018,48.92,41.65,65.54,36.99,45.47,30.91,51.24,41.94
02-05-2018,41.52,57.07,64.55,39.69,48.88,29.73,56,43.25
03-05-2018,46.69,45.4,50.16,31.22,48.87,23.55,85.36,51.25
04-05-2018,45.87,40.29,59.09,33.33,50.95,32.58,101.61,55.05
05-05-2018,38.61,24.41,59.48,37.24,51.31,29.43,111.96,58.65
06-05-2018,44.38,30.79,57.57,44.38,47.6,18.77,94.99,38.56
07-05-2018,36.48,45.6,57.48,48.53,51.78,17.42,84.84,35.64
08-05-2018,32.43,23.39,61.42,38.59,46.9,25.42,90.6,33.45
09-05-2018,52.6,30.84,53.1,48.9,43.87,24.76,87.99,34.32
10-05-2018,41.46,23.49,57.78,52.12,45.59,28.8,83.94,30.24
11-05-2018,24.19,23.89,65.24,69.55,50.78,27.12,69.54,27.94
12-05-2018,39.45,17.65,67.9,42.32,50.32,36.24,55.5,27.47
13-05-2018,46.78,26.54,67.88,39.41,61.46,30.11,47.12,34.91
14-05-2018,37.5,34.08,56.2,39.44,56.79,31.38,70.44,40.44
15-05-2018,44.59,33.99,62.52,32,51.51,31.58,56.62,41.88
16-05-2018,29.15,17.05,54.41,35.11,48.44,23.65,68.29,39.76
17-05-2018,41.75,19.95,70.39,40.03,39.03,28.44,75.99,34.53
18-05-2018,35.22,44.79,58.67,39.78,45.12,33.79,74.15,31.18
19-05-2018,42.52,48.23,57.66,52.35,46.38,19.13,98.27,29.52
20-05-2018,47.98,26.21,55.77,54.71,62.1,22.31,93.77,30.25
21-05-2018,36.12,29.4,60.27,57.07,59.66,24.93,106.57,35.44
22-05-2018,41.2,43.92,59.41,59.43,56.37,27.7,91.18,43.48
23-05-2018,30.74,33.92,59.46,39.26,52.86,47.92,73.61,46.45
24-05-2018,34.78,33.21,53.43,19.04,47.17,33.9,101.63,41.31
25-05-2018,27.78,24.94,48.95,36.92,55.12,19.88,74.21,53.64
26-05-2018,22.59,38.06,49.85,74.57,36.5,22.34,71.11,54.81
27-05-2018,19.04,51.17,56.75,49.39,49.07,19.37,75.28,56.46
28-05-2018,30.76,43.95,59.11,124.7,45.6,41.57,77.68,50.82
29-05-2018,27.82,39.32,59.1,135.66,46.07,36.16,80.15,43.54
30-05-2018,23.37,43.58,59.9,106.26,44.57,37.31,48.49,40.51
31-05-2018,21.01,50.16,50.6,76.86,45.54,27.83,61.73,32.53
01-06-2018,24.28,43,58.87,74.77,52.89,40.98,53.89,26.52
02-06-2018,23.96,43.99,60.12,7.48,35.35,47.83,61.13,28.29
03-06-2018,16.46,47.96,57.87,8.51,44.34,44.26,52.37,30.1
04-06-2018,15.51,42.95,57.03,9.83,57.7,43.96,41.93,29.15
05-06-2018,16.54,34.07,48.46,13.17,48.4,40.79,70.1,24.34
06-06-2018,12.58,24.65,48.47,13.16,47.76,32.66,94.49,26.6
07-06-2018,13.22,27.19,60.18,11.79,47.94,37.78,77.34,20.39
08-06-2018,11.05,25.31,54.22,9.48,40.15,47.58,35.54,26.3
09-06-2018,15.82,32.32,41.95,10.32,33.8,32.4,30.99,28.03
10-06-2018,12.71,33.45,45.16,11.82,22.52,25.9,49.77,23.88
11-06-2018,10.74,23.99,46.66,19.91,18.82,35.87,50.65,24.69
12-06-2018,13.91,25.17,37.85,22.67,17.16,22.91,39.2,24.44
13-06-2018,12.97,26.51,27.45,18.83,19.6,21.26,38.38,25.84
14-06-2018,16.41,23.98,43.38,16.96,17.53,24.58,47.67,28.12
15-06-2018,18.53,31.37,40.15,14.06,20.79,25.87,50.32,28.01
16-06-2018,13.77,28.32,45.76,12.78,22,22.69,47.06,27.71
17-06-2018,8.71,32.73,44.56,14.93,19.71,32.94,42.86,20.83
18-06-2018,11.02,29.86,46.41,15.71,19.88,38.3,53.41,24.01
19-06-2018,14.71,25.66,53.39,14.85,23.9,47.44,62.32,20.66
20-06-2018,21.95,15.15,60.2,18.51,27.49,43.45,61.32,25.56
21-06-2018,25.83,25.05,66.75,21.68,27.79,65.28,65.73,28.31
22-06-2018,26.92,27.11,64.38,25.46,25.78,58.19,60.59,30.81
23-06-2018,17.71,31.31,66.18,30.78,23.59,57.77,61.66,27.3
24-06-2018,15.09,31.74,59.17,29.73,19.13,40.94,62.2,29
25-06-2018,14.73,27.59,39.06,28.16,17.31,29.65,58.03,25.78
26-06-2018,18.29,31.3,33.09,27.6,17.5,20.82,51.49,24.74
27-06-2018,16.43,25.83,44.04,19.32,15.07,42.95,23.74,22.35
28-06-2018,15.6,29.89,33.17,21.49,17.65,26.08,41.04,26.13
29-06-2018,17.84,30.33,31.43,21.56,23.37,21.58,30.16,29.35
30-06-2018,10.67,40.22,31.21,27.47,22,20.93,34.25,35.28
01-07-2018,11.29,35.33,28.09,67.47,25.21,24.7,28.59,33.36
02-07-2018,16.14,36.67,33.79,52.09,23.96,22.89,29.6,32.83
03-07-2018,16.04,25.71,39.78,49.14,22.53,28.91,31.25,30.42
04-07-2018,14.42,23.34,45.71,52.85,21.98,30.06,34.1,28.5
05-07-2018,15.83,18.21,41.14,41.84,20.08,26.33,32.81,28.1
06-07-2018,15.59,13.72,40.01,40.88,18.73,33.35,49.06,31.54
07-07-2018,18.73,16.05,53.82,45.35,18.53,43.61,56.81,29.99
08-07-2018,16.35,23.4,65.27,57.16,20.17,40.61,57.03,29.37
09-07-2018,13.71,19.44,54.8,47.74,18.43,36,59.01,29.82
10-07-2018,14.05,17.08,43.89,44.21,16.26,29.89,56.39,27.51
11-07-2018,14.5,13.87,34.6,57.39,19.91,27.5,37.09,30.21
12-07-2018,15.79,11.27,45.16,44.56,20.46,28.76,32.42,28.53
13-07-2018,18.07,13.4,26.96,45.58,15.7,22.25,29.86,26.85
14-07-2018,16.19,15.14,29.2,54.31,15.88,30.65,32.24,27.58
15-07-2018,17.01,15.06,28.01,53.59,21.52,25.44,31.86,28.42
16-07-2018,13.25,16.12,23.59,50.48,16.13,21.33,33.6,31.16
17-07-2018,18.52,20.24,31.96,30.64,14.86,25.31,33.19,34.97
18-07-2018,17.83,22.81,32.43,22.34,13.58,29.14,32.39,35.13
19-07-2018,18.19,16.08,31.96,18.59,14.75,24.94,29.67,33.87
20-07-2018,22.36,18.83,24.18,15.08,13.12,26.85,29.51,34.64
21-07-2018,21.97,18.61,32.23,13.76,15.35,27.51,23.64,34.21
22-07-2018,21.53,21.63,24.91,10.97,14.36,18.23,20.56,34.36
23-07-2018,15.16,18.07,26.11,8.76,15.37,17.47,22.8,32.27
24-07-2018,13.77,19.22,34.46,11.42,15.58,40.1,23.79,30.19
25-07-2018,12.29,14.35,21.39,12.88,16.66,15.22,20.22,30.52
26-07-2018,13.43,16.83,18.6,10.88,16.19,15.08,18.44,27.3
27-07-2018,15.22,17.6,19.82,13.84,17.72,16.21,25.3,30.17
28-07-2018,16.19,22.09,24.11,13.61,18.44,20.04,19.37,30.96
29-07-2018,15.94,24.44,26.19,12.36,16.26,20.81,18.87,30.49
30-07-2018,14.61,22,28.09,12.74,17.7,20.75,19.16,28.73
31-07-2018,15.43,17.29,27.81,38.62,17.22,18.83,28.43,27.66
01-08-2018,14.61,12.09,29.94,19.64,16.38,18.01,47.11,24.5
02-08-2018,15.23,21.72,29.3,22.6,13.63,17.7,52.35,29.3
03-08-2018,12.05,25.99,28.1,11.97,15.42,15.7,41.62,26.01
04-08-2018,12.14,20.97,29.61,11.71,16.46,16.8,36.23,27.58
05-08-2018,13.44,18.82,25.4,10.78,16.05,16.13,34.4,29.14
06-08-2018,14.22,17.12,27.42,12.7,16.55,25.39,31.14,27.11
07-08-2018,13.14,15.24,32.06,19.71,13.97,21.61,32.71,30.42
08-08-2018,11.18,18.57,31.12,16.2,13.81,18.05,31.31,30.15
09-08-2018,13.65,10.56,34.11,16.25,12.64,22.17,36.08,29.02
10-08-2018,11.75,13.72,31.83,15.47,14.98,16.42,27.59,30.69
11-08-2018,11.75,9.61,27.66,16.01,11.86,18.74,24.11,31.29
12-08-2018,12.48,9.08,23.92,7.65,14.52,14.74,25.35,30.56
13-08-2018,11.69,13.44,27.7,14.01,13.69,18.7,33.16,28.25
14-08-2018,11.02,10.41,32.47,22.36,10.2,15.67,30.22,30.65
15-08-2018,11.1,11,34.04,6.79,11.99,17.99,25.3,20.32
16-08-2018,15.54,16.84,31.87,7.37,15.01,14.45,26.32,32.6
17-08-2018,14.21,9.03,30.62,6.19,18.05,22.69,33.85,27.92
18-08-2018,14.37,10.1,30.9,5.23,18.6,22.53,37.38,31.71
19-08-2018,15.56,8.17,32.1,6.53,15.02,20.61,22.25,30.22
20-08-2018,14.54,9.05,39.36,7.92,14.53,29.08,15.29,28.91
21-08-2018,16.38,7.35,31.02,8.9,14.24,18.51,20.84,28.41
22-08-2018,16.23,7.55,25.33,16.37,13.14,20.18,20.31,33.17
23-08-2018,13.6,4.86,18.25,10.55,11.2,15.07,15.52,32.85
24-08-2018,12.61,4.89,19.29,10.44,12.62,17.66,19.43,35.73
25-08-2018,12.01,6,20.69,9.56,12.26,15.02,18.62,37.06
26-08-2018,13.19,8.98,24.77,9.19,11.18,18.76,23.44,35.95
27-08-2018,10.61,10.38,26.5,23.38,9.29,24.53,22.87,35.69
28-08-2018,12.42,18.68,21.91,27.96,12.08,16.38,29.72,37.07
29-08-2018,10.52,18.48,21.53,24.95,15.33,12.21,25.5,36.37
30-08-2018,11.59,19.46,27.06,8.75,18.68,13.96,20.82,35.02
31-08-2018,12.01,19.14,23.57,9.44,15.88,16.1,22.11,30.68
01-09-2018,15.32,24.39,19.58,13.12,15.43,12.89,21.7,34.09
02-09-2018,17.84,32.26,23.36,14.32,14.04,19.13,17.52,35.3
03-09-2018,16.89,44.5,26.15,11.39,13.7,28.59,15.95,35.03
04-09-2018,18.24,50.33,26.55,9.69,13.86,10.58,18.1,38.92
05-09-2018,18.23,44.4,20.64,26.17,14.3,7.535,18.88,37.14
06-09-2018,17.79,39.37,26.24,15.44,14.29,4.49,20.8,36.66
07-09-2018,16.77,32.63,28.23,19.61,17.95,12.98,26.56,31.62
08-09-2018,17.16,33.69,23.65,18.05,19.94,8.25,25.61,37.88
09-09-2018,23.36,43.7,26.36,16.49,23.55,10.42,22.55,40.075
10-09-2018,21.64,35.48,29.46,13.89,27.14,4.05,13.27,42.27
11-09-2018,32.98,33.64,23.21,17.87,25.02,5.34,12.3,40.49
12-09-2018,33.73,36.56,22.44,23.28,20.9,7.86,18.57,44.4
13-09-2018,21.83,43.52,23.11,17.88,21.97,6.67,24.72,38.85
14-09-2018,32.17,35.37,24.58,19.32,30.31,9.5,24.79,42.35
15-09-2018,25.3,41.45,25.86,20.7,27.22,17.94,27.95,41.8
16-09-2018,19.68,37.48,26.12,21.74,22.86,26.38,34.71,42.2
17-09-2018,11.82,29.89,35.01,19.98,24.49,34.82,34.58,35.51
18-09-2018,13.4,15.27,38.79,24.56,21.89,28.13,28.52,31.54
19-09-2018,16.89,13.27,40.04,20.78,21.57,30.05,36.04,32.06
20-09-2018,18.67,15.8,49.18,23.37,23.53,43.1,41.56,36.96
21-09-2018,19.11,22.41,30.31,15.11,21.72,22.07,58.88,40.99
22-09-2018,21.83,24.6,23.89,14.26,27.07,15.9,27.01,36.52
23-09-2018,26.8,20.67,28.89,20.64,28.19,22.5,29.18,31.89
24-09-2018,29.89,21.88,19.54,19.56,21.51,5.87,18.05,32.13
25-09-2018,22.54,17.92,22.48,14.19,20.19,24.72,21.18,36.49
26-09-2018,23.35,16.79,28.54,21.61,16.94,20.99,20.58,37.66
27-09-2018,20.67,14,35.24,23.42,24.45,22.57,20.41,44.87
28-09-2018,14.86,13.21,37.24,27.33,15.53,17.28,25.73,36.45
29-09-2018,12.5,11.13,41.92,27.64,17.26,32.54,23.3,40.25
30-09-2018,16.11,12.69,35.54,30.17,24.96,36.9,24.86,31.92
01-10-2018,18.94,14.15,38.52,38.74,23.41,34.57,23.78,29.32
02-10-2018,15.9,13.46,35.8,36.84,22.58,36.78,27.09,27.34
03-10-2018,16.22,12.78,36.72,35.07,23.91,36.83,34.67,27.8
04-10-2018,8.9,10.81,45.63,17.01,24.63,40.47,51.58,28.68
05-10-2018,11.69,14.23,44.88,20.68,29.57,54.69,41.69,5.93
06-10-2018,10.5,15.03,32.93,29.63,29.21,37.65,45.55,8.34
07-10-2018,16.31,19.43,42.38,29.79,29.27,46.08,59.91,8.3
08-10-2018,18.26,18.66,51.05,30.61,28.65,52.99,53.06,8.62
09-10-2018,22.25,23.62,52.46,37.14,23.73,54.83,28.8,11
10-10-2018,23.46,24.71,43.9,33.67,21.94,50.92,35.97,11.47
11-10-2018,21.65,35.36,37.04,33.75,25.52,33.5,62.94,9.94
12-10-2018,22.96,33.56,42.01,19.54,27.9,39.27,63.73,10.98
13-10-2018,28.02,30.89,42,28.03,21.39,43.81,61.39,8.87
14-10-2018,34.33,30.56,40.16,43.29,27.41,44.61,55.39,6.88
15-10-2018,23.25,29.96,44.92,41.59,28.29,47.56,53.49,5.58
16-10-2018,19.06,17.9,54.38,32.5,26.04,46.87,27.12,7.8
17-10-2018,18.23,16.26,44.29,41.64,19.11,39.77,26.39,10.68
18-10-2018,21.13,18.73,44.65,37.67,21.12,32.67,28.91,8.91
19-10-2018,19.64,25.74,51.05,28.91,24.15,47.01,52.77,7.44
20-10-2018,27.25,18.13,47.64,31.21,26.5,41.02,61.5,6.57
21-10-2018,29.37,19.48,42.61,30.31,26.96,37.66,77.81,8.17
22-10-2018,29.12,19.31,41.32,31.92,27.86,34.98,53.21,7.22
23-10-2018,24.69,20.21,44.7,30.71,30.64,32.8,57.11,6.58
24-10-2018,24.3,15.61,56.09,31.61,28.14,40.98,47.41,7.49
25-10-2018,25.3,18.69,62.29,21.2,28.84,40.18,43.91,7.77
26-10-2018,30.95,25.47,53.02,25.6,31.72,22.88,61.83,11.76
27-10-2018,37.95,31.79,52.9,26.93,27.8,40.89,58.93,17.08
28-10-2018,38.38,50.28,52.78,23.82,36.66,39.85,70.93,10.17
29-10-2018,35.49,52.32,53.2,20.51,41.62,34.63,59.07,9.52
30-10-2018,28.94,21.44,50.55,24.58,41.46,38.91,48.61,20.02
31-10-2018,26.11,15.54,47.05,24.6,34.51,35.83,102.73,16.3
01-11-2018,23.72,13.71,45.98,28.62,26.9,39.88,56.74,6.09
02-11-2018,16.57,17.25,46.13,30.11,19.95,46.08,45.11,8.85
03-11-2018,20.21,23.51,45.43,32.63,23.14,56.68,40.8,36.9
04-11-2018,27.03,26.27,51.96,48.28,25.91,55.2,41.88,35.11
05-11-2018,21.7,22.85,45,47.1,27.53,32.01,39.54,34.42
06-11-2018,20.31,21.38,45.01,54.67,31.15,44.16,39.45,44.69
07-11-2018,27.35,24.89,51.22,51.55,34.91,45.72,36.81,40.15
08-11-2018,23.63,20.71,38.35,39.74,41,31.18,41.57,40.54
09-11-2018,25.02,25.98,47.94,46.86,36.77,34.78,41.49,37.02
10-11-2018,29.27,23.79,42.55,40.94,42.35,33.8,43.69,45.94
11-11-2018,34.04,28.45,51.68,40.5,44,38.34,41.03,47.14
12-11-2018,25.83,31.5,53.37,38.12,43.16,33.9,32.75,54.61
13-11-2018,28.07,46.49,37.8,36.14,34.36,27.92,21.63,64.4
14-11-2018,25.98,36.28,31.95,33.35,35.17,19.92,48.12,64.07
15-11-2018,17.61,25.99,32.95,32.19,30.37,21.79,28.87,72.01
16-11-2018,19.48,16.2,40.74,42.7,25.38,29.97,41.94,65.96
17-11-2018,35.62,13.6,36.97,47.15,20.36,27.47,33.16,51.17
18-11-2018,26.38,12.32,39.51,41.96,18.99,22.4,58.23,41.59
19-11-2018,13.5,18.24,51.15,36.48,21.05,42.72,61.44,36.38
20-11-2018,16.08,19.48,46.03,33.63,29.47,27.8,31.97,36.24
21-11-2018,21.91,14.62,40.22,30.57,36.71,21.4,52.16,43.78
22-11-2018,11.65,15.4,37.22,26.57,34.42,19.29,73.92,44.21
23-11-2018,11.55,28.75,40.01,39.37,32.72,29.13,52.86,46.36
24-11-2018,25.36,37.14,37.48,33.89,36.63,38.44,49.72,32.03
25-11-2018,41.24,37.01,37.17,26,46.4,45.71,32.84,41.98
26-11-2018,58.03,46.88,39.8,19.52,44.11,44.96,42.32,45.51
27-11-2018,62.99,43.13,34.02,19.57,41.07,41.87,77.62,57.6
28-11-2018,52.81,34.91,34.61,13.86,43.73,38,76.29,65.61
29-11-2018,42.35,35.7,35.79,16.44,34.93,39.95,48.1,44.08
30-11-2018,47.85,26.2,35.79,29.72,40.48,37.26,30.05,39.11
01-12-2018,50.45,25.18,35.45,25.7,35.54,36.36,27.97,37.8
02-12-2018,59.89,22.14,39.35,21.72,34.25,36.75,38.64,45.71
03-12-2018,43.92,26.18,38.44,27.87,36.37,42.6,31.94,51.9
04-12-2018,24.11,15.45,38.12,22.96,37.26,40.43,41.29,40.96
05-12-2018,26.63,27.94,32.33,28.35,33.84,18.37,37.25,37.22
06-12-2018,35.15,25.65,40.87,28.7,29.75,11.67,38.44,30.73
07-12-2018,33.42,27.6,32.45,27.51,31.2,13.02,42.89,39.66
08-12-2018,52.77,30.72,37.6,25.08,36.84,17.24,45.1,41.63
09-12-2018,80.57,32.88,39.85,24.21,36.66,18.39,39.29,43.05
10-12-2018,76.51,27.31,42.51,20.17,36.29,23.87,40.62,46.45
11-12-2018,69.85,25.82,41.9,21.5,31.26,33.31,66.08,55.01
12-12-2018,66.64,30.5,36.34,17.88,36.7,27.44,57.6,56.52
13-12-2018,59.79,23.49,24.89,19.2,34.73,23.86,34.36,58.22
14-12-2018,50.06,24.09,27.74,20.41,24.87,26.79,42.84,64.75
15-12-2018,48.1,48.79,29.58,22.84,37.42,27.73,37.65,43.15
16-12-2018,73.64,46.55,32.7,23.53,49.21,28.54,40.2,47.45
17-12-2018,51.64,49.14,32.85,24.04,34.28,25.1,47.35,48.42
18-12-2018,38.34,24.64,37.13,23.91,20.98,30.65,39.36,62.22
19-12-2018,57.86,19.24,37.05,32.04,23.73,30.66,28.43,62.44
20-12-2018,64.96,21.85,40.5,28.53,22.1,31.04,28.96,62.9
21-12-2018,56.78,27.3,38.38,32.96,27.57,32.6,30.54,65.28
22-12-2018,41.65,34.56,44.98,28.51,36.75,27.73,41.4,60.36
23-12-2018,46.25,27.99,50.65,26.44,42.72,34.89,67.92,51.55
24-12-2018,41.44,37.41,43.25,33.07,34.26,28.84,55.13,31.19
25-12-2018,54,36.12,36.37,38.3,43.56,28.69,39.63,46.36
26-12-2018,55.22,36.73,39.09,33.34,39.08,25.04,27.87,44.99
27-12-2018,55.3,37.12,40.96,28.24,28.38,26.76,26.57,60.74
28-12-2018,57.62,32.06,37.38,29.98,36.78,29.99,27.74,61.71
29-12-2018,47.62,31.96,39.29,36.71,45.65,26.66,26.59,56.83
30-12-2018,64.73,47.92,42.87,32.4,44.23,26.9,32.67,70.07
31-12-2018,55.18,69.62,41.44,31.43,38.19,23.11,28.89,75.33
01-01-2019,56.91,56.82,39.58,29.14,31.99,23.92,36.04,78.49
02-01-2019,51.25,36.38,43.3,23.3,33.44,26.45,32.9,72.82
03-01-2019,46.4,42.23,39.77,24.84,32.47,22.61,30.52,79.3
04-01-2019,41.42,47.31,28.75,26.35,34.39,15.31,37.85,78.4
05-01-2019,50.61,48.85,36.33,21.6,40.43,20.82,61.45,68.5
06-01-2019,64.29,30.74,31.48,27.44,46.03,30.05,52.22,67.82
07-01-2019,55.51,31.93,27.11,21.14,40.13,20.97,45.11,64.79
08-01-2019,47.42,31.65,27.37,25.19,27.73,30.93,35.76,69.65
09-01-2019,54.54,46.05,30.9,30.25,28.57,38.85,38.67,76.67
10-01-2019,56.23,39.2,30.92,35.39,34.38,33.12,37.97,77.91
11-01-2019,57.02,48.29,35.61,17.19,39.24,33.27,53.55,83.38
12-01-2019,61.7,44.27,39.78,21.35,40.02,37.12,59.19,74.35
13-01-2019,65.16,41.06,37.53,21.44,40,39.99,62.46,76.74
14-01-2019,50.93,54.55,31.33,21.1,37.84,43.53,49.14,66.58
15-01-2019,55.78,52.62,29.85,23.64,35.6,41.79,34.28,69.94
16-01-2019,69.72,40.96,33.75,25.62,35.82,33.66,40.67,84.14
17-01-2019,53.81,50.43,39.76,21.83,30.21,43.84,46.79,81.37
18-01-2019,54.41,56.44,30.35,28.03,30.69,31.96,42.24,74.07
19-01-2019,46.91,45.77,34.75,30.68,31.88,36.36,34.68,88.77
20-01-2019,63.97,35.54,45.03,31.84,29.49,35.48,42.14,81.16
21-01-2019,67.06,39.49,32.77,30.66,33.19,36.04,45.35,51.39
22-01-2019,72.89,40.99,27.01,40.16,32.82,32.21,28.28,68.24
23-01-2019,67.41,39.45,26.51,24.96,33.93,26.46,32.06,81.49
24-01-2019,61.46,36.67,30.57,19.5,29.43,28.39,38.57,77.46
25-01-2019,56.81,27.67,30.01,11.27,26.51,33.32,35.6,71.51
26-01-2019,52.2,25.33,35.41,15.62,23.49,42.61,42.7,64.39
27-01-2019,55.36,22.97,33.34,24.53,13.14,43.9,38.33,74.93
28-01-2019,53.78,33.89,33.6,27.44,18.86,53.27,29.3,71.42
29-01-2019,47.64,37.91,33.83,30.81,29.15,45.07,35.66,64.37
30-01-2019,59.22,45.84,35.84,24.29,33.69,31.88,39.17,69.67
31-01-2019,67.58,41.59,37.52,15.54,29.69,35.82,52.58,91.71
01-02-2019,63.66,45.34,33.12,18.87,34.07,41.25,35.74,86.53
02-02-2019,61.35,37.96,30.88,22.52,29.72,29.17,37.83,71.97
03-02-2019,64.91,36.74,29.44,19.59,34.63,28.49,44.31,67.59
04-02-2019,49.04,43.27,33.42,19.64,38.6,29.86,53.22,58.98
05-02-2019,65.7,55.63,46.33,19.34,38.11,40.67,54.55,58.86
06-02-2019,78.02,52.24,34.4,8.89,34.76,33.39,44.72,58.54
07-02-2019,73.99,41.97,30.25,14.14,40.27,19.74,33.03,64.32
08-02-2019,65,33.31,30.59,15.71,29.95,19.62,42.95,69.29
09-02-2019,55.17,18.49,33.55,26.11,35.28,19.92,36.72,62.04
10-02-2019,41.91,18.45,33.03,28.68,34.46,25.86,42.35,42.33
11-02-2019,37.69,31.72,37.03,29.79,32.49,23.12,48.86,46.91
12-02-2019,49.43,57.84,43.29,25.59,30.71,28.27,59.92,51.21
13-02-2019,52.51,79.41,43.36,22.79,29.39,25.3,64.44,71.82
14-02-2019,57.75,56.47,32.61,19.44,35.52,30.56,44.74,61.49
15-02-2019,59.52,32.8,28.15,22.07,28.5,26.01,43.88,71.49
16-02-2019,56.07,26.4,26.45,24.59,28.7,29.68,45.13,69.86
17-02-2019,62.98,18.38,34.81,24.89,26.53,38.84,36.24,53.57
18-02-2019,48.6,17.49,33.69,25.9,34.67,35.01,33.95,60.2
19-02-2019,50.9,17.42,36.66,25.7,31.04,29.59,38.75,51.1
20-02-2019,40.97,20.24,23.68,23.11,22.5,19.49,40.58,54.39
21-02-2019,41.82,21.84,34.41,20.83,27.44,31.01,43.64,64.79
22-02-2019,42.98,32.82,28.45,27.55,29.65,34.53,36.61,58.99
23-02-2019,43.98,42.25,37.26,35.48,32.58,50.53,49.95,71.74
24-02-2019,53.2,33.15,38.02,33.63,33.16,46.54,50.94,74.11
25-02-2019,55.66,29.26,42.49,29.92,35.68,38.18,47.6,69.58
26-02-2019,64.35,18.88,32.19,34.13,28.01,36.35,51.61,66.22
27-02-2019,58.28,17.23,31.38,30.93,25.47,35.91,38.53,60.65
28-02-2019,56.36,16.65,35.95,32.48,29.24,33.43,49.36,59.96
01-03-2019,53.3,15.1,37.75,31.31,26.37,31.94,57.51,67.86
02-03-2019,49.67,18.42,25.07,29.87,23.5,17.01,59.2,60.34
03-03-2019,55.58,19.22,33.59,24.5,25.1,25.43,56.37,63.59
04-03-2019,63.42,19.86,38.13,22.58,33.65,28.39,46.49,62.83
05-03-2019,56.77,22.26,36.3,27.63,26.83,31.28,40.62,57.22
06-03-2019,48.36,21.23,33.71,34.01,32.22,29.85,36.86,49.41
07-03-2019,39.54,23.03,39.32,35.45,36.21,33.94,54.93,58.6
08-03-2019,49.42,21.08,37.86,28.26,32.16,30.34,57.35,48.91
09-03-2019,56.41,26,33.51,24.54,26.07,35.3,58.57,59.11
10-03-2019,47.45,18.63,44.11,28.93,26.28,44.13,64.01,61.11
11-03-2019,55.52,17.53,42.09,33.53,26.75,42.08,53.06,56.11
12-03-2019,67.73,26.92,37.15,37.18,29,31.76,56.13,64.88
13-03-2019,59.27,25.37,33.94,37.47,35.6,25.59,52.01,94.17
14-03-2019,65.46,31.6,28.81,33.1,32.13,22.05,54.15,67.26
15-03-2019,54.19,34.93,33.4,39.39,32.17,31.69,47.6,97.28
16-03-2019,47.32,29.95,43.66,38.74,33.27,44.82,50.46,66.07
17-03-2019,66.57,34.31,42,43.96,25.92,40.64,52.21,69.55
18-03-2019,67.48,24.25,43.21,44.76,30.19,41.42,56.84,58.82
19-03-2019,59.72,18.89,40.14,44.18,26.68,37.4,57.42,48.67
20-03-2019,57.62,28.14,40.41,40.83,27.83,34.34,46.24,45.72
21-03-2019,61.82,28.28,46.64,44.33,31.53,38.21,68.35,58.3
22-03-2019,59.05,27.87,46.73,47.14,30.83,33.52,66.58,67.81
23-03-2019,58.37,22.44,52.24,52.6,31.37,36.25,60.73,65.11
24-03-2019,64.14,10.75,42.57,37.14,34.52,31.38,58.17,63.12
25-03-2019,49.93,23.65,36.06,30.84,34.56,25.93,47.95,55.99
26-03-2019,57.9,36.49,41.35,29.4,31.57,32.12,58.09,56.69
27-03-2019,55.64,37.94,43.23,36.16,34.62,33.04,55.4,61.46
28-03-2019,51.02,40.81,48.44,34.49,36.1,28.29,52.94,47.74
29-03-2019,62.38,41.51,46.51,33.22,37.07,29.86,38.66,53.96
30-03-2019,54.03,37.59,51.49,43.71,41.34,28.7,61.09,50.38
31-03-2019,52.26,21.53,48.72,35.92,38.94,31.86,64.76,51.96
01-04-2019,49.03,19.13,54.95,39.72,36.69,36.66,57.44,47.12
02-04-2019,46.15,21.34,54.67,38.18,40.44,36.84,65.75,46.11
03-04-2019,54.26,14.11,51.06,44.11,36.41,27,75.99,49.93
04-04-2019,50.92,12.54,60.25,40.34,34.99,33.02,69.83,49.66
05-04-2019,53.59,11.4,57,42.04,53.76,37.04,54.78,42.11
06-04-2019,64.46,12.49,50.84,33.79,43.5,47.1,47.12,42.45
07-04-2019,68.41,13.51,53.16,32.68,41.68,34.7,58.64,51.91
08-04-2019,59.17,12.61,51.32,40.69,34.53,33.4,62.1,47.6
09-04-2019,66.47,13.35,57.86,53.66,29.18,37.7,67.87,49.38
10-04-2019,45.42,12.89,50.86,53.46,31.83,33.75,66,54.35
11-04-2019,40.76,13.58,48.59,48.94,32.91,27.93,69.9,58.07
12-04-2019,51.55,13.42,51.94,34.46,42.54,34.02,72.74,46.32
13-04-2019,52.04,20.27,45.3,37.47,46,28.19,81.83,49.61
14-04-2019,56.7,13.17,41.86,41.94,37.66,28.71,68.09,48.69
15-04-2019,54.29,15.81,42.3,38.41,39.51,26.62,70.5,45.55
16-04-2019,51.67,14.36,47.49,27.93,47,28.01,50.55,37.88
17-04-2019,38.4,15.7,45.44,29.37,40.01,21.26,44.18,39.21
18-04-2019,47.27,14.86,50.12,39.08,42.42,33.67,64.48,44.07
19-04-2019,47.03,13.7,45.45,43.57,42.07,32.57,64.75,44.89
20-04-2019,55.89,16.87,55.67,47.16,37.92,38.01,72.28,47.52
21-04-2019,56.53,17.5,50.13,46.26,39.44,43.16,65.95,47.61
22-04-2019,45.27,11.95,56.24,46.37,42.82,40.31,45.5,52.09
23-04-2019,57.49,9.1,53.24,42.78,45.19,33.78,40.73,60.65
24-04-2019,53.21,9.33,61.45,46.65,46.82,54.63,41.16,55.08
25-04-2019,54.27,11.18,65.26,47.59,49.41,53.23,46.46,53.82
26-04-2019,57.17,12.59,47.45,37.25,61.91,41.76,66.47,55.52
27-04-2019,61.68,13.31,52.16,39.02,54.12,38.66,63.36,44.53
28-04-2019,53.79,14.98,54,38.15,46.78,43.09,72.33,39.2
29-04-2019,50.57,15.45,50.32,37.53,48.48,36.38,71.68,47.45
30-04-2019,60.14,18.63,57.54,44.06,45.87,40.79,40.87,55.71
01-05-2019,55.94,18.49,65.95,33.47,40.78,59.08,41.03,51.43
02-05-2019,46.73,19.34,65.33,34.24,41.64,47.63,75.58,38.65
03-05-2019,48.84,25.11,64.36,30.11,47.23,53.69,70.59,41.05
04-05-2019,51.98,26.4,46.34,31.6,42.01,45.01,55.31,46.24
05-05-2019,61.04,26.22,52.97,51.09,36.18,47.74,42.79,47.52
06-05-2019,66.44,17.59,55.91,60.4,33.27,43.13,47.06,42.12
07-05-2019,47.19,14.78,40.32,50.92,33.49,31.28,34.89,34.79
08-05-2019,34.37,21.36,47.34,45.54,39.92,29.99,32.21,33.48
09-05-2019,37.92,26.79,50.71,47.37,35.35,33.11,42.76,39.01
10-05-2019,49.37,13.48,52.66,39.75,35.22,40.67,48.3,48.23
11-05-2019,48.35,30.18,62.02,31.5,47.78,50.92,45.79,40.41
12-05-2019,41.87,18.9,57.85,47.31,52.22,51.64,65.43,45.35
13-05-2019,50.16,19.47,67.84,37.99,52.29,60.75,58.85,32.67
14-05-2019,50.77,35.41,54.85,43.47,55.14,54.44,54.82,33.63
15-05-2019,38.96,34.3,41.85,45.17,45.58,41.87,40.59,36.62
16-05-2019,44.94,32.88,46.97,42.82,38.79,43.82,58.11,40.85
17-05-2019,36.64,39.97,46.42,37.23,42.46,36.83,50.67,32.72
18-05-2019,43.17,35.56,45.46,27.47,37.63,38.05,57.26,47.85
19-05-2019,45.7,32.61,59.34,39.72,40.31,49.78,56.63,39.76
20-05-2019,40.95,28.16,53.31,44.33,52.92,43.56,51.82,29.81
21-05-2019,51.87,28.86,55.06,44.1,53.16,44.3,47.92,36.36
22-05-2019,62.73,27.46,38.34,38.63,56.64,31.52,41.22,38.44
23-05-2019,34.01,34.69,55.29,35.97,53.87,43.19,45,28.39
24-05-2019,51.84,38.11,31.11,31.33,50.74,38.42,59.75,31.63
25-05-2019,54.83,45.64,51.47,35.36,41.11,49.63,70.81,39.82
26-05-2019,65.11,51.3,59.94,40.74,36.25,51.54,58.8,37.65
27-05-2019,60.35,47.23,53.59,38.31,38.17,43.77,42.07,32.51
28-05-2019,51.83,42.45,54.43,40.29,42.15,52.3,60.98,28.04
29-05-2019,82.31,38.78,57.99,43.66,47.71,63.14,36.62,39.68
30-05-2019,64.17,51.03,49.58,40.37,55.34,54.46,36.83,38.47
31-05-2019,69.14,60.96,58.49,50.75,48.05,61.49,44.47,32.62
01-06-2019,52.56,67.66,64.56,49.58,45.42,90.99,35.58,30.08
02-06-2019,45.14,74,60.84,51.18,42,121.6,47.94,21.26
03-06-2019,51.34,79.9,60.03,51.5,39.38,127.57,43.61,37.03
04-06-2019,40.04,65.54,65.82,50.36,49.99,123.48,49.18,35.1
05-06-2019,45.01,70.18,59.78,52.26,46.52,98.07,42.51,36.69
06-06-2019,46.31,38.04,61.04,50.88,52.02,91.53,58.08,28.36
07-06-2019,50.51,47.78,74.12,46.9,59.34,112.5,86.51,29.83
08-06-2019,54.31,70.67,63.64,52.49,50.4,98.28,100.38,33.93
09-06-2019,50.05,57.18,69.14,56.29,54.96,75.74,78.46,27.8
10-06-2019,45,42.43,55.95,50.92,54.44,73.24,55.12,33.91
11-06-2019,36.82,57.29,39.96,49.19,38.66,38.56,52.39,31.72
12-06-2019,30.56,53.52,62.12,40.71,34.8,104.93,43.95,29.52
13-06-2019,25.3,47.65,52.93,39.25,25.66,59.11,56.56,27.33
14-06-2019,24.42,48.14,59.31,34.76,25.63,57.99,51.37,25.13
15-06-2019,24.61,39.39,57.41,50.72,25.28,51.57,51.18,22.94
16-06-2019,25.18,40.82,46.81,34.18,25.32,59.95,27.18,20.75
17-06-2019,30.6,25.3,40.56,26.62,22.92,59.92,36.65,18.55
18-06-2019,30.67,43.82,48.99,43.19,25.52,106.55,40.48,16.36
19-06-2019,29.26,43,61.02,42.75,26.23,110.44,59.49,14.52
20-06-2019,32.97,35.7,68.57,47.38,27.66,86.95,55.22,21.71
21-06-2019,38.03,37.37,59.68,49.3,29.42,71.53,51.14,17.01
22-06-2019,38.81,31.92,69.18,35.87,33.89,99.79,55.88,14.46
23-06-2019,37.89,42.43,57.33,31.48,25.89,73.16,84.46,15.43
24-06-2019,32.56,47.02,37.78,43.74,31.78,42.18,64.54,14.23
25-06-2019,30.97,43.43,54.02,34.39,28.48,58.79,59.27,14.2
26-06-2019,25.3,29.75,46.26,31.31,25.99,45.38,55.24,13.52
27-06-2019,28.6,15.31,46.84,42.03,26.41,52.55,54.68,14.73
28-06-2019,33.5,23.12,38.39,64.68,24.92,47.31,44.59,14.21
29-06-2019,37.55,18.98,37.99,33.39,21.45,41.72,50.27,14.87
30-06-2019,33.55,19.25,44.4,42.98,24,46.52,46.82,14.65
01-07-2019,35,38.58,58,39.57,21.07,49.54,52.79,15.03
02-07-2019,39.44,31.2,64.82,25.61,17.96,79.6,51.98,15.31
03-07-2019,33.59,13.47,42.31,21.47,19.24,36.88,62.56,17.14
04-07-2019,27.13,11.91,28.2,24.11,18.73,22,41.34,21.12
05-07-2019,25.86,6.92,22.68,26.49,17.83,18.77,28.3,14.24
06-07-2019,29,14.93,33.71,40.07,19.48,30.58,19.56,16.23
07-07-2019,32.8,23.7,38.66,14.2,20.16,33.54,26.79,17.67
08-07-2019,29.35,23.93,35.11,31.5,16.37,29.77,26.85,17.75
09-07-2019,25.43,25.99,25.75,11.11,16.83,19.4,25.67,22.66
10-07-2019,30.18,27.07,28.65,14.5,16.24,23.4,30.17,23.55
11-07-2019,31.66,24.91,29.84,15.33,16.63,27.49,29.47,33.61
12-07-2019,32.12,29,28.38,20.69,16.69,23.85,30.56,23.15
13-07-2019,32.55,26.49,30.81,22.49,17.36,27.07,33.44,22.26
14-07-2019,31.64,30.21,32.77,17.6,16.68,32.3,32.96,24.72
15-07-2019,32.19,36.35,27.23,31.84,18.62,36.03,27.63,26.31
16-07-2019,25.04,27.46,30.05,24.56,18.08,54.19,28.01,28.26
17-07-2019,25.39,16.08,31.48,24.45,22.08,26.52,27.16,25.37
18-07-2019,23.45,29.49,30.75,28.11,25.61,22.27,25.25,26.2
19-07-2019,22.89,26.57,49.9,23.27,30.58,26.61,32.9,24.33
20-07-2019,25.53,39.38,29.1,36.02,30.44,26.71,36.67,28.29
21-07-2019,25.98,32.68,32.04,28.19,25.58,33.8,47.16,29.51
22-07-2019,27.44,25.69,34.79,36.33,21.49,47.05,47.36,29.77
23-07-2019,24.3,25.26,40.16,31.33,22.08,62.77,51.68,34.61
24-07-2019,25.88,32.18,33.1,33.65,21.22,62.49,37.06,31.47
25-07-2019,23.94,28.09,22.78,33.36,18.8,24.59,35.23,25.1
26-07-2019,21.84,22.33,27.72,37.51,15.66,10.08,19.22,24
27-07-2019,24.81,29.16,29.54,31.56,19.4,20.75,15.36,25.25
28-07-2019,25.68,55.18,30.62,20.97,19.12,32.22,23.09,23.69
29-07-2019,25.3,44.99,29.78,19.34,18.19,27.14,27.28,21.95
30-07-2019,23.02,38.45,27.42,28.68,17.98,28.63,28.54,20.01
31-07-2019,23.67,66.13,31.25,32.6,16.46,34.68,30.62,20.06
01-08-2019,23.76,62.67,32.51,22.55,14.78,34.48,32.68,22.94
02-08-2019,21.7,58.91,29.29,34.08,13.76,27.73,22.16,22.3
03-08-2019,25.31,62.68,27.74,31.81,14.61,23.44,21.71,19.2
04-08-2019,23.02,67.28,27.25,43.73,17.5,25.24,20.28,18.84
05-08-2019,17.14,42.93,28.66,37.16,17.12,26.75,23.75,21.47
06-08-2019,18.42,52.98,22.91,24.45,13.9,16.37,24.22,20.78
07-08-2019,14.32,40.1,29.87,25.04,12.08,22.32,18.91,22.28
08-08-2019,14.25,44.3,30.92,25.33,14.47,22.44,22.95,24.38
09-08-2019,17.32,37.47,26.17,27.54,18.47,31.92,31.19,23.87
10-08-2019,18.47,48.65,25.43,24.37,19.37,30.76,24.24,31.41
11-08-2019,17.76,56.49,26.21,19.8,18.34,29.17,23.46,30.75
12-08-2019,17.11,56.7,21.46,23.17,16.93,27.38,20.5,31.66
13-08-2019,18.88,53.95,20.73,24.96,13.8,26.48,20.06,30.56
14-08-2019,22.74,60.52,31.43,24.87,16.9,33.82,16.91,31.87
15-08-2019,22.46,41.27,23.58,33.65,15.36,29.88,27.44,33.88
16-08-2019,16.92,37.5,23.59,20.28,14.63,28.9,22.86,28.9
17-08-2019,16.32,31.21,16.51,20.82,17.03,22.75,16.74,24.18
18-08-2019,14.77,37.43,18.03,20.15,14.02,25.48,17.44,26.49
19-08-2019,17.67,31.17,28.06,21.69,15.29,27.8,23.13,27.55
20-08-2019,15.63,22.56,28.41,19.55,13.77,29.39,29.8,21.62
21-08-2019,17.45,24.79,31.18,19.34,15.79,31.7,28.48,19.92
22-08-2019,16.68,26.59,25.95,21.46,18.38,23.62,25.45,22.72
23-08-2019,18.5,18.42,28.57,28.83,18.8,15.35,28.57,26.12
24-08-2019,18.52,31.27,28.17,36.69,19.58,36.34,29.54,30.67
25-08-2019,20.37,21.93,24.22,43.38,20.59,28.31,33.78,31.24
26-08-2019,22.91,35.29,24.07,32.03,19.4,27.54,26.62,26.6
27-08-2019,23.6,38.69,36.98,29.05,22.29,33.53,26.84,30.35
28-08-2019,22.94,51.83,34.34,31.39,23.02,33.95,32.48,27.47
29-08-2019,22.19,34.57,30.97,29.97,17.91,32.09,29.76,26.61
30-08-2019,22.84,59.16,39.25,26.45,17.16,27.47,30.07,26.98
31-08-2019,21.78,39.33,33.71,25.16,13.47,36.29,32.86,19.78
01-09-2019,21.03,40.6,31.24,26.21,14.1,29.59,26.63,18.16
02-09-2019,21.01,55.87,39.18,24.49,14.05,35.53,30.47,16.1
03-09-2019,20.36,49.45,32.5,23.47,12.22,37.42,30.72,15.35
04-09-2019,19.94,50.73,36.13,24.92,13.7,34.66,25.37,16.2
05-09-2019,18.43,42.75,28.87,30.05,16.22,27.08,27.44,12.12
06-09-2019,17.88,41.25,27.22,29.74,14.98,25.25,23.04,13.47
07-09-2019,16.27,44.92,24.58,25.21,14.41,22.34,21.93,15.58
08-09-2019,17.38,20.04,32.4,25.75,17.15,36.4,25.31,17.62
09-09-2019,18.74,36.98,30.84,26.43,14.98,29.69,33.16,15.78
10-09-2019,22.64,68.76,40.53,35.66,16.46,47.73,37.87,24.46
11-09-2019,23.25,61.37,48.95,34.3,15.16,39.01,30.86,20.23
12-09-2019,24.32,55.72,32.08,31.22,14.9,32.4,36.19,22.44
13-09-2019,25.03,59.95,27.33,22.44,15.49,24.44,38.34,23.88
14-09-2019,27.33,56.94,28.64,30.95,16.87,29.66,30.67,20.82
15-09-2019,27.56,58.37,28.58,29.4,20.97,29.3,19.33,19
16-09-2019,25.41,53.64,35.4,24.53,17.92,32,27.36,23.53
17-09-2019,23.88,54.32,41.22,26.48,17.67,38.11,24.31,19
18-09-2019,26.44,57.81,37.19,32.39,25.02,34.61,28.16,19.97
19-09-2019,31.73,49.51,27.34,24.93,16.82,24.05,39.37,19.32
20-09-2019,30.27,57.05,29.76,19.91,16.03,16.88,32.61,20.32
21-09-2019,31.65,53.35,28.51,20.55,16.68,19.62,34.98,23.26
22-09-2019,31.13,59.37,21.15,23.77,19.56,15.38,38.27,20.47
23-09-2019,34.28,58.54,30.49,23.93,16.62,22.41,35.83,20.1
24-09-2019,43.22,45.56,28.92,22.55,18.13,18.54,36.7,20.74
25-09-2019,34.55,28.38,28.53,25.16,17.82,21.18,36.92,25.34
26-09-2019,30.31,48.1,24.16,26.03,16.42,14.4,25.91,26.03
27-09-2019,33.78,44.14,23.54,22.06,14.37,13.83,24.83,30.49
28-09-2019,42.02,37.83,22.22,23.48,17.95,13.44,24.43,36.42
29-09-2019,41.53,39.05,22.84,23.23,15.67,20.21,25.01,32.53
30-09-2019,34.56,41.73,26.67,19.91,13.19,17.29,30.88,29.58
01-10-2019,38.57,64.23,26.15,19.96,17.28,19,29.12,25.66
02-10-2019,40.57,67.72,34.94,23.17,19.45,35.98,34.1,36.25
03-10-2019,50.22,57.6,44.29,22.97,18.98,33.35,31.95,36.78
04-10-2019,49.07,57.91,32.54,21.49,20.09,39.72,45.97,32.22
05-10-2019,31.39,58.15,32.66,31.16,20.03,42.46,41.91,33.96
06-10-2019,37.5,55.94,40.18,31.45,20.61,49.04,42.05,36.08
07-10-2019,34.78,63.42,36.23,29.82,24.25,50.44,31.55,28.73
08-10-2019,46.65,63.92,38.81,35.11,23.99,55.95,33.02,37.35
09-10-2019,40.67,52.84,51.37,31.29,23.27,36.55,43.2,29.73
10-10-2019,34.15,46.63,53.51,30.3,19.34,50.07,36.15,40.39
11-10-2019,34.94,47.37,47.07,28.13,25.15,54.08,49.24,29.86
12-10-2019,29.02,48.3,44.45,32.11,24.66,57.26,48.34,13.35
13-10-2019,22.31,52.17,44.55,43.56,24.03,47.24,49.59,15.9
14-10-2019,20.5,48.79,43.59,35.88,21.06,45.54,51.24,14.38
15-10-2019,23.94,42.02,53.79,35.32,23.86,47.62,48.5,15.67
16-10-2019,25.81,31.95,55.69,33.1,25.33,50.6,52.1,21.96
17-10-2019,20.66,29.34,49.68,36.99,17.79,52.32,63.12,20.8
18-10-2019,24.17,30.63,42.7,27.79,18.67,48.88,56.63,18.36
19-10-2019,20.61,29.19,43.23,26.61,21.13,55.13,43.18,25.87
20-10-2019,26.13,32.64,33.47,23.94,18.41,40.47,51.21,28.29
21-10-2019,22.97,27.49,36.8,29.96,20.2,42.63,40.89,25.61
22-10-2019,22.81,28.67,39.48,28.34,14.93,38.25,38.57,30.12
23-10-2019,17.5,36.29,44.15,26.49,14.48,37.95,30.96,26.67
24-10-2019,21.49,33.34,57.94,26.03,12.59,47.8,53.36,26.54
25-10-2019,19.33,32.03,52.25,32.01,13.74,57.02,58.26,25.26
26-10-2019,19,30.06,50.59,26,15.61,44.97,50.67,23.88
27-10-2019,20.17,32.75,47.27,26.24,17.96,50.71,42.25,27.95
28-10-2019,18.21,27.69,42.79,28.37,20.95,46.49,41.49,26.25
29-10-2019,20.89,33.76,33.2,26.64,19.55,27.04,42.53,27.21
30-10-2019,27.66,28.51,34.86,24.85,19.73,32.35,45.68,31.97
31-10-2019,35.18,30.92,38.29,24.81,20.34,35.38,49.6,39.53
01-11-2019,41.88,29.3,49.77,37.76,19.96,41.66,48.71,27.43
02-11-2019,30.92,30.83,35,49.12,20.79,20.41,60.74,30.05
03-11-2019,34.6,36.51,33.91,55.48,23.74,13.47,45.06,34.48
04-11-2019,38.89,44.21,36.82,47.57,27.88,21.81,40.66,36.96
05-11-2019,34.78,46.2,39.23,41.37,28.26,27.86,38.39,37.51
06-11-2019,55.74,45.94,29.77,24.88,27.88,32.48,49.84,41.04
07-11-2019,54.15,47.64,23.72,29.59,31.05,19.44,54.77,40.88
08-11-2019,42.01,55.69,32.33,32.97,28.77,26.65,63.63,32.8
09-11-2019,41.92,53.69,30.42,31.36,32.63,23.92,62.47,35.34
10-11-2019,41.1,53.81,38.5,26.51,38.45,30.41,68.85,32.36
11-11-2019,57.13,43.01,42.35,39.84,27.21,32.4,66.41,38.87
12-11-2019,46.59,31.9,48.8,47.48,32.11,35.2,70.64,34.03
13-11-2019,43.84,41.66,39.52,42.41,34.16,32.69,64,35.31
14-11-2019,38.82,43.38,26.54,54.08,34.65,24.67,68.85,28.46
15-11-2019,18.93,38.96,37.71,47.44,30.76,50.9,47.29,34.36
16-11-2019,21.06,38.12,31.94,44.06,30.5,38.4,51.04,24.68
17-11-2019,36.16,51.76,27.01,41.61,34.73,35.4,50.32,27.76
18-11-2019,30.81,29.15,30.33,42.89,41.27,42.12,43.58,31.24
19-11-2019,25.97,28.85,31.56,39.72,44.86,33.71,38.21,25.21
20-11-2019,23.22,22.78,38.99,51.19,35.3,44.37,48.96,28.4
21-11-2019,29.31,27.28,48.43,48.28,30.22,47.46,66.03,24.04
22-11-2019,32.59,27.26,41.54,42.84,29.72,44.57,60.61,27.77
23-11-2019,36.87,23.1,25.58,38.32,26.43,34.2,45.18,17.12
24-11-2019,47.58,33.32,29.6,43.71,30.62,47.76,46.3,32.53
25-11-2019,37.89,31.05,31.86,47,32.54,35.98,60.28,29.64
26-11-2019,43.3,33.72,39.21,49.53,32.79,30.19,61.13,33.3
27-11-2019,34.88,39.18,30.2,50.64,28.08,31.37,66.26,32.06
28-11-2019,30.99,32.91,28.72,49.72,27.41,35.71,62.43,29.61
29-11-2019,24.82,27.3,24.66,35.63,28.58,27.64,35.12,27.88
30-11-2019,19.8,31.58,23.38,30.34,24.91,26.31,51.42,22.96
01-12-2019,18.54,33.27,32.28,45.73,23.4,34.45,56.94,24.27
02-12-2019,22.64,23.57,32.54,49.6,22.17,34.14,55.6,27.85
03-12-2019,28.88,26.08,32.57,56.45,20.1,38.16,44.5,21.71
04-12-2019,44.53,34.43,33.48,46.86,30.71,38.59,41.07,26.59
05-12-2019,42.62,33.57,42.41,41.39,27.09,44.68,72.92,32.49
06-12-2019,40.61,33.97,32.34,28.97,30.81,36.28,61.14,58.08
07-12-2019,30.49,20.01,33.69,26.27,33.25,34.34,52.82,39.31
08-12-2019,28.46,20.11,32.51,22.69,27.28,34.74,54.34,40.55
09-12-2019,29.65,19.98,29.47,24.75,24.99,33.01,64.27,43.46
10-12-2019,33.44,20.15,38.14,15.74,24.18,35.58,46.63,45.3
11-12-2019,31.81,24.04,41.46,18.73,26.62,39.18,51.47,40.34
12-12-2019,37.02,24,44.13,16.58,23.84,40.94,79.11,42.26
13-12-2019,35.09,22.78,29.14,19.93,26.76,22.46,37.08,41.61
14-12-2019,28.77,22.61,22.94,20.46,26.37,21.17,41.45,32.31
15-12-2019,34.2,26.83,22.96,17.99,27.3,25.94,42.13,31.46
16-12-2019,30.69,26.19,22.1,18.38,25.47,25.34,40.94,40.86
17-12-2019,30.3,35.26,24.27,18.36,24.37,27.62,30.83,43.04
18-12-2019,32.35,29.67,32.08,17.47,24.3,31.24,33.53,47.89
19-12-2019,26.97,33.87,28.22,13.58,25.57,28.39,36.13,38.84
20-12-2019,28.4,36.82,29.05,12.75,25.49,31.68,34.8,29.93
21-12-2019,37.53,33.86,23.62,17.22,31.18,23.62,35.94,39.35
22-12-2019,45.17,38.89,21.48,13.55,28.57,23.49,38.69,46.2
23-12-2019,43.35,32.21,23.8,12.52,30.37,26.71,35.59,42.96
24-12-2019,37.89,28.38,28.17,11.28,32.49,29.28,47.06,38.6
25-12-2019,32.38,33.18,21.13,11.47,34.33,21.96,32.49,46.83
26-12-2019,43.66,27.5,25.73,16.71,29.67,23.43,28.11,47.93
27-12-2019,39.42,24.11,27.55,34.48,26.83,29.85,29.57,29.09
28-12-2019,37.81,28.28,27.92,25.59,31.39,26.6,36.27,37.06
29-12-2019,43.5,33.22,35.11,29.92,32.58,31.52,29.6,44.11
30-12-2019,44.92,35.08,26.44,29.28,36.01,24.64,37.5,43.56
31-12-2019,45.78,36.95,28.07,26.22,30.96,28.33,30.58,40.43
01-01-2020,37.39,24.79,39.58,26.13,28.71,39.32,54.13,42.93
02-01-2020,33.11,21.31,36.5,23.98,22.23,30,54.38,37.71
03-01-2020,32.98,25.52,27.82,19.37,22.63,17.93,41.04,34.07
04-01-2020,37.35,28.4,29.94,20.27,27.61,20.99,36.18,46.14
05-01-2020,45.1,30.88,30.21,19.38,29.06,26.11,30.41,43.66
06-01-2020,25.22,25,21.99,19.15,26.58,14.87,32.81,36.49
07-01-2020,28.66,28.97,22.82,18.09,27.64,19.03,50.94,35.13
08-01-2020,47.48,29.73,17.63,22.01,26.31,9.61,34.35,35.46
09-01-2020,45.49,27.67,22,28.78,20.13,20.76,45.67,40.21
10-01-2020,39.61,28.3,27.25,29.36,30.67,28.33,50.83,33.62
11-01-2020,40.4,27.22,30.98,30.66,29.76,32.18,40.1,46.81
12-01-2020,37.47,32.45,32.47,30.04,29.52,28.24,46.56,50.65
13-01-2020,46.68,33.52,27.98,24.18,32.27,24.61,37.9,51.15
14-01-2020,47.83,35.37,21.62,34.9,41.27,18.3,44.74,58.43
15-01-2020,55.92,33.57,26.19,17.6,36.53,20.05,47.5,58.14
16-01-2020,59.83,33.34,18.63,30.7,33.42,10.41,48.08,54.89
17-01-2020,43.88,26.76,18.97,30.24,25.51,15.35,39.04,54.29
18-01-2020,24.91,29.02,19.93,16.38,25.43,20.46,39.97,46.57
19-01-2020,29.97,26.29,25.86,14.33,25.09,39.73,50.48,38.07
20-01-2020,35.59,26.38,24.64,20.22,25.95,31.63,46.14,29.1
21-01-2020,36.29,31.09,27.6,23.55,28.47,30.6,53.34,34.92
22-01-2020,32.1,34.26,24.63,21.36,27.79,26.71,54.89,37.51
23-01-2020,31.17,34.64,27.73,28.89,23.8,44.71,49.54,33.38
24-01-2020,29.94,32.88,30.53,29.38,21.9,57.14,43.67,36.8
25-01-2020,30.14,34.13,26.8,28.27,24.01,41.64,39.26,41.96
26-01-2020,36.55,33.78,32.7,23.44,26.27,28.19,38.55,52.55
27-01-2020,42.71,31.54,26.6,23.99,29.09,18.13,58.51,53.33
28-01-2020,47.28,33.41,23.29,34.09,36.31,17.76,45.97,53.45
29-01-2020,50.62,26.05,23.96,36.45,27.33,23.66,53.34,52.46
30-01-2020,37.97,21.78,24.23,29.62,32.23,23.65,44.68,53.25
31-01-2020,47.97,32.79,24.36,28.41,33.28,27.43,42.47,56.73
01-02-2020,43.71,28.75,29.22,24.82,23.6,25.48,48.61,51.58
02-02-2020,39.98,23.73,29.69,26.28,22.37,28.89,56.42,55.43
03-02-2020,32.47,20.76,33.94,23.89,19.82,28.47,54.92,47.23
04-02-2020,32,26.69,41,24.37,22.31,26.02,64.82,44.03
05-02-2020,34.73,30.7,32.03,26.77,20.87,39.12,65.6,41.08
06-02-2020,41.55,33.97,33.75,25.75,22.55,44.36,52.03,46.71
07-02-2020,41.16,27.6,34.75,35.96,28.54,43.74,62.78,40.6
08-02-2020,38.36,29.24,35.72,26.75,22.27,52.62,62.17,48.19
09-02-2020,34.35,31.94,36.29,26.62,17.12,50.82,51.55,51.13
10-02-2020,32.75,34.11,31.92,28.12,24.04,45.46,43.28,52.3
11-02-2020,34.75,28.62,37.22,27.96,30.41,41.76,61.41,46.07
12-02-2020,34.6,30.14,37.86,29.97,27.5,52.01,56.7,44.08
13-02-2020,34.92,23.31,36.8,24.55,28.73,59.5,49.06,43.74
14-02-2020,45.01,37.77,43.62,26.94,25.32,60.62,58.76,48.64
15-02-2020,46.99,31.92,42.21,23.03,27.56,41.7,47.75,50.41
16-02-2020,49.12,21.95,40.01,24.11,34.95,36.29,46.34,46.08
17-02-2020,42.21,18.31,38.6,25.15,29.88,25.93,36.29,52.61
18-02-2020,47.44,24.7,42.7,39.35,29.11,23.02,36.74,63
19-02-2020,49.57,24.71,44.29,40.48,32.27,28.43,49.74,69.11
20-02-2020,38.42,27.14,55.32,55.78,31.14,62.28,58.24,55.25
21-02-2020,40.89,16.21,39.58,55.98,32.66,37.34,54.19,43.76
22-02-2020,37.76,20.66,32.03,37.41,28.48,26.27,48.74,47.92
23-02-2020,49.19,26.85,35.15,21.28,29.68,30.42,61.16,55.44
24-02-2020,43.59,23.61,33.36,26.32,32.78,37.23,59.99,42.28
25-02-2020,50.22,28.52,35.32,39.24,31.4,32.57,51.19,51.43
26-02-2020,36.49,39.14,38.64,37.33,34.42,33.78,65.03,54.66
27-02-2020,41.29,31.47,36.36,35.12,36.84,33.45,67.06,51.53
28-02-2020,46.4,36.16,41.53,42.81,35.27,57.46,64.07,46.5
29-02-2020,47.04,38.15,37.35,47.24,33.3,54.76,64.28,52.67
01-03-2020,49.93,50.11,39.84,42.76,33.69,58.03,72.11,50.62
02-03-2020,48.39,26.4,36.64,37.2,29.23,45.68,70.56,47.03
03-03-2020,61.01,43.88,32.39,38.34,29.24,39.54,72.23,35.92
04-03-2020,52.01,34.39,41.77,42.33,26.06,44.57,75.54,29.52
05-03-2020,53.06,20.27,36.98,38.37,29.33,51.61,66.29,31.83
06-03-2020,50.82,21.65,33.52,38.6,21.86,47.23,54.62,27.06
07-03-2020,37.49,24.05,35.47,39.7,23.93,38.14,40.75,24.6
08-03-2020,40.31,21.36,34.59,37.03,23.97,35.2,62.14,30.78
09-03-2020,45.57,20.12,34.54,36.14,18.94,42.54,64.83,37.24
10-03-2020,50.57,27.37,47.66,31.35,21.56,53.14,76.3,39.97
11-03-2020,50.73,34.46,42.36,35.62,21.78,58.4,73.03,40.62
12-03-2020,49.83,29.98,34.27,45.8,21.14,40.31,53.33,44.33
13-03-2020,42.26,21.73,37.42,34.83,20.64,40.26,51,50.3
14-03-2020,38.8,21.6,29.17,29.84,20.47,38.98,67.46,47
15-03-2020,49.32,30.14,37.25,34.5,22.61,50.33,66.38,43.06
16-03-2020,36.51,21.02,38.38,31.11,19.88,47.56,87.83,45.65
17-03-2020,31.85,30.61,40.59,31.53,20.94,52.03,76.5,41.94
18-03-2020,39.28,49.4,41.73,34.27,20.74,46.04,71.2,41.09
19-03-2020,55.4,40.15,43.16,39.61,24.86,50.39,69.56,45.49
20-03-2020,53.12,31.17,48.23,44.36,29.44,60.03,86.07,45.88
21-03-2020,59.91,45.38,43.19,38.06,28.78,57.23,77.24,42.77
22-03-2020,48.99,46.53,47.67,35.96,26.93,55.11,88.19,45.7
23-03-2020,42.02,31.28,46.48,37.21,28.82,50.47,72.65,40.42
24-03-2020,39.76,35.18,38.23,34.65,28.26,43.6,59.98,42.23
25-03-2020,38.24,37.16,32.11,31.82,28.67,38.79,47.16,38.14
26-03-2020,35.05,36.81,30.59,37.84,29.13,36.85,45.6,42.63
27-03-2020,35.6,33.97,27.38,25.53,33.42,38.52,35.1,53.93
28-03-2020,36.29,16.33,25.06,32.18,36.97,42.37,38.85,49.23
29-03-2020,37.19,34.65,35.75,38.54,36.94,54.46,53.13,36.25
30-03-2020,41.31,33.94,40.26,42.16,36.78,58.39,52.62,35.2
31-03-2020,42.69,35.24,40.96,37.28,37.4,63.43,44.5,40.33
01-04-2020,41.52,36.35,35.06,27.68,35.46,54.79,45.57,36.55
02-04-2020,46.12,37.84,39.47,33.27,33.65,61.46,46.11,38.57
03-04-2020,49.16,38.03,46.82,35.36,31.37,66.52,47.78,46.56
04-04-2020,43.88,38.31,41.26,33.08,26.57,58.64,41.64,44.84
05-04-2020,39.66,37.64,44.55,29.91,27.81,53.97,48.18,37.6
06-04-2020,42.79,32.83,44.16,31.38,25.48,54.3,51.63,30.17
07-04-2020,42.61,30.45,42.65,27.77,34.09,61.31,54.99,34.58
08-04-2020,52.65,34.11,45.8,27.87,36.03,62.85,53.07,51.56
09-04-2020,48.84,32.83,48.34,30,29.65,67.87,56.44,46.01
10-04-2020,47.67,37.08,40.36,37.27,28.05,50.44,53.28,39.11
11-04-2020,45.02,30.16,49.51,29.1,23.3,60.63,50.51,35.92
12-04-2020,47,33.51,50.15,24.84,24.1,67.11,52.32,39.28
13-04-2020,46.22,36.84,41.07,18.6,29.34,53.63,39.86,43.58
14-04-2020,46.63,41.74,40.74,22.11,33.8,47.71,48.44,40.95
15-04-2020,46.04,36.82,38.22,20.48,34.56,45.18,43.41,36.84
16-04-2020,43.3,35.94,41.87,22.13,33.93,55.51,51.39,36.95
17-04-2020,41.22,33.55,53.53,19.8,29.02,73.94,50.1,40.74
18-04-2020,39.05,33.46,49.14,21.16,24.66,71.23,45.98,42.84
19-04-2020,36.3,37.03,40.53,21.52,24.31,62.46,58.19,28.32
20-04-2020,32.7,35.57,32.67,19.7,21.8,37.77,52.65,29.78
21-04-2020,31.78,38.09,48.56,22.41,20.2,66.92,58.62,32.43
22-04-2020,34.71,36.05,46.94,23.51,23.58,62.97,65.96,33.23
23-04-2020,38.1,34.28,43.99,24.39,23.42,55.3,53.95,29.95
24-04-2020,34.36,37.53,47.98,33.12,23.95,63.8,42.34,30.46
25-04-2020,30.95,41.7,54.53,24.99,24.59,73.49,48.04,30.76
26-04-2020,37.25,34.53,47.16,23.97,25.52,62.13,42.95,35.45
27-04-2020,33.06,37.34,53.43,23.11,26.87,67.03,49.23,42.41
28-04-2020,33.9,38.1,58.96,23.16,23.68,74.53,59.58,44.55
29-04-2020,30.77,45,58.57,23.39,29.77,66.09,64.5,38.97
30-04-2020,32.26,42.2,59.55,31.42,32.53,70.1,51.56,39.23
01-05-2020,40.97,50.88,56.81,28.24,27.21,79.99,43.9,34.11
02-05-2020,38.88,46.97,60.45,26.78,30.87,91.17,40.61,40.83
03-05-2020,39.28,45.9,49.04,28.22,30.42,72.95,51.96,38.72
04-05-2020,42.46,41.28,50.56,19.64,32.53,64.94,49.42,36.06
05-05-2020,43.07,42.79,52.12,21.55,32.74,67.79,52.07,42.54
06-05-2020,38.88,47.7,53.95,26.63,31.28,74.54,56.17,37.83
07-05-2020,34.69,43.98,73.11,33.77,26.6,83.29,53.48,29.32
08-05-2020,31.87,48.61,74.28,40.69,29.18,92.2,59.21,24.44
09-05-2020,30.1,42.92,76.32,44.38,31.69,100.91,50.36,26.44
10-05-2020,34.13,46.44,63.71,38.5,26.82,83.27,54.73,30.16
11-05-2020,35.18,40.83,64.6,33.78,27.77,70.79,58.73,24.78
12-05-2020,26.07,45.26,64.1,34.29,24.41,78.92,52.76,26.32
13-05-2020,27.46,43.23,52.2,31.25,25.87,73.47,57.77,27.01
14-05-2020,33.15,48.56,50.22,22.81,25.8,67.65,67.13,28.47
15-05-2020,25.11,43.18,53.08,22.08,27.84,77.07,76.26,34.35
16-05-2020,32.49,38.92,63.12,21.61,30.88,89.44,88.66,43.58
17-05-2020,36.41,39.6,59.79,22.52,31.95,63.65,69.98,48.44
18-05-2020,35.55,43.39,53.55,26.95,35.11,61.06,75.42,47.64
19-05-2020,27.88,48.74,57.05,28.31,33.8,61.72,67.08,37.95
20-05-2020,26.03,46.54,62.34,28.45,29.47,71.92,87.55,31.41
21-05-2020,26.55,57,62.56,35.42,32.1,71,68.88,32.17
22-05-2020,34.42,60.89,55.45,39.65,28.72,53.74,43.33,35.45
23-05-2020,39.84,46.91,41.87,36.74,35.2,51.48,46.8,25.23
24-05-2020,27.7,49.94,53.31,33.04,43.37,55.27,48.84,32.04
25-05-2020,33.26,49.76,54.74,31.37,38.23,55.55,47.5,21.75
26-05-2020,34.72,41.21,38.73,38.78,37.5,34.74,43.71,25.07
27-05-2020,26.83,39.81,66.77,37.29,40.38,69.11,48.85,27.19
28-05-2020,27.7,38.64,55.92,36.68,32.09,73.51,61.95,27.9
29-05-2020,25.16,57.6,47.48,36.09,30.78,70.04,82.35,24.31
30-05-2020,24.01,62,50.29,29.22,32.56,62.58,70.86,26.96
31-05-2020,25.66,47.36,42.29,26.35,25.41,64.29,65.28,34.17
01-06-2020,20.96,49.45,50.57,38.02,30.2,72.06,74.05,23.69
02-06-2020,17.46,53.61,50.06,40.95,29.86,64.49,75.03,16.83
03-06-2020,19.62,59.22,52.16,37.94,18.84,64.22,69.32,14.84
04-06-2020,17.73,60.66,39.14,39.31,21.39,52.81,63.54,8.66
05-06-2020,18.92,55.1,44.83,37.11,20.05,57.47,72.53,9.92
06-06-2020,18.22,52.89,51.46,30.8,17.59,64.64,71.75,23.05
07-06-2020,14.91,56.57,45.4,36.71,17.98,64.41,61.08,27.2
08-06-2020,16.9,46.75,51.77,34.27,16.57,64.5,54.43,24.13
09-06-2020,16.73,55.54,49.14,42.58,20.04,74.49,57.35,20.87
10-06-2020,15.65,41.46,40.8,51.12,17.59,65.41,51.3,19.07
11-06-2020,12.9,46.53,40.63,44.3,13.48,67.71,54.61,16.1
12-06-2020,15.56,52.79,43.37,42.83,15.47,93.6,70.47,12.38
13-06-2020,15.52,51.41,34.95,47.41,16.2,91.81,78.89,17.69
14-06-2020,13.54,52.51,38.86,45.48,17.74,93.14,72.98,23.68
15-06-2020,16.22,51.3,48.39,48.03,15.24,94.84,71.61,21.01
16-06-2020,16.51,56.23,51.4,51.25,13.05,81.32,76.8,17.99
17-06-2020,13.01,53.18,48.72,46.7,14.37,79.58,74.1,15.06
18-06-2020,12.63,73.43,47.98,51.53,13.99,69.32,53.48,19.28
19-06-2020,12.34,52.41,40.95,48.21,12.04,62.43,56.55,20.45
20-06-2020,14.16,61.97,36.24,54.11,13.86,55.44,59.19,20.2
21-06-2020,13.37,59.9,33.92,49.52,14.47,66.63,45.49,20.74
22-06-2020,13.04,71.42,42.76,49.16,15.94,79.1,53.53,23.96
23-06-2020,17.72,69.77,28.64,47.86,16.49,54.24,64.22,26.45
24-06-2020,18.26,70.18,24.77,47.33,20.81,49.35,46.24,23.23
25-06-2020,19.58,69.8,25.92,42.23,23.48,45.86,45.26,27.5
26-06-2020,19.53,66.85,24.82,46.84,24.41,32.75,39.55,30.8
27-06-2020,15.69,68.51,18.88,56.36,24.22,19.54,39.12,29.89
28-06-2020,17.59,77.45,18.05,56.4,22.25,17.28,34.4,27.73
29-06-2020,16.99,62.57,26.61,43.61,19.98,36.5,39.21,25.61
30-06-2020,16.08,68.75,37.29,41.17,17.4,58.07,50.71,26
01-07-2020,15.4,48.37,29.73,36.07,13.2,44.14,53.68,22.1
