Date,Bengaluru,Chennai,Delhi,Lucknow,Hyderabad,Patna,Gurugram,Visakhapatnam,Amritsar,Jaipur,Thiruvananthapuram
31-10-2017,120,75,366,237,128,73,337,116,271,233,72
01-11-2017,141,99,344,312,150,75,353,149,304,256,67
02-11-2017,120,70,305,323,156,145.3333333,331,144,314,210,65
03-11-2017,159,62,310,354,158,215.6666667,335,141,317,171,69
04-11-2017,125,66,345,369,114,286,337,86,318,211,77
05-11-2017,59,58,370,388,91,276,340,82,319,252,67
06-11-2017,49,68,377,339,80,289,332,70,321,244,76
07-11-2017,68,68,532,362,94,286,360,94,252,275,70
08-11-2017,54,74,675,425,105,354,461,85,235,251,83
09-11-2017,70,70,677,495,95,430,590,90,248,208,64
10-11-2017,75,103,597,503,100,439,522,99,295,257,86
11-11-2017,77,146,471,463,123,429,460,148,317,275,74
12-11-2017,69,163,613,386,123,372,472,150,328,270,72
13-11-2017,65,110,561,454,111,345,506,130,311,333,102
14-11-2017,68,91,444,581,111,341,396,93,234,193,100
15-11-2017,66,68,378,444,104,314,363,85,128,199,97
16-11-2017,76,96,357,360,92,250,346,64,131,221,91
17-11-2017,81,108,330,361,82,233,338,63,262,276,99
18-11-2017,64,82,309,341,106,306,330,58,200,220,114
19-11-2017,68,62,297,360,112,310,332,52,206,295,81
20-11-2017,62,69,329,324,86,360,332,74,314,280,69
21-11-2017,60,61,341,316,106,322,328,62,307,157,63
22-11-2017,65,64,348,350,102,335,314,95,318,185,80
23-11-2017,87,126,340,344,133,398,305,120,288,153,91
24-11-2017,82,158,348,336,149,406,329,161,302,230,87
25-11-2017,72,184,347,342,140,406,339,174,322,256,162
26-11-2017,69,136,368,360,147,474,328,175,316,305,230
27-11-2017,58,87,382,342,166,447,365,153,313,304,103
28-11-2017,58,71,360,385,171,407,362,158,306,203,83
29-11-2017,82,75,359,364,164,431,350,138,317,249,86
30-11-2017,68,69,388,411,140,438,328,116,323,249,58
01-12-2017,53,57,377,434,139,480,336,122,324,215,57
02-12-2017,26,71,356,387,135,550,350,165,296,336,60
03-12-2017,54,90,384,389,140,457,338,157,309,234,76
04-12-2017,68,86,415,366,144,415,347,162,266,253,86
05-12-2017,63,76,404,366,128,446,372,207,227,265,85.5
06-12-2017,83,70,330,369,100,481,325,230,206,218,85
07-12-2017,96,143,215,351,122,465,238,195,185,198,84.5
08-12-2017,120,175,220,240,145,407,206,155,298,187,84
09-12-2017,148,156,312,310,142,397,305,104,304,197,68
10-12-2017,133,163,389,389,120,387,346,148,277,182,85
11-12-2017,143,153,406,354,117,366,348,132,162,121,105
12-12-2017,86,126,280,339,144,385,236,159,127,93,139
13-12-2017,75,93,263,352,143,378,222,169,116,113,83
14-12-2017,86,81,276,328,132,314,166,128,126,93,81
15-12-2017,122,95,292,328,126,308,202,125,113,88,124
16-12-2017,119,107,228,325,133,336,226,155,114,89,87
17-12-2017,100,102,195,293,136,365,165,206,133,103,94
18-12-2017,108,97,223,341,140,406,193.5,158,142,153,79
19-12-2017,112,91,291,417,138,441,222,131,126,140,125
20-12-2017,110,78,378,543,151,416,325,124,230,174,71
21-12-2017,131,93,467,486,164,391,343,142,227,130,78
22-12-2017,93,109,370,383,195,346,314,164,143,96,68
23-12-2017,91,89,253,337,180,364,225,251,122,103,76
24-12-2017,70,83,309,339,169,393,320,268,197,147,66
25-12-2017,91,88,398,395,163,384,368,292,235,154,76
26-12-2017,174,113,372,371,164,375,337,296,315,242,94
27-12-2017,99,186,379,425,136,363,354,290,335,194,103
28-12-2017,109,148,398,460,132,533,374,203,298,227,129
29-12-2017,85,95,399,443,184,438,386,160,233,148,112
30-12-2017,77,108,421,362,156,409,372,99,283,174,145
31-12-2017,72,77,451,387,138,396,365,129,321,153,118
01-01-2018,73,89,462,356,122,371,410,131,331,221,106
02-01-2018,86,94,439,320,126,440,495,125,331,206,119
03-01-2018,84,105,405,406,163,417.5,444,132,232,232,99
04-01-2018,86,184,394,389,174,395,354,231,212,225,106
05-01-2018,95,176,398,398,164,418,371,233,215,177,145
06-01-2018,102,158,403,359,158,403,422,231,218,234,155
07-01-2018,104,136,384,387,146,388,410,230,220,183,186
08-01-2018,93,124,314,431,146,432,328,229,223,164,127
09-01-2018,84,121,373,408,160,438,371,150,226,193,137
10-01-2018,75,96,366,398,165,379,367,192,229,239,169
11-01-2018,76,179,318,393,160,364,311,279,231,211,123
12-01-2018,115,156,306,427,155,377,312,305,234,198,157
13-01-2018,101,258,370,432,150,405,356,293,237,260,127
14-01-2018,118,207,365,420,140,399,344,334,310,171,120
15-01-2018,98,147,352,398,143,358,335,320,170,173,162
16-01-2018,92,134,278,359,132,353,231,284,152,141,108
17-01-2018,98,161,350,363,125,391,300,297,144,116,182
18-01-2018,100,129,411,368,129,322,382,189,165,124,163
19-01-2018,104,164,451,433,129,370,377,180,126,190,120
20-01-2018,122,140,351,391,131,266,285,229,129,223,125
21-01-2018,103,180,310,355,133,310,264,224,149,189,204
22-01-2018,96,167,362,384,142,360,304,200,125,171,183
23-01-2018,102,149,343,426,125,367,339,226,123,148,183
24-01-2018,104,164,286,346,121,359,343,217.2,115,181,170
25-01-2018,101,187,267,324,139,300,275,208.4,127,163,132
26-01-2018,98,172,263,333,146,280,271,199.6,118,247,92
27-01-2018,104,161,284,344,167,241,322,190.8,132,171,99
28-01-2018,109,165,334,357,138,382,348,182,124,167,93
29-01-2018,94,155,332,373,140,381,375,176,127,154,112
30-01-2018,99,148,300,344,137,364,309,219,142,219,121
31-01-2018,109,159,271,295,130,448,292,215,150,208,130
01-02-2018,94,135,293,324,129,390,302,179,159,177,144
02-02-2018,118,167,318,321,125,361,328,172,149,168,132
03-02-2018,88,164,277,370,114,342,279,164,168,140,124
04-02-2018,87,123,284,370,104,309,257,169,165,132,111
05-02-2018,81,79,313,312,111,215,288,162,152,153,100
06-02-2018,85,94,324,323,111,168,316,150,130,305,96
07-02-2018,79,78,287,322,125,298,273,136,130,291,80
08-02-2018,80,78,334,299,114,289,324,116,141,208,66
09-02-2018,95,107,375,290,108,236,345,112,138,140,80
10-02-2018,83,113,378,286,113,283,339,99,145,158,71
11-02-2018,76,131,350,266,100,309,324,140,147,204,72
12-02-2018,74,88,218,267,102,323.5,263,136,123,140,82
13-02-2018,78,130,189,239,94,338,196,144,66,146,92
14-02-2018,71,138,217,247,100,302,272,121,58,114,94
15-02-2018,71,99,189,301,113,198,266,134,77,156,99
16-02-2018,70,119,248,359,110,297,319,137,129,174,82
17-02-2018,77,113,277,398,108,316,324,169,137,221,88
18-02-2018,83,133,284,358,116,332,348,136,133,275,105
19-02-2018,82,150,321,386,111,333,331,148,139,198,107
20-02-2018,81,118,335,313,103,331,327,174,162,167,105
21-02-2018,80,146,347,332,107,341,322,156,154,223,112
22-02-2018,82,118,333,394,114,369,318,160,124,254,96
23-02-2018,83,95,331,389,123,346,313,157,123,311,94
24-02-2018,81,88,347,382,106,360,309,195,114,180,93
25-02-2018,69,73,317,348,104,349,305,232,85,148,84
26-02-2018,68,76,170,317,118,353,300,182,102,107,80.5
27-02-2018,71,117,167,181,134,304,296,131,119,130,77
28-02-2018,81,182,274,202,129,312,291,128,133,154,78
01-03-2018,83,234,293,264,124,311,287,142,132,147,70
02-03-2018,87,138,300,236,118,349,264,124,79,118,79
03-03-2018,92,115,244,202,119,232,231,118,73,111,85
04-03-2018,84,113,205,227,122,165,219,115,64,114,98
05-03-2018,86,93,180,187,114,263,156,121,69,105,95
06-03-2018,87,83,170,250,106,209,149,124,73,98,94
07-03-2018,90,113,192,288,108,179,165,115,133,103,97
08-03-2018,99,174,262,340,107,286,200,124,132,100,90
09-03-2018,104,126,316,297,118,265,244,85,112,99,91
10-03-2018,109,128,207,249,122,286,190,114,91,127,92
11-03-2018,106,128,179,219,124,234,173,126,110,113,112
12-03-2018,92,118,236,247,95,291,199,120,128,118,95
13-03-2018,76,153,241,247,88,306,201,112,140,133,89
14-03-2018,75,74,287,317,103,319,188,117,125,126,69
15-03-2018,77,69,314,331,96,342,179,109,119,133,55
16-03-2018,71,78,269,233,115,344,200,99,88,137,60
17-03-2018,74,81,218,273,105,247,208,148,93,124,62
18-03-2018,53,89,177,142,80,203,172,224,112,116,65
19-03-2018,61,88,177,196,93,242,122,168,138,113,74
20-03-2018,97,108,224,225,103,281,161,105,124,115,78
21-03-2018,124,115,302,245,108,309,207,107,106,125,78
22-03-2018,135,93,226,273,126,327,189,110,72,146,71
23-03-2018,127,94,171,218,128,335,148,121,77,113,68
24-03-2018,100,127,183,197,131,225,160,116,79,117,82
25-03-2018,98,117,202,198,135,253,151,106,83,139,82
26-03-2018,100,109,203,151,126,235,156,99,86,121,97
27-03-2018,87,109,246,137,123,293,182,110,90,172,90
28-03-2018,97.33333333,90,293,214,116,312,191,88,84,140,105
29-03-2018,107.6666667,70,238,271,122,326,168,71,97,131,91
30-03-2018,118,69,234,256,120,303,186,73,101,151,104
31-03-2018,104,75,269,201,110,170,210,82,104,140,130
01-04-2018,102,86,217,106,103,143,208,101,108,134,74
02-04-2018,107,67,217,204,84,161,173,95,112,150,64
03-04-2018,98,68,239,300,99,197,148,62,115,181,93
04-04-2018,108,71,244,319,101,226,204,70,119,142,137
05-04-2018,107,81,329,252,92,157,288,72,122,151,72
06-04-2018,108,103,271,153,98,130,220,89,126,145,96.5
07-04-2018,106,84,170,143,93,156,143,95,110,157,121
08-04-2018,103,62,142,102,85,241,148,84,112,158,122
09-04-2018,93,70,133,146,95,195,145,75,138,127,126
10-04-2018,91.33333333,66,205,126,98,211,153,90,96,129,73
11-04-2018,89.66666667,66,179,132,88,184,159,85,77,116,160
12-04-2018,88,61,135,97,83,194,141,59,72,100,62
13-04-2018,65,63,201,91,83,221,145,81,83,97,84
14-04-2018,62,61,233,97,79,188,153,54,107,124,61
15-04-2018,65,59,240,113,73,282,261,66,128,125,58
16-04-2018,61,61,296,180,100,232,323,55,122,130,60
17-04-2018,70,62,266,240,99,218,359,78,99,153,62
18-04-2018,67,56,216,217,93,202,321.8,71,85,149,71
19-04-2018,81,71,242,162,108,235,284.6,66,117,140,66
20-04-2018,85,65,271,231,117,239,247.4,65,94,202,61
21-04-2018,79,66,444,207,122,310,210.2,80,66,434,66
22-04-2018,74,55,302,194,117,237,173,76,78,185,58
23-04-2018,66,65,197,156,90,189,165,87,94,173,65
24-04-2018,82,76,242,160,90,163,182,98,119,124,62
25-04-2018,74,78,287,236,104,322,179,86,148,157,60
26-04-2018,83,89,329,281,94,197,174,76,119,136,62
27-04-2018,103,74,351,226,101,161,166.4,77,138,176,83
28-04-2018,82,62,288,195,94,157,158.8,49,156,179,70
29-04-2018,81,59,259,197,102,151,151.2,60,136,157,78
30-04-2018,100,68,221,162,103,173,143.6,67,149,158,65
01-05-2018,352,92,173,98,116,111,136,65,157,147,61
02-05-2018,114,112,161,108,101,125,126,91,161,168,65
03-05-2018,98,111,167,170,98,126,122,87.5,120,172,65
04-05-2018,73,127,146,94,81,133,94,84,104,150,70
05-05-2018,144,128,174,126,74,165,105,77,123,160,82
06-05-2018,99,77,280,196,83,198,251,70,131,171,58
07-05-2018,151,75,243,209,93,235,181,81,95,176,60
08-05-2018,113,77,252,353,111,219,208,84,82,250,55
09-05-2018,76,94,168,322,112,209,125,102,100,181,67
10-05-2018,65,80,218,250,101,206,176,90,178,153,54
11-05-2018,59,70,292,324,95,195,290,77,252,137,62
12-05-2018,62,74,330,336,96,156,322,119,273,157,54
13-05-2018,60,77,285,301,101,131,300,130,153,152,54
14-05-2018,69,71,174,476,100,232,148,105.5,102,255,56
15-05-2018,64,79,173,164,87,157,137,81,128,204,64
16-05-2018,61,81,194,204,85,143,126,76,127,194,70
17-05-2018,65,82,240,301,106,135,214,79,167,181,60
18-05-2018,92,70,254,289,89,156,231,69,206,156,56
19-05-2018,98,81,270,287,103,165,258,101,149,161,61
20-05-2018,80,66,231,318,117,143,165,76,131,172,53
21-05-2018,71,64,208,426,132,200,167,75.5,127,193,74
22-05-2018,90,82,207,357,120,214,174,75,252,160,65
23-05-2018,117,84,306,257,110,176,274,60,134,199,67
24-05-2018,70,73,303,291,104,139,320,47,102,171,67
25-05-2018,73,64,260,250,119,167,308,44,114,169,84
26-05-2018,76,65,244,242,91,202,289,40,132,174,78
27-05-2018,89,79,268,273,83,165,253,38,134,153,69
28-05-2018,80,77,276,269,87,181,279,56,225,169,83
29-05-2018,67,88,303,246,84,175,323,87,196,170,59
30-05-2018,60,82,272,214,89,148,296,98,113,146,59
31-05-2018,73,85,223,174,93,136,242,103,130,138,59
01-06-2018,68,98,196,139,110,208,216,107,254,150,66
02-06-2018,86,124,183,151,82,152,236,89,200,379,59
03-06-2018,88,98,154,179,83,135,132,90,164,265,49
04-06-2018,60,83,170,225,89,166,144,107,174,190,58
05-06-2018,61,86,160,219,83,163,162,124,164,210,78
06-06-2018,63,79,146,175,84,149,146,101,170,189,70
07-06-2018,70,66,166,127,69,168,150,82,159,132,64
08-06-2018,50,71,180,161,68,115,165,88.5,148,220,60
09-06-2018,52,67,153,108,64,105,182,95,133,160,51
10-06-2018,51,73,153,133,52,138,168,81,128,100,44
11-06-2018,65,73,186,107,53,113,130,82,135,118,48
12-06-2018,50,88,285,125,70,172,283,83,178,169,53
13-06-2018,49,88,453,147,84,139,519,105,221,285,59
14-06-2018,61,91,522,181,86,171,670,126,732,269,49
15-06-2018,83,97,593,240,86,204,531,151,869,264,46
16-06-2018,106,114,531,301,67,208,414,158,695,155,54
17-06-2018,55,86,384,321,67,171,385,147,222,128,47
18-06-2018,69,99,179,279,59,167,329,138.25,158,161,56
19-06-2018,81,90,146,179,50,151,302,129.5,154,162,66
20-06-2018,69,104,175,186,58,142,325,120.75,143,111,59
21-06-2018,64,107,221,228,52,146,393,112,121,160,57
22-06-2018,64,107,249,215,56,166,348,92,126,173,66
23-06-2018,66,102,228,229,56,159,324,79,145,156,53
24-06-2018,64,109,194,157,41,118,283,101,113,132,51
25-06-2018,87,101,168,116,41,139,241,97,113,100,44
26-06-2018,92,112,128,184,41,117,254,104,189,90,55
27-06-2018,60,133,126,136,44,104,99,111,110,94,51
28-06-2018,57,127,99,124,46,85,135,84,86,155,51
29-06-2018,51,98,90,93,65,104,106,76,47,123,49
30-06-2018,66,135,113,83,62,149,86,85,50,135,52
01-07-2018,72,150,102,125,60,116,76,79,94,153,48
02-07-2018,63,150,111,117,53,97,103,95,96,151,46
03-07-2018,63,159,122,111,59,98,102,80,59,94,53
04-07-2018,60,93,128,81,71,83,93,90,83,89,56
05-07-2018,61,97,130,74,68,89,95,100,71,154,51
06-07-2018,65,128,147,110,49,105,114,85,101,155,51
07-07-2018,56,135,155,195,59,131,133,87,107,141,53
08-07-2018,62,80,176,174,62,111,162,88,95,154,46
09-07-2018,66,106,168,132,44,103,216,81,93,157,50
10-07-2018,63,103,140,88,48,92,174,91,88,136,65
11-07-2018,78,97,111,100,54,99,96,83,81,108,53
12-07-2018,56,77,130,89,49,101,115,84,50,142,60
13-07-2018,53,84,109,90,37,116,104,68,60,90,65
14-07-2018,57,76,96,95,42,100,68,91,56.33333333,60,50
15-07-2018,62,92,92,101,58,98,84,68,52.66666667,62,42
16-07-2018,59,79,95,90,72,84,83,70,49,86,43
17-07-2018,60,66,105,84,38,85,103,89,49,67,43
18-07-2018,57,69,114,75,33,90,116,82,55,134,44
19-07-2018,59,79,106,125,45,102,96,69,61,83,52
20-07-2018,52,71,90,94,37,123,92,63,67,81,53
21-07-2018,59,70,114,71,41,93,120,67,64,130,57
22-07-2018,60,87,87,77,55,82,80,81,54,89,64
23-07-2018,65,101,80,76,49,80,84,104,50,57,58
24-07-2018,64,87,101,80,54,88,140,127,74,73,56
25-07-2018,59,68,90,78,52,76,113,123,54,66,49
26-07-2018,65,63,90,77,54,78,87,130,50,114,53
27-07-2018,68,63,68,72,54,98,75,125,37.5,132,50
28-07-2018,59,95,71,83,53,92,45,113,25,117,62
29-07-2018,66,97,100,99,72,72,68,114,46,115,61
30-07-2018,64,78,122,73,87,81,109,118,68,107,58
31-07-2018,62,93,135,84,73,86,112,117.6666667,59,114,64
01-08-2018,66,80,155,41,72,83,138,117.3333333,71,147,70
02-08-2018,68,91,215,55,72,90,242,117,62,158,62
03-08-2018,72,71,228,75,92,95,307,130,67,165,62
04-08-2018,77,79,215,99,90,91,303,142,126,154,67
05-08-2018,77,107,234,210,66,112,339,128,100,153,62
06-08-2018,67,123,166,204,72,104,271,109,66,129,62
07-08-2018,67,96,123,183,54,110,114,106,39,113,63
08-08-2018,60,57,108,99,53,90,93,73,37,118,69
09-08-2018,58,54,102,80,49,98,75,100,40,93,73
10-08-2018,60,63,111,96,48,105,86,107,42,69,66
11-08-2018,56,87,106,94,43,153,96,93,42,79,69
12-08-2018,57,60,92,77,47,140,118,76,43,79,74
13-08-2018,53,60,102,80,42,113,111,78.2,64,82,81
14-08-2018,60,71,122,73,41,122,110,80.4,44,100,92
15-08-2018,59,61,128,122,65,97,196,82.6,49,158,68
16-08-2018,52,53,109,55,40,82,96,84.8,54,115,106
17-08-2018,48,76,109,60,35,87,89,87,59,61,69
18-08-2018,57,126,90,123,44,108,73,72,64,74,81
19-08-2018,59,111,100,144,48,113,86,63,40,75,84
20-08-2018,53,152,138,69,47,100,144,58.5,61,74,93
21-08-2018,69,148,105,82,34,86,139,54,42,79,108
22-08-2018,65,161,91,89,39,91,105,61,41,84,73
23-08-2018,63,74,86,97,40,105,72,74,40,69,62
24-08-2018,62,71,89,88,48,122,76,72,39,87,69
25-08-2018,67,106,100,78,52,105,84,84.5,50.8,70,92
26-08-2018,70,81,85,163,50,107,75,97,62.6,75,112
27-08-2018,62,70,82,183,48,98,80,109.5,74.4,100,114
28-08-2018,64,62,81,72,48,90,69,122,86.2,157,112
29-08-2018,68,58,88,81,53,89,77,118,98,100,57
30-08-2018,68,89,97,72,68,123,72,114,86,111,51
31-08-2018,64,83,127,57,77,106,133,116,72,127,53
01-09-2018,68,65,132,63,70,97,143,108,78,79,61
02-09-2018,66,84,116,69,50,93,128.75,87,65,80,56
03-09-2018,63,83,89,61,48,71,114.5,97,52,60,54
04-09-2018,76,87,118,83,50,83,100.25,107,39,68,58
05-09-2018,78,111,108,107,72,98,86,96,53,94,59
06-09-2018,66,93,137,101,76,110,123,106,70,122,58
07-09-2018,70,108,117,94,82,81,92,118,72,90,58
08-09-2018,63,118,105,87,62,85,70,110,40,89,55
09-09-2018,64,115,86,90,79,159,56,141,33,59,63
10-09-2018,73,68,92,92,86,101,50,129,36,68,63
11-09-2018,90,79,91,101,79,89,59,105,45,80,63
12-09-2018,91,70,96,96,71,90,62,106,46,90,70
13-09-2018,88,86,108,76,78,96,70,121,56,96,68
14-09-2018,94,161,113,84,85,100,77,100,77,104,76
15-09-2018,77,112,126,100,92,116,133,138,38,103,73
16-09-2018,73,97,124,103,101,125,189,154,39,99,62
17-09-2018,74,96,135,130,85,159,245,96,48,93,50
18-09-2018,65,92,154,123,68,184,301,100,63,105,55
19-09-2018,65,80,157,172,79,191,350,119,76,108,53
20-09-2018,79,92,173,173,81,224,346,110,84,120,54
21-09-2018,87,109,155,116,91,98,211,102,86,148,55
22-09-2018,77,108,76,64,62,79,76,77,52,81,67
23-09-2018,87,89,69,82,65,108,85,114,32,54,53
24-09-2018,85,111,63,124,62,130,82,78,22,62,52
25-09-2018,78,107,63,109,84,155,58,86,20,91,62
26-09-2018,85,93,99,93,108,143,79,98,56,135,57
27-09-2018,80,111,151,102,95,145,152,99,91,133,66
28-09-2018,78,54,200,132,92,147,263,66,94,134,62
29-09-2018,75,58,229,224,100,183,320,70,67,174,58
30-09-2018,70,157,176,177,118,191,211,104,68,151,57
01-10-2018,82,82,148,200,128,166,183,157,100,128,64
02-10-2018,67,66,186,191,94,181,199,122,119,125,59
03-10-2018,65,63,160,228,72,209,193,107,122,125,67
04-10-2018,65,66,206,249,79,245,240,117,104,101,72
05-10-2018,62,75,268,226,84,190,286,130,78,101,54
06-10-2018,56,81,237,251,109,197,307,149,83,103,82
07-10-2018,62,65,189,270,124,215,254,153,133,118,62
08-10-2018,73,69,253,272,130,224,280,107,157,116,78
09-10-2018,80,96,269,235,124,299,316,112,106,109,64
10-10-2018,93,164,263,233,128,273,284,112,93,121,70
11-10-2018,110,147,219,262,120,186,245,106,146,178,71
12-10-2018,115,90,163,175,121,109,242,115,129,137,71
13-10-2018,167,82,264,109,118,153,295,122,150,130,67
14-10-2018,116,65,237,170,108,141,293,114,209,142,61
15-10-2018,88,70,253,218,100,221,256,98,203,152,59
16-10-2018,90,68,309,292,105,270,295,98,145,195,63
17-10-2018,75,77,332,306,83,264,301,80,106,151,64
18-10-2018,116,67,330,296,73,301,329,144,118,149,60
19-10-2018,81,91,300,294,74,260,317,181,106,151,54
20-10-2018,71,110,344,246,105,284,362,168,96,180,69
21-10-2018,88,124,325,268,119,302,386,199,115,185,47
22-10-2018,102,218,296,275,125,309,315,236,145,163,68
23-10-2018,119,170,274,273,133,314,307,288,137,117,58
24-10-2018,132,160,354,313,142,301,329,228,152,135,70
25-10-2018,110,140,356,355,128,323,347,177,119,139,85
26-10-2018,101,144,394,342,107,332,375,152,107,146,101
27-10-2018,107,126,396,338,117,325,390,160,124,160,101
28-10-2018,108,115,403,344,120,316,393,182,122,186,119
29-10-2018,103,158,397,329,110,260,380,118,138,212,87
30-10-2018,125,98,456,332,115,302,407,95,144,219,87
31-10-2018,107,78,422,311,117,275,400,63,140,218,90
01-11-2018,92,83,433,307,106,311,402,47,251,195,74
02-11-2018,84,89,391,340,86,334,382,44,137,194,99
03-11-2018,82,65,353,344,58,314,360,38,112,142,88
04-11-2018,74,167,238,321,55,336,288,40,124,169,76
05-11-2018,81,85,424,292,64,351,359,44,99,120,87
06-11-2018,110,72,411,326,80,336,379,74,74,145,123
07-11-2018,97,128,317,332,95,371,279,112,146,141,99
08-11-2018,144,96,452,485,107,449,366,387,237,250,95
09-11-2018,94,133,487,430,114,372,420,142,124,243,93
10-11-2018,96,137,430,412,129,355,386,127,114,258,93
11-11-2018,105,155,454,367,131,362,375,147,158,175,83
12-11-2018,113,185,437,355,127,395,321,214,120,164,84
13-11-2018,143,231,454,394,134,375,339,170,101,202,82
14-11-2018,143,210,361,367,139,411,329,170,129,139,94
15-11-2018,141,135,251,342,133,369,227,139,122,158,130
16-11-2018,88,68,302,282,118,329,294,103,115,210,103
17-11-2018,84,71,292,274,76,321,260,131,156,193,88
18-11-2018,91,78,330,345,57,317,295,107,158,184,93
19-11-2018,77,70,340,371,53,397,289,86,117,132,78
20-11-2018,77,72,367,378,86,404,338,96,125,159,74
21-11-2018,81,65,396,392,129,428,375,97,140,161,75
22-11-2018,73,60,317,341,131,404,306,99,306,201,84
23-11-2018,79,70,356,323,133,377,318,100,134,175,75
24-11-2018,144,162,296,308,148,360,284,102,91,157,73
25-11-2018,142,234,266,294,140,399,272,103,121,220,76
26-11-2018,124,211,349,366,135,405,314,105,135,176,82
27-11-2018,127,141,396,400,138,395,337,106,132,149,149
28-11-2018,127,123,363,387,142,326,277,108,127,175,177
29-11-2018,119,90,384,326,146,355,295,109,130,198,183
30-11-2018,94,79,365,347,139,358,275,111,135,159,106
01-12-2018,86,96,335,361,135,371,267,112,125,180,104
02-12-2018,92,74,329,354,137,415,191,130.75,109,184,95
03-12-2018,73,67,356,327,140,395,222,149.5,101,184,97
04-12-2018,75,80,394,361,154,431,299,168.25,115,154,105
05-12-2018,106,86,374,373,146,416,307,187,127,143,106
06-12-2018,87,87,385,381,123,420,339,213,139,173,103
07-12-2018,90,129,376,362,108,413,369,231,130,163,99
08-12-2018,119,221,366,353,132,404,368,252.5,131,158,100
09-12-2018,128,224,389,353,159,427,280,274,144,168,103
10-12-2018,157,222,431,394,161,424,285,282,131,185,128
11-12-2018,180,196,464,381,158,425,377,233,94,162,178
12-12-2018,179,195,443,362,153,379,389,176,91,127,220
13-12-2018,148,154,264,333,145,392,222,160,90,94,121
14-12-2018,103,86,248,269,144,401,189,145,99,88,105
15-12-2018,85,149,274,235,157,354,176,171,87,80,108
16-12-2018,112,155,295,252,151,334,148,130,102,163,113
17-12-2018,146,89,338,317,141,368.5,172,79,118,109,106
18-12-2018,225,148,370,330,67,403,230,61,138,108,116
19-12-2018,142,90,370,310,54,311,210,49,160,163,181
20-12-2018,130,78,423,349,76,376,288,53,143,205,149
21-12-2018,116,81,422,343,104,490,276,75,110,244,134
22-12-2018,109,82,468,363,127,481,215,91,126,201,118
23-12-2018,87,109,557,414,151,490,292,158,127,154,142
24-12-2018,79,137,577,345,159,404,305,198,149,144,115
25-12-2018,103,150,475,338,153,389,362,230,137,135,114
26-12-2018,118,217,405,346,136,404,321,291,144,122,108
27-12-2018,117,182,458,324,126,409,327,276,154,214,117
28-12-2018,123,160,413,325,131,372,353,255,131,212,139
29-12-2018,124,205,420,339,132,376,360,220,200,213,156
30-12-2018,127,211,484,388,139,430,423,152,174,238,160
31-12-2018,123,150,509,403,134,470,463,215,184,239,146
01-01-2019,128,212,475,413,132,539,450,278,170,275,180
02-01-2019,103,158,501,457,133,568,433,298,176,173,124
03-01-2019,101,167,537,410,141,524,462,319,131,232,128
04-01-2019,106,192,432,374,142,501,384,315,81,203,124
05-01-2019,104,116,440,390,148,520,392,299,77,134,104
06-01-2019,115,186,371,383,149,477,332,304,70,196,109
07-01-2019,120,168,331,246,155,359,279,307,69,179,102
08-01-2019,120,108,340,239,151,342,308,296,64,123,108
09-01-2019,122,185,321,239,146,313,271,320,75,158,137
10-01-2019,120,181,317,270,146,354,210,309,98,141,141
11-01-2019,126,199,401,339,153,455,313,279,101,126,127
12-01-2019,132,183,482,346,154,424,348,291,118,130,126
13-01-2019,125,105,464,396,154,447,342,280,83,174,125
14-01-2019,111,110,320,347,146,405,275,343,80,144,131
15-01-2019,109,115,248,184,147,349,135,281,73,122,132
16-01-2019,113,97,383,305,152,333,298,226,133,175,160
17-01-2019,121,111,515,415,150,449,367,199,135,131,147
18-01-2019,152,140,437,363,148,482,405,274,131,191,126
19-01-2019,122,131,411,310,153,443,349,305,56,243,164
20-01-2019,106,102,480,337,155,441,328,307,54,176,159
21-01-2019,101,98,413,391,132,550,260,313,50,124,176
22-01-2019,145,176,174,350,105,525,143,315,48,131,132
23-01-2019,156,92,186,331,105,396,153,302,42,99,135
24-01-2019,130,99,328,218,112,281,294,281,92,109,164
25-01-2019,109,73,188,341,96,345,161,257,142,129,121
26-01-2019,102,68,231,208,73,352,170,113,122,89,95
27-01-2019,101,70,275,142,72,304,201,101,76,89,94
28-01-2019,99,71,301,204,124,219,213,196,90,118,94
29-01-2019,83,84,297,214,136,235,194,172,98,130,100
30-01-2019,107,120,342,285,108,257,255,160,113,115,90
31-01-2019,132,144,397,334,114,375,309,117,83,100,118
01-02-2019,109,147,329,329,131,412,258,116,58,102,119
02-02-2019,104,99,338,316,118,435,302,205,62,138,107
03-02-2019,101,84,323,354,120,366,232,205,84,159,92
04-02-2019,81,86,301,283,110,336,205,147,113,182,82
05-02-2019,92,115,398,280,115,318,234,228,146,151,81
06-02-2019,120,149,380,374,130,335,269,272,154,151,86
07-02-2019,146,138,233,274,120,379,144,283,98,130,88
08-02-2019,113,87,136,132,114,344,123,277,71,127,110
09-02-2019,134,77,169,204,128,218,125,165,59,115,104
10-02-2019,112,67,277,175,130,208,113,147,126,128,76
11-02-2019,80,77,332,189,118,300,310,126,132,115,71
12-02-2019,84,126,357,253,122,289,302,114,121,107,78
13-02-2019,96,200,372,311,130,329,330,122,164,108,96
14-02-2019,89,283,350,367,127,342,306,182,119,97,91
15-02-2019,103,187,275,304,102,335,186,144,51,115,98
16-02-2019,107,87,288,170,91,264,183,115,62,98,96
17-02-2019,123,93,247,166,101,186,130,109,99,102,78
18-02-2019,116,80,278,161,109,217,171,109,85,112,80
19-02-2019,116,78,232,228,123,314,149,84,44,130,65
20-02-2019,87,66,305,330,87,330,213,82,79,124,77
21-02-2019,85,75,158,271,82,312,111,98,60,130,79
22-02-2019,99,104,191,258,94,331,120,103,92,100,78
23-02-2019,105,101,116,198,115,279,90,118,78,93,90
24-02-2019,110,89,169,139,114,191,103,124,120,113,104
25-02-2019,103,105,221,183,100,202,157,137,128,105,95
26-02-2019,120,279,144,239,117,311,108,148,96,107,93
27-02-2019,115,127,112,196,111,296,86,123,74,85,78
28-02-2019,125,100,198,122,112,112,103,98,82,100,84
01-03-2019,143,102,222,136,120,130,137,73,109,104,88
02-03-2019,107,252,227,274,85,255,155,48,76,103,90
03-03-2019,114,128,172,319,68,308,104,63,46,100,85
04-03-2019,123,76,217,230,80,266,100,78,48,107,86
05-03-2019,118,87,173,228,117,251,100,92,79.5,102,80
06-03-2019,128,111,189,173,136,191,90,102,111,89,66
07-03-2019,152,105,228,220,143,189,149,104,135,112,116
08-03-2019,167,85,220,288,143,199,154,81,96,98,137
09-03-2019,151,90,194,234,122,213,153,80,77,102,106
10-03-2019,100,83,157,198,102,316,107,79,99,111,83
11-03-2019,91,66,190,222,92,244,136,74,85,96,77
12-03-2019,105,89,149,279,97,241,126,105,60,111,99
13-03-2019,113,143,168,207,101,218,145,121,114,105,74
14-03-2019,118,155,281,218,101,195,245,131,106,108,142
15-03-2019,106,100,183,212,104,164,138,130,74,90,88
16-03-2019,108,86,143,130,101,173,116,107,71,92,94
17-03-2019,115,106,198,149,97,221,144,98,119,109,101
18-03-2019,123,86,221,237,93,174,161,98,136,109,88
19-03-2019,113,87,239,212,85,206,197,100,142,107,80
20-03-2019,102,103,234,254,86,205,189,78,86,101,69
21-03-2019,120,138,272,270,95,327,243,74,61,121,79
22-03-2019,122,102,141,139,87,255,144,91,69,101,94
23-03-2019,119,95,131,110,101,188,99,114,82,90,81
24-03-2019,120,83,126,134,111,204,103,101,71,101,80
25-03-2019,97,83,136,190,107,182,114,99,89,112,79
26-03-2019,113,87,162,217,113,134,119,81,95,101,82
27-03-2019,129,81,177,172,107,165,127,71,148,110,89
28-03-2019,148,81,245,215,114,201,193,87,230,128,74
29-03-2019,149,73,273,304,127,204,230,91,139,142,79
30-03-2019,137,81,252,315,132,224,254,103,135,132,82
31-03-2019,135,100,198,261,124,192,193,110,83,116,86
01-04-2019,126,130,153,137,106,149,114,126,87,109,79
02-04-2019,136,126,194,204,114,132,161,108,118,109,80
03-04-2019,135,117,208,291,106,188,183,101,139,125,83
04-04-2019,127,89,260,336,102,178,187,91,110,128,74
05-04-2019,130,100,284,315,93,108,260,96,167,144,65
06-04-2019,130,101,269,232,89,94,282,86,182,137,61
07-04-2019,127,99,315,195,78,140,312,105,122,132,66
08-04-2019,125,98,284,153,80,121,320,81,90,457,69
09-04-2019,149,112,240,155,91,111,243,80,122,199,70
10-04-2019,123,111,263,197,100,133,247,100,114,140,68
11-04-2019,112,110,196,197,87,136,194,86,97,138,83
12-04-2019,130,100,202,278,82,147,220,91,89,258,68
13-04-2019,109,79,175,253,91,148,180,96,78,194,72
14-04-2019,106,76,150,169,102,171,140,99,93,121,72
15-04-2019,111,76,163,150,95,141,166,89,111,124,64
16-04-2019,115,70,206,171,104,116,257,110,126,164,65
17-04-2019,124,73,102,136,91,98,76,114,65,82,61
18-04-2019,127,62,104,115,96,135,58,111,58,86,66
19-04-2019,107,66,151,95,94,187,120,88,87,102,63
20-04-2019,122,81,199,132,69,224,136,71,101,122,65
21-04-2019,106,85,225,230,69,189,173,79,124,124,70
22-04-2019,107,74,246,258,70,127,201,85,158,119,73
23-04-2019,112,74,257,314,96,144,234,72,129,154,70
24-04-2019,108,73,232,223,92,167,253,63,149,157,79
25-04-2019,126,76,251,218,102,204,313,83,91,135,70
26-04-2019,144,75,223,298,108,160,275,116,82,181,69
27-04-2019,150,69,248,222,124,153,296,113,93,151,69
28-04-2019,141,71,269,283,112,197,259,102,125,142,64
29-04-2019,140,75,256,287,103,168,261,85,129,143,70
30-04-2019,124,78,257,287,98,167,288,56,124,153,70
01-05-2019,111,80,285,322,96,149,309,46,106,156,78
02-05-2019,103,78,275,277,111,133,318,50,109,166,76
03-05-2019,112,78,202,151,119,84,209,97,97,149,100
04-05-2019,120,80,182,141,110,106,147,175,97,124,102
05-05-2019,132,79,231,124,106,181,235,160,114,117,96
06-05-2019,131,82,267,112,118,186,230,190,147,138,105
07-05-2019,113,83,310,121,130,210,297,163,119,134,100
08-05-2019,87,75,389,183,133,190,323,166,120,183,76
09-05-2019,106,79,390,197,132,202,395,151,147,218,66
10-05-2019,120,77,333,219,125,223,354,163,198,156,64
11-05-2019,105,126,266,210,121,200,249,140,244,138,59
12-05-2019,101,150,352,164,104,210,367,138,116,206,69
13-05-2019,106,135,376,183,109,151,344,135,174,121,59
14-05-2019,88,145,217,178,98,186,164,129,99,100,59
15-05-2019,96,132,194,198,110,209,173,116,112,184,82
16-05-2019,102,107,192,223,93,156,163,111,101,343,112
17-05-2019,110,102,257,192,109,147,227,125,99,199,121
18-05-2019,121,88,176,167,112,166,119,117,76,169,111
19-05-2019,116,83,168,144,134,220,120,127,100,104,54
20-05-2019,109,76,216,196,120,212,209,117.5,102,107,54
21-05-2019,109,71,206,189,111,200,192,108,90,105,71
22-05-2019,107,80,167,203,109,132,167,115,106,105,67
23-05-2019,102,79,228,189,104,166,195,106,108,96,59
24-05-2019,92,113,151,150,92,100,132,101,79,97,54
25-05-2019,82,124,125,142,112,93,89,109,71,120,62
26-05-2019,91,131,135,125,124,166,96,126,77,98,50
27-05-2019,92,113,163,160,114,196,120,120,77,111,44
28-05-2019,92,132,175,211,112,180,163,106,81,134,66
29-05-2019,112,137,191,175,124,167,157,114,100,109,84
30-05-2019,98,141,226,231,119,169,240,111,123,103,68
31-05-2019,101,156,266,230,105,205,300,103,122,117,70
01-06-2019,89,148,300,167,95,112,304,103,121,116,57
02-06-2019,100,143,222,176,111,136,250,87,124,121,49
03-06-2019,98,161,232,184,91,97,223,97,135,148,46.5
04-06-2019,69,143,212,174,75,128,234,109,148,166,44
05-06-2019,78,153,190,195,86,100,208,88,104,175,52
06-06-2019,78,132,209,205,103,115,244,117,103,145,47
07-06-2019,102,94,192,145,89,121,253,121,79,158,60
08-06-2019,76,126,184,104,78,158,214,109,90,154,51
09-06-2019,66,119,237,151,88,180,233,119,94,137,44
10-06-2019,54,100,230,183,75,155,289,122,98,135,53
11-06-2019,50,116,315,173,60,182,348,99,113,125,39
12-06-2019,51,119,280,144,48,133,327,119,122,95,40
13-06-2019,50,110,189,162,39,184,186,112,101,85,42
14-06-2019,59,91,167,202,40,200,150,101,98,88,43
15-06-2019,69,89,217,225,55,216,185,122,126,100,45
16-06-2019,63,87,205,199,57,172,206,135,106,85,46
17-06-2019,61,80,126,113,60,185,104,109,104,101,47
18-06-2019,70,108,119,114,60,198,141,100,91,101,49
19-06-2019,74,91,173,160,60,142,159,153,153,88,50
20-06-2019,67,88,175,138,54,120,177,126,121,78,51
21-06-2019,64,92,178,164,65,125,152,86,81,91,51.66666667
22-06-2019,67,96,185,207,60,108,190,104,94,123,52.33333333
23-06-2019,66,109,153,112,60,104,137,98,100,135,53
24-06-2019,65,101,118,115,62,89,90,75,96,100,53.66666667
25-06-2019,65,129,131,151,62,93,108,60,65,100,54.33333333
26-06-2019,74,179,161,143,60,115,123,73,66,102,55
27-06-2019,72,69,169,161,38,111,150,98,100,172,53
28-06-2019,72,78,207,199,35,150,182,100,94,168,48
29-06-2019,79,106,223,226,35,117,191,105,127,109,49
30-06-2019,68,123,234,239,39,93,222,80,126,98,46
01-07-2019,65,125,195,124,44,113,173,84,93,102,48
02-07-2019,70,73,202,172,36,106,196,88,86,104,46
03-07-2019,64,174,162,104,46,91,166,107,98,107,50
04-07-2019,65,84,111,94,49,92,74,132,105,87,88
05-07-2019,63,134,113,98,46,101,68,110,77,69,52
06-07-2019,62,85,99,105,42,93,66,80,73,79,53
07-07-2019,69,77,101,107,47,84,72,107,59,66,41
08-07-2019,58,88,129,104,36,96,92,128,67,83,37
09-07-2019,64,92,131,80,43,101,101,128.5,69,104,53
10-07-2019,68,92,150,90,36,87,129,129,89,109,53
11-07-2019,86,76,300,92,40,78,258,108,146,120,62
12-07-2019,71,81,294,91,45,79,238,102,110,103,66
13-07-2019,62,94,312,95,46,83,197,110,142,95,45
14-07-2019,63,80,243,84,36,69,199,106,60,96,44
15-07-2019,65,99,180,114,44,91,192,106,51,96,50
16-07-2019,65,80,117,78,60,107,135,106,73,119,70
17-07-2019,69,77,92,102,68,108,73,143,52,103,55
18-07-2019,73,85,98,88,70,106,67,117,53,98,49
19-07-2019,66,74,142,103,89,112,80,106,64,68,41
20-07-2019,48,84,137,112,64,104,130,89,61,81,49
21-07-2019,64,87,123,86,54,100,88,57,60,81,43
22-07-2019,57,70,124,81,48,109,108,46,71,80,52
23-07-2019,56,73,156,86,48,102,109,49,75,71,51
24-07-2019,60,73,165,78,47,85,133,75,79,67,55
25-07-2019,64,94,98,72,49,83,64,100,70,61,52
26-07-2019,62,85,94,79,50,103,61,78,46,62,57
27-07-2019,55,66,85,67,47,108,72,52,55,73,61
28-07-2019,62,83,83,95,47,93,45,71,55,58,56
29-07-2019,64,77,82,80,42,90,43,53,51,59,70
30-07-2019,58,74,90,75,35,95,50,85,48,56,78
31-07-2019,58,114,90,91,37,94,58,104,47,72,139
01-08-2019,61,105,98,91,41,96,61,113,47,66,46
02-08-2019,59,129,95,145,37,102,64,75,42,56,54
03-08-2019,56,130,104,108,39,120,72,68,45,62,56
04-08-2019,60,126,101,108,36,101,72,83,67,54,45
05-08-2019,53,105,108,103,37,106,69,88,59,74,55
06-08-2019,48,110,99,86,51,145,71,82,56,66,52
07-08-2019,57,65,104,98,46,109,46,52,52,71,55
08-08-2019,53,84,99,107,47,110.5,51,63,61,67,90
09-08-2019,55,70,89,94,46,112,54,90,54,54,53
10-08-2019,49,74,75,92,45,116,52,98,43,48,59
11-08-2019,50,76,83,100,50,116,38,102,53,51,45
12-08-2019,52,112,80,103,63,148,48,90,54,62,43
13-08-2019,68,80,85,116,72,121,60,101,53,74,54
14-08-2019,70,106,93,105,75,103,55,108,50,79,50
15-08-2019,59,105,93,83,58,90,53,113,58,71,51
16-08-2019,51,110,73,81,53,96,41,104.5,50,49,51
17-08-2019,61,82,67,60,69,100,55,96,44,55,52
18-08-2019,67,69,66,64,89,101,49,113,39,55,52
19-08-2019,65,58,99,69,85,122,51,112,45,70,51
20-08-2019,74,68,103,80,82,113,85,108,48,81,48
21-08-2019,73,77,107,74,75,107,117,112,68,83,42
22-08-2019,68,82,125,78,67,126,107,77,77,71,48
23-08-2019,65,52,130,72,65,86,96,109,69,76,45
24-08-2019,57,48,149,78,51,92,115,97,77,66,49
25-08-2019,68,47,107,74,51,93,87,82,80,71,50
26-08-2019,63,57,77,66,52,114,53,95,74,61,51
27-08-2019,61,48,114,85,65,108,55,108,68,65,53
28-08-2019,52,104,119,73,68,92,69,109,84,73,58
29-08-2019,49,51,103,93,65,107,73,102,64,68,48
30-08-2019,53,101,110,104,54,115,59,97,60,73,55
31-08-2019,63,121,123,110,41,144,74,92,70,69,47
01-09-2019,61,122,123,103,44,200,72,87,80,75,44
02-09-2019,48,108,105,102,38,87,66,82,54,64,51
03-09-2019,51,100,131,85,38,155,122,77,79,86,59
04-09-2019,51,146,165,73,35,135,156,72,144,83,52
05-09-2019,56,70,118,72,32,103,104,67,64,76,55
06-09-2019,64,75,96,75,34,138,67,62,55,75,53
07-09-2019,63,105,95,73,32,179,60,56,70,74,58
08-09-2019,62,76,99,63,33,160,96,64,68,72,54
09-09-2019,63,76,107,67,36,181,76,98,70,75,52
10-09-2019,67,111,139,74,39,98,118,111,81,108,48
11-09-2019,62,150,166,76,50,109,167,104,77,103,44
12-09-2019,68,103,158,92,57,98,165,93,79,91,45
13-09-2019,67,78,103,95,49,72,89,96,84,83,46
14-09-2019,70,81,85,77,48,68,83,107,103,71,49
15-09-2019,69,89,83,81,61,94,85,86,85,67,53
16-09-2019,67,100,111,69,65,109,91,83,79,80,56
17-09-2019,120,96,143,69,65,105,112,91,56,88,57
18-09-2019,92,105,117,81,65,102,95,60,75,89,57
19-09-2019,82,95,80,72,56,114,82,43,91,81,58
20-09-2019,67,120,96,86,53,101,82,53,97,64,56
21-09-2019,74,106,112,89,61,109,85,77,90,59,51
22-09-2019,81,126,86,81,61,95,62,44,87,54,50
23-09-2019,91,135,89,72,65,97,72,42,66,57,58
24-09-2019,100,114,103,85,60,97,82,64,61,126,68
25-09-2019,81,93,100,92,49,72,83,84,87,78,74
26-09-2019,64,99,87,70,53,65,75,106,146,55,80
27-09-2019,83,103,78,67,38,70,54,131,96,53,78
28-09-2019,99,105,78,54,44,69,59,110,60,54,64
29-09-2019,93,116,68,52,63,60,49,89,63,66,76
30-09-2019,73,106,75,52,75,70,48,98,48,83,153
01-10-2019,88,109,98,65,87,87,76,93,57,80,109
02-10-2019,92,122,105,66,72,85,89,97,67,81,63
03-10-2019,95,110,140,76,85,94,98,117,84,95,63
04-10-2019,104,72,113,91,81,105,97,114.3333333,55,95,60
05-10-2019,107,78,108,104,71,114,86,111.6666667,60,78,56
06-10-2019,85,145,127,126,82,119,96,109,86,88,62
07-10-2019,88,108,133,146,86,115,91,74,94,106,48
08-10-2019,92,141,123,167,95,111,95,114,132,105,57
09-10-2019,89,114,165,197,92,107,108,97.5,81,108,55
10-10-2019,146,92,208,149,80,103,153,81,77,104,67
11-10-2019,95,87,243,160,70,107,192,100,154,104,58
12-10-2019,90,92,235,162,67,107,172,101,155,106,63
13-10-2019,72,89,282,160,70,120,188,133,179,125,54
14-10-2019,73,86,285,208,88,152.5,241,147,205,128,64
15-10-2019,79,75,291,198,98,185,254,75,104,136,67
16-10-2019,71,64,320,198,98,225,291,83,117,136,71
17-10-2019,75,61,300,222,117,299,289,48,95,127,56
18-10-2019,69,80,265,226,64,313,295,45,94,123,59
19-10-2019,71,75,170,210,54,314,165,52,58,109,61
20-10-2019,56,73,242,260,63,204,223,64,87,120,56
21-10-2019,69,71,254,301,53,237,225,44,110,143,51
22-10-2019,69,69,243,288,71,329,232,62,147,149,60
23-10-2019,66,81,248,280,78,308,223,74,227,193,60
24-10-2019,62,67,335,293,72,330,292,97.5,179,145,72
25-10-2019,65,86,331,235,51,163,308,121,198,163,79
26-10-2019,59,121,315,180,52,113,272,93,234,170,58
27-10-2019,74,306,354,193,59,160,311,132,212,144,63
28-10-2019,88,208,417,356,126,408,396,284,399,355,69
29-10-2019,80,83,419,356,94,364,375,60,309,310,77
30-10-2019,78,84,452,330,82,364,369,81,247,203,68
31-10-2019,68,141,460,364,76,346,374,101,321,143,61
01-11-2019,84,133,591,383,54,356,476,163,313,132,62
02-11-2019,77,76,473,428,66,425,431,134,313,171,69
03-11-2019,89,91,659,431,84,419,607,281,302,247,60
04-11-2019,95,222,532,453,96,395,448,307,288,191,59
05-11-2019,139,261,385,455,155,416,360,271,261,154,66
06-11-2019,169,229,265,353,177,349,221,266,254,139,67
07-11-2019,174,273,296,369,155,346,280,275,212,101,65
08-11-2019,159,294,346,362,131,367,335,169,54,162,65
09-11-2019,116,253,321,332,156,328,316,158,72,220,64
10-11-2019,96,230,339,265,169,265,300,111,140,188,63
11-11-2019,124,192,376,245,122,282,340,105,160,192,69
12-11-2019,96,77,475,307,104,309,425,103,285,209,71
13-11-2019,83,76,532,362,123,358,502,98,358,250,95
14-11-2019,80,92,537,357,125,396,488,107,334,277,136
15-11-2019,77,84,595,342,127,349,548,110,317,248,111
16-11-2019,82,57,438,326,141,316,434,109,259,167,156
17-11-2019,76,122,273,289,131,319,244,96,110,123,61
18-11-2019,72,90,245,187,145,325,142,82,162,104,67
19-11-2019,74,63,251,225,165,311,148,105,322,96,72
20-11-2019,77,47,315,300,181,334,223,152,235,115,80
21-11-2019,86,56,375,330,161,332,318,114,280,120,71
22-11-2019,96,60,377,327,161,374,331,106,157,130,76
23-11-2019,90,64,334,330,159,403,305,112,85,176,91
24-11-2019,79,110,264,292,156,394,234,136,74,145,83
25-11-2019,83,86,269,276,163,400,236,181,108,165,76
26-11-2019,88,77,284,365,176,422,244,226,113,124,93
27-11-2019,89,80,166,373,154,435,123,169,64,109,83
28-11-2019,86,63,106,377,146,403,97,111,44,175,80
29-11-2019,75,53,89,262,129,378,73,87,47,148,82
30-11-2019,75,48,175,178,127,358,103,134,60,118,73
01-12-2019,65,60,257,207,127,315,148,102,89,119,61
02-12-2019,70,49,299,246,92,334,187,106,145,120,72
03-12-2019,76,56,302,275,75,375,265,132,183,120,90
04-12-2019,86,71,313,291,144,381,280,125,220,134,96
05-12-2019,87,93,389,340,172,404,331,137,147,123,88
06-12-2019,103,107,423,362,178,420,381,129,106,138,90
07-12-2019,89,76,382,343,186,345,369,92,121,189,90
08-12-2019,68,69,404,352,156,324,373,64,123,140,76
09-12-2019,70,61,371,308,119,348,350,63,187,127,79
10-12-2019,74,56,377,314,117,376,347,91,291,164,88
11-12-2019,73,72,430,361,125,397,369,97,245,172,91
12-12-2019,77,62,471,348,125,406,391,106,186,162,87
13-12-2019,74,52,322,304,85,361,250,105,43,141,91
14-12-2019,74,68,179,147,78,312,97,85,59,86,78
15-12-2019,68,70,205,126,87,322,144,69,58,86,88
16-12-2019,69,59,202,153,96,331,136,76,55,85,92
17-12-2019,69,62,178,164,120,340,111,128,74,89,80
18-12-2019,82,92,273,170,150,305,168,143,95,136,98
19-12-2019,85,83,354,251,147,310,282,153,107,118,90
20-12-2019,91,106,452,323,151,362,342,140,171,118,97
21-12-2019,95,126,441,366,172,412,352,136,184,129,102
22-12-2019,88,134,351,365,166,462,281,137,96,100,97
23-12-2019,92,92,321,306,157,443,228,154,108,101,96
24-12-2019,89,99,376,315,130,449,303,186,210,108,101
25-12-2019,76,99,384,307,131,336,317,224,141,110,99
26-12-2019,95,110,340,327,128,288,272,120,91,124,92
27-12-2019,98,77,372,326,119,256,334,101,126,145,103
28-12-2019,82,65,425,352,130,298,351,110,156,144,89
29-12-2019,80,92,455,339,158,331,389,133,193,146,110
30-12-2019,93,83,506,320,143,333,423,112.5,155,182,108
31-12-2019,97,84,417,350,107,364,341,92,111,174,92
01-01-2020,82,70,492,442,82,364,429,111,184,154,85
02-01-2020,81,57,485,361,64,372,419,94,196,153,70
03-01-2020,85,74,426,313,64,356,390,97,160,108,72
04-01-2020,95,64,366,245,87,205,308,74,221,111,78
05-01-2020,118,62,354,210,112,183,326,61,156,138,71
06-01-2020,81,61,335,262,125,184,315,72,88,129,75
07-01-2020,75,55,285,308,93,306,234,100,58,106,75
08-01-2020,93,73,281,344,82,349,198,99,46,113,73
09-01-2020,101,79,231,247,84,280,160,153,66,92,74
10-01-2020,94,74,255,198,123,220,160,110,103,90,82
11-01-2020,78,72,309,281,149,186,242,134,87,112,89
12-01-2020,79,83,352,377,140,202,311,181,87,121,83
13-01-2020,106,140,381,377,128,223,328,178,74,126,87
14-01-2020,121,230,314,323,134,343,244,326,64,108,82
15-01-2020,111,168,241,354,119,311,174,258,166,100,97
16-01-2020,114,74,286,294,76,346,247,160,85,92,98
17-01-2020,106,62,287,122,66,261,259,128,121,99,85
18-01-2020,86,65,262,161,69,231,176,79,153,116,68
19-01-2020,66,67,290,138,74,206,214,93,111,114,66
20-01-2020,81,69,282,191,77,172,175,81,111,136,79
21-01-2020,90,85,359,256,84,233,276,51,98,108,65
22-01-2020,87,93,378,356,84,286,313,84,63,106,66
23-01-2020,82,104,273,249,106,263,193,138,63,97,65
24-01-2020,108,123,155,156,125,171,102,156,70,106,66
25-01-2020,100,110,251,267,133,224,138,140,108,114,71
26-01-2020,97,87,349,303,131,265,289,113,107,159,71
27-01-2020,98,78,365,337,128,304,280,114,90,115,71
28-01-2020,102,85,302,325,107,309,245,115,96,94,77
29-01-2020,115,84,218,313,128,279,140,122,55,91,94
30-01-2020,112,87,195,195,126,296,112,105,60,88,93
31-01-2020,111,78,203,147,141,218,112,122,102,90,98
01-02-2020,102,63,244,224,99,204,159,98,127,104,83
02-02-2020,94,55,254,216,77,172,144,67,121.6666667,109,69
03-02-2020,79,63,297,239,76,181,174,76,116.3333333,116,73
04-02-2020,82,74,336,307,71,244,216,82,111,108,65
05-02-2020,86,94,344,278,70,245,285,112,99,106,69
06-02-2020,96,89,277,230,80,226,198,94,121,117,71
07-02-2020,96,75,307,309,80,235,245,94,124,114,63
08-02-2020,105,64,315,248,79,230,260,61,152,110,70
09-02-2020,101,61,310,272,82,218,254,56,282,111,68
10-02-2020,103,58,328,275,68,226,275,50,144,150,215
11-02-2020,87,69,347,267,75,242,316,84,190,132,84
12-02-2020,80,81,343,253,94,231,302,101,133,150,72
13-02-2020,84,93,279,244,122,211,190,150,112,163,73
14-02-2020,111,118,186,192,146,251,128,159,107,147,83
15-02-2020,128,121,174,214,154,176,130,140,106,134,82
16-02-2020,120,82,254,209,140,168,182,120,132,133,85
17-02-2020,99,72,323,283,126,197,256,110,139,159,108
18-02-2020,103,85,292,232,116,184,165,111,128,160,100
19-02-2020,101,84,300,249,112,197,181,95,127,179,98
20-02-2020,94,77,253,227,97,251,170,77,124,104,89
21-02-2020,90,75,170,198,86,253,145,67,92,132,81
22-02-2020,78,76,104,103,72,201,94,92,94,106,92
23-02-2020,81,65,221,173,68,158,187,117,101,107,89
24-02-2020,82,77,169,222,70,167,144,134,113,102,86
25-02-2020,107,81,244,167,86,111,183,90,121,127,89
26-02-2020,104,84,303,97,112,116,241,102,134,115,92
27-02-2020,112,83,270,92,108,149,206,74,127,111,102
28-02-2020,98,75,214,116,97,182,160,97,128,116,93
29-02-2020,95,72,144,147,91,209,127,119,108,110,126
01-03-2020,101,80,105,148,92,194,115,106,76,113,100
02-03-2020,103,76,192,136,95,168,136,116.5,92,95,96
03-03-2020,137,96,226,144,97,194,175,127,101,115,100
04-03-2020,131,84,200,191,106,214,154,127,118,117,107
05-03-2020,117,77,112,182,113,202,104,69,97,88,110
06-03-2020,100,61,82,125,100,148,95,51,68,83,76
07-03-2020,93,69,77,80,85,136,79,45,59,88,64
08-03-2020,91,57,156,91,77,190,115,69,70,92,64
09-03-2020,99,65,138,128,70,182,117,82,75,100,68
10-03-2020,93,61,186,163,65,232,160,69,96,96,73
11-03-2020,95,76,128,165,62,179,114,64,107,90,74
12-03-2020,97,65,125,112,78,163,115,61,89.5,104,74
13-03-2020,90,72,170,111,79,163,134,57,72,144,87
14-03-2020,86,74,131,74,75,120,118,82,69,199,85
15-03-2020,88,79,124,96,82,83,119,97,79,132,60
16-03-2020,79,66,148,86,71,125,155,103,95,127,62
17-03-2020,77,76,164,134,67,145,181,104,106,133,74
18-03-2020,78,92,162,164,67,156,178,105,110,123,67
19-03-2020,91,88,191,183,87,163,175,134,107,122,68
20-03-2020,100,95,209,252,79,135,176,91,111,116,77
21-03-2020,103,80,205,219,84,210,154,66,96,108,71
22-03-2020,99,71,198,128,102,205,168,62,93,100,66
23-03-2020,85,73,127,122,73,151,124,72,78,90,65
24-03-2020,106,57,124,207,66,177,122,98,86,92,57
25-03-2020,70,58,92,237,60,166,86,123,64,73,68
26-03-2020,61,54,93,108,59,152,65,69,66,57,70
27-03-2020,67,59,76,77,65,146,59,91,71,52,74
28-03-2020,70,55,51,73,70,122,62,90,54,67,78
29-03-2020,66,53,64,64,75,92,68,86,60,71,60
30-03-2020,72,50,74,69,72,92,80,69,67,72,52
31-03-2020,68,60,81,85,68,106,80,84,69,70,70
01-04-2020,64,75,80,116,87,156,81,64,65,79,55
02-04-2020,70,74,78,115,88,140,81,73,63,71,61
03-04-2020,82,72,84,81,73,120,95,68,61,74,60
04-04-2020,74,67,90,71,67,125,93,71,58,76,66
05-04-2020,77,66,103,91,66,127,99,54,60,79,60
06-04-2020,65,57,134,90,64,140,106,51,58,79,59
07-04-2020,62,55,100,75,77,142,94,46,56,80,53
08-04-2020,67,55,91,77,56,132,96,37,54,78,61
09-04-2020,65,55,89,94,59,144,101,49,51,78,63
10-04-2020,76,80,111,81,62,144,105,69,49,76,56
11-04-2020,70,60,126,121,55,150,127,51,47,79,55
12-04-2020,64,59,102,151,61,160,107,43,45,86,58
13-04-2020,72,64,119,93,68,149,114,55,52,83,63
14-04-2020,72,65,134,157,74,143,122,68,59,113,66
15-04-2020,74,62,152,138,74,158,138,66,68,100,52
16-04-2020,66,65,172,160,70,130,157,76,61,93,50
17-04-2020,74,65,123,211,74,134,120,74,45,120,62
18-04-2020,94,56,102,140,75,140,107,59,43,125,56
19-04-2020,67,59,95,125,67,143,109,55,44,110,49
20-04-2020,53,59,115,91,58,131,99,47,51,76,46
21-04-2020,65,61,102,81,54,119,105,48,47,77,53
22-04-2020,71,60,122,84,50,110,120,37,48,85,51
23-04-2020,63,56,129,112,53,122,113,36,56,78,50
24-04-2020,69,58,143,142,63,118,124,36,68,68,59
25-04-2020,66,67,121,120,62,118,121,34.33333333,74,69,53
26-04-2020,61,66,119,95,71,104,113,32.66666667,60,85,58
27-04-2020,59,60,98,69,56,109,103,31,51,74,63
28-04-2020,71,68,105,64,56,98,118,47,56,79,60
29-04-2020,62,69,123,74,51,111,126,49,72,84,57
30-04-2020,61,70,128,83,59,118,141,61,102,132,57
01-05-2020,74,71,140,82,67,129,155,56,118,119,54
02-05-2020,72,70,127,67,54,140,152,62,118,100,55
03-05-2020,71,71,110,63,70,147,126,90,91,107,58
04-05-2020,79,66,92,73,77,148,94,65,61,85,55
05-05-2020,91,81,117,83,71,149,130,55,77,82,63
06-05-2020,85,78,139,64,73,129,143,41,75,75,66
07-05-2020,82,73,140,73,59,139,138,51,60,81,59
08-05-2020,73,76,138,77,65,171,144,48,71,89,61
09-05-2020,76,65,142,103,69,191,166,51,87,112,63
10-05-2020,78,69,127,122,65,256,154,46,94,110,63
11-05-2020,77,66,113,140,83,138,113,61,75,125,66
12-05-2020,82,68,122,106,74,124,133,45,61,91,65
13-05-2020,66,69,132,143,64,146,133,49,67,132,47
14-05-2020,66,77,154,107,60,176,147,50,95,124,53
15-05-2020,73,70,125,142,60,124,155,44,52,100,58
16-05-2020,74,82,175,143,67,141,208,32,61,116,59
17-05-2020,70,68,202,107,70,239,184,23,75,106,60
18-05-2020,68,76,222,151,72,167,160,26,76,121,64
19-05-2020,72,82,238,113,93,137,160,52,65,136,62
20-05-2020,79,90,196,209,106,119,167,141,68,127,56
21-05-2020,70,92,149,152,109,105,141,145,80,110,48
22-05-2020,68,102,199,158,114,102,152,117,115,119,48
23-05-2020,72,77,202,164,122,95,146,79,106,143,39
24-05-2020,66,81,174,134,116,112,150,80,74,140,46
25-05-2020,70,79,157,173,102,119,139,74,69,124,50
26-05-2020,66,79,153,147,89,110,140,67,81,119,47
27-05-2020,75,77,156,205,87,116,162,54,77,126,56
28-05-2020,74,79,174,135,86,121,202,100,81,145,56
29-05-2020,66,112,129,78,84,95,166,87,67,150,54
30-05-2020,72,105,84,97,65,104,86,81,63,115,54
31-05-2020,61,88,80,81,67,105,105,40,48,82,50
01-06-2020,49,101,100,85,55,110,133,85,43,93,42
02-06-2020,40,95,123,99,79,117,156,50,65,106,48
03-06-2020,42,76,123,110,38,111,135,88,478,94,35
04-06-2020,43,99,144,142,33,106,130,71,193,84,32
05-06-2020,55,81,126,100,38,97,121,93,56,89,38
06-06-2020,55,92,102,84,58,82,110,101,41,84,35
07-06-2020,55,128,104,70,64,88,122,82,42,80,35
08-06-2020,55,85,112,77,54,100,133,115,51,79,41
09-06-2020,58,87,138,148,57,106,141,96,77,90,41
10-06-2020,70,80,154,193,48,111,135,92,80,85,46
11-06-2020,59,106,142,183,42,100,122,90,79,92,46
12-06-2020,49,169,152,166,42,86,147,84,89,103,49
13-06-2020,50,112,132,117,38,85,158,81,104,108,52
14-06-2020,49,80,147,91,32,60,157,88,87,96,38
15-06-2020,47,79,130,79,33,56,155,92,103,97,45
16-06-2020,55,86,126,76,31,53,128,83,110,108,51
17-06-2020,57,96,110,73,29,53,128,90,117,108,58
18-06-2020,65,112,107,75,30,63,122,71,117,110,57
19-06-2020,65,109,132,70,37,60,148,110,131,108,50
20-06-2020,56,152,158,78,52,62,172,74,120,121,43
21-06-2020,52,140,105,71,56,60,132,92,120,96,42
22-06-2020,49,106,104,64,60,60,134,95,72,80,40
23-06-2020,56,109,85,72,51,74,108,100,125,80,50
24-06-2020,63,102,71,90,51,84,86,86,130,72,70
25-06-2020,63,108,86,116,52,88,102,77,59,76,58
26-06-2020,58,95,104,81,52,71,122,47,83,172,46
27-06-2020,51,95,112,74,58,65,121,41,74,89,42
28-06-2020,61,98,196,77,49,82,153,70,85,75,43
29-06-2020,65,104,233,65,47,88,140,68,49,69,49
30-06-2020,63,110,114,69,46,93,131,54,66,79,40
01-07-2020,43,92,101,76,48,98,157,50,78,70,41
