Date,Bengaluru,Chennai,Delhi,Lucknow,Hyderabad,Patna,Visakhapatnam,Jaipur,Thiruvananthapuram
01-10-2017,1.37,12.04,14.66,16.22,2.95,19.34,0.05,0,1
02-10-2017,1.8,9.25,12.1,22.14,4.8,19.88,0.07,0,0.48
03-10-2017,1.81,9.16,11.47,32.38,9.81,39.73,0.05,0,0.83
04-10-2017,7.5,11.83,14.09,23.2,11.72,45.4,0.11,51.05,0.97
05-10-2017,21.6,13.9,13.8,36.06,11.45,41.89,0.03,35.78,1.18
06-10-2017,17.21,14.66,12.19,31.85,8.09,42.64,0.04,40.28,0.68
07-10-2017,17.23,12.3,14.27,37.13,12.33,23.05,0.06,35.25,1.56
08-10-2017,14.42,12.53,14.05,31.31,10.59,40.39,0.03,34.28,0.99
09-10-2017,15.19,18.35,17.82,35.01,6.49,35.55,0.04,35.86,1.8
10-10-2017,14.78,12.65,13.81,41.09,6.08,40.18,0,37.68,0
11-10-2017,17.4,14.11,14.22,22.52,4.63,109.78,0,31.06,0
12-10-2017,16.24,16.1,12.39,29.05,5.04,28.26,0,27.22,0
13-10-2017,16.58,20.74,14.41,46.9,3.15,25.66,0,33.94,0
14-10-2017,15.1,17.57,23.78,29.84,3.74,19.4,0,40.95,0
15-10-2017,18.62,16.49,15.25,41.41,3.41,47.92,0,66.35,0
16-10-2017,15.09,18.07,40.14,65.79,3.45,39.43,0,90.36,0
17-10-2017,21.29,23.85,49.91,57.02,4.69,44.39,0,72.9,0
18-10-2017,23.66,26.48,55.52,71.46,5.58,44.95,0,37.33,0
19-10-2017,21.72,27.96,53.32,33.42,10.71,33.57,0.13,31.03,2.91
20-10-2017,22.47,14.79,47.28,29.91,3.38,42.2,0,34.68,0.1
21-10-2017,16.86,14.83,49.3,25.23,5.46,29.46,0.03,39.87,0.6
22-10-2017,14.94,14.45,31.89,56.2,2.55,60.74,0,46.75,0
23-10-2017,17.72,16.93,63.05,84.66,5.48,92.02,0.12,25.84,1.41
24-10-2017,25.27,16.04,87.22,70.3,2.17,91.32,0,36.92,0.1
25-10-2017,26.42,16.63,57.55,84.92,1.55,72.98,0,60.91,0
26-10-2017,22.64,18.49,63.21,108.75,1.84,40.44,0,38.37,0
27-10-2017,19.54,16.51,52.4,98.16,2.33,41.76,0,47.29,0.13
28-10-2017,22.25,15.98,60.5,113.9,2.4,94.11,0,66.65,0
29-10-2017,21.46,14.75,57.94,45.39,4.19,55.14,0,45.42,0
30-10-2017,16.63,16.25,64.94,55.14,0,69.64,0,37.63,0
31-10-2017,24.36,14.16,75.68,62.96,32.64,29.03,0.21,48.24,5.92
01-11-2017,47.53,9.72,43.9,36.76,36.6,0,0.17,90.2,5.43
02-11-2017,50.52,10.8,56.86,44.44,27.41,26.02,0.14,112.11,6.32
03-11-2017,62.33,13.65,60.96,46.54,27.54,67.76,0.09,66.96,7.04
04-11-2017,27.96,18.14,74.75,52.5,23.05,122.4,0.14,28.03,6.78
05-11-2017,23.52,11.65,97.76,66.41,19.93,84.83,0.15,41.78,5.13
06-11-2017,22.24,15.71,96,60.42,25.12,63.09,1.65,90.88,7.88
07-11-2017,25.13,20.32,103.77,58.14,29.83,58.85,4.45,92.25,7.73
08-11-2017,25.46,14.1,104.65,66.12,24.69,84.36,11.07,80.23,9.29
09-11-2017,26.42,14.27,104.52,82.14,25.68,79.33,12.03,107.75,7.43
10-11-2017,20.93,15.3,109.98,63.79,27.05,203,4.18,93.27,8.01
11-11-2017,24.53,13.12,117.92,44.84,29.64,132.18,0.81,85.19,6.76
12-11-2017,24.2,11.81,104.82,30.59,29.99,70.91,0,94.28,7.04
13-11-2017,22.14,19.88,105.48,76.25,27.59,114.74,2.73,95.44,9.57
14-11-2017,20.53,19.35,75.36,116.02,28.97,166.51,12.06,28.69,9.06
15-11-2017,17.34,28.29,79.14,69.47,25.3,78.83,12.59,23.64,8.28
16-11-2017,23.09,31.03,82.34,70.19,27.1,50.08,11.94,21.08,9.24
17-11-2017,18.76,19.05,70.95,45.63,25.49,75.54,14.19,25.35,8.57
18-11-2017,22.57,18.68,50.62,37.86,24.83,136.55,11.36,25.1,7.32
19-11-2017,25.1,14.12,55.24,35.5,25.29,87.81,5.82,26.36,5.33
20-11-2017,25.05,14.46,64.19,31.15,25.21,39.46,10.34,23.93,6.73
21-11-2017,26.66,16.24,75.18,34.77,28.86,38.81,8.28,31.51,6.92
22-11-2017,28.5,18.52,74.09,42.64,22.12,42.31,9.69,43.67,7.9
23-11-2017,28.13,25.94,70.15,43.51,28.39,25.56,22.58,70.95,8.42
24-11-2017,30.94,26.61,82.97,43.54,23.41,47.96,21.16,102.15,8.4
25-11-2017,34.88,22.93,88,59.61,24.28,36.7,25.13,101.31,10.9
26-11-2017,33.72,15.45,101.44,40.24,31.34,19.86,17.64,116.25,7.43
27-11-2017,34.14,16.55,87.3,41.65,33.05,14.26,28.9,99.29,8.96
28-11-2017,34.51,16.62,93.71,55.7,36.36,25.02,41.05,125.28,8.6
29-11-2017,26.59,19.6,132.94,130.14,29.33,45.99,32.46,107.63,6.23
30-11-2017,22.72,14.21,108.26,101.26,30.5,48.46,25.48,98.2,3.79
01-12-2017,21.32,14.07,94.55,124.68,26.11,28.65,30.94,76.07,5.23
02-12-2017,23.42,16.1,102.69,79.94,23.91,45.69,19.62,59.86,5.93
03-12-2017,29.32,15.55,99.76,72.57,25.61,18.58,16.66,68.91,6.47
04-12-2017,30.26,16.56,101.07,60.04,24.68,21.4,23.34,64.01,5.83
05-12-2017,25.19,14.06,104.85,42.85,20.52,25.66,45.6,44.14,6.663333333
06-12-2017,28.15,15.27,68.08,36.02,20.6,24.32,44.64,29.58,7.496666667
07-12-2017,31.84,18.02,39.33,33.79,27.61,14.62,24.99,27.11,8.33
08-12-2017,50.17,21.07,3.63,38.04,22.87,17.91,26.84,17.66,4.38
09-12-2017,44.62,20.82,9.06,77.61,22.57,129.42,31.93,23.45,4.48
10-12-2017,38.79,18.97,16.38,79.86,23.47,107.68,42.5,11.05,4.7
11-12-2017,41.9,16.3,13.13,68.51,32.65,114.79,32.49,6.04,4.77
12-12-2017,33,20.09,3.04,77.96,42.71,67.03,40.7,8.84,4.79
13-12-2017,28.17,14.83,2.59,41.47,33.14,57.63,52.74,7.96,4.97
14-12-2017,34.18,18.59,2.33,31.95,22.84,47.53,14.13,6.9,6.01
15-12-2017,67.93,14.2,3.26,33.77,23.42,43.36,25.01,6.8,5.85
16-12-2017,29.85,18.54,2.87,31.24,31.68,35.74,66.71,7.71,6.2
17-12-2017,31.65,13.79,2.44,42.28,31.63,20.69,49.16,12.71,5.38
18-12-2017,39.92,15.45,2.15,47.82,23.1,65.97,39.63,9.39,5.17
19-12-2017,31.68,16.64,4.37,95.55,32.53,53.79,27.22,20.4,4.64
20-12-2017,88.57,18.2,5.96,131.19,48.21,51.81,37.01,20.68,4.7
21-12-2017,69.84,17.48,3.57,65.06,50.51,11.85,25.28,15.07,4.16
22-12-2017,77.93,21.68,2.69,35.32,55.73,45.13,51.86,17.08,4.65
23-12-2017,37.69,20.49,3.61,51.76,42.69,75.53,55.38,32.12,3.93
24-12-2017,17.8,19,9.75,52.15,41.56,32.78,40,19.04,4.2
25-12-2017,14.41,16.38,7.06,41.29,36.68,53.5,26.44,24.54,3.95
26-12-2017,20.89,23.35,6.18,52.01,34.06,25.24,45.4,18.38,4.26
27-12-2017,26.75,19.01,9.76,64.87,34.05,28.9,42.58,15.77,6.49
28-12-2017,25.49,27.14,11.62,73.3,39.96,14.52,55.3,31.67,6.41
29-12-2017,27.48,20.07,10.69,50.17,45.17,8.19,35.2,44.81,7.53
30-12-2017,24.2,21.65,15.32,44.54,47.61,35.53,19.08,27.74,7.23
31-12-2017,24.62,10.97,23.13,37.95,43.33,38.14,13.63,21.26,5.08
01-01-2018,22.62,11.72,11.79,28.79,36.98,29.5,13.89,30.68,6.13
02-01-2018,21.46,13.17,4.26,40.59,31.23,16.12,16.24,30.26,5.59
03-01-2018,25.24,15.62,2.87,28.67,28.9,68.3,41.16,55.09,7.11
04-01-2018,25.4,14.55,4.24,34.5,40.67,29.69,98.05,45.46,10.52
05-01-2018,27.28,14.05,4.57,39.93,41.36,13.2,66.2,41.07,9.62
06-01-2018,26.54,13.34,8.53,50.65,40.73,47.68,92.21,51.15,10.12
07-01-2018,24.43,13.8,4.99,49.26,36.43,67.77,79.46,36.34,6.9
08-01-2018,24.61,13.71,5.28,40.75,33.01,61.93,52.99,56.41,10.93
09-01-2018,22.08,11.96,10.36,44.62,33.53,25.19,19.04,51.81,11.15
10-01-2018,20.93,12.39,3.98,39.3,33.57,53.95,48.04,73.06,9.77
11-01-2018,31.34,14.8,3.47,42.21,36.87,52.96,64.86,74.17,9.68
12-01-2018,24.24,15.35,3.73,40.61,43,65.07,65.57,54.8,9.51
13-01-2018,28.98,20.98,3.2,59.1,41.95,39.86,38.32,95.22,9.35
14-01-2018,30.63,14.32,1.87,65,40.04,15.67,62.89,31.18,7.08
15-01-2018,20.85,10.79,2.15,70.75,23.11,46.99,41.32,20.46,9.49
16-01-2018,26.35,10.75,3.92,33.04,25.41,82.87,38.84,15.77,10.75
17-01-2018,23.5,15.27,34.61,43.64,28.58,23.04,37.54,10.69,10.02
18-01-2018,24.32,18.85,85.75,57.82,38.39,20.22,47.89,25.55,8.88
19-01-2018,23.41,17.57,81.11,104.19,38.21,49.99,56.92,31.11,10.15
20-01-2018,23.33,17.79,53.34,43.51,42.06,39.44,62.16,31.71,11.55
21-01-2018,20.26,16.88,63.87,47.75,37.92,33.14,58.52,46.95,8.2
22-01-2018,19.57,16.82,72.5,60.5,31.43,29.03,51.08,28.63,10.76
23-01-2018,20.22,18.15,67.65,81.59,27.83,52.97,94.82,32.81,9.58
24-01-2018,28.47,18.6,56.27,29.79,26.3,24.81,74.7525,48.47,8.48
25-01-2018,20.55,18.91,48.6,24.61,38.56,10.36,54.685,61.77,7.51
26-01-2018,18.82,16.01,57.6,26.22,37.18,6.68,34.6175,57.18,8.92
27-01-2018,21.59,16.59,60.99,26.06,34.93,38.14,14.55,55.53,7.61
28-01-2018,18.06,15.9,73.57,31.53,30.72,20.84,37.57,50.91,8.7
29-01-2018,20.86,16.29,74.45,33.49,28.63,14.09,34.35,45.22,10.13
30-01-2018,18.96,18.79,51.3,27.1,33.46,67.17,62.06,67.01,7.84
31-01-2018,20.81,21.61,48.06,21.7,44.33,39.23,48.88,50.6,8.93
01-02-2018,31,20.84,67.65,27.21,63.29,10.81,46.23,44.29,6.26
02-02-2018,25.09,18.15,71.59,50.47,53.44,9.66,53.53,31.11,5.83
03-02-2018,19.43,22.82,64.81,85.06,33.42,78.6,61.32,25.56,10.17
04-02-2018,17.81,16.68,56.52,24.26,25.66,53.8,55.05,28.55,7.77
05-02-2018,19.56,17.01,78.45,24.02,29.17,20.35,56.53,30.15,7.76
06-02-2018,17.18,18.16,67.62,24.7,40.94,12.17,66,24.59,7.45
07-02-2018,18.77,15.07,55.33,27.97,56.56,10.46,45.16,26.28,7.41
08-02-2018,32.12,15.81,86.77,27.34,42.94,9.28,39.76,31.33,9.07
09-02-2018,26.93,18.28,84.22,26.29,38.89,8.94,42.5,26.43,9.72
10-02-2018,25.66,17.07,86.85,34.48,32.19,8.22,30.27,19.86,7.92
11-02-2018,14.77,14.25,82.24,55.4,17.89,11.26,15.38,17.21,12.65
12-02-2018,15.02,12.66,42.62,29.17,12.99,13.92,0.3,20.32,11.58
13-02-2018,12.96,16.55,72.84,26.82,16.16,13.57,0.38,32.45,11.81
14-02-2018,13.54,17.53,44.75,20.07,22.99,9.93,2.22,32.95,11.2
15-02-2018,15.35,16.78,47.11,22.13,29.9,8.84,9.43,38.92,12.31
16-02-2018,22.24,12.52,60.03,21.53,33.77,10.1,5.75,54.9,12.37
17-02-2018,23.18,10.31,60.9,25.88,39.91,25.73,0.98,78.06,11.31
18-02-2018,15.17,13.46,67.43,30.06,39.49,29.26,0.6,55.76,9.13
19-02-2018,17.17,11.8,88.37,30.55,26.69,16.43,1.04,61.35,11.44
20-02-2018,16.61,12.05,87.59,39.68,25.68,36.75,13.07,87.92,11.74
21-02-2018,20.66,11,94.31,85.51,28.9,22.49,46.12,86.83,12.2
22-02-2018,26.13,12.53,90.58,55.94,29.91,16.93,49.93,77.43,10.8
23-02-2018,19.82,11.96,92.54,74.73,30,9.39,44.85,73.15,12.02
24-02-2018,15.15,9.91,80.95,52.21,27.02,10.54,117.99,65.37,11.06
25-02-2018,13.05,10.8,59.15,26.11,33.9,8.73,102.86,41.26,10.32
26-02-2018,23.09,13.45,43.27,23.22,52.86,7.83,49.45,47.11,9.58
27-02-2018,20.8,12.95,56.44,30.83,52.81,7.74,40.83,42.66,9.49
28-02-2018,25.1,14.34,78.41,36.52,54.05,8.48,49.76,43.46,10.1
01-03-2018,20.33,12.58,79.9,34.48,46.13,25.26,43.38,36.96,9.56
02-03-2018,21.33,11.87,78.23,29.24,37.83,10.7,36.46,40.16,8.43
03-03-2018,26.83,10.47,59.03,28.02,27.24,5.18,36.56,54.25,8.42
04-03-2018,31.34,11.96,56.08,33.09,32.28,7.78,38.14,49.83,8.38
05-03-2018,39.95,10.3,56.62,28.16,27.82,6.73,35.96,40.93,8.7
06-03-2018,29.06,15.17,44.67,27.32,23.52,6.29,28.18,51.47,8.35
07-03-2018,19.18,14.02,54.4,33.73,26.99,7.26,36.69,58.14,9.23
08-03-2018,19.49,27.97,82.26,51.26,31.44,9.06,13.2,48.29,9.61
09-03-2018,31.65,14.85,75.45,41.19,31.79,8.36,14.06,45.3,7.44
10-03-2018,25.26,15.41,47.05,31.44,30.19,5.79,33.86,42.08,9.29
11-03-2018,20.37,12.02,55.86,32.65,20.92,6.7,33.9,48.85,10.29
12-03-2018,16.54,10.68,65.27,34.97,24.38,32.2,33.06,56.16,9.79
13-03-2018,13.79,10.34,73.67,36.52,25.69,63.94,38.34,61.12,9.43
14-03-2018,15.38,11.68,87.49,77.86,27.97,62.19,38.12,51.65,7.47
15-03-2018,17.84,14.92,66.89,48.68,22.92,34.25,34.22,54.24,5.92
16-03-2018,15.29,13.71,62.19,28.47,23.98,26.55,24.53,45.46,5.45
17-03-2018,22.16,16.28,44.69,29.87,20.02,14.63,43.48,43.71,7.5
18-03-2018,25.18,16.28,41.03,26.57,20.64,10.85,35.1,39.58,8.61
19-03-2018,28.1,17.53,62.83,32.7,25.09,37.33,27.24,34.41,8.26
20-03-2018,34.02,18.53,82.08,31.04,29.2,23.1,28.34,44.5,9.7
21-03-2018,31.3,16.58,66.03,50.38,27.17,14.21,36.83,40.25,8.68
22-03-2018,38.75,15.48,41.53,34.95,34.8,13.4,30.71,33.77,6.61
23-03-2018,50.12,12.52,42.49,26.68,41.43,12.04,26.56,33.29,6.63
24-03-2018,28.5,9.04,44.39,27.29,43.32,7.04,20.32,43.21,7.86
25-03-2018,47.05,7.91,41.31,25.68,30.11,7.23,18.13,46.6,8.56
26-03-2018,31.84,11.67,51.42,28.35,23.68,10.05,26.01,65.21,10.22
27-03-2018,23.6,13.31,76,30.87,26.49,11.28,31.57,86.52,9.05
28-03-2018,33.78,13.96,79.52,63.85,24.05,12.35,23.28,40.83,8.31
29-03-2018,41.75,12.43,49.23,52.1,28.94,11.98,19.76,45.81,8.95
30-03-2018,34.17,11.16,58.22,45.75,23.3,6.24,18.9,42.69,6.01
31-03-2018,27.21,12.92,57.92,30.89,24.83,22.93,26.95,33.35,6.82
01-04-2018,17.49,13.7,46.42,52.33,19.08,17.85,25.96,31.74,6.69
02-04-2018,31.9,13.43,64.03,48.47,26.19,17.35,18.88,45.68,5.71
03-04-2018,49.37,13.71,66.35,64.6,24.93,16.89,17.04,39.32,7.43
04-04-2018,45.2,16.57,69.5,47.29,24.13,11.21,20.62,55.55,8.43
05-04-2018,51.07,14.11,76.02,36.46,22.52,9.59,23.79,43.27,6.71
06-04-2018,55.02,17.25,62.14,32.46,26.36,8.44,26.06,28.76,8.3
07-04-2018,33.33,17.41,50.39,30.99,32.78,7.72,24.67,39.97,7.38
08-04-2018,12.97,19.85,41.32,40.51,22.43,7.96,12.33,26.74,5.81
09-04-2018,10.6,16.58,53.81,37.22,28.67,9.22,33.42,28.75,6.2
10-04-2018,36.05,16.73,65.04,40.52,25.31,7.62,27.18,29.88,7.33
11-04-2018,43.24,18.24,41.68,35.64,20.42,8.5,24.95,34.97,7.21
12-04-2018,39.18,15.81,49.98,29.06,26.69,9.67,23.41,26.56,7.27
13-04-2018,41.42,20.6,64.81,32.57,21.17,12.78,29.83,38.41,10.05
14-04-2018,35.53,17.46,73.26,35.76,18.73,32.2,21.87,35.13,8
15-04-2018,17.16,14.52,75.59,43.54,20.46,14.25,22.81,35.45,8.47
16-04-2018,12.56,16.4,79.53,63.01,31.05,9.82,23.25,43.58,9.06
17-04-2018,32.3,18.98,69.28,51.87,23.94,9.66,27.44,38.92,9.84
18-04-2018,35.66,18.74,46.57,30.43,22.78,8.61,30.71,37.22,12.32
19-04-2018,18.62,18.85,62.47,37.42,32.35,7.61,22.62,48.99,8.92
20-04-2018,27.12,17.82,49.75,62.57,35.01,6.21,20.8,42.25,10.11
21-04-2018,41.59,19.04,35.73,29.7,38.23,8.22,17.99,30.89,9.72
22-04-2018,23.46,15.3,35.38,25.06,24.29,8.67,22.78,34.26,8.46
23-04-2018,22.84,15.93,43.95,29.31,17,7.22,23.51,34.61,9.24
24-04-2018,24.4,20.6,61.05,47.53,21.62,12.55,25.25,56.57,7.24
25-04-2018,29.28,49.33,77.25,80.39,17.69,30.04,22.65,71.45,8.88
26-04-2018,21.13,39.58,78.44,37.19,21.42,28,24.58,50.99,8.8
27-04-2018,30.23,23.4,54.16,28.77,21.56,30.51,15.3,50.85,9.88
28-04-2018,31.32,24.85,41.23,30.87,18.35,27.16,16.05,51.62,10
29-04-2018,26.98,21.08,48.22,31.32,18.74,21.84,19.56,40.97,8.64
30-04-2018,12.72,24.69,58.38,25.82,26.63,25.16,19.32,35.74,8.61
01-05-2018,9.9,64.31,41.04,28.5,20.1,21.59,20.39,41.2,7.16
02-05-2018,21.7,47.54,42.86,28.28,18.75,19.16,39.94,32.24,7.55
03-05-2018,31.13,25.05,40.96,27.84,16.39,17.5,48.21,30.48,9.16
04-05-2018,36.23,77.57,37.96,33.45,20.45,35.06,28.23,30.24,7.44
05-05-2018,18.98,59.62,55.93,33.16,18.07,30.21,21.68,40.5,7.47
06-05-2018,14.69,32.55,71.2,34.49,17.4,27.65,20.64,31.37,7.39
07-05-2018,32.23,30.08,76.02,40.14,17.24,32.8,24.92,34.22,8.33
08-05-2018,13.81,33.89,32.84,59,27.32,36.08,21.76,39.54,7.55
09-05-2018,19.63,41.88,56.74,26.89,22.67,40,22.62,31.34,9.36
10-05-2018,17.75,25.82,68.21,28.47,19.53,35.82,29.28,41.54,8.15
11-05-2018,18.71,22.08,75.54,45.82,18.67,13.81,17.59,43.12,7.71
12-05-2018,13.98,21.65,88.45,29.03,18.58,8.05,25.57,35.19,7.48
13-05-2018,13.73,20.18,44.1,25.92,19.38,6.09,19.79,34.29,6.96
14-05-2018,21.25,20.3,41.85,28.58,15.62,6.01,25.58,27.02,9.09
15-05-2018,18.25,20.89,43.92,34.12,14.76,22.46,38.16,30.82,10.45
16-05-2018,16.48,20.45,45.65,35.09,21.61,25.35,28.15,51.73,8.1
17-05-2018,15.82,20.26,44.55,26.18,26.17,19.01,20.2,48.58,7.1
18-05-2018,27.53,20.47,63.16,30.8,21.97,11.09,27.36,48.72,6.91
19-05-2018,34.28,19.43,81.75,28.54,23.1,7.76,23.52,14.57,6.06
20-05-2018,10.96,18.7,50.04,29.22,17.35,7.16,18.36,19.51,4.59
21-05-2018,19.8,21.56,48.33,41.6,18.72,7.16,21.87,16.62,3.19
22-05-2018,20.95,29.83,60.5,34.12,15.7,4.83,21.83,27.73,4.66
23-05-2018,26.25,21.94,86.18,27.68,19.55,3.72,17.1,39.64,8.85
24-05-2018,21.18,20.48,67.13,25.63,20.82,3.04,20.56,31.24,8.54
25-05-2018,21.53,19.86,63.04,32.67,18.88,24.46,16.65,58.58,11.59
26-05-2018,26.53,18.25,61.71,56.48,16.85,26.04,11,50.55,10.47
27-05-2018,27.37,18.71,57.05,31.7,16.54,18.38,16.04,37.31,6.89
28-05-2018,18.11,16.9,57.51,28.06,15.75,20.87,24.95,44.83,6.47
29-05-2018,17.52,16.78,66.84,22.9,17.59,31.38,20.21,28.58,6.53
30-05-2018,16.18,17.08,42.64,29.11,16.12,29.17,17.11,25.08,8.92
31-05-2018,17.21,17.04,44.17,34.78,15.51,28.66,13.24,30.82,10.54
01-06-2018,19.15,20.3,33.87,33.75,18.61,28.84,22.91,29.19,11.14
02-06-2018,24.13,19.9,35.13,21.65,21.68,31.2,24.94,27.64,10.85
03-06-2018,15.78,18.9,43.09,21.89,18.05,27.34,45.23,23.85,9.69
04-06-2018,16.36,18.57,38.57,22.07,19.01,38.95,15.09,26.62,11.47
05-06-2018,15.62,17.84,32.62,21.61,18.39,40.32,32.14,18.46,14.09
06-06-2018,15.45,20.84,33.05,21.02,17.68,39.64,29.49,19.44,10.11
07-06-2018,17.37,18.07,37.99,22.53,14.03,36.7,17.03,20.01,12.49
08-06-2018,16.94,17,36.1,22.24,13.55,27.75,28.74,23.36,7.38
09-06-2018,16.88,16.14,36.36,22.05,13.67,20.75,28.75,23.49,3.59
10-06-2018,20.16,15.87,38.52,19.79,13.49,14.96,30.91,21.46,3.16
11-06-2018,18.29,18.97,35.75,24.31,15.72,14.54,30.2,22.39,5.14
12-06-2018,15.48,18.09,34.01,26.12,17.8,12.13,42.93,24.34,7.3
13-06-2018,18.48,25.56,30.62,24.02,13.57,10.75,32.36,24.92,9.46
14-06-2018,20.84,19.27,29.01,25.59,14.67,76.95,32.22,22.25,7.36
15-06-2018,21.94,15.94,29.31,22.02,12.92,49.75,33.19,24.29,7.75
16-06-2018,20.74,17.28,29.76,20.72,13.35,22.55,27.28,22.7,10.07
17-06-2018,18.77,20.48,27.88,22.14,12.88,15.56,23.55333333,23.99,8.89
18-06-2018,19.88,19.42,31.17,24.63,12.01,22.23,19.82666667,21.73,10.31
19-06-2018,17.4,15.28,29.02,25.58,10.99,42.21,16.1,24.72,8.82
20-06-2018,18.08,22.85,37.25,26.69,13.31,38.69,25.55,32.68,7.92
21-06-2018,20.93,14.97,35.93,26.64,12.97,36.7,21.07,31.67,9.3
22-06-2018,27.45,15.03,53.22,21.66,16.4,28.08,21.59,39.6,9.99
23-06-2018,22.5,16.64,49.29,21,14.39,26.49,20.54,26.97,9.49
24-06-2018,18.69,14.78,37.1,21.97,13.25,21.6,19.72,27.78,7.85
25-06-2018,16.14,15.69,31.12,24.72,13.14,18.96,19.41,26.99,7
26-06-2018,13.51,15.56,26.14,23,15.22,12.97,25.39,28.71,5.72
27-06-2018,12.58,15.13,25.96,20.77,18.17,35.66,23.17,35.14,3.96
28-06-2018,14.8,15.09,23.9,20.45,16.02,30.42,21.26,23.33,5.83
29-06-2018,17.54,15.77,26.78,21.22,14.57,46.82,24.58,24.24,6.86
30-06-2018,38.97,14.75,28.23,21.76,18.78,36.29,20.18,23.79,7.91
01-07-2018,32.18,13.8,26.45,28.09,16.84,30.87,20.92,33.05,6.75
02-07-2018,31.9,14.25,22.61,27.8,15.61,29.72,19.33,31.64,7.28
03-07-2018,28.51,13.28,32.19,25.08,14.97,22.19,25.19,29.59,7.62
04-07-2018,23.4,13.93,25.67,23.7,14.46,23.11,26.38,27.94,6.12
05-07-2018,24,16.19,33.66,24.25,15.17,29.89,23.76,26.45,6.46
06-07-2018,23.64,18.4,35.28,26.12,17.26,32.83,31.19,26.7,6.94
07-07-2018,22.69,22.4,28.17,25.02,17.7,37.62,32.46,25.49,7.15
08-07-2018,19.14,15.81,35.86,21.96,16.11,32.9,28.08,27.42,6.37
09-07-2018,27.64,13.61,28.69,21.26,15.32,39.75,29.51,26.19,8.48
10-07-2018,28.01,14.04,24.09,20.06,14.62,33.13,28.5,23.27,9.82
11-07-2018,24.79,14.02,26.63,22.32,15.63,38.51,41.13,28.65,8.77
12-07-2018,20.39,14.22,28.48,22.96,15.24,35.81,38.33,27.5,8.03
13-07-2018,20.25,18.65,29.09,23.02,14.07,40.85,31.34,28.96,8.77
14-07-2018,22.41,14.77,31.3,23.07,17.84,32.93,33.32,29.28,7.06
15-07-2018,16.7,13.9,25.51,21.38,17.67,27.56,30.14,34.29,5.91
16-07-2018,25.39,10.15,32.44,22.15,15.02,30.87,27.76,32.03,5.21
17-07-2018,16.7,12.63,28.81,22.24,14,28.16,26.54,29.42,5.03
18-07-2018,11.96,16.76,28.39,21.78,15.15,33.92,27.82,27.05,6.61
19-07-2018,13.91,16.09,25.71,23.46,15.57,35.88,28.24,28.64,7.42
20-07-2018,13.27,16.23,30.45,23.35,14.61,31.77,40.61,28.59,8.41
21-07-2018,13.99,16.28,37.03,24.11,14.44,32.92,37.7,23.66,6.96
22-07-2018,11.91,15.5,27.12,22.11,14.56,22.64,28.8,25.95,4.92
23-07-2018,18.1,15.87,29.43,24.99,14.24,25.78,28.04,23.83,5.67
24-07-2018,15.74,16.3,26.72,21.56,14.68,23.38,27.93,23.47,5.51
25-07-2018,19.77,16.25,28.48,22.52,14.67,17.28,28.5,22.8,5.86
26-07-2018,33.72,18.27,28.9,23.99,18.69,29.98,32.35,27.03,6.68
27-07-2018,22.7,19.2,25.77,24.8,18.52,23.87,29.3,26.15,6.11
28-07-2018,15.78,19.98,24.43,29.64,18.1,34.55,26.06,27.27,6.65
29-07-2018,14.34,18.32,30.46,28.56,19.71,14.17,25.65,24.94,5.66
30-07-2018,23.4,18.35,28.28,22.91,17.39,17.41,40.03,25.07,5.53
31-07-2018,26.45,19.1,30.1,23.39,17.24,19.79,32.01,32.48,8.65
01-08-2018,29.88,18.84,32.34,22.69,16.46,14.06,23.16,33.17,10.4
02-08-2018,24.09,19.69,32.61,26.26,18.33,28.01,25.94,26.64,7.69
03-08-2018,26.75,16.97,31.73,23.74,19.13,22.75,31.53,34.91,6.83
04-08-2018,31.52,17.22,32.96,28.82,17.64,27.33,38.91,32.28,6.69
05-08-2018,23.82,16.82,29.73,24.32,18.56,24.35,21.49,29.14,4.62
06-08-2018,26.37,17.71,32.23,25.92,16.3,39.43,36.42,29.95,4.99
07-08-2018,26.63,17.01,31.04,22.16,16.08,33.02,29.95,30.51,4.6
08-08-2018,31.6,16.69,30.33,20.13,16.46,24.01,35.68,31.27,6.1
09-08-2018,28.22,16.65,29.1,20.3,21,30.11,29.93,29.37,6.5
10-08-2018,29.13,18.78,42.63,24.73,17.3,40.88,38.74,29.78,4.31
11-08-2018,28.96,18.74,28.8,23.07,18.46,36.15,39.15,29.95,4.07
12-08-2018,21.04,16.6,25.93,27.27,14.38,37.07,39.76,26.97,4.93
13-08-2018,25.47,23.9,28.15,32.41,13.61,62.27,51.23,25.81,6.25
14-08-2018,30.21,27.87,30.34,38.36,20.02,47.08,50.81,26.69,5.02
15-08-2018,26.23,26.35,22.86,33.74,12.18,27.22,40.195,26.49,3.18
16-08-2018,23.99,24.79,33.72,22.15,13.35,30.96,29.58,25.37,5.66
17-08-2018,25.21,27.61,30.72,24.31,14.14,31.06,32.56,18.06,5.87
18-08-2018,24.67,28.32,26.14,27.91,12.67,50.13,35.14,21.44,5.73
19-08-2018,24.39,27.41,33.12,26.34,21.07,30.19,29.52,31.7,5.5
20-08-2018,30.67,29.04,37.99,26.04,15.99,32.87,32.61,34.44,5.62
21-08-2018,29.4,26.15,26.25,24.15,14.4,27.63,29.07,28.59,6.27
22-08-2018,30.51,25.25,28.73,21.86,16.5,25.75,27.52,32,4.87
23-08-2018,32.44,27.24,27.95,24.86,17.2,34.21,24.45,31.76,4.98
24-08-2018,34.56,26.86,29.81,25.1,16.98,39.51,30.65,30.28,5.24
25-08-2018,36.32,25.76,26.16,25.05,18.74,34.96,36.85,31.42,4.64
26-08-2018,31.57,25.26,20.16,26.96,17.43,25.81,47.65,27.19,4.81
27-08-2018,36.57,28.39,23.07,27.38,21.01,33.05,58.45,33.68,4.58
28-08-2018,31.9,27.95,27.65,22.8,19.35,31.46,37.14,28.96,3.98
29-08-2018,30.96,31.81,27.86,24.35,18.67,27.94,28.09,26.06,5.06
30-08-2018,32.55,27.15,34.45,28.2,19.13,41.1,20.38,26.83,5.16
31-08-2018,38.66,26.63,26.93,26.38,18.9,40.02,51.37,24.75,5.45
01-09-2018,29.17,30.79,31.54,23.49,18.32,39.83,48.05,28.09,6.16
02-09-2018,26.12,30.72,29.51,23.79,19.12,25.01,29.94,29.64,4.85
03-09-2018,36.16,25.39,30,26.72,18.24,30.47,31.1,33.47,5.87
04-09-2018,37.81,26.57,49.8,26.07,19.27,24.84,31.75,34.79,5.51
05-09-2018,31.97,26.39,37.55,22.51,17.59,37.1,33.36,32.17,5.69
06-09-2018,33.3,26.43,43.56,27.3,17.54,28.93,39.04,31.5,6.08
07-09-2018,32.1,26.31,49.1,23.35,15.82,27.41,36.04,35.47,5.73
08-09-2018,23.04,26.88,31.93,22.8,13.78,28.32,28.72,27.38,4.99
09-09-2018,25.42,24.42,24.12,23.88,20.62,20.23,27.85,20.6,5.18
10-09-2018,28.16,28.9,30.96,23.46,22.32,12.59,27.76,26.34,5.37
11-09-2018,35.58,26.44,32,23.33,26.5,16.07,34.05,30.06,6.83
12-09-2018,42.15,27.1,29.28,26.3,26.63,11.82,28.81,28.13,6.27
13-09-2018,39.47,25.22,30.78,24.72,28.14,22.73,18.28,24.16,6.58
14-09-2018,42.26,24.28,32.01,24.69,23.67,21.13,32.7,26.98,7.34
15-09-2018,41.69,26.14,37.7,21.17,24.05,32.93,38.49,30.7,6.84
16-09-2018,46.22,26.23,31.12,22.25,24.38,24.41,36.23,28.2,6
17-09-2018,41.59,34.16,33.99,18.61,14.98,23.94,25.32,27.23,6.74
18-09-2018,32.53,33.53,28.63,19.82,17.48,27.26,30.44,32.32,6.53
19-09-2018,28.88,33.81,40.98,25.92,20.98,35.36,33.75,35.53,6.6
20-09-2018,54.46,36.47,42.01,26.7,18.92,37.35,40.68,32.55,5.57
21-09-2018,37.62,29.79,24.32,17.31,17.69,22.03,24.52,19.86,5.94
22-09-2018,40.33,29.55,19.92,18.35,14.88,27.93,23.08,21.02,5.87
23-09-2018,39.6,24.07,16.84,20.88,17.34,18.52,29.47,18.27,4.63
24-09-2018,37.99,26.17,25.46,24.75,25.03,19.17,28.26,29.72,6.28
25-09-2018,45.05,27.74,30.35,24.3,28.61,20.64,25.44,41.05,7.28
26-09-2018,32.14,25.69,42.65,19.76,39.13,12.22,34.49,40.12,5.56
27-09-2018,37.06,23.88,73.58,23.93,24.46,26.64,31.55,51.29,5.74
28-09-2018,34.42,24.39,93.15,21.52,29.38,21.99,26.73,56.9,6.2
29-09-2018,33.62,24.44,74.55,23.71,33.21,15.89,31.31,58.5,6.2
30-09-2018,31.12,24.91,35.4,20.42,32.15,9.3,30.9,41.26,6.66
01-10-2018,34.21,24.44,47.61,20.9,24.9,9.23,22.13,47.15,7.53
02-10-2018,26.83,24.73,46.51,18.76,23.67,7.86,27.8,56.61,5.91
03-10-2018,27.91,23.68,56.37,22.99,21.14,11.02,26.65,46.19,7.24
04-10-2018,32.94,29.87,59.34,38.03,22.06,11.07,32.44,38.02,8.16
05-10-2018,29.23,35.69,83.28,33.49,22.39,13.61,40.86,40.68,13.29
06-10-2018,29.19,29.91,61.88,38.52,27.18,10.51,39.58,44.18,6.57
07-10-2018,32.48,26.55,57.51,31.8,25.24,9.23,21.9,39.73,5.38
08-10-2018,34.31,31,63,41.67,25.58,13.44,18.25,47.78,6.42
09-10-2018,41.65,29.99,56.31,29.3,31,17.39,20.39,59.12,7.12
10-10-2018,47.59,34.59,45.93,24.85,31.61,22.25,28.8,45.2,7.47
11-10-2018,63.94,30.12,33.12,22.91,26.79,29.4,46.08,31.45,7.38
12-10-2018,60.98,27.85,47.82,25.83,26.64,31.33,34.83,34.58,7.13
13-10-2018,57.57,22.7,68.66,22.38,34.65,20.99,24.48,37.28,5.97
14-10-2018,28.07,25.64,53.99,22.59,24.31,13.6,37.85,38.31,4.88
15-10-2018,31.68,22.08,68.24,28.72,25.04,17.04,42.3,64,4.71
16-10-2018,31.15,23.42,100.51,39.62,20.97,12.93,26.32,83.77,5.65
17-10-2018,32.79,27.86,81.62,37.01,23.8,34.3,25,77.86,6.03
18-10-2018,37.9,29.65,112.6,48.84,21.6,42.26,51.18,87.19,4.19
19-10-2018,27.29,33.15,61.47,46.77,26.85,30.52,35.02,57.64,4.48
20-10-2018,31.45,35.57,59.64,40.75,31.47,13.44,32.34,54.99,5.5
21-10-2018,38.3,26.02,71.3,42.75,28.44,13.25,45.03,34.6,4.45
22-10-2018,51.26,30.6,71.09,34.18,35.41,15.36,39.99,59.74,6.18
23-10-2018,52.1,31.36,87.65,35.55,28.2,14.12,58,48.23,5.14
24-10-2018,47.8,31.19,129.52,62.44,28.34,11.18,49.75,58.23,6.83
25-10-2018,45.09,31.3,120.26,91.04,30.25,18.94,56.28,53.35,6.54
26-10-2018,46.02,28.88,133.52,81.44,30.17,22.7,25.79,39.16,7.34
27-10-2018,51.24,32.54,143.02,84.15,42.38,37.86,40.79,52.5,8.34
28-10-2018,47.93,29.44,100.04,63.47,33.18,19.96,14.74,49.04,5.81
29-10-2018,65.76,27.9,104.22,111.56,27.61,16.77,13.4,63.9,4.85
30-10-2018,73.78,27.21,119.07,109.83,28.61,14.79,13.53,62.39,4.6
31-10-2018,46.05,30.1,122.87,74.42,32.11,17.61,12.03,59.68,4.48
01-11-2018,37.49,30.91,133.14,93.21,30.38,22.24,10.99,81.51,5.37
02-11-2018,29.12,27.01,86.56,108.27,25.92,15.86,11.38,110.57,8.4
03-11-2018,28.45,23.55,45.59,63.46,22.01,12.67,10.48,81.95,7.58
04-11-2018,25.74,24.03,30.79,35.72,20.14,15.65,8.4,46.16,5.91
05-11-2018,32.92,27.64,48.8,29.36,23.46,45.28,17.57,53.37,6.62
06-11-2018,34.18,30.82,44.84,28.33,25,26.47,46.24,66.09,5.19
07-11-2018,34.22,30.88,52.43,49.28,23.63,26.2,45.85,75.93,8.93
08-11-2018,38.24,31.42,106.68,47.4,21.32,9.18,42.95,53.74,10.13
09-11-2018,32.31,25.77,109.68,56.68,25.9,8.15,26.68,87.8,8.77
10-11-2018,39.15,28.01,127.11,68.35,26.57,8.81,29.59,82.3,6.88
11-11-2018,43.57,25.69,113.81,58.38,27.54,7.4,12.31,80.06,4.35
12-11-2018,65.11,26.84,101.5,84.84,31.73,6,20.8,96.78,5.46
13-11-2018,59.92,30.73,111.18,118.49,37.98,4.68,16.19,118.02,5.83
14-11-2018,77.83,29.59,67.48,60.15,39.93,6.19,14.06,59.62,5.95
15-11-2018,50.94,24.8,51.99,50,35.35,26.86,12.5,76.85,5.54
16-11-2018,31.59,22.92,41.05,25.77,29.83,11.27,12.13,64.28,5.36
17-11-2018,28.53,26.96,61.7,29.4,21.93,8.13,17.34,77.97,3.5
18-11-2018,25.94,27.07,92.64,65.15,20.29,15.36,23.39,44.87,3.9
19-11-2018,28.63,23.22,47.93,83.48,21.29,26.16,10.95,46.87,5.55
20-11-2018,35,23.8,80.38,100.43,27.66,15.47,12.42,68.81,6.63
21-11-2018,32.46,22.53,81.87,65.02,27.7,16.95,13.41,61.09,6.15
22-11-2018,30.52,28.68,120.74,54.87,28.06,18.78,14.4,39.46,5.54
23-11-2018,34.72,27.7,102.45,47.99,30.04,13.41,15.4,48.41,5.3
24-11-2018,32.39,31.62,50.88,45.74,34.44,10.93,16.39,58.75,6.68
25-11-2018,27.58,28.95,84.38,54.6,30.48,12.07,17.38,99.17,4.29
26-11-2018,30.14,35.11,120.55,90.57,32.61,23.81,18.37,61.76,7.11
27-11-2018,36.17,32.76,176.98,124.82,35.57,16.57,19.37,37.17,7.92
28-11-2018,32.37,30.02,146.11,99.86,36.14,32.01,20.36,34.09,9.48
29-11-2018,28.83,27.3,124.27,57.85,43.12,20.04,21.35,52.5,8.82
30-11-2018,30.83,28.31,86.03,38.48,34.75,12.7,21.35,92.54,9.2
01-12-2018,34.43,30.54,90.73,52.47,35.06,8.57,25.09,100.82,8.86
02-12-2018,27.96,26.02,152.89,104.37,33.02,10.01,23.12666667,67.09,7.49
03-12-2018,29.75,26.81,144.74,51.88,30.02,29.59,21.16333333,73.89,7.02
04-12-2018,34.03,27.4,169.75,73.75,29.22,63.88,19.2,61.42,7.53
05-12-2018,30.8,28.85,142.92,47.87,24.04,49.65,19.05,73.62,8.93
06-12-2018,33.09,27.19,156.61,53.62,25.89,27.46,14.65,70.96,7.82
07-12-2018,34.16,26.96,105.05,46.55,19.87,11.1,13.87,54.14,7.22
08-12-2018,28.09,24.43,107.05,60.28,20.56,23.45,16.8,57.28,6.76
09-12-2018,19.92,23.02,127.78,75.26,20.26,18.96,16.37,66.72,6.34
10-12-2018,31.44,25.93,121.45,168.23,18.63,22.37,20.84,66.35,6.87
11-12-2018,39.46,29.71,124.9,67.28,24.48,46.74,22.34,37.78,4.75
12-12-2018,39.8,37.55,80.05,62.66,21.92,31.18,18.79,31.13,5.2
13-12-2018,37.08,31.05,56.05,35.67,22.72,24.74,18.12,36.73,4.52
14-12-2018,38.05,29.69,60.27,28.84,25.98,13.25,14.62,36.44,3.59
15-12-2018,39.72,23.66,53.33,28.82,24.05,9.65,13.69,44.32,5.73
16-12-2018,38.75,22.21,65.32,58.93,23.25,10.16,15.67,46.98,1.26
17-12-2018,76.09,26.53,94.61,57.35,20.68,9.64,12.29,39.09,4.03
18-12-2018,106.26,29.8,82.18,47.69,19.52,8.93,27.3,53.39,9.54
19-12-2018,47.55,23.98,89.2,36.4,22.61,25.13,15.12,94.52,6.5
20-12-2018,35.33,24.8,139.08,36.56,30.84,12.91,18.9,130.73,6.96
21-12-2018,48.19,24.41,103.06,37.62,30.3,9.21,18.15,131.34,6.52
22-12-2018,35.22,23.85,117.64,86.36,31.84,13.73,19.17,61.55,7.08
23-12-2018,25.68,25.66,145.67,54.66,25.43,7.94,20.58,39.64,5.11
24-12-2018,29.5,24.58,152.77,38.8,25.96,5.72,32.71,50.01,7.09
25-12-2018,33.96,27.37,74.6,31.82,26.91,5.28,56.81,47.54,4.74
26-12-2018,33.88,25.49,89.51,40.92,23.04,10.26,75.97,79.21,5.96
27-12-2018,34.5,27.37,143.91,33.69,25.8,8.97,67.9,80.07,5.76
28-12-2018,32,26.23,68.5,24.82,28.62,20.82,39.29,68.26,5.46
29-12-2018,32.97,25.86,102,38.3,28.59,69.6,24.69,84.93,5.8
30-12-2018,27.6,16.02,157.78,65.59,29.77,62.85,13.33,92.12,5.68
31-12-2018,40.95,17,133.87,64.7,35.35,48.29,61.57,105.68,7.38
01-01-2019,41.3,18.62,121.07,69.19,45.22,24.91,74.99,103.19,7.01
02-01-2019,41.65,19.05,133.85,127.24,50.15,45.12,62.29,90.9,7.25
03-01-2019,51.87,20.62,106.99,44.7,48.67,34.78,75.95,56.9,5.7
04-01-2019,50.21,21.03,74.39,63.12,44.19,41.14,73.99,44.36,8.21
05-01-2019,44.4,20.84,90.67,77.95,32.05,59.21,23.83,23.06,8.17
06-01-2019,36.84,21.97,54.18,26.99,26.12,25.02,49.08,27.82,6.18
07-01-2019,48.97,20.57,72.14,40.1,34.49,18.83,61.1,30.17,7.42
08-01-2019,56.53,23.85,54.76,27.47,44.33,10.77,103.28,45.02,5.51
09-01-2019,55.76,20.37,50.88,25.04,51.58,10.59,70.65,33.01,5.59
10-01-2019,53.27,23.31,80.36,52.2,40.41,22.04,50.23,36.73,7.2
11-01-2019,51.67,21.07,151.4,72.65,27.71,24.43,20.69,26.92,6.46
12-01-2019,50.62,19.41,148.93,72.04,23.07,42.11,44.71,33.21,6.28
13-01-2019,43.65,19.21,94.9,69.4,22.02,19.93,42.55,26.46,5.42
14-01-2019,48.49,17.7,40.87,22.63,23.01,5.37,59.22,24.09,7.57
15-01-2019,48.92,16.57,61.72,28.64,24.66,19.78,48.39,62.74,6.35
16-01-2019,44.5,16.56,142.71,64.84,27.09,18.33,11.22,55.87,7.56
17-01-2019,48.8,16.51,147.7,58.21,35.9,15.32,20.46,43.24,6.9
18-01-2019,32.16,17.1,88.33,32.96,31.9,9.05,44.05,58.35,9.25
19-01-2019,33.38,17.4,133.24,34.34,30.41,15.29,61.06,54.21,7.2
20-01-2019,27.7,17.11,195.81,65.11,36.2,14.79,70.25,35.14,7.54
21-01-2019,31.71,17.8,85.11,68.52,28.09,33.22,50.02,24.49,9.89
22-01-2019,46.61,18.36,34.22,27.72,21.82,78.51,48.23,27.5,8.29
23-01-2019,40.52,18.09,76.5,27.42,22.14,74.17,68.79,28.12,7.6
24-01-2019,28.82,17.49,58.86,66.82,23.4,67,51.88,24.05,6.94
25-01-2019,28.37,18.97,38.45,72.12,17.72,57.49,64.6,38.08,6.32
26-01-2019,29.19,15.61,35.94,22.42,17.8,18.15,23.79,50.12,5.33
27-01-2019,24.5,16.2,42.16,20.66,21.7,11.24,11.11,26.88,3.82
28-01-2019,24.72,15.61,46.7,21.36,24.51,13.44,27.67,34.59,4.58
29-01-2019,28.59,17.65,58.67,20.76,24.96,10.62,28.26,32.23,4.43
30-01-2019,34.7,17.54,89.54,43.25,29.88,12.64,20.1,33.17,5.3
31-01-2019,30.45,17.43,101.46,98.18,31.26,67.08,21.16,20.78,5.22
01-02-2019,33.41,17.51,48.72,59.29,27.13,78.51,37.03,22.27,5.06
02-02-2019,30.75,17.55,35.82,37.83,28.11,24.91,67.85,24.54,5.9
03-02-2019,24.55,16.7,37.93,21.29,24.88,12.92,57.72,26.64,4.22
04-02-2019,25.35,17.17,76.95,23.33,25,12.46,29.51,26.76,6.31
05-02-2019,24.42,17.72,153.6,58.32,26.85,12.17,72.46,29.1,6.4
06-02-2019,33.98,17.64,62.85,73.63,27.64,12.5,92.68,32.37,5.22
07-02-2019,31.49,18.08,27.94,23.15,20.66,13.08,92.62,28.47,5.31
08-02-2019,25.96,17.64,49.45,35.78,32.58,7.26,67.63,26.93,5.86
09-02-2019,37.69,16.49,41.45,22.39,28.81,32.42,32.88,36.76,4.78
10-02-2019,29.4,16.68,69.38,23.52,22.94,36.31,20.05,52.19,5.33
11-02-2019,26.17,15.46,95.55,37.8,20.66,38.74,17.47,42.81,5.5
12-02-2019,27.32,15.5,101.01,64.09,27.17,60.4,20.3,38.43,6.22
13-02-2019,30.98,16.89,96.09,97.46,33.09,40.03,21.5,35.96,6.33
14-02-2019,32.32,16.58,54.06,85.74,29.37,18.54,57.02,40.18,5.41
15-02-2019,32.59,16.98,45.94,22.06,23.07,14.64,17.16,42.96,5.27
16-02-2019,44.47,16.68,33.34,18.38,30.37,9.9,43.67,43.88,4.18
17-02-2019,44.8,16.52,41.77,14.32,27.3,6.2,24.08,54.32,3.61
18-02-2019,54.29,16.21,56.8,29.36,34.94,30.08,30.07,44.16,4.06
19-02-2019,30.1,16.21,65.95,48.2,23.75,52.14,15.87,39.19,3.42
20-02-2019,27.55,19.18,63.41,51.45,19.71,19.81,27.22,35.78,3.52
21-02-2019,36.91,17.35,67.04,52.14,22.13,21.16,38.74,35.85,3.95
22-02-2019,44.74,18.06,41.61,33.72,26.97,18.75,29.58,34.3,4.75
23-02-2019,56.96,22.5,30.5,14.67,31.15,8.55,33.81,38.14,4.19
24-02-2019,50.3,20.87,42.89,23.71,24.27,7.21,38.99,38.74,3.88
25-02-2019,53.87,17.55,62,48.76,21.5,13.85,33.12,40.3,4.44
26-02-2019,44.18,18.94,48.45,32.18,28.73,23.23,21.83,39.01,3.88
27-02-2019,32.28,16.65,33.41,18.81,27.78,27.72,18.26,41.01,3.63
28-02-2019,40.15,18.56,60.89,14.77,23.07,30.21,14.69,40.99,3.74
01-03-2019,44.92,15.91,60.61,29.96,27.68,38.79,11.12,31.81,3.69
02-03-2019,26.08,22.05,70.66,40,18.95,53.89,11.88,29.73,4.11
03-03-2019,30.01,28.19,41.09,29.57,17.94,32.03,18.4,26.18,3.29
04-03-2019,26.24,20.28,67.55,21.91,21.47,18.47,20.15,30.86,3.57
05-03-2019,33.34,37.82,37.94,26.53,26.36,12.67,23.91,34.15,3.16
06-03-2019,46.05,23.09,53.83,28.4,32.23,8.58,25.64,52.11,3.24
07-03-2019,71.78,29.17,78.33,37.61,37.6,7,17.86,37.1,3.52
08-03-2019,58.06,20.43,63.98,34.04,27.4,8.07,28.39,24.75,3.82
09-03-2019,26.56,29.51,41.64,34.44,24.61,10.14,42.69,30.22,2.99
10-03-2019,16.78,56.47,43.2,37.86,21.43,9.54,34.05,27.4,3.31
11-03-2019,19.58,25.53,53.94,44.46,19.8,21.25,36.09,31.52,3.73
12-03-2019,26.33,40.42,34.98,39.86,19.1,12.4,41.01,38.08,3.63
13-03-2019,33.73,33.94,59.86,37.06,18.66,7.58,37.33,32.43,5.07
14-03-2019,32.81,32.56,69.01,34.49,20.9,5.67,49.22,32.26,3.65
15-03-2019,35.5,33.91,50.74,27.92,22.04,24.05,28.88,39.22,5.31
16-03-2019,37.28,40.11,37.43,26.01,18.97,40.77,18.67,38.82,4.39
17-03-2019,29.69,31.42,50.26,22.65,19.29,36.19,30.54,43.42,3.76
18-03-2019,24.96,43.22,56.61,24.64,21.62,41.85,22.42,43.88,3.87
19-03-2019,26.76,30.91,71.06,24.73,18.12,41.57,34.05,38.39,4.4
20-03-2019,22.43,27.52,64.3,38.24,21.63,50.58,20.92,43.61,4.35
21-03-2019,21.97,20.35,37.11,28.14,16.05,67.58,23.95,29.15,4.13
22-03-2019,24.89,20.64,28.73,17.87,16.94,17.55,35.79,33.08,4.27
23-03-2019,27.54,30.54,27.32,12.66,22.74,15.14,29.29,36.6,3.36
24-03-2019,23.65,38.8,30.81,17.67,22.14,16.53,31.71,35.16,2.77
25-03-2019,30.32,35.08,30.48,31.79,23.8,25.27,31.69,35.7,3.99
26-03-2019,36.32,39.59,37.75,26.67,25.55,26.9,27.27,41.66,3.23
27-03-2019,38.77,22.99,50.71,22.67,22.44,8.24,27.82,59.87,3.66
28-03-2019,45.48,27.32,81.85,39.57,24.28,10.82,25.56,53.59,3.93
29-03-2019,39.27,26.66,89.35,62.64,28.9,37.11,22.85,59.47,3.4
30-03-2019,35.11,27.97,64.31,51.61,22.57,17.6,31.91,43.5,3.09
31-03-2019,26.85,20.18,35.27,59.62,20.48,3.21,38.95,36.62,2.46
01-04-2019,32.36,19.02,32.02,48.85,22.71,21.86,25.64,45.27,2.96
02-04-2019,46.62,18.37,57.47,45.79,22.45,37.15,28.89,45.26,3.27
03-04-2019,39.47,20.33,58.01,35.46,22.16,28.91,29.79,41.59,3.31
04-04-2019,32.36,21.02,81.06,36.5,21.16,17.48,33.96,54.39,3.61
05-04-2019,39.93,19.51,90.76,26.69,16.5,10.53,30.79,46.21,3.64
06-04-2019,30.73,20.85,53.28,23.68,23.18,21.5,34.45,38.5,3.58
07-04-2019,30.27,20.17,52.96,23,16.22,22.93,28.52,33.2,2.69
08-04-2019,32.46,21.4,47.31,27.94,21.92,18.38,23.82,31.65,2.97
09-04-2019,30.96,29.58,60.44,31.56,27.11,9.63,28.74,35.21,2.82
10-04-2019,32.08,30.53,80.11,27.98,28.05,30.7,23.58,38.05,3.11
11-04-2019,30.94,28.5,53.99,29.32,18.56,23.7,28.385,27.18,2.65
12-04-2019,33.74,28.63,40.63,26.89,20.25,13.34,33.19,31.91,2.91
13-04-2019,28.27,27.86,35.19,27.87,24.09,7.95,34.27,29.28,3.22
14-04-2019,25.14,27.71,34.28,19.61,25.55,7.29,30.32,32.05,3.29
15-04-2019,31.72,23.89,50.81,22.74,21.37,7.38,35.64,30.99,3.22
16-04-2019,32.87,20.56,35.08,19.35,20.98,12.34,39.3,30.85,4.31
17-04-2019,33.1,16.1,23.56,21.3,17.74,8.9,30.58,31.78,3.7
18-04-2019,31.8,15.89,35.02,19.44,20.12,9.14,26.08,36.46,3.78
19-04-2019,25.65,14.37,49.15,20.43,18.5,6.83,18.27,42.78,3.32
20-04-2019,28.96,12.67,56.28,19.59,17.19,58.5,27.27,49.73,3.11
21-04-2019,27.82,16.03,69.32,25.53,15.12,77.1,40.2,50.45,3.15
22-04-2019,29.57,15.67,74.42,33.57,16.33,34.22,24.82,65.57,3.03
23-04-2019,28.78,17.47,83.46,22.6,26.08,25.15,22.6,75.95,2.94
24-04-2019,29.39,18.01,39.67,24.4,19.38,29.51,23.2,57.52,3.86
25-04-2019,32.06,17.15,30.31,28.16,21.2,21.86,24.76,48.05,3.76
26-04-2019,27.21,16.86,52.86,27.8,18.98,16.79,24.81,37.46,3.25
27-04-2019,27.39,17.1,34.4,16.51,23.05,14.14,22.35,42.22,4.88
28-04-2019,28.62,16.69,35.31,16.1,16.87,12.75,23.85,40.31,2.83
29-04-2019,27.53,16.81,53.91,22.21,16.3,29.26,19.87,41.19,12.73
30-04-2019,26.58,16.96,57.61,41.53,14.32,11.25,15.3,69.55,3.47
01-05-2019,23.34,16.91,58.94,26.57,15.02,8.03,13.85,79.58,2.87
02-05-2019,27.32,18.94,36.46,20.91,16.47,7.29,26.68,35.71,12.15
03-05-2019,25.52,20.99,43.92,20.02,13.67,6.87,35.21,40.1,3.83
04-05-2019,26.34,19.28,54.6,19.8,14.72,5.58,20.93,61.83,3.06
05-05-2019,25.65,17.51,57.99,20.19,20.05,7.28,28.07,71.14,2.38
06-05-2019,27.94,18.37,84.3,16.38,26.43,8.82,23.17,45.8,2.91
07-05-2019,27.32,22.2,103.77,25.72,39.49,10.13,28.1,43.39,2.66
08-05-2019,25.5,21.57,100.34,24.01,26.82,5.57,16.8,43.22,6.91
09-05-2019,35.49,24,57.35,18.95,27.2,38.22,20.98,32.23,3.09
10-05-2019,27.99,24.83,34.62,19.78,30.85,14.72,13.62,29.78,3.3
11-05-2019,24.4,61.02,35.69,23.28,16.23,21.36,10.49,31.18,2.85
12-05-2019,28.06,47.97,33.4,18.11,13.98,9.58,9.26,28.2,2.55
13-05-2019,22.24,41.69,44.98,18.85,15.97,7.26,12.19,30,7.04
14-05-2019,24.52,41.86,30.36,13.07,14.31,6.75,10.43,32.94,2.68
15-05-2019,25.03,30.37,59.46,13.35,16.76,5.36,6.02,38.56,2.7
16-05-2019,36.97,21.13,51.51,12.29,17.53,4.9,18.92,27.49,6.45
17-05-2019,36.02,21,54.56,11.68,15.54,5.77,30.27,26.23,2.81
18-05-2019,35.89,20.76,29.15,10.04,18.66,5.66,33.59,28.28,7.8
19-05-2019,25.63,21.86,40.46,9.22,26.81,3.58,29.97,40.95,2.29
20-05-2019,28.8,21.68,61.22,11.39,12.98,6.62,25.47,41.72,3.96
21-05-2019,23.99,22.14,44.25,13.28,12.46,23.64,26.43,37.44,3.06
22-05-2019,30.39,22.48,57.11,17.16,13.11,7.34,28.73,33.18,3.94
23-05-2019,35.36,20.26,60.95,17.44,12.57,4.35,23.92,34.02,2.38
24-05-2019,26.04,17.59,40.59,13.53,16.07,5.06,23.53,30.63,2.83
25-05-2019,25.38,18.52,29.66,13.22,22.03,5.17,24.62,34.41,6.97
26-05-2019,23.18,18.87,34.89,13.16,29.48,6.21,22.11,36.96,2.5
27-05-2019,30.96,18.69,53.14,14.04,19.84,10.36,24.46,44.06,2.72
28-05-2019,25.24,19.57,66.06,15.67,20.36,6.03,37.33,42.88,2.56
29-05-2019,22.09,20.24,68.16,19.67,24.53,4.56,32.14,50.57,2.05
30-05-2019,22.95,21.1,97.8,19.33,14.72,3.66,28.22,31.03,2.43
31-05-2019,24.68,21.75,69,18.52,14.16,11.58,22.21,31.62,2.58
01-06-2019,29.63,17.17,69.74,17.49,15.41,4.78,21.59,41.33,1.86
02-06-2019,19.6,16.84,26.31,16.83,19,3.35,22.59,41.18,1.74
03-06-2019,24.12,17.26,26.82,16.82,11.76,4.11,37.79,43.81,2.89
04-06-2019,30.04,17.92,32.65,17.44,13.87,3.95,41.75,32.8,2.39
05-06-2019,27.22,16.92,36.36,17.5,18.23,12.06,21.31,26.33,1.99
06-06-2019,27.68,18.59,42.88,17.23,14.13,5.91,25.77,31.39,2.75
07-06-2019,32.77,19.22,32.74,18.04,13.13,5.76,25.79,30.37,2.43
08-06-2019,24.49,14.38,50.16,17.8,18.87,5.07,22.46,32.03,2.35
09-06-2019,20.29,11.47,85.14,18.21,14.06,4.41,30.12,44.55,1.84
10-06-2019,21.21,21.56,76.01,19.79,12.49,4.89,32.33,43.78,2.44
11-06-2019,20.4,25.92,65.68,22.17,11.83,4.61,32.91,31.34,2.3
12-06-2019,22.31,18.18,30.61,21.08,9.48,4.54,34.76,40.5,2.17
13-06-2019,23.51,20.21,31.46,21.27,10.7,44.91,27.77,33.07,2.03
14-06-2019,23.77,33.73,37.54,18.87,8.74,43.34,38.2,38.6,1.89
15-06-2019,24.36,21.36,49.69,20.24,8.08,17.65,31.2,33.64,1.75
16-06-2019,21.24,20.24,21.83,19.9,5,5.19,30.06,30.95,1.61
17-06-2019,25.92,23.37,26.75,16.39,7.2,4.87,38.49,37.74,1.48
18-06-2019,22.94,23.7,31.79,21.2,6.91,17.59,30.84,36.42,1.34
19-06-2019,23.52,20.43,36.51,18.21,7.22,17.62,39.33,27.18,8.95
20-06-2019,20.57,24.79,26.95,17.78,7.2,9.69,28.1,32.95,1.15
21-06-2019,22.89,28.92,37.67,19.16,11,11.19,31.71,35.08,1.18
22-06-2019,21.76,25.54,37.1,19.69,9.47,30.12,50.14,39.74,1.54
23-06-2019,21.5,29.76,19.84,19.82,12.24,42.4,26.09,22.72,1.2
24-06-2019,22.49,27.18,22.57,21.87,12.15,37.23,19.5,22.46,1.41
25-06-2019,26.12,33.35,29.27,20.11,14.72,41.76,19.97,27.8,1.33
26-06-2019,24.94,27.37,34.44,24.48,8.97,49.58,20.91,36.37,8.74
27-06-2019,24.37,38.48,38.24,23.81,7.95,27.73,31.68,29.2,5.42
28-06-2019,23.98,23.44,37.84,24.06,6.9,37.19,34.62,24.99,5.93
29-06-2019,27.38,28.92,35.19,25.04,8.61,31.22,32.9,25.57,9.72
30-06-2019,19.15,29.49,39.12,21.73,9.97,25.39,27.81,21.74,9.83
01-07-2019,21.32,28.68,27.68,21.15,8.9,27.46,48.18,24.42,10.09
02-07-2019,23.04,27.19,23.43,22.04,8.62,18.09,38.96,26.2,9.76
03-07-2019,21.1,27.38,21.33,25.74,7.4,13.45,31.44,24.02,15.43
04-07-2019,23.35,26.1,27,21.38,8.29,9.37,31.2,28.55,11.09
05-07-2019,23.66,27.45,34.24,22.71,8.12,41.43,33.15,30.26,11.1
06-07-2019,25.96,30.79,26.12,22.2,5.39,33.35,35.15,35.44,11.24
07-07-2019,21.55,24,25.63,22.04,4.34,29.84,37.74,36.05,10.62
08-07-2019,19.26,25.5,28.57,21.8,6.2,31.15,27.26,28.22,16.66
09-07-2019,20.78,24.14,26.68,20.27,6.72,29.84,34.82,21.02,7.24
10-07-2019,22.32,26.31,29.11,19.6,6.38,15.78,30.85,26.12,7.65
11-07-2019,24.61,32.52,29.36,21.44,7.99,24.83,26.97,24.92,8.58
12-07-2019,23.18,25.59,27.19,22.39,10.1,28.42,25.57,23.18,8.03
13-07-2019,22.77,22.37,22.98,19.31,9.79,28.32,31.5,21.36,2.21
14-07-2019,20.69,19.66,24.71,18.16,10.4,15.13,31.34,20.4,11.58
15-07-2019,21.59,23.27,26.07,18.86,10.75,23.04,25.14,22.24,11.78
16-07-2019,22.16,29.26,23.74,19.11,14.47,30.06,39.72,22.17,12.46
17-07-2019,26.64,32.01,26.68,18.76,10.94,12.18,48.41,22.08,2.36
18-07-2019,28.31,29.82,37.88,20.11,9.98,11.02,24.01,26.31,1.93
19-07-2019,22.72,24.23,49.35,20.71,11.18,12.24,38.77,23.66,2.14
20-07-2019,21.45,24.65,34.22,19.72,8.86,10.52,17.02,25.99,1.76
21-07-2019,25.39,22.76,40.01,19.22,8.47,7.83,8.96,17.29,11.27
22-07-2019,26.02,28.46,45.91,19.31,10.45,19.66,9.86,18.68,1.84
23-07-2019,25.31,25.77,46.01,18.93,7.35,31.1,17.1,18.66,1.92
24-07-2019,24.67,27.52,42.88,19.7,8.04,14.08,28.3,23.03,2.24
25-07-2019,24.76,26.87,33.55,18.28,9.19,11.29,26.53,20.97,2.11
26-07-2019,24.97,27.57,29.95,16.74,10.63,19.8,39.59,26,2.75
27-07-2019,19.66,29,25.46,17.07,8.24,13.71,39.36,32.51,7.81
28-07-2019,22.03,22.76,21.22,15.18,8.08,11.16,39.68,18.21,11.82
29-07-2019,21.39,21.99,24.31,15.5,8.17,11.84,35.49,16.18,7.08
30-07-2019,24.17,30.69,25.19,16.47,8.76,9.63,30.48,17.82,2.11
31-07-2019,21.49,26.92,24.98,15.93,9.93,8.08,34.83,17.5,6.8
01-08-2019,18.94,22.86,26.51,16.54,10.97,8.69,28.89,19.77,2.02
02-08-2019,23.57,30.74,29.14,19.76,9.48,7.96,31.13,25.14,2.21
03-08-2019,20.69,39.85,33.32,14.88,8.49,7.71,50.87,28.07,11.36
04-08-2019,20.51,42.12,34.32,16.31,8.68,6.69,36.69,23.81,1.67
05-08-2019,22.65,31.66,38.54,17.4,9.21,36.34,36.12,33.74,1.59
06-08-2019,24.66,31.99,37.25,14.8,10.9,38.16,41.84,27.75,6.77
07-08-2019,25.36,22.72,38.88,15,12.04,22.31,41.39,32.35,1.95
08-08-2019,22.47,23.27,30.82,14.06,12.81,35.03,33.27,27.25,2.03
09-08-2019,23.29,24.91,21.86,14.85,8.84,40.7,29.64,15.77,7.36
10-08-2019,24.99,22.87,21.47,15.57,10.03,37.37,33.38,13.4,1.97
11-08-2019,21.33,18.57,25.93,17.2,11.86,32.25,23.14,18.86,1.32
12-08-2019,26.78,19.05,27.51,17.97,13.34,23.43,40.68,24.01,1.51
13-08-2019,28.97,20.18,32.07,17.01,20.72,25.35,25.35,31.6,2.12
14-08-2019,25.42,19.67,33.85,13.65,18.15,30.15,17.94,38.88,2.19
15-08-2019,21.81,22.16,32.56,14.93,15.07,17.26,19.7,28.87,2.28
16-08-2019,24.55,22.72,26.32,14.85,17.62,14.84,17.2,28.72,1.9
17-08-2019,28.58,22.26,24.77,14.21,16.82,11.49,19.51,34.21,2.75
18-08-2019,29.87,19.71,25.39,16.06,23.36,9.51,12.24,33.83,2.15
19-08-2019,31.49,23.76,38.82,16.71,21.82,9.46,16.42,34.22,2.78
20-08-2019,28.57,24.49,31.87,16.98,23.12,11.99,11.27,34.93,2.35
21-08-2019,27.03,27.29,32.26,24.17,17.12,9.64,11.19,32.29,2.15
22-08-2019,23.82,24.7,44.39,14.78,13.24,10.26,13.56,33.3,2.12
23-08-2019,22.24,22.11,54.52,15.58,12.13,5.89,20.51,22.7,6.66
24-08-2019,23.84,18.63,59.19,14.94,11.5,31.8,14.17,23.69,2.08
25-08-2019,18.18,20.1,27.89,13.25,11.82,29.18,11.72,23.93,1.81
26-08-2019,19.29,22.87,31.88,15.76,12.3,42.86,12.54,31.24,1.96
27-08-2019,23.79,25.87,39.32,18.06,9.84,32.09,9.03,33.68,2.09
28-08-2019,22.89,22.45,37.1,17.91,9.42,18.53,9.43,25.67,2.15
29-08-2019,19.69,22.67,27.72,16.36,9.95,17.15,13.41,24.39,2.06
30-08-2019,19.78,22.38,30.15,18.81,10.94,12.56,17.39,27.99,2.13
31-08-2019,22.6,20.93,40.39,19.3,11.37,8.23,21.37,37.66,11.85
01-09-2019,17.09,21.68,29.57,13.36,8.8,5.33,25.35,36.69,1.79
02-09-2019,12.58,20.31,27.85,14.33,8.14,66.99,29.33,33.03,1.94
03-09-2019,17.74,24.62,32.78,16.36,8.44,40.43,33.31,41.12,1.95
04-09-2019,19.57,26.79,30.78,16.04,8.08,39.64,37.29,33.99,2
05-09-2019,20.44,27.05,25.41,13.98,9.16,45.22,41.28,26.21,2.07
06-09-2019,20.57,30.02,27.49,17.78,8.05,36.76,34.79,27.99,1.91
07-09-2019,18.87,14.76,30.5,18.15,8.2,30.69,36.84,31.55,7.48
08-09-2019,15.67,16.78,24.75,17.51,6.92,24.87,26.31,22.52,1.83
09-09-2019,17.26,18.24,29.46,17.17,8.32,33.91,29.01,29.5,1.62
10-09-2019,13.55,16.37,34.48,17.79,7.91,30.71,35.44,36.8,1.56
11-09-2019,16.19,16.55,37.15,17.54,10,46.51,40.22,33.37,1.2
12-09-2019,25.64,15.73,28.38,17.39,9.09,30.12,35,23.29,2.4
13-09-2019,24.74,15.07,25.5,18.6,7.93,35.64,42.83,24.16,1.93
14-09-2019,20.68,12.18,21.91,17.46,9.61,36.8,28.02,19.23,1.86
15-09-2019,18.78,14.34,24.91,17.3,12.92,32.34,22.99,24.8,1.92
16-09-2019,20.07,14.56,37.24,18.48,11.68,36.32,24.13,28.3,2.05
17-09-2019,23.99,15.35,34.26,16.96,9.75,33.14,11.84,31.57,2.24
18-09-2019,23.16,16.53,25.04,16.64,12.46,40.86,23.23,34.07,1.95
19-09-2019,21.91,17.86,20.35,17.43,13.6,43.03,7.46,28.04,2.07
20-09-2019,26.19,16.7,30.32,18.19,14.45,50.24,18.65,25.9,2.03
21-09-2019,27.2,13.94,32.82,17.64,15.16,46.18,31.27,26.76,1.8
22-09-2019,37.17,24.14,33.12,17.14,12.62,32.13,14.67,24.68,1.84
23-09-2019,48.69,16.28,27.61,16.67,17.19,38.78,16.42,28.41,1.74
24-09-2019,36.56,13.95,34.14,17.82,15.9,31.56,37.57,32.89,1.95
25-09-2019,26.46,14.27,27.25,16.71,12.51,23.6,37.43,19.88,2.26
26-09-2019,26.68,13.38,26.71,16.24,9.51,18.3,77.63,20.19,2.49
27-09-2019,32.03,12.39,22.68,16.78,9.31,14.5,89.98,21.08,2.62
28-09-2019,27.62,10.41,25.22,16.12,9.06,8.34,28.96,20.77,2.09
29-09-2019,21.74,11.47,19.7,15.95,13.85,6.78,44.05,29.81,2.08
30-09-2019,17.87,14.08,26.39,18.41,25.22,8.39,43.7,38.69,2.14
01-10-2019,29.12,15.67,26.89,22.62,20.19,35.97,46.08,29.57,2.4
02-10-2019,35.39,18.43,32.24,18.41,12.22,27.73,54.78,37.66,2.17
03-10-2019,37.85,16.99,46.78,21.39,16.06,23.13,86.26,41.63,2.44
04-10-2019,51.72,18.07,35.15,28.13,15.95,39.01,70.24,28.26,2.39
05-10-2019,52.79,13.45,36.22,20.2,15.47,39.17,51.42,30.82,1.9
06-10-2019,36.15,14.99,37.52,25.1,16.14,21.07,34.2,31.97,1.93
07-10-2019,46.86,30.18,31.6,25.22,15.72,9.56,46.89,45.44,1.88
08-10-2019,26.66,24.68,34.71,24.73,12.16,10.39,60.15,45.98,1.94
09-10-2019,53.18,22.13,58.38,25.38,14.02,11.22,27.04,51.72,2.6
10-10-2019,37.94,20.52,54.51,25.34,18.72,32.02,44.64,50.57,2.42
11-10-2019,39.71,17.44,53.08,36.22,16.47,24.47,45.52,39.6,2.5
12-10-2019,32.46,12.75,53.06,31.77,16.34,19.69,35.88,41.41,7.54
13-10-2019,26.36,16.24,63.23,32.95,15.72,11.14,38.75,40.35,6.73
14-10-2019,35.28,14.66,68.23,34.97,14.37,25.01,15.79,43.42,2.49
15-10-2019,34.84,18.72,86.5,24.71,14.29,24.2,13.09,64.61,7.6
16-10-2019,33.44,18,62.13,29.93,15.26,22.33,20.68,48.83,2.55
17-10-2019,35.63,19.65,42.73,34.63,16,16.01,19.06,35.05,2.56
18-10-2019,26.37,17.33,34.81,36.01,11.59,43.66,15.63,33.19,2.23
19-10-2019,27.14,15.93,53.94,40.52,12.31,19.48,35.71,38.88,2.21
20-10-2019,23.16,20.76,53.46,28.1,13.8,9.97,18.66,42.37,2.04
21-10-2019,35.45,19.12,55.42,29.98,13.29,6.67,15.92,69.59,1.9
22-10-2019,29.48,22.34,57.98,46.27,17.71,13.23,38.29,98.5,2.03
23-10-2019,19.84,21.85,80.24,58.92,16.66,11.99,26.85,112.9,2.38
24-10-2019,16.05,30.74,108.93,48.22,12.99,10,33.04,53.49,2.22
25-10-2019,19.56,42.27,64.73,26.1,15.97,9.3,48.88,39.29,2.04
26-10-2019,20.81,22.53,83.98,50.12,9.9,7.47,40.96,36.19,1.61
27-10-2019,23.05,34.75,68.91,46.27,11.8,7.35,47.34,63.45,1.74
28-10-2019,26.91,36.78,59.73,61.07,15.71,14.11,17.3,74.07,2.03
29-10-2019,27.53,56.01,86.74,57.93,17.77,17.68,14.43,84.16,1.65
30-10-2019,32.16,40.96,113.63,51.36,19.03,19.08,23.77,68.66,1.65
31-10-2019,26.76,42.24,123.63,61.41,13.88,15.13,43.48,64.42,1.93
01-11-2019,31.75,48.82,96.68,58.9,14.98,16.21,39.56,50.96,2.49
02-11-2019,30.28,22.08,61.32,69.53,18.73,17.36,43.67,35.6,2.47
03-11-2019,27.98,27.23,53.58,47.15,15.44,12.88,34.74,36.27,1.89
04-11-2019,46.01,26.57,51.48,41.39,17.28,12.37,51.98,46.83,2.11
05-11-2019,61.74,27.57,53.16,39.12,23.28,14.63,56.28,77.62,2.52
06-11-2019,53.01,26.64,81.72,46.3,24.61,14.99,38.15,48.42,2.57
07-11-2019,61.28,27.37,54.77,73.07,17.71,19.75,31.31,28.05,2.18
08-11-2019,47.34,26.41,73.74,70.2,21.6,22.23,77.19,33.67,2.26
09-11-2019,40.02,22.12,56.07,59.48,19.58,44.34,55.22,33.51,1.84
10-11-2019,31.84,24.79,56.41,42.04,17.44,55.73,33.73,35.2,1.68
11-11-2019,34.39,23.68,75.05,28.59,20.55,39.18,40.98,39.37,2.14
12-11-2019,27.22,25.55,83.09,43.45,17.74,72.61,30.8,37.62,2.93
13-11-2019,31.5,20.04,94.33,57.71,20.36,75.81,16.35,49.62,3.49
14-11-2019,32.14,13.12,114.67,73.59,18.43,74.46,18.83,42.32,3.35
15-11-2019,38.17,18.49,73.02,59.61,21.15,58.93,21.37,37.29,2.84
16-11-2019,33.07,20.74,45.36,55.69,20.91,49.82,23.55,42.66,2.18
17-11-2019,34.06,16.07,32.29,40.72,18.84,45.18,17.88,40.99,1.87
18-11-2019,36.43,15.25,49.47,35.22,21.34,43.74,14.96,43.07,2.53
19-11-2019,34.15,20.75,77.11,46.52,19.65,67.99,14.83,70.7,10.82
20-11-2019,33.42,16.8,106.76,36.42,23.25,75.24,16.04,57.93,17.46
21-11-2019,39.94,17.41,135.9,45.72,24.57,59.19,18.22,39.95,21.23
22-11-2019,36.86,16.06,113.99,40.9,25.3,89.3,20.15,47.89,19.49
23-11-2019,34.86,21.16,60.68,37.99,28.07,65.89,24.34,66.46,23.25
24-11-2019,20.72,18.43,42.87,32.58,25.13,56.45,48.58,51.7,16.26
25-11-2019,28.88,17.11,69.13,39.9,20.55,67.31,22.13,36.58,18.93
26-11-2019,32.97,26.56,73.89,71.13,15.71,50.29,18.13,48.22,24.32
27-11-2019,40.58,15.73,41.04,34.59,20.13,56.54,17.37,39.12,22.41
28-11-2019,35.02,22.02,27.14,26.59,30.01,106.91,18.36,41.64,21.79
29-11-2019,31.74,18.19,49.52,36.72,29.05,112.23,20.13,44.39,19.74
30-11-2019,27.09,18.24,56.55,31.14,26.28,57.23,17.81,44.81,20.08
01-12-2019,23.27,19.5,63.15,25.65,22.23,57.24,14.62,47.21,11.05
02-12-2019,24.48,19.5,77.73,31.56,19.45,98.01,18.18,58.9,17.62
03-12-2019,31.57,18,82.31,31.19,24.79,87.26,19.84,86.05,26.85
04-12-2019,28.23,15,107.88,60.23,25.8,119.3,20.84,99.62,26.66
05-12-2019,34.22,14.87,148.59,70.5,32.55,82.61,19.64,48.35,19.31
06-12-2019,31.36,17.05,103.48,67.92,32.85,37.31,25.23,61.78,16.84
07-12-2019,34.96,19.28,107.56,84.03,33.08,46.84,18.06,56.82,17.66
08-12-2019,26.74,26.23,137.04,59.6,29.65,57.49,16.04,67.66,14.57
09-12-2019,30.66,31.82,114.07,44.55,28.47,44.86,21.67,66.75,21.91
10-12-2019,28.35,24.72,115.07,59.81,31.49,38.43,44.11,88.16,20.7
11-12-2019,29.6,32.61,138.71,73.2,36.44,60.46,45.5,79.62,21.56
12-12-2019,27.89,21.33,76.85,58.51,30.6,31.44,54.98,35.13,20.5
13-12-2019,27.01,25.69,32.94,16,23.17,14.62,28.61,38.65,18.53
14-12-2019,27.35,31.9,43.17,18.03,24.88,13.84,16.72,34.56,14.52
15-12-2019,23.24,30.77,43.01,20.85,22.09,18.67,15.44,34.72,21.28
16-12-2019,27.99,25.96,36,15.41,27.36,13.89,17.03,33.14,23.97
17-12-2019,31.1,22.7,40.32,12.1,33.48,11.64,16.78,47.37,12.22
18-12-2019,34.26,24.6,48.79,13.78,37.04,11.77,16.91,67.99,23.3
19-12-2019,34.57,21.11,72.47,16.88,32.73,25.76,16.67,57.15,20.74
20-12-2019,37.72,20.82,66.4,29.06,38.9,30.178,16.34,67.34,21.16
21-12-2019,28.63,25.58,57.35,44.87,33.96,34.596,29.5,55.27,25.32
22-12-2019,25.64,22.47,36.7,25.65,28.6,39.014,17.06,38.33,18.84
23-12-2019,31.8,25.99,44.43,17.99,28.3,43.432,20.51,63.24,20.62
24-12-2019,31.31,25.04,64.46,17.81,24.29,47.85,24.62,40.83,32.04
25-12-2019,27.4,25.26,40.79,19.02,23.25,43.25,30.37,65.71,15.91
26-12-2019,29.65,30.75,41.2,24.25,24.52,39.17,46.34,96.58,15.81
27-12-2019,32.59,33.61,54.95,49.95,26.15,49.02,54.01,96.65,38.7
28-12-2019,27.78,32.37,83.47,57.03,28.11,49.18,21.25,82.95,28.18
29-12-2019,26.31,20.92,61.51,51.12,31.18,48.57,13.07,70.51,23.01
30-12-2019,27.79,18.99,79.04,49.67,26.86,64.26,21.58,55.85,23.22
31-12-2019,27.48,20.97,64.57,85.91,22.41,82.49,20.78,40.45,23.62
01-01-2020,26.74,18.7,135,118.48,19.3,81.09,17.06,33.18,20.09
02-01-2020,30.18,19.86,143.71,83.02,20.49,78.83,18.51,32.49,18.82
03-01-2020,26.92,20.62,131.13,61.45,18.87,70.31,15.18,44.62,23.57
04-01-2020,41.89,18.64,110.2,57.73,22.36,73.4,14.88,55.68,18.82
05-01-2020,29.52,13.3,54.3,46.25,24.59,52.81,12.18,69.22,15.92
06-01-2020,31.18,15.93,60.14,69.59,25.69,58.67,13.76,54.28,24.79
07-01-2020,32.13,15.99,46.56,78.58,21.53,84.61,16.93,35.02,28
08-01-2020,28.53,24.25,45.09,51.08,19.35,86.53,15.96,36.53,14.51
09-01-2020,32.74,26.55,31.03,39.14,22.57,62.86,61.67,34.16,21.74
10-01-2020,35.92,27.69,50.71,35.09,21.49,64.39,14.47,42.59,21.84
11-01-2020,28.01,30.05,69.66,66.13,29.49,73.54,17.42,69.15,25.34
12-01-2020,30.05,20.28,113.97,90.26,30.97,71.96,18.71,64.2,19.01
13-01-2020,41.27,22.56,84.22,43.38,33.07,91.2,54.02,56.52,22.24
14-01-2020,43.97,33.44,40.99,63.95,25.37,94.37,72.95,34.28,21.71
15-01-2020,37.49,20.74,54.26,82,15.62,98.56,42.92,29.3,20
16-01-2020,37.98,19.86,51.19,30.77,13.92,99.28,19.5,37.59,23.08
17-01-2020,43.73,18.78,49.2,51.64,19.17,69.02,15.46,61.39,20.17
18-01-2020,28.93,15.06,60.8,41.39,22.59,75.21,16.89,56.51,22.34
19-01-2020,25.93,22.8,36.38,38.53,22,81.16,28.09,49.87,20.12
20-01-2020,35.46,33.31,49.07,39,23.89,97.6,18.31,61.52,23.15
21-01-2020,33.87,30.54,83.32,80.41,24.07,141.74,12.78,33.96,20.99
22-01-2020,31.73,29.44,82.89,73.94,23.56,115.78,14.21,37.73,21.27
23-01-2020,30.61,23.65,33.47,34.1,31.09,99.05,42.87,45.77,22.52
24-01-2020,40.6,36.45,45.88,44.3,37.99,90.8,39.27,49.44,19.01
25-01-2020,49.87,33.21,84.2,64.83,36.22,119.9,45.89,90,20.7
26-01-2020,48.99,31.63,95.06,57.59,34.1,130.35,37.2,94.75,15.71
27-01-2020,46.01,29.51,116.25,72.79,30.46,131.91,12.72,36.02,17.9
28-01-2020,34.73,26.08,37.97,38.85,23.94,124.91,42.33,35.84,18.86
29-01-2020,38.26,21.46,48.65,17.61,28.53,96.2,30.68,38.02,21.31
30-01-2020,53.47,18.86,50.9,22.33,29.56,70.53,33.98,43.67,17.2
31-01-2020,35.68,18.27,53.46,30.3,30.84,90.82,21.91,45.15,19.26
01-02-2020,30.74,16.95,67.5,30.33,30.19,84.26,22.03,48.57,16.72
02-02-2020,23.37,13.98,54.17,30.67,22.65,73.98,14.34,41.75,15.36
03-02-2020,35.34,15.2,73.96,46.46,24.72,96.95,12.42,39.87,20.58
04-02-2020,33.89,17.53,115.76,71.28,24.15,161.95,43.31,34.34,18.92
05-02-2020,32.31,20.76,67.5,30.36,26.52,117.13,52.77,42.45,17.58
06-02-2020,37.61,32.42,60.54,42.4,29.82,163.1,21.18,43.42,16.31
07-02-2020,32.33,23.09,88.53,31.96,21.89,197.71,33.05,36.62,16.61
08-02-2020,30.83,18.18,54.41,44.47,24.59,165.36,11.31,40.92,17.3
09-02-2020,26.24,15.08,60.36,60.7,23.16,126.92,11.9,55.18,16.08
10-02-2020,26.76,15.14,82.69,52.76,23.63,115.49,13.71,80.83,19.62
11-02-2020,27.96,27.78,107.57,55.47,23.38,102.79,15,70.23,20.62
12-02-2020,27.32,28.76,64.65,49.52,27.32,64.03,16.65,68.55,15.94
13-02-2020,38.56,24.45,37.63,45.13,32.56,103.98,50.78,86.21,21.6
14-02-2020,49,24.59,30.48,24.24,52.12,113.68,28.9,44.09,27.09
15-02-2020,56.07,27.25,41.54,35.28,51.8,96.69,28.05,62.63,23.14
16-02-2020,32.5,21.01,70.95,44.98,34.66,152.09,22.19,92.47,19.38
17-02-2020,45.43,23.12,88.49,40.52,35.83,148.93,26.22,119.71,29.22
18-02-2020,38.88,34.56,67.21,32.47,33.53,108.66,24.13,135.91,25.09
19-02-2020,34.52,26.62,111.77,60.97,32.04,126.38,19.43,90.02,27.45
20-02-2020,34.36,22.64,32.65,25.81,21.75,127.25,10.92,34.97,29.23
21-02-2020,26.87,40.21,26.24,15.54,18.73,61.08,13.88,34.82,30.22
22-02-2020,26.23,15.94,50.12,20.03,21.61,72.16,14.56,33.16,30.14
23-02-2020,23.7,13.32,61.5,28.23,19.69,95.65,25.79,30.65,26.02
24-02-2020,28.15,19.03,51.6,29.39,20.91,81.91,25.88,42.84,30.68
25-02-2020,33.28,18.97,52.38,18.12,21.56,68.27,20.31,56.92,30.7
26-02-2020,30.32,14.06,78.58,25.11,26.33,93.46,22.62,40.15,27.43
27-02-2020,33.19,15.26,46.13,25.25,23.77,96.74,12.93,47.99,27.4
28-02-2020,29.54,16.35,26.32,30.59,19.28,79.46,23.69,35.85,31.28
29-02-2020,30.87,23.07,27.57,28.17,16.14,98.58,21.61,41.52,28.6
01-03-2020,21.37,14.59,41.36,23.27,17.73,96.77,22.98,25.74,20.74
02-03-2020,32.36,18.88,85.92,29.8,20.68,94.16,24.56,38.45,27.52
03-03-2020,35.82,25.41,71.98,26.55,17.39,111.01,28.8,37.78,31.6
04-03-2020,39.86,23.69,60.78,31.62,22.73,96.2,21.24,34.56,33.09
05-03-2020,30.95,22.63,28.54,21.35,27.67,80.49,12.38,27.95,37.12
06-03-2020,25.33,17.01,29.75,15.52,18.67,53.75,9.84,35.31,25.21
07-03-2020,28.22,19.21,34.85,15.38,21.69,70.27,10.19,50.35,15.69
08-03-2020,22.73,13.11,61.74,16.55,17.67,80.27,16.78,37.66,10.24
09-03-2020,24.69,18.79,34.79,17.5,18.72,67.04,13.74,38.91,12.49
10-03-2020,23.81,20.54,29.74,17.11,17.74,64.66,13.35,20.22,15.96
11-03-2020,27.1,17.42,24.99,19.34,20.78,67.25,14.45,25.5,17.83
12-03-2020,30.35,17.21,39.57,20.78,22.99,86.43,14.57,40.12,17.78
13-03-2020,30.03,28.29,49,16.11,19.82,84.2,11.85,51.48,19.63
14-03-2020,28.63,25.01,32.7,25.87,21.84,66.39,15.55,30.43,15.23
15-03-2020,23.19,19.31,46.69,28.06,21.68,57.98,17.16,30.67,12.35
16-03-2020,23.54,17.69,44.12,34.29,22.5,54.3,18.72,31.21,14.77
17-03-2020,22.33,16.23,48.87,45.35,22.98,57.58,22.04,44,15.24
18-03-2020,25.9,16.71,53.31,39.94,24.45,64.18,31.98,54.49,18.01
19-03-2020,27.94,18.85,59.24,32.38,24.66,58.24,45.87,48.53,15.9
20-03-2020,24.16,16.27,55.88,44.61,18.77,70.61,27.93,25.96,18.68
21-03-2020,32.76,16.23,54.04,26.71,19.21,79.79,24.88,28.98,15.88
22-03-2020,14.52,11.4,30.31,15.47,16.82,66.81,23.13,15.99,12.15
23-03-2020,20.75,13.48,25.31,15.56,12.92,64.96,17.39,19.12,12.5
24-03-2020,16.61,13.16,26.48,17.97,11.79,80.41,33.71,21.71,9.77
25-03-2020,11.41,9.79,22.57,14.18,11.53,66.72,21.35,15.89,10.05
26-03-2020,10.63,13.84,17.41,9.05,11.39,65.41,18.53,12.15,11.58
27-03-2020,11.22,9.8,15.89,12.92,11.2,64.28,19.62,12.8,11.17
28-03-2020,12.06,10.1,18.34,12.15,8.47,59.88,18.86,13.76,11.03
29-03-2020,14.05,13.3,16.42,10.26,11.3,25.29,17.81,12.51,9.53
30-03-2020,13.51,16.37,16.62,10.79,12.19,24.29,17.83,12.11,10.76
31-03-2020,11.79,13.7,18.01,11.2,14.38,64.97,18.82,18.65,10.18
01-04-2020,11.6,16.23,19.26,13.26,13.07,68.39,25.65,11.03,10.28
02-04-2020,10.93,13.84,17.72,10.17,12.85,62.84,28.43,10.98,9.85
03-04-2020,11.07,12.21,19.33,10.17,12.23,51.85,29.88,10.77,9.19
04-04-2020,10.79,12.6,21.19,9.6,13.49,53.03,26.03,16.84,11.04
05-04-2020,11.62,11.9,22.78,10.41,12.2,57.79,28.06,12.73,12.11
06-04-2020,11.77,13.82,22.68,9.2,13.41,51,28.59,13.24,13.71
07-04-2020,14.79,13.3,17.38,8.95,23.9,59.45,28.6,13.04,12.7
08-04-2020,14.46,11.87,16.51,12.6,21.26,72.57,25.79,12.48,12.09
09-04-2020,13.21,15.12,18.16,9.22,26.47,70.26,25.21,12.59,9.92
10-04-2020,11.44,17.08,23.3,10.61,22.02,46.09,26.86,14.13,10.94
11-04-2020,11.3,16.63,21.9,13.83,21.24,50.3,24.11,13.6,11.12
12-04-2020,12.7,14.87,14.66,12.23,15.09,46.05,26.45,12.76,8.44
13-04-2020,16.92,16.04,19.83,14.6,14.06,49.13,27.86,23.26,10.89
14-04-2020,16.73,12.73,22.96,17.62,13.94,42.84,27.71,18.21,10.24
15-04-2020,14.7,12,24.05,13.63,13.43,54.86,28.58,19.22,9.68
16-04-2020,13.63,13.09,25.66,15.56,13.75,51.46,30.61,12.67,10.07
17-04-2020,13.36,11.22,16.95,19.69,15.53,50.49,27.13,12.55,10.11
18-04-2020,12.25,11.66,17.02,11.4,17.34,47.22,25.73,15.04,9.38
19-04-2020,11.63,11.62,20.82,13.81,17.97,39.22,30.24,12.42,9.55
20-04-2020,11.72,9.88,25.55,9.47,18.67,50.14,29.22,13.26,9.71
21-04-2020,13.46,10.05,19.57,8.87,21.48,48.5,27.59,13.87,12.1
22-04-2020,11.49,13.87,24.17,10.81,18.57,47.55,20.05,14.74,12.05
23-04-2020,13.28,15.98,22.92,14.66,17.87,42.53,21.92,14.29,11.93
24-04-2020,15.61,15.03,24.87,10.23,16.45,55.3,18.97,18.71,9.99
25-04-2020,15.19,15,19.91,10.94,17.63,44.52,16.02,12.98,13.06
26-04-2020,13.11,15.7,17.77,7.53,15.56,54.83,13.07,17.25,10.66
27-04-2020,14.32,12.96,16.38,8.48,16.13,57.37,12.95,14.7,12.48
28-04-2020,13.01,11.52,20.03,8.54,15.18,58.88,7.24,14.18,13.8
29-04-2020,13.47,11.52,22.66,8.89,16.46,69.42,10.82,12.29,13.35
30-04-2020,17.17,16.53,20.45,9.66,16.33,61.62,9.74,15.01,13.56
01-05-2020,14.65,9.36,20.45,7.72,15.54,92.02,10.83,17.28,11.8
02-05-2020,15.24,7.96,19.49,7.62,18.8,90.23,13.11,16.14,11.75
03-05-2020,16.81,7.73,21.57,7.91,18.2,76.55,15.15,13.16,7.91
04-05-2020,17.75,6.95,20.79,10.16,14.89,76.8,9.1,12.94,23.24
05-05-2020,17.24,8.02,24.06,8.83,17.35,53.63,8.43,11.81,33.73
06-05-2020,16.58,9.68,25.58,9.15,15.19,44.36,12.5,15.13,34.8
07-05-2020,17.08,9.18,18.92,8.98,15.26,71.38,10.73,19.46,35.5
08-05-2020,16.68,8.67,20.69,11.11,15.87,53.76,12.07,18.06,33.45
09-05-2020,15.16,7.99,19.17,10.16,14.83,54.67,7.95,18.45,35.24
10-05-2020,13.74,9.5,14.47,7.76,18.09,54.28,13.44,16.1,30.83
11-05-2020,14.33,9.72,15.6,10.81,20.61,65.15,8.87,15.96,33.99
12-05-2020,14.61,10.02,14.62,10.83,19.37,55.05,7.91,20.34,24.11
13-05-2020,14.5,9.07,16.74,12.56,16.92,76.54,9.15,19.77,9.56
14-05-2020,16.02,12.7,21.86,12.24,15.62,66.61,8.43,16.7,13.08
15-05-2020,16.78,20.87,18.9,15.48,16.59,55.68,8.78,16.94,15.27
16-05-2020,17.24,12.81,19.89,15.27,17.99,73.86,6.11,15.54,14.13
17-05-2020,12.56,15.85,26.01,18.66,19.68,91.79,7.07,19.86,9.96
18-05-2020,11.92,18.39,29.28,19.06,17.21,76.16,10.97,19.01,14.04
19-05-2020,13.59,22.97,38.49,18.93,19.56,57.23,16.46,23.42,14.03
20-05-2020,15.4,21.31,25.93,15.16,20.28,55.07,40.98,17.25,15.48
21-05-2020,16.17,18.62,25.81,13.92,22.31,54.62,27.74,27.37,14.99
22-05-2020,16.51,17.82,40.17,12.97,25.41,54.39,24.12,30.97,15.45
23-05-2020,15.53,15.94,37.85,9.22,22.82,58.97,14.25,18.39,14.7
24-05-2020,13.26,16.33,21.76,13.12,17.02,39.45,11.8,17.87,10.44
25-05-2020,17.08,16.23,25,15.61,15.57,30.01,13.59,18.53,16.38
26-05-2020,16.95,16.14,37.41,15.95,15.44,11.16,12.06,19.82,17.08
27-05-2020,18.77,18.62,21.37,13.41,15.94,11.37,11.9,19.99,17.23
28-05-2020,16.36,18.71,13.26,8.86,17.03,11.81,12.23,19.25,16.15
29-05-2020,17.14,21.64,14.69,9.12,15.88,13.18,13.61,16.35,14.93
30-05-2020,17.45,15.08,14.11,10.25,15.62,18.18,27.93,16.52,14.94
31-05-2020,10.32,12.57,13.15,10.77,19.32,13.99,14.92,17.65,8.54
01-06-2020,9.4,17.89,17.6,12.7,21.23,11.71,12.15,18.78,13.12
02-06-2020,10.18,16.95,19.94,16.23,16.75,23.73,12.6,21.25,18.25
03-06-2020,10.9,16.64,21.64,20.08,14,27.13,20.59,20.31,12.28
04-06-2020,13.01,15.78,29.57,15.36,13.16,54.39,22.18,21.74,17.32
05-06-2020,18.98,19.15,20.45,14.22,15.07,35.29,24.69,19.71,18.52
06-06-2020,16.43,18.93,16.37,14.95,14.47,45.29,22.56,24.7,10.6
07-06-2020,12.94,20.39,17.92,13.44,13.89,46.35,20.66,19.36,7.37
08-06-2020,15.43,21.97,21.44,15.53,14.29,42.41,27.26,24.27,15.09
09-06-2020,16.43,21.03,28.36,17.66,13.92,50.18,30.35,21.12,9.2
10-06-2020,17.72,15.9,35.09,13.81,16.09,43.94,27.38,21.88,14.88
11-06-2020,16.75,18.3,30,13.79,17.06,34.96,35.79,19.56,23.87
12-06-2020,15.48,20.6,29.74,10.62,15.04,48.94,35.52,20.83,23.12
13-06-2020,16.68,21.63,22.93,10.55,13.7,35.51,22.6,21.62,16.28
14-06-2020,14.6,22.91,22.01,10.09,14.15,12.47,20.43,19.03,11.95
15-06-2020,15.5,18.82,21.79,11.5,14.57,19.3,22.97,20.81,17.64
16-06-2020,15.94,22.1,19.98,9.23,12.66,23.62,26.81,18.22,19.7
17-06-2020,17.22,24.29,14.73,12.46,13.65,25.83,24.23,16.06,19.56
18-06-2020,16.54,27.99,15.69,9.9,13.77,27.81,26.79,21,17.99
19-06-2020,15.89,23.72,15.57,9.18,15.44,24.26,26.1,16.93,14.82
20-06-2020,14.97,22.61,17.92,9.3,14.55,28.38,22.46,15.75,17.46
21-06-2020,14.83,21.18,19.89,9.59,15.65,25.68,25.78,16.33,12.11
22-06-2020,17.28,18.09,17.46,9.31,15.23,33.47,27.06,18.65,15.98
23-06-2020,17.11,23.05,15.33,12.35,16.53,36.15,19.92,17.77,19.22
24-06-2020,16.98,16.05,15.72,19.87,17.75,33.97,13.12,17.57,16.73
25-06-2020,19.1,20.56,21.17,22.33,17.73,28.9,13.09,20.25,17.71
26-06-2020,15.57,13.96,21.75,17.02,14.59,24.65,17.19,21.85,14.67
27-06-2020,13.07,19.59,22.47,17.78,15.39,22.28,19.54,18.14,12.46
28-06-2020,10.58,16.39,23.86,17.6,14.89,36.76,16.53,17.2,9.57
29-06-2020,12.94,16.74,21.94,18.87,17.09,47.69,18.33,19.5,12.88
30-06-2020,15,20.29,15.44,11.95,14.59,52.04,18.8,16.94,12.41
01-07-2020,14.83,16.44,16.81,6.73,16.13,57.72,14.05,14.16,2.58
