Date,Bengaluru,Chennai,Delhi,Lucknow,Hyderabad,Patna,Gurugram,Visakhapatnam,Jaipur,Thiruvananthapuram
26-09-2017,8.48,14.5,23.12,3.77,9.31,5.81,2.69,1.88,13.1,2.08
27-09-2017,15.29,16.97,26.98,4.73,9.68,66.18,3,2.05,14.64,2.45
28-09-2017,4.57,13.66,50.72,11.19,9.79,18.18,2.23,1.5,17.51,2.14
29-09-2017,7.58,3.28,37.45,13.34,8.34,3.65,2.87,1.55,19.56,1.96
30-09-2017,7.05,2.64,21.1,6.96,8.11,7.74,2.27,1.67,18.29,1.91
01-10-2017,5.63,3.63,25.43,12.61,1.24,7.29,3.38,1.55,20.64,1.09
02-10-2017,38.94,3.05,22.86,7.94,10.81,8.06,2.47,1.75,14.39,0.99
03-10-2017,6.46,3.07,22.75,15.79,11.69,14.32,2.13,1.5,15.92,0.69
04-10-2017,4.69,4.65,24.88,8.89,16.68,14.63,3.21,1.97,17.84,0.82
05-10-2017,13.18,8.13,15.35,17.64,16.52,14.64,1.51,1.88,12.37,1.36
06-10-2017,8.58,7.18,14.82,12.67,11.38,14.26,1.48,1.55,13.94,1.13
07-10-2017,9.98,6.7,17.2,16.71,18.91,5.59,1.41,2.06,12.2,0.97
08-10-2017,7.57,8.06,20.71,12.31,10.47,16.52,3.15,1.67,11.93,0.92
09-10-2017,9.19,13.8,33.9,20.44,7.6,15.57,6.24,1.89,12.03,0.87
10-10-2017,9.9,4.51,23,14.66,26.06,19.87,4.81,1.91,12.21,0.94
11-10-2017,14.24,4.74,25.09,8.57,6.99,96.9,4.93,1.92,15.94,1.01
12-10-2017,10.47,5.48,21.91,12.35,13.72,12.26,2.29,1.94,14.68,1.09
13-10-2017,10.69,6.31,31.87,32.53,8.45,10.84,3.4,1.95,17.1,1.16
14-10-2017,10.09,8.52,67.91,14.45,10.84,4.38,6.9,1.97,18.42,1.23
15-10-2017,14,11.5,41.91,15.4,18.84,17.3,4.23,1.99,31.78,1.3
16-10-2017,9.41,12.15,48.82,29.6,8.32,16.55,7.44,2,29.19,1.37
17-10-2017,14.4,20.97,48.01,39.23,9.92,13.01,7.4,2.02,24.83,1.45
18-10-2017,18.27,21.68,66.01,47.62,14.42,13.14,6.63,2.03,8.81,1.52
19-10-2017,12.47,26.58,55.94,13.34,8.76,15.13,6.69,2.05,7.61,1.59
20-10-2017,14.24,8.35,56.28,11.81,7.65,11.43,17.09,1,17.01,0.95
21-10-2017,8.15,7.94,42.71,9.04,7.91,15.39,12.36,1.28,18.92,1.62
22-10-2017,8.29,8.71,54.57,34.06,7.56,30.165,13.51,1.525,15.55,1.62
23-10-2017,9.24,8.95,89.4,56.94,7.98,44.94,17.51,1.77,8.88,1.62
24-10-2017,15.76,10.81,72.71,59.11,8.24,48.95,18.48,0.85,12.75,1
25-10-2017,16.44,13.86,56.81,68.98,7.74,45.73,16.35,0.866666667,31.07,1.033333333
26-10-2017,17.04,15.23,56.9,65.77,7.17,20.02,17.39,0.883333333,15.9,1.066666667
27-10-2017,13.99,11.38,26.14,51.75,16.51,20.16,11.35,0.9,30.54,1.1
28-10-2017,15.78,10.83,35.39,52.81,8.06,57.56,11.21,1.005,32.02,1.265
29-10-2017,15.01,9.13,28.91,10.52,14.32,31.78,10.68,1.11,16.66,1.43
30-10-2017,9.57,10.73,41.29,29.63,13.21,48.93,14.27,1.215,6,1.595
31-10-2017,12.13,8.64,65.55,39.08,12.1,23.46,17.84,1.32,37.92,1.76
01-11-2017,6.5,7.92,29.65,16.17,14.71,29.865,9.87,1.2,100.51,2.02
02-11-2017,7.2,7.82,26.09,21.31,9.19,36.27,9.87,1.12,56.51,1.93
03-11-2017,8.53,5.98,45.29,20.56,10.34,216.65,16.04,1.01,15.68,1.93
04-11-2017,14.44,11.77,45.11,31.33,9.76,131.31,13.87,1.01,7.6,1.94
05-11-2017,14.87,6.86,65.25,48.24,9.03,81.14,20.15,0.98,32.94,2.04
06-11-2017,11.58,10.33,64.5,40.04,11.54,45.89,17.81,0.92,51.23,1.89
07-11-2017,13.12,17.06,51.67,32.32,15.51,35.54,16.28,2.6,53.88,1.94
08-11-2017,13.32,9.17,55.83,42.34,9.92,64.93,15,5.56,45.38,1.94
09-11-2017,12.3,8.1,54.71,65.64,10.16,56.73,18.87,6.16,56.12,2.02
10-11-2017,9.12,7.23,55.07,45.74,10.18,220.86,17.26,6.11,32.53,1.93
11-11-2017,10.67,5.55,78.16,21.19,8.87,120.78,17.57,6.19,26.3,2.07
12-11-2017,10.11,5.54,66.78,13.34,8.88,56.27,12.59,3.915,37.51,1.97
13-11-2017,9.61,12.3,65.36,60.76,9.34,116.65,16.17,1.64,39.3,1.95
14-11-2017,8.67,13.15,34.12,103,10.25,137.77,9.25,4.37,8.64,2
15-11-2017,5.9,19.93,36.7,49.14,8.07,71.19,9.12,5.88,3.33,2.06
16-11-2017,9.59,24.27,38.61,51.97,11.53,36.38,9.12,7.13,2.44,1.9
17-11-2017,5.76,13.96,32.01,26.03,9.97,68.93,13,8.16,2.46,1.91
18-11-2017,8.73,9.5,20.23,13.86,10.05,125.54,6.01,7.06,2.39,1.95
19-11-2017,11.02,5.48,19.58,11.75,9.41,70.47,4.91,1.78,2.52,2
20-11-2017,10.9,8.23,24.44,10.67,7.6,17.17,6.83,5.91,2.88,1.83
21-11-2017,12.88,11.55,32.84,11.57,10.73,16.6,7.58,4.55,4.38,2.02
22-11-2017,12.04,10.58,30.75,13.66,6.79,20.28,6,4.52,10.86,1.79
23-11-2017,11.09,10.58,34.73,13.14,11.04,9.56,5.76,11.25,30.6,1.89
24-11-2017,12.17,11.82,44.24,11.99,6.26,36.01,7.67,8.14,57.13,1.96
25-11-2017,15.43,8.44,45.12,25.07,5.34,37.56,8.82,11.08,38.44,2.03
26-11-2017,15.31,6.32,77.85,11,8.98,19.26,15.55,1.39,72.8,1.98
27-11-2017,16.9,7.37,45.64,11.95,9.81,11.34,9.91,8.62,65.54,1.92
28-11-2017,15.56,6.88,61.44,25.23,10.31,28.68,14.73,14.68,80.68,1.87
29-11-2017,11.01,11.52,109.88,101.11,7.04,62.56,16.7,10.83,57.83,1.9
30-11-2017,10.38,8.12,71.11,72.96,9.05,67.29,23.95,5.43,38.97,2
01-12-2017,8.52,6.48,61.21,106.63,8.67,34.97,30.25,11.77,27.9,2.01
02-12-2017,8.64,8.33,80.33,54.29,7.02,62.58,26.52,6.08,23.26,2.02
03-12-2017,13.43,9.93,67.41,44.37,7.22,21.78,17.65,1.3,30.36,1.98
04-12-2017,13.35,8.57,74.66,29.32,6.46,25.96,12.7,6.35,18.38,2.04
05-12-2017,12.38,9.81,61.13,17.21,6.29,32.13,7.53,19.59,18.1,2.053333333
06-12-2017,12,9.12,23.19,12.01,6,31.09,10.38,18.76,7.3,2.066666667
07-12-2017,15.06,7.54,24.67,11.68,7.77,18.02,9.46,6.82,15.21,2.08
08-12-2017,28,8.84,23.86,12.51,2.82,23.4,10.19,3.86,16.03,1.92
09-12-2017,21.48,11.23,60.14,54.19,3.04,136.74,9.49,10.14,24.49,1.87
10-12-2017,17.62,14.24,102,55.31,4.44,112.77,9.51,16.77,10.58,2.04
11-12-2017,8.19,8.6,97.35,36.96,8.39,110.69,10.92,8.91,5.95,1.97
12-12-2017,7.87,15.54,22.41,50.36,12.01,42.92,24.26,21.61,9.45,1.9
13-12-2017,10.44,10.48,20.14,11.72,7.91,28.12,13.16,37.79,8.86,2.05
14-12-2017,16.43,16.43,19.4,8.44,2.4,27.74,12.84,1.73,6.87,1.97
15-12-2017,42.05,8.39,20.33,8.01,3.5,25.41,10.54,6.82,8.16,1.95
16-12-2017,12.88,8.19,17.77,7.63,7.78,24.17,10.66,37.77,7.24,2.27
17-12-2017,12.25,6.93,17.4,15.04,8.44,17.91,9.74,23.36,11.36,1.99
18-12-2017,13.94,7.49,20.4,14.63,3.67,63.88,8.82,18.69,7.31,2.05
19-12-2017,10.01,6.46,35.44,68.28,8.22,40.76,9.78,4.86,15.53,2.15
20-12-2017,11.34,7.25,44.05,113.36,16.01,61.65,10.22,10.25,18.21,2.19
21-12-2017,10.59,10.07,32.3,42.66,18.07,12.63,10.64,4.24,14.66,2.24
22-12-2017,11.41,13.71,22.11,9.61,21.37,30.41,10.26,29.44,8.78,2.24
23-12-2017,10.11,12.3,31.51,27.36,10.07,70.66,10.17,27.63,56.27,2.27
24-12-2017,3.71,10.43,79.8,26.01,9.99,13.1,10.68,19.69,58.21,2.31
25-12-2017,4.58,8.82,61.55,18.8,8.37,33.89,9.98,6.88,28.68,2.33
26-12-2017,7.62,14.75,46.41,30.87,8.2,21.98,9.83,16.37,53.78,2.21
27-12-2017,6.4,10.49,58.71,41.47,6.1,33.79,5.65,15.87,51.83,1.83
28-12-2017,7,18.2,80.57,65.49,10.23,18.36,5.76,28.26,25.97,1.92
29-12-2017,10.82,11.21,70.6,37.62,12.65,10.77,8.55,9.07,40.39,1.91
30-12-2017,10.05,15.88,69.31,19,15.07,43.62,7.3,2.43,8.84,1.94
31-12-2017,11.9,8.51,83.77,12.19,13.13,30.96,86.04,1.62,7.82,1.94
01-01-2018,9.91,8.39,62.76,9.57,10.55,26.43,32.89,1.73,9.33,1.88
02-01-2018,7.16,9.6,31.26,36.7,5.81,16.8,45.23,1.69,16.88,1.96
03-01-2018,9.57,10.67,37.98,12.12,5.35,73.5,37.01,16.74,53.83,1.89
04-01-2018,6.77,8.71,35.56,13.96,10.82,24.37,31.09,66.29,32.78,1.94
05-01-2018,7.99,8.96,38.73,18.05,12.4,12.28,24.25,42.93,13.69,1.98
06-01-2018,7.64,7.67,65.27,30.98,9.24,48.42,35.19,63.93,20.53,1.92
07-01-2018,8.23,8.91,26.49,35.25,8.91,69.54,33.04,51.53,8.61,1.9
08-01-2018,5.06,7.85,37.51,25.08,7.08,60.44,28.99,25.73,37.04,1.98
09-01-2018,6.83,8.66,62.59,25.68,6.41,22.22,26.66,2.04,32.47,1.89
10-01-2018,6.82,8.24,34.44,18.32,7.01,51.44,17.31,19.01,41.21,1.83
11-01-2018,11.14,8.95,30.06,19.85,7.06,52.26,14.64,33.55,44.32,1.89
12-01-2018,8.15,9.91,40.02,15.11,10.88,66.51,27.34,34.94,59.36,1.87
13-01-2018,9.71,17.04,68.69,33.23,12.85,34.44,33.15,13.04,79.4,1.88
14-01-2018,10.94,11.78,36.32,38.7,14.16,13,27.22,36.34,33.6,1.91
15-01-2018,5.56,9.11,32.47,46.87,3.98,48.43,31.35,20.08,31.18,1.88
16-01-2018,7.45,8.78,31.78,12.28,5.75,88.3,15.4,12.64,23.76,1.79
17-01-2018,6.61,11.58,44.3,26.3,6.13,22.41,31.44,13.68,8.34,1.94
18-01-2018,6.75,14.74,48.32,46.68,11.21,25.15,38.58,22.29,16.86,1.84
19-01-2018,5.92,12.12,41.26,93.85,10.99,59.13,31.06,32.49,16.75,1.92
20-01-2018,5.78,11.7,21.5,21.64,12.5,36.34,15.76,36.89,7.76,1.94
21-01-2018,4.8,11.64,33.93,26.7,9.93,25.85,29.5,34.06,17.52,1.93
22-01-2018,3.95,12.08,54.86,43.71,5.81,28.45,26.79,21.82,6.84,1.84
23-01-2018,4.23,13.66,25.98,71.72,4.36,54.58,48.38,59.45,13.71,1.92
24-01-2018,8.52,13.56,25.05,11.42,4.69,24.51,49.55,45.0125,19.13,1.7
25-01-2018,5.5,14.15,24.28,12.06,12.11,7.18,30.11,30.575,40.34,1.54
26-01-2018,4.06,11.69,28.91,13.42,9.3,6.89,35.95,16.1375,43.3,1.69
27-01-2018,5.03,11.77,34.29,12.78,7.53,40.04,28.83,1.7,36.15,1.67
28-01-2018,3.93,11.99,41.85,17.7,6.26,23.92,39.67,21.27,25.14,1.67
29-01-2018,4.67,12.29,45.81,17.19,5.49,17.11,52.22,13.37,20.02,1.76
30-01-2018,4.15,13.32,23.71,12.86,7.61,60.26,17.61,31.84,38.71,1.75
31-01-2018,4.4,15.19,22.07,11.85,14.36,31.92,18.17,17.43,29.36,1.78
01-02-2018,9.03,16.37,38.37,15.66,33.83,11.01,32.41,16.91,43.6,1.82
02-02-2018,5.9,14.88,34.69,48.6,21.51,12.22,39.61,20.17,19.29,1.91
03-02-2018,4.62,19.31,27.97,98.89,6.47,43.94,28.41,32.51,10.72,1.65
04-02-2018,4.32,14.04,22.5,12.92,4.91,35.43,21.47,26.6,11.65,1.69
05-02-2018,5.35,12.39,42.64,9.48,6.03,11.01,59.49,31.51,13.46,1.67
06-02-2018,3.97,11.72,28.45,8.8,13.91,5.38,60.15,43.41,14.14,1.71
07-02-2018,5.67,10.32,26.04,11.41,22.03,4.55,60.01,23.22,15.71,1.79
08-02-2018,13.58,10.76,66.23,10.91,14.55,4.07,60.59,18.01,16.79,1.66
09-02-2018,7.72,15.63,56.38,10.14,14.25,3.91,61.09,25.44,16.18,1.81
10-02-2018,8.37,12.89,71.59,18.07,7.15,4.06,58.98,12.38,10.99,1.83
11-02-2018,5.06,11.77,57.19,37.72,3.74,9.53,60.99,4.22,10.81,1.82
12-02-2018,5.34,9.24,16.51,12.11,3.15,10.85,65.1,1.59,7.94,1.77
13-02-2018,3.37,12.37,37.45,11.67,2.89,11.12,9.28,1.62,9.45,1.72
14-02-2018,3.69,11.08,16.31,12.45,4.19,6.58,11.5,0.98,11.22,1.71
15-02-2018,3.96,11.03,16.78,7.98,6.74,5.47,7.27,4.29,13.93,1.67
16-02-2018,6.66,9.31,24.78,7.58,8.45,6.76,12.58,3.63,24.19,1.57
17-02-2018,8.19,7.37,24.55,9.38,10.09,17.22,12.6,1,34.5,1.65
18-02-2018,3.13,10.66,35.15,13.24,10.42,26.08,19.53,0.44,16.87,1.79
19-02-2018,3.48,8.69,68.88,10.31,4.17,14.87,29.5,0.84,20.2,1.69
20-02-2018,2.78,7.8,56.44,23.01,4.48,23.56,28.51,5.29,32.37,1.56
21-02-2018,5.45,6.76,72.82,95.81,5.07,20.78,27.52,24.48,33.99,1.68
22-02-2018,7.04,9.14,59.65,45.77,4.83,17.23,26.54,18.76,36.02,1.67
23-02-2018,3.84,9.06,59.63,75.28,5.72,8.04,25.55,16.74,33.72,1.69
24-02-2018,3.63,6.97,47.09,38.5,4.92,10.55,24.56,85.97,26.21,1.63
25-02-2018,3.17,8.77,25,9.7,8.22,8.85,23.57,83.36,13.33,1.615
26-02-2018,7.96,11.45,14.44,6.93,22.13,8.01,22.58,15.01,13.97,1.6
27-02-2018,7.4,9.38,24.54,7.25,20.92,7.3,21.6,11.32,15.35,1.7
28-02-2018,7.13,11.08,42.48,8.49,20.73,8.88,20.61,16.79,13.49,1.69
01-03-2018,4.8,11.48,45.93,10.86,14.31,11.4,19.62,14.87,11.57,1.59
02-03-2018,4.88,9.87,46.05,8.91,10.11,4.53,16.01,12.4,10.77,1.68
03-03-2018,6.26,7.44,26.84,10.91,4.25,3.13,13.82,7.76,10.81,1.71
04-03-2018,3.02,8.74,25.27,13.14,7.81,6.14,17.13,9.1,11.9,1.69
05-03-2018,7.78,8.23,24.87,8.88,4.59,5.4,16.59,10.51,9.04,1.62
06-03-2018,5.78,14,15.1,8.84,3.86,4.62,12.38,5.95,12.09,1.62
07-03-2018,3.4,10.69,25.71,11.19,5.37,5.6,11.77,13.35,15.66,1.62
08-03-2018,4.18,24.42,60.76,19.28,6.73,8.13,16.7,2.52,13.12,1.64
09-03-2018,12.31,10.82,45.51,13.76,4.89,6.82,17.25,2.12,8.88,1.65
10-03-2018,4.32,12.02,16.27,9.53,4.83,4.65,16.46,12.17,7.93,1.64
11-03-2018,2.76,8.1,23.14,10.28,2.68,6.01,9.25,7.35,13.06,1.73
12-03-2018,3.16,7.95,28.38,11.36,3.74,22.56,17.74,9.02,14.24,1.66
13-03-2018,4.21,8.06,41.54,15.6,4.44,43.87,26.5,10.99,15.03,1.63
14-03-2018,3.6,8.51,60.02,52.89,5.1,42.8,13.71,9.77,11.63,1.55
15-03-2018,8.41,10.02,36.34,27.38,3.96,16.25,16.18,16.56,12.56,1.65
16-03-2018,7.07,8.36,27.56,10.59,3.98,17.46,18.42,7.66,9.71,1.57
17-03-2018,5.6,10.02,21.81,10.09,3.01,8.46,11.23,9.9,7.91,1.71
18-03-2018,3.76,14.05,18.88,9.06,4.13,6.1,18.48,8.91,6.73,1.63
19-03-2018,4.22,12.84,28.38,10.2,4.21,23.28,22.37,7.26,7.62,1.56
20-03-2018,4.42,15.15,44.27,11.53,5.57,12.95,25.31,8.08,9.1,1.74
21-03-2018,3.75,10.89,30.35,28.28,3.95,12.25,23.4,14.38,10.23,1.66
22-03-2018,19.92,9.84,13.53,15.33,8.9,11.47,16.7,10.31,8.89,1.73
23-03-2018,27.3,7.37,14.86,9.55,13.11,11.21,11.11,5.8,7.92,1.67
24-03-2018,4.06,6.43,15.2,9.83,12.22,5.78,14.28,4.25,8.93,1.68
25-03-2018,4.49,8.23,11.77,9.69,5.3,5.99,10.07,4.34,9.43,1.66
26-03-2018,6.77,8.72,19.04,10.28,3.49,8.02,13.27,7.66,20.9,1.72
27-03-2018,7.68,9.44,42.38,9.32,3.6,11.29,22.28,12.51,37.87,1.63
28-03-2018,6.995,8.95,55.87,38.15,3.09,14.26,27.51,9.91,10.75,1.75
29-03-2018,6.31,6.89,17.1,28.96,4.41,12.09,37.18,5.33,15.38,1.77
30-03-2018,3.64,6.77,21.45,21.95,2.56,5.35,37.27,5.43,11.89,1.74
31-03-2018,3.67,9.23,25.6,12.88,3.36,14.68,36.03,7.62,5.7,1.71
01-04-2018,3.56,11.31,15.98,36.46,3.18,8.81,31.51,9.2,5.06,1.72
02-04-2018,5.94,9.46,26.07,36.52,6.94,8.95,33.14,3.33,19.34,1.77
03-04-2018,9.49,10.86,27.42,37.18,4.2,9.52,33.06,6.84,9.79,1.66
04-04-2018,5.83,11.83,32.79,23.57,4.18,6.18,35.92,5.35,18.11,1.68
05-04-2018,5.13,10.79,43.18,16.5,4.05,7.07,30.36,6.35,10.44,1.64
06-04-2018,7.27,12.02,25.66,13.93,4.94,6.9,30.8,9.74,7.97,1.8
07-04-2018,4.89,15.42,18.92,16.1,7.78,6.53,33,8.42,8.9,1.72
08-04-2018,4.36,19.95,13.22,19.15,4.55,6.25,38.29,2.35,7.89,1.67
09-04-2018,5.04,29.11,24.07,19.02,9.17,8.49,40.93,14.78,7.39,1.7
10-04-2018,6.41,16.07,35.24,23.43,6.05,7.13,37.13,10.02,7.64,1.94
11-04-2018,4.66,16.23,16.25,15.84,5,8.48,39.11,11.05,6.42,2.67
12-04-2018,5.74,13.48,20.89,13.82,5.41,10.35,37.97,10.22,6.25,3.44
13-04-2018,5.8,16.32,34.37,12.69,4.14,13.36,34.05,13.24,9.52,2.63
14-04-2018,4.67,14.1,42.69,12.39,3.65,26.31,30.68,11.59,7.93,2.73
15-04-2018,3.99,11.42,49,20.18,4.63,11.68,35.74,10.17,8.38,2.78
16-04-2018,5.41,12.67,51.52,45.67,8.95,8.23,34.18,10,8.44,2.76
17-04-2018,7.83,15.33,35.67,21.96,4.8,10.19,41.45,11.53,8.54,2.73
18-04-2018,6.2,14.92,16.91,10.7,5.22,9.15,34.70166667,17.02,8.65,2.77
19-04-2018,4.34,13.64,27.08,15.85,11.25,7.9,27.95333333,9.19,11.68,2.79
20-04-2018,8.43,12.44,20.62,42.73,14.73,6.68,21.205,9.87,11.43,2.67
21-04-2018,7.43,13.86,9.64,12.07,14.17,10.26,14.45666667,6.69,8.17,2.67
22-04-2018,3.64,10.76,9.34,10.26,4.45,10.35,7.708333333,12.65,8.24,2.64
23-04-2018,4.23,11.23,17.48,11.31,2.99,7.04,0.96,10.33,4.74,2.64
24-04-2018,6.45,15.66,27.8,25.03,3.63,14.44,0.75,8.02,15.07,2.76
25-04-2018,9.48,58.08,46.07,60.82,2.81,18.06,74.38,11.32,20.38,2.81
26-04-2018,3.29,38.85,44.46,16.72,3.23,14.48,22.24,12.77,11.2,2.76
27-04-2018,2.79,11.77,22.69,19.83,3.35,14.85,3.43,7.04,7.31,2.85
28-04-2018,3.52,12.69,11.33,21.65,2.74,13.23,5.115,7.84,12.69,2.71
29-04-2018,3.55,12.09,13.32,20.28,3.02,10.41,6.8,9.11,8.52,2.84
30-04-2018,3.4,12.94,21.81,19.61,7.3,11.64,12.25,9.24,6.75,2.91
01-05-2018,3,22.85,11.11,19.27,2.21,11.77,13.16,5.99,7.73,2.94
02-05-2018,3.54,19,14.43,19.68,5.67,10.65,12.59,15.55,9.47,2.82
03-05-2018,5.02,14.72,15.63,21.77,3.83,12.03,13.65,16.82,8.07,2.82
04-05-2018,3.72,38.8,11.61,24.68,4.72,23.26,13.16,8.05,9.04,2.78
05-05-2018,3.63,32.13,23.26,22.57,2.77,13.65,12.3,9.84,12.38,2.98
06-05-2018,3.35,19.12,42.39,21.92,2.73,11.57,13.15,10.29,10.71,2.86
07-05-2018,28.39,17.33,42.33,27.74,2.68,17.25,11.4,12.23,13.16,2.87
08-05-2018,4.95,20.71,10.01,48.83,4.18,21.05,11.44,8.49,12.76,2.89
09-05-2018,3.82,26.57,19.68,18.98,3.44,27.1,14.05,9.64,10.03,2.9
10-05-2018,6.84,15.24,28.94,23.44,3.68,21.51,15.81,12.86,12.6,2.79
11-05-2018,7.84,12.7,35.51,22.58,2.6,8,16.23,6.29,13.33,2.97
12-05-2018,3.38,13.16,45.32,7.61,2.75,5.52,17.19,8.78,11.51,2.89
13-05-2018,3.42,12.47,17.22,5.83,2.78,4.55,20.66,7.45,10.18,3.04
14-05-2018,5.95,12.41,13.4,8.23,2.42,4.46,11.32,13.96,7.27,3.05
15-05-2018,7.74,12.47,13.34,11.67,2.67,17.56,11.86,16.73,8.56,2.92
16-05-2018,5.28,12.09,16.47,10.22,1.84,13.34,15.13,14.68,17.05,3.08
17-05-2018,3.42,12.01,17.3,5.37,5.47,10.77,15.53,11.45,16.53,3.27
18-05-2018,13.78,11.75,27.74,9.8,4.13,6.5,14.49,10.87,15.45,3.2
19-05-2018,17.64,11.53,49.67,9.16,4.4,5.23,18.36,9.32,2.87,3.16
20-05-2018,3.31,11.39,20.35,7.45,2.41,4.47,15.85,5.59,3.14,3.55
21-05-2018,8.66,14.31,14.16,7.38,1.95,5.3,11.2,9.79,2.77,3.73
22-05-2018,5.24,19.02,28.41,12.47,1.61,4.51,14.3,10,6.78,3.37
23-05-2018,7.04,14.7,53.83,11.44,2.07,4.39,8.88,7.66,11.54,2.97
24-05-2018,6.35,13.85,37.09,10.13,4.43,4.06,8.81,10.64,7.43,2.84
25-05-2018,7.52,13.53,42.75,11.88,2.82,14.76,9.33,7.05,19.24,3.1
26-05-2018,13.58,12.09,41.7,34.37,4.09,11.45,15.37,4.89,20.06,2.88
27-05-2018,11.87,12.51,31.92,9,3.38,8.82,28.59,6.27,11.96,2.94
28-05-2018,6.2,11.02,29.36,7.21,2.96,10.96,10.41,10.74,9.79,3
29-05-2018,6.37,10.46,41.22,6.01,3.27,14.97,13.06,6.3,5.46,3.08
30-05-2018,6.7,10.59,13.19,7.4,2.56,14.82,13.93,3.26,6.79,3.1
31-05-2018,7.15,10.48,14.54,23.26,2.85,13.04,14.85,2.87,6.56,2.8
01-06-2018,8.89,12.76,8.65,14.15,2.92,12.89,14.69,6,8.39,2.85
02-06-2018,10.58,12.53,12.65,4.47,3.79,16.3,14.59,7.32,9.98,3.1
03-06-2018,7.51,11.43,16.93,4.28,3.42,12.6,14.69,10.15,8.63,3.15
04-06-2018,8.65,10.96,14.32,4.28,5.15,17.27,15.56,2.96,9.96,2.79
05-06-2018,8.03,10.19,9.58,4.19,3.15,19.86,17.08,6.22,7.9,2.97
06-06-2018,7.8,12.65,8.99,2.42,2.43,18.77,18.53,6.1,7.62,3.24
07-06-2018,9.77,10.59,10.21,2.18,2.91,18.31,19.39,3.91,7.76,2.73
08-06-2018,9.94,9.76,9.8,2.03,2.41,15.72,6.81,5.8,8.39,3.22
09-06-2018,9.68,9.17,10.94,2.66,2.78,10.66,7.18,7.13,9.29,3.19
10-06-2018,13.55,9.29,16.94,2.15,3.39,7.73,7.77,7.43,7.87,3.19
11-06-2018,10.26,11.21,11.9,3.91,4.49,9.16,7.7,7.83,9.69,3.06
12-06-2018,9.05,9.65,11.06,9.31,6.62,6.68,9.86,21.41,8.37,3.01
13-06-2018,10.17,14.28,11.58,7.3,2.88,6.53,11.62,9.51,15.57,3.08
14-06-2018,10.85,10.84,11.75,14.51,3.06,3.33,11.49,8.86,10.17,3.18
15-06-2018,9.95,8.69,12.05,8.67,2.8,29.96,12.73,7.4,9.22,3.21
16-06-2018,9.44,10.37,10.15,8.39,2.23,3.39,13.41,6.21,8.87,3.12
17-06-2018,9.08,13.14,8.45,8.86,2.72,1.64,12.55,4.693333333,9.16,3.25
18-06-2018,9.51,11.84,11.44,9.8,2.58,1.65,11.13,3.176666667,8.83,3.06
19-06-2018,8.27,8.25,10.85,10.13,1.97,15.64,10.59,1.66,9.93,2.99
20-06-2018,8.31,14.47,13.82,9.45,2.55,13.87,10.58,1.79,12.89,3.03
21-06-2018,7.76,8.04,11.17,9.48,1.76,13.56,9.65,1.39,8.07,3.04
22-06-2018,10.67,7.82,23.62,10.78,2.2,9.04,8.62,1.7,9.58,3.05
23-06-2018,9.93,9.42,17.78,9.97,2.75,17.27,8.46,1.42,7.66,3.12
24-06-2018,7.93,7.89,10.39,9.34,3.05,9.13,8.55,1.34,7.91,3.1
25-06-2018,6.93,7.9,10.81,9.58,2.77,6.9,8.69,1.08,8.35,3.15
26-06-2018,5.69,7.61,8.89,9.84,3.95,4.48,8.71,2.4,8.16,3.24
27-06-2018,4.95,7.73,9.03,9.33,4.42,24.63,8.39,2.63,11.58,3.26
28-06-2018,6.3,7.63,8.68,9.56,4.19,16.81,8.58,1.92,11.04,3.53
29-06-2018,10.26,7.87,10.99,11.46,3.48,24.65,8.44,1.9,9.06,3.04
30-06-2018,32.78,7.25,10.42,11.5,6.27,16.5,8.55,1.56,9.31,3.1
01-07-2018,24.59,7.1,10.82,19.68,3.41,16.5,8.49,1.51,10.68,3.26
02-07-2018,28.13,7.32,7.87,17.1,3.82,16.48,8.58,1.43,11.21,3.1
03-07-2018,23.02,7.04,11.74,13.47,3.42,9.39,8.59,2.42,11.13,3.11
04-07-2018,17.71,7.05,8.01,12.11,3.7,10.65,8.75,2.81,11.12,3.16
05-07-2018,17.18,9.19,13.52,12.14,4.16,15.75,8.53,2.81,10.92,2.94
06-07-2018,17.06,10.65,16.15,11.9,4.7,15.66,8.42,11.52,9.99,3.02
07-07-2018,13.94,15.47,8.99,11.28,4.4,17.46,8.68,12.11,8.19,3.13
08-07-2018,13.04,8.65,14.86,12.03,4.05,17.83,8.46,9.85,9.04,3.17
09-07-2018,20.04,6.89,9.06,11.42,4.05,24.99,8.39,9.08,9.41,3.28
10-07-2018,19.76,7.12,7.74,9.6,4.15,24.65,8.51,10.04,10.13,3.1
11-07-2018,17.69,6.95,8.76,10.77,4.55,29.43,8.62,22.42,10.65,2.81
12-07-2018,15.33,7.26,10.21,11.61,4.73,23.78,8.59,19.44,10.16,2.99
13-07-2018,12.73,11.07,12.27,11.78,4.5,26.13,8.56,14.49,10.53,3.02
14-07-2018,16.04,7.81,13.24,11.66,5.45,21.59,8.68,16.34,10.44,3.06
15-07-2018,12.09,7.11,8.28,10.42,5.46,16.85,8.56,14,11.06,3.06
16-07-2018,19.67,7.09,13.87,10.58,5.27,23,8.5,12.1,10.17,2.95
17-07-2018,10.93,8.88,11.89,10.65,4.39,19.67,8.81,12.19,9.13,2.97
18-07-2018,6.08,9.6,12.45,9.95,4.36,26.1,8.89,12.74,8.69,2.9
19-07-2018,6.33,9.46,10.58,9.54,4.55,21.71,8.54,12.38,9.51,2.98
20-07-2018,6.5,9.41,12.22,10.07,4.27,16.24,8.51,24.2,10.96,2.98
21-07-2018,6.02,9.51,17.99,10.68,2.81,24.04,8.66,20.46,8.93,3.1
22-07-2018,5.71,9.22,12.14,9.46,3.74,17.22,8.56,11.81,9.29,3.08
23-07-2018,9.81,9.39,14.28,10.1,4.08,18.25,8.74,10.14,9.78,2.87
24-07-2018,7.46,9.38,12.18,8.93,4.72,15.65,8.49,9.11,9.85,2.89
25-07-2018,8.78,9.47,15.59,9.83,5.11,9.79,8.44,10.1,10.18,2.99
26-07-2018,12.84,11.65,16.81,15.25,9.34,19.11,8.77,11.06,10.35,2.95
27-07-2018,8.27,10.76,14.04,12.5,7.62,18.62,8.76,10.73,9.62,3
28-07-2018,6.85,11.38,13.43,17.04,8.1,27.56,8.9,8.78,9.58,2.92
29-07-2018,6.38,10.78,18.34,16.02,5.93,8.78,8.54,9.14,8.99,3.09
30-07-2018,15.82,10.49,15.98,10.36,5.11,8.27,8.52,15.52,7.8,2.91
31-07-2018,16.68,10.23,15.59,10.67,5.24,9.77,8.71,12.43,8.72,2.87
01-08-2018,17.54,9.88,19.92,10.66,4.48,6.82,8.7,7.28,14.02,2.94
02-08-2018,12.55,10,20.56,13.5,6.01,21.75,8.69,9.59,10.95,2.86
03-08-2018,17.03,8.78,19.1,11.51,6.15,13.64,9.66,12.56,12.4,2.83
04-08-2018,23.36,9.3,19.25,19.48,5.63,18.45,8.74,17.65,15.01,2.89
05-08-2018,17.45,9.4,17.71,18.02,5.68,14.01,8.66,6.84,11.85,2.96
06-08-2018,18.79,9.93,19.28,19.71,5,30.75,8.78,14.91,13.32,2.81
07-08-2018,18.82,9.57,18.64,12.83,4.71,24.9,8.61,14.02,8.78,2.95
08-08-2018,24.08,9.17,19.04,11.91,4.84,17.24,8.57,16.86,12.92,2.9
09-08-2018,21.68,9.48,17.18,11.2,8.38,21.84,11.13333333,11.97,16.12,2.87
10-08-2018,23.38,10.05,27.59,9.35,6.04,32.33,13.69666667,17.93,12.13,2.8
11-08-2018,23.61,10.68,18.61,8.66,7.35,29.36,16.26,20.47,10.89,2.91
12-08-2018,16.83,9.82,14.86,9.78,6.15,29.65,18.82333333,21.28,9.92,2.98
13-08-2018,18.47,9.84,16.15,13.17,5.61,51.86,21.38666667,32.61,8.9,2.81
14-08-2018,20.8,10.57,14.03,18.35,8.16,41.33,23.95,25.81,8.62,2.91
15-08-2018,17.91,10.01,9.88,18.09,4.1,22.18,17.15,19.895,9.58,2.85
16-08-2018,14.92,9.68,18.67,9.27,3.77,23.83,20.6,13.98,8.99,2.86
17-08-2018,16.77,10.49,18.25,8.79,4.25,22.59,23.72,12.56,6.91,2.78
18-08-2018,15.73,9.64,12.87,10.93,4.16,38.72,14.58,14.69,8.43,2.93
19-08-2018,13.99,9.68,18.92,11.13,11.75,19.38,18.76,10.04,16.21,2.92
20-08-2018,19.12,10.28,23.17,10.61,5.97,27.91,21.7,15.32,20.09,2.8
21-08-2018,18.5,9.5,11.76,10.83,5.47,21.28,10.68,14.68,12.06,2.95
22-08-2018,19.51,9.25,14.93,9.94,6.19,15.84,11.32,12.31,13.49,2.91
23-08-2018,22.31,9.48,15.41,11.84,6.62,24.62,6.36,9.39,14.49,2.78
24-08-2018,22.92,10.19,17.54,11.49,5.88,28.22,8.89,13.435,13.38,2.97
25-08-2018,24.38,9.56,14.99,9.89,7.06,28.19,6.74,17.48,14.17,3.01
26-08-2018,21.34,9.18,9.89,11.5,5.98,20.01,4.22,26.98,10.4,2.97
27-08-2018,25.62,9.64,10.67,13.04,9.65,27.97,16.69,36.48,15.81,2.88
28-08-2018,20.83,10.57,14.65,10.05,6.63,24.68,15.2,13.79,10.68,3.02
29-08-2018,16.42,12.06,15.31,11.48,6.11,22.17,14.87,10.11,10.62,2.93
30-08-2018,22.69,10.67,21.4,13.04,7.02,38.1,28.45,6.23,10.82,2.93
31-08-2018,24.42,10.65,13.54,9.7,6.2,31.38,12.93,31.93,9.76,2.8
01-09-2018,18.31,11.66,19.47,8.14,6.01,25.88,24.7,30.83,12.87,2.94
02-09-2018,16.09,9.99,20.91,7.44,7.14,15.41,5.11,12.03,13.13,2.93
03-09-2018,24.51,9.72,17.6,9.59,7.38,23.99,15.74,11,13.19,2.89
04-09-2018,21.82,9.69,34.09,10.46,7.58,15.63,14.31,12.18,14.66,2.97
05-09-2018,19.25,9.59,21.85,7.74,5.13,27.25,24.5,15.02,13.25,2.8
06-09-2018,20.52,9.47,28.45,10.39,4.74,20.69,25.56,18.2,13.32,2.92
07-09-2018,20.06,10.31,30.95,8.23,5.01,20.27,32.82,16.49,14.52,2.88
08-09-2018,9.29,9.96,17.48,7.69,4.94,18.26,34.87,10.82,11.65,3
09-09-2018,9.72,9.27,10.53,7.78,9.53,11.31,18.3,13.02,10.08,2.94
10-09-2018,8.51,10.4,15.56,7.65,6.64,6.16,29.71,9.82,13.01,2.88
11-09-2018,12.1,10.09,19,8.25,7.83,9.91,23.27,15,15.68,2.95
12-09-2018,16.57,10.67,17.17,9.98,10.31,7.38,21.85,9.97,13.38,2.9
13-09-2018,14.04,9.82,19.96,9.17,11.55,16.06,21.27,5.32,9.76,2.98
14-09-2018,14.95,9.42,20.52,11.38,5.8,12.1,18.06,12.39,9.96,2.87
15-09-2018,15.31,9.91,26.65,6.95,6.25,26.69,15.62333333,18.31,11.74,2.8
16-09-2018,26.3,9.73,21.14,7.05,8.74,10.71,13.18666667,10.63,8.63,3.04
17-09-2018,23.91,14.5,22.25,6.35,4.05,10.04,10.75,9.87,8.48,2.77
18-09-2018,17.97,13.53,15,6.59,5.07,12.18,9.1,10.84,12.96,2.88
19-09-2018,12.96,14.67,26.29,9.81,6.3,18.8,19.52,12.96,13.52,2.74
20-09-2018,28.53,15.03,28.51,9.83,3.8,30,33.08,16.14,8.51,2.89
21-09-2018,15.97,10.95,11.6,6.36,5.26,17.15,13.59,7.22,6.15,2.92
22-09-2018,21.53,10.07,10.07,7.13,3.66,21.93,11.43,7.7,7.65,2.77
23-09-2018,13.19,9.81,7.37,7.6,3.76,10.62,9.11,17.9,5.87,2.88
24-09-2018,16.43,11.02,14.91,9.22,7.01,10.89,17.03,15.92,14.5,2.69
25-09-2018,19.45,11.18,20.54,9.92,10.7,11.5,12.54,10.51,22.33,2.64
26-09-2018,12.51,11.06,31.86,6.97,19.37,4.92,13.67,16.91,22.32,2.91
27-09-2018,13.98,10.21,66.23,8.42,7.32,7.31,73.61,16.21,30.58,2.86
28-09-2018,13.23,11.25,86.96,8.1,12.36,9.03,84.91,14.94,42.62,2.9
29-09-2018,13.34,11.08,61.52,7.27,18.14,6.11,67.31,20.98,42.3,2.83
30-09-2018,13.1,11.14,20.83,6.17,17.39,3.77,19.59,19.75,18.51,2.82
01-10-2018,14.5,11.97,30.83,6.62,6.21,4.21,24.34,8.21,25.54,2.86
02-10-2018,11.08,11.63,31.9,8.5,8.25,4.09,32.48,13.61,40.85,2.76
03-10-2018,12.05,10.88,39.9,10.28,5.25,5.49,35.03,13.19,18,3.05
04-10-2018,16.7,14.36,40.37,18.92,6.61,6,48.64,15.72,11.02,2.78
05-10-2018,15.24,17.31,65.84,15.53,5.91,9.27,47.53,22.65,13.33,2.8
06-10-2018,14.33,14.62,44.04,18.05,7.79,6.51,45.18,18.59,22.36,2.8
07-10-2018,13.17,12.76,39.4,12.53,5.65,6.29,46.91,5.47,14.2,2.82
08-10-2018,12.11,13.24,37.87,21.02,6.46,11.43,33.51,4.5,17.76,2.7
09-10-2018,14.75,12.17,31.79,10.32,8.4,16.12,9.61,5.03,33.36,2.74
10-10-2018,18.56,13.47,23.75,8.72,7.83,18.64,13.37,9.86,17.1,2.77
11-10-2018,30.58,10.88,14.93,7.96,5.23,27.22,9.56,14.88,9.91,2.64
12-10-2018,30.12,9.52,29.52,11.01,6.33,30.24,11.78,10.23,13.2,2.96
13-10-2018,23.04,9.2,54.11,8.45,13.85,16.16,18.27,6.53,11.34,2.98
14-10-2018,6.99,9.93,36.38,7.02,6.53,7.06,12.72,14,11.34,2.91
15-10-2018,9.88,9.23,50.19,8.21,4.47,8.62,7.39,18.38,34.26,2.87
16-10-2018,10.95,10.8,84.92,16.77,6.11,5.51,4.85,13.28,46.41,2.77
17-10-2018,14.07,12.34,67.3,15.76,6.99,12.36,46.65,9.11,52.28,2.79
18-10-2018,14,12.48,100.87,27.57,6.18,34.98,73.25,22.33,43.71,2.9
19-10-2018,9.89,13.75,40.85,23.5,9.66,23.19,10.98,9.88,20.04,2.98
20-10-2018,10.61,13.49,37.49,23.35,8.23,7.74,31.54,9.8,19.95,2.86
21-10-2018,14.12,10.73,49.17,15.52,6.33,9.46,17.62,18.6,7.04,2.99
22-10-2018,20.84,12.38,49.3,15.99,10.4,14.42,18.57,11.74,27.39,3.11
23-10-2018,23.55,12.45,65.36,10.34,5.57,12.78,76.36,20.04,19.57,3.1
24-10-2018,19.33,13.08,103.62,42.64,5.09,9.5,68.66,19.84,29.87,3.08
25-10-2018,17.54,11.23,97.53,54.51,8.06,20.53,69.9,28.48,23.33,3.05
26-10-2018,14.97,10.48,114.02,52.26,6.28,26.49,130.58,4.02,11.61,3.18
27-10-2018,15.66,10.49,123.46,56.42,13.24,37.13,155.9,12.52,15.15,3.17
28-10-2018,15.03,9.19,81.11,38.15,10.74,19.56,59.94,3.41,13.14,3.25
29-10-2018,26.17,8.86,84.12,101.1,4.14,18.98,51.47,3.57,19.73,3.21
30-10-2018,31.63,9.26,98.5,87.2,5.54,17.72,83.44,3.66,22.04,3.4
31-10-2018,16.33,12.78,99.9,46.72,8.65,21.81,79.5,3.69,17.36,3.12
01-11-2018,16.9,13.25,106.68,68.11,9.71,30.27,87.83,3.75,39,2.85
02-11-2018,12.79,11.29,57.41,81.63,8.83,19.71,32.13,4.36,65.05,2.78
03-11-2018,11.8,9.47,21.22,29.6,6.81,16.1,22.84,4.44,43.49,2.93
04-11-2018,9.14,10.83,14.18,12,4.85,22.08,29.12,3.68,14.27,2.8
05-11-2018,11.81,12.3,26.22,10.9,5.38,30.69,26.46,10.19,19.13,2.78
06-11-2018,11.41,13.88,23.48,10.08,5.82,10.64,25.33,28.77,25.57,2.91
07-11-2018,11.01,14.79,30.57,25.03,4.8,16.79,37.39,27.33,41.43,5.14
08-11-2018,14.54,11.95,89.1,24.17,3.82,9.34,82.89,25.58,33.54,5.07
09-11-2018,11.58,11.44,89.45,35.78,4.45,8.23,90.85,13.22,62.22,5.88
10-11-2018,14.78,11.21,99.32,47.14,4.22,9.62,75.93,14.16,50,4.57
11-11-2018,16.45,10.61,91.92,32.25,4.84,8.86,55.3,3.14,25.95,3.99
12-11-2018,32.73,10.36,75.93,59.74,7.17,7.51,80.05,4.08,55.58,4.32
13-11-2018,25.65,11.08,85.28,94.34,10.08,6.32,57.37,3.58,83.87,4.23
14-11-2018,40.06,9.62,41.75,36.19,10.49,9.03,30.64,3.42,13.73,4.22
15-11-2018,21.57,9.26,29.85,30.07,9.82,22.27,28.51,3.29,21.54,3.87
16-11-2018,11.77,9.44,19.55,13.23,7.78,9.64,24.03,3.34,15.07,3.62
17-11-2018,7.31,11.09,38.85,9.46,6.46,7.36,37.35,7.95,46.15,3.56
18-11-2018,9.24,12.3,68.53,37.51,7.14,19.84,79.49,10.89,15.19,3.27
19-11-2018,13,10.28,18.31,46.98,5.61,39.28,26.71,3.41,15.81,4.39
20-11-2018,15.66,9.43,53.4,70.41,7.09,23.43,28.25,4.15,30.79,4.62
21-11-2018,11.66,9.54,54.16,40.37,5.82,28.63,34.09,4.04,25.94,4.21
22-11-2018,13.98,11.59,91.36,26.53,4.81,31.34,89.87,3.92,8.89,3.94
23-11-2018,16.08,10.19,77.16,18.07,7.22,16.91,55.28,3.81,13.08,4.03
24-11-2018,11.24,10.97,26.91,18.76,8.56,13.39,38.68,3.7,26.61,4.72
25-11-2018,7.46,10.69,59.31,30.49,4.95,16.19,72.64,3.59,74.39,3.54
26-11-2018,7.78,11.61,94.45,64.45,5.59,38.96,94.55,3.47,27.15,4.16
27-11-2018,19.16,11.48,152,102.18,6.32,24.01,123.11,3.36,7.75,4.21
28-11-2018,10.19,10.68,120.37,76.89,6.86,36.53,67.08,3.25,7.44,4.58
29-11-2018,11.35,9.87,101.42,33.98,11.19,27.69,62.96,3.13,23.35,4.98
30-11-2018,10.45,10.57,62.12,11.53,7.06,16.81,47.34,3.02,72.64,5.96
01-12-2018,12.57,11.52,68.71,27.99,6.95,10.89,70.22,6.39,72.67,5.7
02-12-2018,9.29,9.79,131.08,81.1,7.24,14.59,118.9,5.483333333,34.49,4.45
03-12-2018,11.16,10.09,120.66,25.45,5.43,34.03,81.22,4.576666667,38.83,4.62
04-12-2018,15.31,10.71,140.77,44.75,6.32,58.22,89.61,3.67,29.9,4.56
05-12-2018,13.6,11.82,121.66,23.29,3.28,32.86,66.62,4.41,41.53,5.7
06-12-2018,13.52,10.65,136.49,23.94,5.26,18.95,87.11,3.87,38.9,5.34
07-12-2018,16.07,10.88,85.29,21.81,3.74,10.49,63.19,3.89,26.41,5.18
08-12-2018,9.36,8.91,85.16,33.39,4.44,21.37,72.52,3.66,28.55,4.44
09-12-2018,5.87,8.72,103.19,53.07,4.34,22.99,93.83,4.31,36.81,3.84
10-12-2018,9.79,9.63,89.36,156.78,4.06,33.38,52.9,4.12,37.62,3.6
11-12-2018,12.13,10.78,93.61,37.45,4.87,45.55,8.08,4.14,15.57,2.99
12-12-2018,11.17,14.93,56.21,33.87,3.74,47.87,27.39,4.28,7.38,2.95
13-12-2018,10.53,11.78,35.89,12.38,3.87,37.09,11.18,4.34,10.7,2.89
14-12-2018,12.96,10.47,39.15,11.3,4.96,18,17.5,4.29,9.44,3.11
15-12-2018,15.51,8.19,30.33,10.98,4.81,12.24,31.7,4.05,14.33,2.97
16-12-2018,13.08,8.6,42.76,41.75,4.2,13.49,36.71,4.65,20.73,3.5
17-12-2018,39.83,9.28,70.9,35.11,3.61,12.92,68.47,4.73,8.87,3.26
18-12-2018,60.14,10.86,55.86,26.41,5.64,12.23,19.36,11.44,23.73,2.76
19-12-2018,15.76,8.89,61.91,12.15,6.1,27.48,49.07,5.11,61.85,2.79
20-12-2018,11.87,9.6,114.21,10.78,10.97,14.22,124.65,5.77,96.56,2.73
21-12-2018,22.16,9.16,74.98,12.21,6.18,10.97,110.23,4.81,89.82,2.67
22-12-2018,12.09,8.72,85.55,60.02,5.48,20.03,179.36,4.38,25.48,2.73
23-12-2018,9.1,9.86,112.95,31.19,5.23,10.48,118.37,4.27,11.3,2.76
24-12-2018,10.4,8.74,123.73,14.77,3.25,7.14,190.51,9.4,19.03,2.78
25-12-2018,10.72,10.29,45.37,12.58,3.91,6.74,28.74,18.6,18.09,2.63
26-12-2018,10.07,9.95,59.69,18.71,5.14,16.2,73.38,32.54,51.18,2.66
27-12-2018,12.41,11.01,110.91,12.88,7.16,12.3,70.99,31.43,60.48,2.65
28-12-2018,9.44,10.69,39.19,8.28,6.93,23.84,24.86,10.12,42.03,2.63
29-12-2018,11.15,11.31,74.28,17.8,6.88,62.72,60.02,3.76,52.53,2.61
30-12-2018,8.74,9.06,127.84,41.93,7.93,38.91,124.47,2.04,60.72,2.66
31-12-2018,15.48,7.58,105.28,40.06,10.12,40.82,100.31,21.63,67.39,2.65
01-01-2019,14.75,6.07,92.04,45.79,15.13,32.51,100.38,24.58,70.73,2.79
02-01-2019,12.94,6.1,101.08,107.42,19.02,57.56,54.52,16.21,63.37,2.51
03-01-2019,16.74,6.48,77.92,18.21,17.18,29.39,57.78,25.44,26.38,2.69
04-01-2019,17.37,7.23,47.83,47.54,13.81,48.86,35.53,30.48,18.83,2.84
05-01-2019,15.87,7.77,64.97,55.4,7.3,85.64,33.49,3.06,6.08,2.82
06-01-2019,9.68,8.24,28.3,9.71,6.07,27.86,31.46,12.3,6.27,2.64
07-01-2019,15.59,7.24,49,27.44,11.3,19.54,16.41,17.85,7.92,2.71
08-01-2019,19.73,8.56,31.32,11.32,14.97,7.39,15.18,41.81,18.65,2.57
09-01-2019,17.76,7.21,26.14,8.26,18.53,6.93,12.37,29.95,13.01,2.58
10-01-2019,12.78,9.15,54.31,34.17,9.06,27.56,40.29,17.84,17.36,2.57
11-01-2019,14.65,8,118.55,46.48,3.95,33.09,95.96,3.3,9.32,2.49
12-01-2019,14.05,7.11,117.23,47.93,3.45,58.83,98.61,17.74,15.41,2.44
13-01-2019,10.6,6.7,64.96,49.66,3.27,26.42,40.47,14.84,7.97,2.49
14-01-2019,14.18,5.55,18.5,9.43,3.09,5.5,11.92,20.25,8.51,2.6
15-01-2019,16.17,5.4,36.34,11.95,3.24,17.7,23.74,18.07,38.8,2.58
16-01-2019,10.64,5.7,108.12,41.62,4.44,24.82,117.84,2.43,36.69,2.42
17-01-2019,15.74,5.84,108.96,41.15,7.91,21.95,74.5,5.7,22.37,2.51
18-01-2019,7.81,5.99,56.97,12.42,5.36,13.85,36.06,16.19,30.4,2.84
19-01-2019,7.41,6.01,100.7,12.04,4.02,15.63,97.68,26.37,29.64,2.54
20-01-2019,5.69,5.22,158.63,43.44,6.89,20.84,84.84,35.02,15.12,2.23
21-01-2019,6.26,5.98,58.34,50.93,4.63,51.71,22.94,20.65,7.73,1.12
22-01-2019,18.68,6.12,14.1,11.12,5.79,48.09,31.98,20.44,14.09,1.13
23-01-2019,11.95,6.02,55.53,13.12,2.98,62.02,23.99,34.77,12.34,1.02
24-01-2019,7.08,5.66,37.42,55.18,4.03,57.97,20.8,32.41,8.28,1.08
25-01-2019,7.16,6.76,16.96,66.45,2.97,54.13,11.3,52.11,26.87,0.97
26-01-2019,7.25,5.23,15.3,13.4,3.29,15.48,11.23,14.33,48.46,0.93
27-01-2019,5.89,5.53,19.78,9.48,6.08,6.96,9.49,2.37,9.61,0.92
28-01-2019,7.95,5.36,22.97,10.66,5.27,8.21,21.68,6.2,14.48,0.99
29-01-2019,9.41,5.37,33.51,11.53,5.12,5.43,22.64,5.36,12.43,0.97
30-01-2019,12.46,5.41,61.02,30.56,4.74,9.29,59.44,2.97,14.06,0.95
31-01-2019,8.55,5.7,72.47,82.8,5.22,68.88,58.67,2.8,8.7,0.95
01-02-2019,9.15,5.66,23.24,37.03,3.97,82.01,24.69,11.78,10.52,0.95
02-02-2019,9.15,5.49,17.57,17.09,3.93,23.97,17.74,36.94,11.43,0.99
03-02-2019,6.69,5.43,20.77,5.77,3.47,9.5,18.18,28.37,13.55,0.96
04-02-2019,9.19,5.28,53.8,6.42,3.44,10.45,47.21,6.02,12.61,0.93
05-02-2019,6.98,5.38,122.8,35.74,3.35,10.21,21.7,40.38,13.24,1.21
06-02-2019,10.06,6.33,39.1,53.57,4.64,13.27,18.87,53.82,14.61,1
07-02-2019,6.9,5.92,12.05,7.24,2.62,15.53,13.39,58.1,13.66,1.03
08-02-2019,5.51,5.83,31.23,14.7,8.67,7.71,34.79,41.61,12.04,0.98
09-02-2019,11.64,5.63,22.67,7.51,7.5,25.85,32.67,12.42,15.67,0.96
10-02-2019,9.95,5.81,47.91,6.51,3.61,18.66,54.58,4.18,19.94,1.01
11-02-2019,10,5.19,72.35,13.14,2.34,22.73,57.64,3.08,16.33,0.9
12-02-2019,8.75,4.77,74.17,38.2,3.96,52.38,85.69,3.32,14.2,0.9
13-02-2019,9.72,4.84,65.24,86.31,3.93,26.06,85.16,4.22,13.56,1.08
14-02-2019,11.4,4.91,27.78,74.04,5.08,15.33,15.09,30.85,14.43,0.87
15-02-2019,9.65,5.76,25.13,7.01,3.95,14.94,24.04,3.61,13.4,0.98
16-02-2019,21.59,5.62,17.27,6.56,8.06,9.05,18.63,24.49,13.32,0.9
17-02-2019,23.61,5.62,23.24,5.09,4.42,4.25,39.78,6.96,16.3,0.93
18-02-2019,29.45,5.61,32.98,15.17,10.09,24.49,68.04,12.68,14.52,0.92
19-02-2019,8.09,5.63,40.67,31.16,4,48.15,36.57,6.19,13.28,0.91
20-02-2019,9.18,7.43,38.46,32.13,4.53,15.93,12.36,17.41,13.38,0.92
21-02-2019,14.06,6.14,46.44,32.56,4.07,19.26,10.3,24.02,12.99,0.99
22-02-2019,17.28,6.23,25.55,17.09,4.93,18.53,5.97,10.35,12.19,1.02
23-02-2019,23.78,8.62,11.62,4.57,4.92,6.53,7.38,11.2,12.59,0.95
24-02-2019,19.87,8.53,19.34,5.11,4.04,4.57,9.49,14.69,13.14,0.91
25-02-2019,23.3,5.93,35.85,18.89,2.39,15.17,22.07,16.54,13.83,0.9
26-02-2019,17.94,6.87,24.36,6.3,5.65,32.56,12.04,8.1,11.79,0.91
27-02-2019,10.11,6.01,14.25,5.76,5.27,28.22,11.01,7.046666667,12.44,0.92
28-02-2019,12.67,8.18,40.92,4.38,3.77,18.64,23.18,5.993333333,12.34,0.89
01-03-2019,13.52,5.26,37.55,11.59,5.27,22.75,12.3,4.94,8.54,1.02
02-03-2019,6.74,9.14,40.68,12.13,4.5,40.44,16.06,5.49,7.98,0.96
03-03-2019,7.87,10.81,20.21,10.01,3.83,19.04,11.76,9.16,7.7,0.97
04-03-2019,5.02,7.49,49.62,6.74,3.81,9.39,25.41,9.33,8.05,0.8
05-03-2019,12.78,28.01,18.77,8.24,4.66,9.99,10.29,11.92,7.97,0.9
06-03-2019,23.55,9.84,32.02,6.6,6.31,7.12,15.69,10.3,20.05,0.92
07-03-2019,41.22,22.45,55.04,16.81,9.08,5.51,21.31,7.01,12.65,0.77
08-03-2019,25.8,10.75,38.94,10.09,4.56,7.38,20.85,16,6.54,0.93
09-03-2019,6.55,22.03,20.1,8.29,5.08,12.53,16.76,26.94,6.42,0.9
10-03-2019,3.31,43.34,20.28,9.14,5.39,12.75,9.38,18,6.21,0.91
11-03-2019,4.31,13.69,27.71,14.21,5.19,11.42,17.9,16.6,7.53,0.9
12-03-2019,6.44,28.37,14.64,9.55,4.43,11.56,12.78,15.16,7,0.93
13-03-2019,9.24,19.61,31,7.89,3.02,7.01,11.32,11.91,7.53,0.86
14-03-2019,8.61,14.37,45.43,9.58,3.87,5.62,16.62,20.49,8.87,0.88
15-03-2019,8.41,18.81,30.36,5.23,4.66,14.53,9.92,10.54,11.72,1.05
16-03-2019,12.34,25.6,15.28,5.43,3.66,18.47,12.34,5.96,12.25,0.95
17-03-2019,8.28,13.92,26.28,4.23,3.61,13.48,6.91,12.83,14.85,0.87
18-03-2019,5.41,31.9,30.43,5.67,3.39,19.72,7.34,8.63,15.64,0.84
19-03-2019,6.67,17.13,43.9,4.76,3.75,16.98,7.41,13.28,16.44,0.93
20-03-2019,6.79,11.41,37.34,10.26,7.42,23.58,7.21,6.94,16.73,0.89
21-03-2019,5.97,5.73,20.46,6.94,2.57,66.28,19.07,10.06,8.37,0.91
22-03-2019,7.16,6.95,13.54,4.43,2.47,4.61,6.62,16.25,9.42,0.9
23-03-2019,6.71,12.15,8.76,4.54,3.68,4.84,13.08,12.4,10.22,0.82
24-03-2019,5.81,18.14,12.55,5.39,3.99,4.24,5.47,15.64,10.27,0.77
25-03-2019,8.2,17.24,11.9,9.7,4.11,12.87,5.83,15.7,10.33,0.91
26-03-2019,10,20.5,16.61,8.44,5.91,25.56,5.28,13.33,12.23,0.87
27-03-2019,12.4,7.09,26.56,7.68,4.51,7.58,6.11,12.35,27.07,1.04
28-03-2019,14.08,8.82,55.47,14.37,3.57,13.51,6.05,9.58,27.5,0.91
29-03-2019,11.08,7.99,62.67,22.04,5.28,33.94,7.9,9.63,28.93,0.93
30-03-2019,10.17,9.58,38.68,21.63,3.97,15.15,12.71,15.62,15.25,0.88
31-03-2019,6.77,6.29,15.14,12.99,2.93,5.83,8.72,18.2,10.34,0.84
01-04-2019,11.03,6.55,11.3,9.27,5.39,16.17,7.49,8.31,14.05,0.9
02-04-2019,21.63,6.38,29.38,8.68,4.29,28.25,7.6,11.85,18.82,0.86
03-04-2019,13.21,6.33,30.83,11.21,4.55,19.08,14.26,13.6,14.2,0.88
04-04-2019,9.22,6.22,53.23,10.52,4.71,10.11,7.89,20.57,30.74,0.9
05-04-2019,13.01,6.05,61.96,10.29,2.63,8.82,11.6,21.08,19.58,1.02
06-04-2019,7.85,5.77,29.62,9.08,5.95,20.33,48.74,13.85,12.16,0.84
07-04-2019,7.95,5.7,31.7,8.61,3.5,12,45.7,8.02,10.66,0.83
08-04-2019,9.66,6.37,24.07,9.75,4.7,11.96,15.69,14.26,11.35,0.96
09-04-2019,9.09,10.12,33.85,12.86,6.5,8.94,46.99,19.81,12.65,0.87
10-04-2019,9.84,10.06,55.11,9.32,7.75,18.92,67.53,14.32,13.62,0.89
11-04-2019,9.52,9.88,29.03,10.02,3.62,12.74,78.05,17.39,12.67,0.78
12-04-2019,9.95,10.21,19.27,10.18,3.8,9.41,32.12,20.46,12.45,0.79
13-04-2019,7.1,10.39,15.35,6.79,3.97,7.24,10.22,14.48,10.08,2.7
14-04-2019,6.27,9.96,15.19,5.86,4.6,6.8,11.42,16.65,10.86,1.62
15-04-2019,8.34,7.58,29.69,7,3.48,8.09,11.19,20.1,11.6,1.62
16-04-2019,9.56,6.43,17.1,7.12,3.88,9.09,23.92,20.27,13.12,1.62
17-04-2019,11.81,6.34,9.73,6.66,3.07,6.19,23.53,15.75,13.75,1.56
18-04-2019,12.61,5.66,15.97,6.3,3.22,7.74,11.09,15.92,12.1,1.13
19-04-2019,6.84,11.08,26.94,5.91,2.92,5.44,13.02,10.03,13.46,1.48
20-04-2019,7.33,4.39,30.3,5.64,2.9,43.52,12.92,14.91,16.7,1.66
21-04-2019,6.37,6.18,44.24,8.42,2.78,60.76,13.24,20.55,17.67,1.53
22-04-2019,8.46,5.34,48.31,10.15,2.68,15.83,26.02,8.56,29.57,2.03
23-04-2019,7.76,7.77,56.94,5.82,6.98,12.12,17.9,10.22,40.36,1.56
24-04-2019,6.94,7.05,12.55,6.84,2.89,17.3,16.36,13.66,24.1,1.62
25-04-2019,8.23,6.06,9.48,9.95,4.14,9.98,15.75,14.93,15.89,1.54
26-04-2019,5.79,5.65,30.38,10.79,3.31,7.88,14.36,12.73,12.33,1.09
27-04-2019,7.59,5.86,15.19,6.07,4.83,9.27,14.29,12.22,12.02,1.2
28-04-2019,6.47,5.73,17.66,6.15,3.04,9.77,15.91,16.81,11.72,1.5
29-04-2019,6.84,5.94,33.17,7.66,3.67,18.4,14.23,14.16,13.5,1.06
30-04-2019,6.44,5.95,32.91,19.24,2.19,8.96,16.77,8.44,45.88,1.53
01-05-2019,7.54,5.19,35.18,8.31,2.86,7.04,16.74,4.75,50.58,1.48
02-05-2019,12.06,5.47,20.46,7.11,3.1,6.93,17.67,9.33,12.57,1.01
03-05-2019,8.56,7.84,25.52,7.95,1.46,7.81,17.73,10.9,18.37,1.65
04-05-2019,7.6,5.65,38.81,6.93,1.55,6.16,27.13,4.74,30.76,1.84
05-05-2019,6.9,4.96,39.94,7.88,3.4,7.04,20.41,6.93,36.14,1.62
06-05-2019,7.47,5.22,62.99,8.85,6.78,8.76,18.26,7.84,20.09,2.05
07-05-2019,10.42,5.84,79.63,11.2,13.86,11.78,20.31,11.34,21.43,2.11
08-05-2019,10.92,6.41,77.12,9.57,5.38,6.85,24.51,6.11,21.09,1.2
09-05-2019,17.94,7.28,34.13,7.27,7.03,26.69,15.98,8.18,13.19,1.45
10-05-2019,8.88,6.78,16,7.76,9.34,18.5,12.69,4.67,12.13,2.38
11-05-2019,6.49,56.45,14.21,7.72,1.98,21.66,18.44,5.63,11.48,1.41
12-05-2019,9.18,29.31,12.49,7.48,1.63,8.16,19.03,4.91,9.32,1.38
13-05-2019,5.34,22.78,19.85,7.58,2.28,7.37,33.96,7.54,10.7,1.09
14-05-2019,6.66,22.35,11.9,6.11,1.7,7.79,14.83,5.88,10.16,1.44
15-05-2019,7.43,8.96,31.89,5.97,2.31,6.42,16.31,5.28,14.29,1.37
16-05-2019,12.36,8.24,26.79,7.1,3.4,6.33,18.77,10.51,10.77,1.52
17-05-2019,14.27,7.03,33.84,5.8,2.41,7.74,26.94,10.53,10.88,1.48
18-05-2019,13.73,7.13,11.87,6.06,3.83,7.45,22.98,13.36,10.79,0.99
19-05-2019,8.15,8.03,17.04,5.59,7.38,4.63,19.7,11.59,13.78,1.41
20-05-2019,8.15,7.78,34.09,6.82,1.7,9.55,19.84,12.45,14.34,1.99
21-05-2019,5.1,7.32,20.21,7.58,2.23,19.44,19.27,11.57,11.25,1.24
22-05-2019,9.12,8.1,32.04,9.41,1.8,6.41,19.15,14.11,10.51,1.66
23-05-2019,12.96,7.92,36.6,11.02,1.73,4.88,20.16,10.78,14.63,0.89
24-05-2019,6.87,7.39,20.82,10.32,3.72,6.33,20.81,9.9,8.3,0.62
25-05-2019,6.76,7.43,11.83,10.34,5.68,6.7,22.65,9.88,7.88,0.71
26-05-2019,5.26,7.39,13.32,10.33,7.15,7.69,21.01,5.22,9.78,1.1
27-05-2019,8.57,7.4,26.16,10.31,3.57,14.26,24.54,7.55,14.56,1.19
28-05-2019,7.84,7.89,37.41,10.39,2.92,8.86,23.65,12.21,12.42,1.19
29-05-2019,5.08,7.94,34.62,11.24,3.2,6.5,32.32,11.21,16.68,0.84
30-05-2019,5.72,8.7,69.58,9.28,2.69,5.32,58.67,6.99,9.69,1.32
31-05-2019,6.44,8.19,44.18,7.37,1.69,10.54,34.62,6.56,9.05,1.38
01-06-2019,9.57,7.97,45.28,7.33,2.3,3.88,35.69,7.38,16.03,0.87
02-06-2019,5.18,8.69,10.15,7.25,3.35,3.07,12.48,6.03,19.73,0.55
03-06-2019,6.5,7.38,11.7,7.31,2.01,4.72,7.64,17.14,16.94,0.5
04-06-2019,9,7.45,14.93,7.6,1.65,4.5,5.96,18.3,11.59,1.1
05-06-2019,7.78,6.71,14.43,7.87,2.79,6.28,15.66,5.74,9.19,1.02
06-06-2019,7.47,6.63,20.85,7.91,1.72,6.15,21.04,8.69,10.01,0.76
07-06-2019,8.64,8.12,14.19,8.39,1.8,7.13,5.41,8.4,8.13,0.99
08-06-2019,6.54,6.02,23.42,8.15,2.93,6.37,10.63,6.51,9.12,1.22
09-06-2019,5.29,6.05,57.24,8,1.98,5.47,49,6.45,15.78,0.92
10-06-2019,6.28,15.1,47.15,9.85,1.79,6.87,27.69,5.79,14.4,1.28
11-06-2019,5.87,13.97,44.64,12.28,2.03,6.58,38.71,8.34,7.9,1.22
12-06-2019,6.7,8.55,16.55,8.62,1.64,6.82,6.29,8.97,10.76,1.15
13-06-2019,7.7,9.96,13.33,8.49,2.12,28.98,32.9,5.57,7.61,1.09
14-06-2019,7.85,12.23,18.67,6.55,1.83,18.11,14.02,10.88,9.06,1.02
15-06-2019,9.57,8.42,26.39,5.7,2.25,10.95,7.74,7.87,8.4,0.96
16-06-2019,6.47,8.41,11.58,7.49,1.62,6.18,7.78,11.35,9.71,0.89
17-06-2019,8.35,9.34,13.34,6.03,1.95,6.11,7.97,12.51,11.99,0.83
18-06-2019,6.09,8.86,15.97,6.1,1.87,9.13,7.9,8.07,13.35,0.76
19-06-2019,7.2,7.44,17.37,6.11,1.98,11.66,6.97,11.49,9.44,1.07
20-06-2019,5.24,9.37,10.57,6.22,1.96,6.71,10.66,9.24,9.55,0.66
21-06-2019,5.8,10.71,13.56,6.52,2.89,6.99,13.18,11.94,9.98,0.71
22-06-2019,4.93,9.28,12.77,6.51,1.95,27.12,13.63,20.05,10.7,0.67
23-06-2019,4.83,13.85,6.64,6.98,2.34,22.82,13.52,7.26,3.61,0.56
24-06-2019,6.3,9.46,9.51,6.84,2.43,15.63,13.78,5.17,4.25,0.56
25-06-2019,6.73,8.2,11.18,7.51,3.58,13.31,13.46,7.14,5.93,0.48
26-06-2019,7.53,8.72,15.67,8.99,2.21,19.02,24.33,7.75,8.54,0.72
27-06-2019,7.51,9.49,17.87,9.76,2.18,10.86,18.54,7.6,6.28,1.44
28-06-2019,7.01,8.11,19.71,12.63,1.94,14,16.13,9.54,6.4,1.01
29-06-2019,6.35,7.98,16.84,14.11,2.15,10.32,17.4,12.85,6.76,1.1
30-06-2019,5.14,7.81,22.46,13.05,2.28,14.29,16.42,8.26,6.15,1.62
01-07-2019,6.08,8.08,10.44,13.47,2.64,27.94,16.14,20.57,7.29,1.81
02-07-2019,6.09,8.13,7.78,14.05,2.93,13.98,17.81,14.88,5.97,1.54
03-07-2019,5.89,8.28,7.3,18.53,2.08,9.7,14.3,10.19,6.84,1.57
04-07-2019,6.44,8.43,12.82,11.67,2.08,8.13,15.6,11.72,8.62,1.09
05-07-2019,6.03,8.54,18.04,9.37,2.18,26.85,9.01,13.64,10.48,0.95
06-07-2019,6.2,7.84,12.04,8.77,1.88,24.1,10.69,17.5,13.16,0.97
07-07-2019,5.33,7.02,11.02,7.72,1.61,25.67,16.1,15.7,10.58,1.38
08-07-2019,5.42,7.68,12.56,8.24,1.98,22.68,11.84,10.06,8.2,0.98
09-07-2019,5.88,7.42,11.93,8.03,2.34,23.9,9.62,17.47,7.4,0.9
10-07-2019,6.02,8.02,13.97,7.54,2.39,7.8,9.54,11.42,7.78,0.88
11-07-2019,6.71,8.97,15,8.85,2.57,11.72,9.25,10.77,8.69,1.13
12-07-2019,6.06,7.1,14,8.85,3.63,19.44,9.42,8.9,7.84,0.88
13-07-2019,5.27,7.23,11.09,9.26,3.74,17.07,10.97,11.76,6.31,0.82
14-07-2019,5.39,6.55,11.36,8.07,3.72,5.47,11.63,11.2,6.09,0.74
15-07-2019,6.14,6.86,11.57,7.97,4.06,10.85,17,6.74,6.96,0.85
16-07-2019,6.8,7.75,8.59,7.92,8.34,19.91,9.07,16.51,6.75,1.09
17-07-2019,9.37,9.12,11.08,7.7,5.68,9.32,9.24,20.86,7.04,1.18
18-07-2019,9.88,7.16,19.36,7.87,3.1,10.7,8.93,7.75,6.97,0.79
19-07-2019,6.92,6.13,29.13,9.28,3.03,9.19,19.95,16.16,6.1,1.05
20-07-2019,5.09,6.48,14.59,8.39,2.58,10.59,26.12,5.19,5.89,1.03
21-07-2019,6.43,6.64,23.14,8.78,2.62,6.06,20.24,2.79,5.9,1.09
22-07-2019,6.7,9.39,31.57,9.26,3.63,8.58,20.76,3.46,5.59,0.86
23-07-2019,6.94,7.66,26.12,9.26,2.51,20.1,9.32,9.48,4.54,1
24-07-2019,6.44,9.85,22.05,9.2,2.75,7.12,9,11.47,6.77,0.72
25-07-2019,7.12,9.16,16.78,8.4,3.65,4.56,16.38,9.2,5.3,0.63
26-07-2019,6.92,8.96,13.26,7.63,3.89,13.16,13.17,22.44,9.36,1
27-07-2019,5.66,8.22,11.98,8.12,2.56,11.42,11.55,21.73,9.81,0.94
28-07-2019,7.2,6.21,9.12,7.7,2.38,8.07,9.88,22.79,6.01,0.92
29-07-2019,5.18,6.98,10.8,7.72,2.31,9.59,12.35,18.77,6.55,0.73
30-07-2019,5.84,8.77,10.37,7.49,2.8,7.3,9.18,13.3,6.37,0.96
31-07-2019,5.7,8.91,10.23,8.14,3.45,6.02,9.14,14.67,6.16,0.85
01-08-2019,5.12,8.25,10.07,7.34,3.84,7.17,10.25,13.03,6.36,1.14
02-08-2019,6.62,10.65,11.86,11.53,3.38,7.76,9.61,17.24,8.73,0.92
03-08-2019,6.99,14.55,16.87,6.88,2.95,6.91,13.39,32.58,8.06,0.94
04-08-2019,9.14,24.1,17.79,7.62,2.92,5.45,18.18,20.07,7.02,0.85
05-08-2019,9.97,13.07,20.62,7.15,3.65,31.73,13.7,17.1,11.66,1.11
06-08-2019,10.3,10.88,19.57,7.35,3.66,31.65,6.22,26.53,9.42,1.02
07-08-2019,10.1,5.9,22.98,9.22,4.1,16.8,4.57,27.97,13.95,0.75
08-08-2019,9.42,7.25,15.06,5.5,3.46,31.98,5.18,21.6,11.34,1.31
09-08-2019,9.06,7.91,9.54,7.89,2.33,35.62,6.61,11.38,7.05,0.9
10-08-2019,8.61,6.04,9.02,8.92,2.51,27.48,7.99,14.67,6.77,1.08
11-08-2019,8.35,5.21,11.45,9.74,3.48,23.31,5.43,11.2,7.27,0.9
12-08-2019,12.49,5.37,13.19,8.46,3.75,14.42,5.21,23.83,9.8,0.89
13-08-2019,12.63,6.15,17.85,9.3,6.46,21.78,5.78,11.89,13.3,1.03
14-08-2019,10.13,5.67,16.96,5.67,6.59,25.79,5.54,7.43,17.96,0.91
15-08-2019,8.64,5.35,18.56,5.93,4.92,12.27,6.01,5.18,10.36,0.93
16-08-2019,8.64,5.54,13.71,5.95,7.61,12.3,5.56,9.98,12.11,0.91
17-08-2019,10.77,13.91,14.08,5.61,6,8.71,9.81,13.25,16.3,0.96
18-08-2019,12.4,7.36,17.56,6.12,8.22,9.99,7.76,9.41,15.54,0.86
19-08-2019,12.5,5.77,26.99,6.27,7.42,9.86,8.27,11.17,14.51,0.97
20-08-2019,9.79,5.55,19.92,6.83,10.74,11.44,5.54,6.45,10.84,0.85
21-08-2019,12.94,9.5,15.16,14.01,5.89,9.25,5.09,7.58,8.95,0.73
22-08-2019,9.03,8.15,23.36,7.12,3.97,10.61,6.31,9.73,10.06,1.37
23-08-2019,7.84,7.35,37.04,6.27,3.87,4.95,7.61,15.13,7.1,0.84
24-08-2019,8.07,7.96,41.65,7.27,5.14,32.29,7.45,9.69,6.12,1.16
25-08-2019,5.28,6.8,11.09,7.32,4.84,23.71,7.28,6.68,5.55,1.11
26-08-2019,5.95,5.63,15.89,7.64,4.2,35.98,10.02,7.11,9.62,1.22
27-08-2019,7.18,6.12,21.99,6.56,3.16,25.05,6.18,4.73,10.36,0.9
28-08-2019,6.49,6.72,19.01,7.09,2.99,11.78,5.7,5.44,7.79,0.9
29-08-2019,5.15,7.9,11.52,5.49,3.32,17.67,5.35,7.46,8.47,0.92
30-08-2019,5.76,7.53,12.89,9.79,4.06,12.05,5.43,9.48,8.99,0.87
31-08-2019,7.24,6.19,18.34,9.19,7.38,6.39,5.36,11.5,12.03,0.88
01-09-2019,5.73,7.56,12.03,4.47,3.19,4.94,5.87,13.52,10.83,0.88
02-09-2019,3.7,4.93,10.33,6.08,3.76,59.67,5.26,15.54,9.96,1.11
03-09-2019,6.38,8.46,13.02,7.59,4.15,30.6,5.96,17.56,11.97,0.97
04-09-2019,7.04,9.12,10.62,7.65,3.48,33.2,5.49,19.58,12.16,0.96
05-09-2019,7.56,10.23,9.99,7.86,3.19,39.71,5.37,21.6,8.97,1.21
06-09-2019,8.05,7.44,12.15,8.65,3.32,28.89,5.61,19.18,10.18,0.94
07-09-2019,7.3,6.35,14.46,8.51,3.35,23.48,5.39,19.62,11.48,0.89
08-09-2019,6,5.66,10.61,8.11,2.43,18.34,5.35,11.34,7.15,0.75
09-09-2019,6.98,5.03,13.78,7.87,3.16,27.76,5.73,12.63,7.42,0.77
10-09-2019,5.4,3.93,16.24,8.21,2.63,19.31,5.71,17,9.41,0.77
11-09-2019,6.57,4.34,15.86,8.59,3.7,43.03,5.01,21.98,8.87,0.54
12-09-2019,9.86,4.03,9.71,8.53,3.51,23.31,6.35,15.98,6.58,0.58
13-09-2019,10.46,3.76,9.52,9.15,2.78,32.53,13.52,21.38,7.03,0.62
14-09-2019,6.61,4.37,7.91,8.7,3.62,28.02,7.36,8.6,6.75,0.72
15-09-2019,7.52,4.21,10.34,8.75,5.84,22.29,6.87,6.65,10.54,0.96
16-09-2019,8,4.05,19.02,9.25,5.04,27.63,11.58,7.28,10.34,1.02
17-09-2019,8.98,4.24,14.08,8.29,4.28,25.13,6.18,4.12,12.13,0.81
18-09-2019,6.7,4.53,7.76,7.94,3.95,37.39,7.1,14.42,12.37,1.08
19-09-2019,6.04,5.48,7.22,8.11,5.58,38.5,7.34,3.26,8.54,0.94
20-09-2019,11.37,5.32,13.55,7.97,6.52,32.86,8.85,9.46,7.75,0.96
21-09-2019,7.27,7.34,17.26,7.34,8.43,38.97,15.28,24.8,8.58,0.88
22-09-2019,14.84,12.1,17.88,7.34,3.81,24.98,8.39,8.82,6.98,0.78
23-09-2019,17.22,5.94,11.33,6.59,7.41,27.85,6.38,8.07,9.32,0.92
24-09-2019,11.88,4.45,16.67,7.4,5.77,23.78,7.01,25.95,12.53,1.43
25-09-2019,7.39,5.34,11.53,7.22,3.79,22,7.18,25.39,5.19,1.12
26-09-2019,10.63,4.7,12.62,7.97,3.86,16.55,10.3,67.93,6.99,1.07
27-09-2019,10.14,4.84,9.94,8.84,4.02,13.44,15.14,90.84,6.45,0.89
28-09-2019,7.34,6.51,11.93,8.89,2.88,7.44,18.57,18.31,5.82,0.96
29-09-2019,4.7,6.15,8.13,8.86,5.55,5.49,22.17,34.87,8.25,0.95
30-09-2019,5.23,6.55,12.1,8.96,15.6,7.43,17.09,32.53,10.98,1.32
01-10-2019,11.17,5.71,12.82,12.49,14.7,33.68,19.53,31.47,5.76,0.96
02-10-2019,13.18,4.54,17.97,7.96,3.54,18.73,34.84,39.38,10.12,0.77
03-10-2019,12.09,5.67,30.13,12.64,6.61,16.28,34.57,77.73,12.25,0.67
04-10-2019,18.78,5.71,17.87,20.62,6.64,32.08,22.17,34.08,6.87,0.84
05-10-2019,18.64,4.85,20.52,11.39,5.22,28.39,27.1,23.87,6.63,0.7
06-10-2019,14.73,5.4,18.29,14.47,5.95,13.4,42.37,14.96,6.94,0.81
07-10-2019,26.1,16.41,13.36,12.71,6.8,5.21,19.58,23.38,18.15,0.85
08-10-2019,8.65,13.22,17.58,11.93,3.72,7.365,19.41,30.91,17.46,0.64
09-10-2019,31.34,8.28,40.81,14.22,3.46,9.52,40.46,16.3,19.65,1
10-10-2019,12.43,8.86,34.75,11.76,5.7,14.19,72.45,23.95,18.11,0.98
11-10-2019,12.32,10.48,35.13,20.52,5.84,14.61,13.67,26.21,10.01,0.7
12-10-2019,10.61,7.62,35.55,17.6,5.38,11.03,11.48,22.29,9.7,0.94
13-10-2019,11.38,6.92,43.72,17.91,4.95,6.5,12.81,24.9,8.87,0.66
14-10-2019,16.56,8.67,52.78,20.04,4.48,23.56,40.51,1.95,9.57,0.85
15-10-2019,16.25,10.05,67.74,10.76,4.1,26.73,40.22,2.26,22.71,0.85
16-10-2019,15.17,8.48,39,17.62,4.49,26.33,12.97,5.98,10.18,1.04
17-10-2019,17.76,10.97,18.94,22.35,5.5,16,6.17,7.31,6.05,0.76
18-10-2019,11.2,9.54,13.39,20.19,4.01,48,4.92,5.42,5.94,0.77
19-10-2019,9.17,9.22,31.61,20.73,3.64,12.1,9.39,17.22,7.61,0.94
20-10-2019,6.82,9.87,35,11.25,4.17,7.45,8.99,6.04,10.18,0.85
21-10-2019,15.04,8.77,34.79,13.22,3.98,5.12,6.46,4.96,25.3,0.88
22-10-2019,13.68,10.28,34.86,39.25,8.21,4.61,14.18,21.98,50.83,0.84
23-10-2019,7.89,10.76,56.07,36.51,7.97,7.94,29.55,13.55,67.61,1.09
24-10-2019,4.34,10.86,84.08,26.38,5.57,9.14,69.24,14.13,14.57,0.59
25-10-2019,5.68,15.09,42.42,9.07,9.25,9.26,16.07,22.91,5.6,0.65
26-10-2019,6.8,15.05,61.19,35.9,4.68,7.07,14.87,25.55,5.93,0.52
27-10-2019,7.74,16.89,46.63,19.51,4.6,7.21,10.52,32.3,23.49,0.53
28-10-2019,10.63,11.23,35.11,31.7,5.52,11.24,7.63,6.39,31.8,0.52
29-10-2019,11.34,24.12,58.36,27.21,5.84,18.22,23.91,3.28,30.88,0.52
30-10-2019,11.91,12.43,87.7,18.63,7.5,21.07,32.57,7.2,20.4,0.53
31-10-2019,7.39,16.69,99.58,24.34,4.76,15.18,51,25.5,23.04,0.63
01-11-2019,12.02,33.32,62.6,26.51,6.53,16.92,22.92,22.21,13.61,0.67
02-11-2019,12.02,14.04,34.23,40.71,7.92,20.09,7.01,25.08,5.67,0.58
03-11-2019,11.18,10.82,28.98,13.93,5,12.6,6.4,11.94,7.93,0.88
04-11-2019,20.78,8.53,29.75,14.55,5.3,11.56,8.14,24.05,13.34,0.93
05-11-2019,31.44,9.5,32.28,16.36,6.75,14.75,12.67,25.48,37.42,0.97
06-11-2019,26.51,8.85,57.56,19.35,8.64,14.68,27.64,11.14,13.89,0.92
07-11-2019,28.33,10.6,29.02,45.51,4.46,22.69,10.19,6.25,6.41,0.9
08-11-2019,17.73,9.56,51.48,42.16,8.51,28.08,14.41,44.7,5.4,0.96
09-11-2019,12.78,10.06,35.56,33.33,4.9,45.64,6.12,30.38,5.47,0.88
10-11-2019,11.34,11.81,30.88,22.75,3.52,49.57,5.42,14.13,6.01,0.94
11-11-2019,8.64,10.51,45.96,9.48,5.61,25.06,16.44,22.24,7.47,0.92
12-11-2019,7.02,9.95,51.47,21.72,4.11,67.77,41.37,14.02,5.68,0.92
13-11-2019,10.37,8.54,62.74,35.97,4.36,79.64,33.53,3.02,8.79,0.94
14-11-2019,11.88,7.31,77.46,51.87,4.17,77.88,43.29,2.94,6.03,1.09
15-11-2019,15.95,9.57,44.06,36.92,4.1,58.07,9.76,2.79,11.23,0.93
16-11-2019,12.03,9.8,23.38,31.51,4.52,47.3,5.96,3.63,13.45,0.57
17-11-2019,10.09,5.21,14.48,24.41,3.95,37.59,5.39,2.95,12.05,0.88
18-11-2019,12.69,6.88,29.18,17.21,3.46,38.84,11.62,2.89,12.92,0.52
19-11-2019,12.61,9.62,52.44,21.65,3.29,72.99,37.66,2.47,31.62,5.19
20-11-2019,13.06,6.89,79.63,14.97,3.88,82.15,90.48,2.69,23.61,10.09
21-11-2019,14.45,6.71,104.83,24.64,5.37,38.35,89.84,2.88,11.38,12.3
22-11-2019,11.39,5.94,83.99,15.23,5.09,81.71,77.76,2.99,13.49,10.12
23-11-2019,9.67,5.71,33.69,15.13,7.29,52.63,6.72,3.06,20.67,15.77
24-11-2019,4.45,6.8,19.82,14.21,6.13,28.59,4.21,3.55,11.09,8.13
25-11-2019,6.37,5.93,44.39,13.09,3.74,50.25,33.61,3.15,8.78,10.11
26-11-2019,14.25,7.52,49.17,39.48,3.03,35.16,46.51,2.69,15.15,12.82
27-11-2019,15.29,7.46,19.37,12.66,4.68,45.18,11.56,2.87,10.22,11.52
28-11-2019,13.08,5.67,10.57,8.7,8.62,94.66,5.5,3.12,9.37,12.94
29-11-2019,14.39,10.53,29.65,23.39,7.57,96.24,12.61,3.13,14.17,10.07
30-11-2019,11.74,6.3,34.59,15.05,6,26.18,9.83,2.9,10.98,11.01
01-12-2019,9.63,6.9,38.19,10.32,7.3,28.19,36.11,2.49,10.82,7.47
02-12-2019,10.32,8.03,50.45,13.97,7.03,68.77,21.34,2.82,18.17,10.56
03-12-2019,14,6.03,53.47,12.56,7.56,55.38,11.95,2.71,34.45,17.12
04-12-2019,9.9,3.91,77.61,37.45,7.67,95.41,55.95,3.29,46.88,17.56
05-12-2019,12.88,3.78,115.56,40.71,10.1,67.51,78.22,2.7,8.36,12.38
06-12-2019,9.71,5.35,73.76,45.23,11.81,34.33,44.43,3.46,9.49,8.9
07-12-2019,12.01,3.65,79.28,67.22,10.13,40.56,37.09,3.03,11.18,8
08-12-2019,8,6.05,109.28,38.92,10.2,40.99,56.66,3.66,20.13,8.27
09-12-2019,10.79,5.52,87.59,20.55,9.93,39.64,74.23,6.63,20.96,10.73
10-12-2019,9.34,5.6,85.62,41.42,12.36,30.79,83.85,29.64,35.78,10.02
11-12-2019,9.43,10.25,106.35,40.01,14.33,49.5,80.09,29.83,33.06,10.47
12-12-2019,8.12,6.04,46.67,31.42,10.17,22.68,14.04,39.06,5.07,9.75
13-12-2019,8.24,7.61,13.29,9.75,8.63,8.84,6.09,11.7,9.81,8.91
14-12-2019,9.79,12.14,26.2,12.93,8.88,10.06,7.69,4.09,8.25,8.57
15-12-2019,7.47,11.43,26.19,12.97,7.88,15.85,8.16,3.71,7.14,12.46
16-12-2019,11.19,7.9,21.68,9.35,8.91,10.9,4.75,3.45,8.82,12.38
17-12-2019,11.23,5.08,27.2,10.48,13.06,8.46,8.91,2.95,16.6,6.96
18-12-2019,11.5,7.44,29.59,9.02,16.08,8.53,13.45,3.12,22.7,8.7
19-12-2019,12.17,4.47,51.02,10,12.24,14.65,49.39,2.82,17.9,11.13
20-12-2019,13.62,4.19,40.57,16.12,15.73,13.444,20.29,2.94,21.06,10.27
21-12-2019,7.89,7.46,37.13,28.06,14.3,12.238,16.87,10.87,15.29,15.45
22-12-2019,6.3,6.65,19.33,11.75,9.68,11.032,5.38,2.8,11.58,9.09
23-12-2019,8.39,7.23,26.86,9.51,8.99,9.826,10.76,3.15,26.85,9.91
24-12-2019,9.2,5.61,38.02,9.03,8.67,8.62,21.55,3.06,6.21,19.87
25-12-2019,7.38,5.54,22.4,11.27,8.46,21.11,7.16,9.55,19.2,8.72
26-12-2019,7.56,10.48,19.25,8.21,9.47,19.81,13.7,22.95,45.77,8.87
27-12-2019,9.56,17.1,28.66,11.65,10.23,18.73,28.04,34.78,41.42,31.49
28-12-2019,7.86,13.01,60.13,17.43,10.37,19.61,46.31,4.21,24.38,16.91
29-12-2019,6.56,6.62,32.73,12.94,11.11,20.62,28.67,2.37,13.85,10.38
30-12-2019,6.4,5.03,54.97,26.55,11.1,31.1,40.07,3.22,8.7,10.75
31-12-2019,7.92,5.96,44.49,60.88,8.73,46.5,27.64,3.51,6.99,11.58
01-01-2020,9.03,6.69,109.53,91.75,8.24,45.23,105.65,2.83,3.97,9.66
02-01-2020,8.81,8.99,120.76,42.06,8.74,46.55,94.2,3.23,5.67,9.42
03-01-2020,6.62,10.43,111.09,26.23,8.11,40.49,96.93,3.25,7.54,12.86
04-01-2020,15.46,7.95,86.58,23.24,9.94,48.39,65.9,3.94,14.72,10.39
05-01-2020,6.86,4.8,29.99,13.04,10.67,29.64,31.39,3.03,22.43,8.19
06-01-2020,8.08,5.72,35.49,40.05,9.19,27.94,41.24,2.89,15.24,12.41
07-01-2020,10.11,4.27,24.08,29.29,8.09,49.98,9.69,3.13,5.69,14.76
08-01-2020,5.8,7.14,26.65,13.07,8.75,54.75,31.64,2.61,7.85,7.44
09-01-2020,7.15,9.27,14.71,18.41,10.08,36.27,4.78,37.52,6.2,11.33
10-01-2020,8.07,10.51,27.73,19.5,8.75,38.4,6.09,2.72,8.04,10.7
11-01-2020,6.52,11.64,43.83,43.94,10.9,39.04,10.64,3.13,20.28,11.59
12-01-2020,7.01,6.15,90.44,73.36,13.05,43.62,75.06,2.93,18.75,8.91
13-01-2020,10.78,6.12,61.38,22.88,12.77,64.44,27.86,20.91,18.39,9.89
14-01-2020,10.27,13.48,21.19,41.47,4.8,69.89,6.56,37.86,7.8,9.38
15-01-2020,10.74,7.2,29.61,50.39,2.88,67.57,10.86,20.01,5.32,8.02
16-01-2020,7.12,7.78,28.99,9.15,2.81,64.27,13.15,3.1,6.41,10.18
17-01-2020,12.3,8.07,31.58,24.8,6.4,31.14,13.77,2.81,16.71,9.09
18-01-2020,6.83,4.85,39.64,14.35,10.46,54.16,27.74,4.4,14.34,11.3
19-01-2020,5.34,6.4,18.6,11.23,11.5,57.96,4.47,15.49,12.23,9.67
20-01-2020,6.77,10.01,30.68,11.66,11.41,68.66,12.1,4.75,13.22,12.36
21-01-2020,6.26,8.14,63.49,60.79,10.09,107.88,32.28,3.1,6.07,11.01
22-01-2020,6.1,10.45,66,54.32,10,74.61,55.55,3.06,6.4,11.28
23-01-2020,8.76,7.07,15.4,12.53,11.39,55.55,7.94,23.74,14.49,12.37
24-01-2020,7.99,11.88,23.68,23.46,16.57,50.88,4.56,16.76,14.49,9.63
25-01-2020,10.87,13.16,58.83,24.44,16.44,79.2,42.89,29.35,50.06,10.49
26-01-2020,9.21,15.35,74.63,30.88,16.82,92.9,55.58,6.9,48.34,8.15
27-01-2020,12.1,11.22,89.41,36.21,14.41,92.59,50.41,3.11,5.45,8.98
28-01-2020,6.61,8.75,17.85,16.79,11.61,81.87,5.44,20.2,5.91,8.58
29-01-2020,8.04,8.89,30.9,6.01,12.15,62.27,8.5,12.63,7.1,8.9
30-01-2020,17.25,9.47,30.79,11.12,15.2,34.98,8.47,16.23,9.58,7.82
31-01-2020,5.39,9.01,31.8,16.69,15.5,51.93,13.08,7.07,7.8,8.62
01-02-2020,5.09,8.9,49.25,9.79,13.41,41.1,44.31,4.93,13.5,8.23
02-02-2020,4.24,8.28,33.12,11.66,10.81,37.12,8.65,3.03,9.46,8.1
03-02-2020,9.12,7.46,50.47,21.77,11.29,55.37,37.53,2.94,6.81,9.36
04-02-2020,7.82,10.16,92.85,45.18,11.47,114.81,60.96,17.13,5.59,9.94
05-02-2020,6.88,12.01,41.58,9.41,12.03,69.35,34.62,30.16,7.46,8.88
06-02-2020,7.34,13.34,33.37,23.45,11.42,105.41,14.89,6.41,6.67,8.36
07-02-2020,5.71,9.08,64.24,10.75,10.06,132.03,54.43,21.4,5.39,9.4
08-02-2020,5.64,7.69,30.62,20,13.62,109.82,10.6,3.21,5.21,9.56
09-02-2020,4.66,6.44,35.28,24.68,12.81,70.73,14.33,2.92,12.8,7.77
10-02-2020,5.3,5.24,56.93,20.91,11.81,63.82,35.54,3.27,28.12,8.71
11-02-2020,6.41,8.51,83.94,25.5,11.16,57.4,55.87,2.78,22.63,9.95
12-02-2020,6.23,7.23,38.78,25.03,11.99,25.07,15.08,2.75,17.45,4.89
13-02-2020,9.5,6.56,15.54,25.4,14.13,51.42,7.68,20.69,39.28,9.31
14-02-2020,15.25,7.34,12.35,9.48,27.33,67.53,7.13,3.34,9.45,8.61
15-02-2020,16.22,10.92,18.16,18.8,28.85,49.57,7.25,2.76,16.56,7
16-02-2020,6.18,8.46,42.02,20.87,17.31,88.38,17.66,2.44,43.28,8.14
17-02-2020,14.05,9.7,61.48,19.29,18.42,78.3,36.3,2.65,60.44,9.66
18-02-2020,6.85,16.63,39.22,14.65,13,46.99,35.08,2.38,78.5,6.82
19-02-2020,6.29,12.45,87.96,33.16,12.41,65.47,56.58,2.18,43.35,7.61
20-02-2020,7.98,9.18,10.13,10.82,10.85,69.4,6.7,2.05,5.57,7.79
21-02-2020,4.56,22.11,8.84,9.15,10,30.38,10.11,2.37,5.33,9.43
22-02-2020,4.67,7.52,29.86,10.02,10.68,34.41,15.58,2.34,5.44,9.26
23-02-2020,4.15,5.3,41.97,13.93,9.89,56.26,16.06,2.4,4.25,8.26
24-02-2020,5.07,9.17,29.23,13.42,9.62,43.81,16.16,2.39,8.2,10.44
25-02-2020,5,6.98,27.87,8.93,10.13,39.94,6.72,2.55,11.98,8.61
26-02-2020,5.03,5.38,56.86,9.86,12.79,62.21,45.69,2.08,8.24,7.97
27-02-2020,5.95,6.89,22.85,8.1,9.06,66.38,8.94,2.02,13.24,6.65
28-02-2020,5.36,5.5,8.21,8.88,4.75,83.94,4.91,2.73,6.78,8.74
29-02-2020,5.79,9.01,9.66,8.74,3.45,126.93,5.93,2.54,9.51,9.29
01-03-2020,3.51,5.7,20.57,7.19,4.18,105.03,18.49,2.34,4.88,6.52
02-03-2020,6.52,6,64.58,9.64,4.74,67.76,39.81,3.24,6.92,8.8
03-03-2020,8.97,9.25,50.52,5.88,3.4,87.68,50.59,2.64,6.06,11.74
04-03-2020,12.1,8.03,40.18,9.13,10.5,65.98,55.3,2.36,5.62,12.81
05-03-2020,6.09,10.95,11.78,5.23,11.81,41.1,6.49,2,6.66,13.16
06-03-2020,5.52,10.19,12.55,4.84,9.46,23.99,6.56,2.04,7.72,10.1
07-03-2020,5.26,11.16,17.41,5.93,11,42.04,10.48,1.94,13.14,8.31
08-03-2020,3.91,7.54,45.65,4.58,9.05,50.82,31.82,2.32,8.68,7.83
09-03-2020,4.74,10.69,18.86,4.91,10.27,32.94,6.75,2.11,10.32,7.45
10-03-2020,3.92,10.26,14.46,3.5,9.91,29.94,6.63,1.86,3.58,7.18
11-03-2020,4.86,9.69,10.1,4.5,9.77,33.52,4.09,2.12,4.71,6.12
12-03-2020,6.45,8.6,21.91,5.99,10.01,55.63,8.29,2.22,7.65,6.37
13-03-2020,6.76,11.59,29.31,6.73,9.16,61.82,13.32,2.17,16.42,5.68
14-03-2020,5.47,9.57,14.67,18,10.07,49.37,6.43,3.61,5.82,5.34
15-03-2020,4.07,9.33,26.33,22.6,10.48,62.01,9.08,2.44,4.56,7.55
16-03-2020,4.54,9.19,21.37,27.17,10.8,50.95,7.21,2.37,4.42,5.67
17-03-2020,4.75,9.98,26.05,38.86,10.63,57.11,8.85,1.96,7.64,5.32
18-03-2020,4.54,9.46,29.29,37.05,11.32,62.75,19.96,7.6,18.39,6.42
19-03-2020,4.96,9.42,37.81,22.96,9.2,60.09,24.1,21.71,15.7,7.94
20-03-2020,3.79,9.26,30.21,29.1,7.05,68.65,18.22,11.37,4.35,6.1
21-03-2020,6.2,8.1,31.58,17.01,8.88,79.46,13.97,8.58,4.06,5.83
22-03-2020,4.2,6.14,14.49,11.33,9.58,61.67,15.15,12.32,2.81,11.34
23-03-2020,4.01,7.97,11.75,11.28,8,57.01,7.66,7.82,3.11,4.9
24-03-2020,3.45,6.82,12.3,11.93,7.76,69.45,8.08,14.83,3.77,6.99
25-03-2020,2.62,5.78,13.09,9.75,7.76,52.49,8.13,8.56,3.25,7.27
26-03-2020,2.55,7.27,9.02,7.12,7.92,51.67,6.32,6.26,3.11,5.59
27-03-2020,3.22,5.71,8.34,10.59,7.7,51.61,5.31,7.78,3.22,3.34
28-03-2020,2.63,5.52,9.87,11.3,3.67,47.07,5.82,7.15,3.22,3.34
29-03-2020,2.99,6.97,8.74,8.42,2.85,9.94,5.3,7.03,2.89,3.57
30-03-2020,3.02,9.82,8.29,9.02,3.05,7.69,4.84,6.23,2.68,7.66
31-03-2020,2.9,5.54,9.36,8.17,5.47,54.07,5.26,6.65,3.27,7.39
01-04-2020,2.51,6.25,10.4,12.71,3.72,55.33,6.31,9.9,2.77,7.47
02-04-2020,2.43,5.72,9.91,6.84,3.48,50.2,12.23,13.42,2.64,7.49
03-04-2020,2.43,5.23,9.29,5.85,3.8,36.73,5.33,14.76,2.65,5.27
04-04-2020,2.43,5.99,10.07,4.98,3.78,48.09,5.55,12.62,3.36,5.38
05-04-2020,2.48,5.9,10.99,4.78,5.19,55.6,7.51,13.75,2.92,5.46
06-04-2020,2.34,7.28,11.05,4.23,6.26,46.35,5.54,15.71,3.07,4.32
07-04-2020,3.05,6.29,8.5,3.98,20.04,43.36,5.26,15.8,3.32,5.7
08-04-2020,2.74,5.78,8.38,4.27,16.92,47.49,5.04,16.1,3.14,5.44
09-04-2020,2.51,6.43,8.49,3.42,23.69,39.83,4.98,9.67,2.97,3.37
10-04-2020,3.98,9.64,9.8,3.07,9.39,43.93,8.54,11.17,3.25,5.35
11-04-2020,2.35,8.81,9.54,3.15,10.56,66.61,10.44,12.22,3.15,5.58
12-04-2020,2.68,7.23,5.48,3.41,5.55,58.33,5.49,13.28,3.06,3.16
13-04-2020,3.74,6.84,7.16,4.78,6.95,66.58,6.16,13.86,5.69,5.43
14-04-2020,3.61,6.14,8.83,4.96,5.4,53.48,6.89,14.74,3.7,5.5
15-04-2020,2.76,6.87,10.37,4.66,5.55,74.44,7.03,13.85,4.27,5.47
16-04-2020,2.65,7.12,11.86,3.66,5.58,65.96,7.98,13.77,2.97,5.9
17-04-2020,2.62,6.4,8.12,5.3,6.43,69.71,5.4,12.65,3.22,5.08
18-04-2020,2.53,7.43,8.45,3.53,6.99,64.46,4.98,11.69,3.38,5
19-04-2020,2.61,6.86,10.13,5.06,7.75,51.52,5.28,15.55,3.4,5.07
20-04-2020,2.57,6.36,12.38,2.34,7.86,68.61,10.18,16.21,3.4,3.25
21-04-2020,3.12,5.98,8.89,2.35,8.29,65.76,4.95,18.55,3.28,5.61
22-04-2020,2.71,6.24,10.78,2.63,7.57,63.42,5.91,8.19,3.1,5.53
23-04-2020,2.9,7.55,9.42,2.95,7.51,54.14,8.65,10.88,3.3,5.62
24-04-2020,3.38,5.11,11,2.42,6.92,75.71,5.01,8.803333333,4.46,3.5
25-04-2020,3.67,5.23,9.6,2.46,6.91,61.52,4.25,6.726666667,3.28,7.02
26-04-2020,3.03,6.05,8.42,2.31,6.85,79.59,11.76,4.65,4.34,5.3
27-04-2020,3.17,6.7,8.28,2.09,6.72,77.24,4.24,3.4,3.62,5.6
28-04-2020,2.71,6.22,10.32,2.31,7.68,66.2,4.48,0.73,3.07,6.27
29-04-2020,2.68,5.23,12.66,2.19,7.11,79.67,4.39,1.73,3.26,6.17
30-04-2020,4.21,6.91,12.73,2.16,5.11,69.32,4.47,1.68,3.39,6.28
01-05-2020,3.34,4.3,11.8,2.26,5.72,114.38,4.28,2.52,3.58,5.67
02-05-2020,3.13,4.08,12.81,2.12,8.06,118.53,4.12,0.73,3.43,5.75
03-05-2020,3.02,4.35,12.72,2.13,6.32,115.29,4.02,3.03,3.61,3.01
04-05-2020,2.7,4.21,12.86,2.81,4.34,130.91,4.49,1.23,3.15,16.54
05-05-2020,3.09,4.47,13.93,2.14,6.48,95.96,4.16,2.07,2.55,26.19
06-05-2020,2.81,4.4,13.75,2.05,5.47,71.43,4.27,2.72,3.45,26.29
07-05-2020,2.9,4.15,10.31,2.97,5.48,114.83,4.18,1.56,3.99,27.93
08-05-2020,3,3.96,10.02,4.36,5.31,67.07,4.24,2.83,3.9,26.05
09-05-2020,3.05,3.81,9.47,4.57,5.26,60.69,3.93,1.39,4.68,26.69
10-05-2020,3.02,4.87,5.21,4.36,6.13,60.17,4.07,0.85,4.33,25.59
11-05-2020,3.08,4.7,4.8,7.17,7.1,69.66,4.56,1.59,4.52,26.22
12-05-2020,3.19,4.9,4.42,6.05,6.66,68.7,4.16,2.35,5.25,17.16
13-05-2020,3.27,4.24,5.09,6.82,6.12,75.09,4.76,2.09,4.73,4.93
14-05-2020,3.9,5.81,9.04,5.84,5.74,48.91,12.17,2.73,3.54,4.45
15-05-2020,4.43,11.19,6.76,6.54,6.46,37.32,52.57,3.17,3.14,6.48
16-05-2020,3.89,7.87,6.11,6.87,6.83,59.34,43.42,1.29,2.84,6.23
17-05-2020,3.12,8.53,9.24,8.12,6.68,56.99,8.38,1.09,3.39,5.27
18-05-2020,7.57,9.73,11.31,9.97,4.88,53.76,9.85,1.47,3.24,6.32
19-05-2020,3.75,8.39,16.68,8.1,5.65,50.13,14.08,2,5.12,6.86
20-05-2020,4.3,7.25,8.79,8.94,5.97,56.35,11.33,11.97,2.75,7.83
21-05-2020,4.38,6.7,9.67,8.36,7.65,56.98,15.32,3.5,5.21,6.75
22-05-2020,4.32,6.7,17.16,6.17,7.64,56.62,17.2,4.34,8.67,7.22
23-05-2020,3.49,6.9,16.74,5.22,6.29,63.49,7.49,3.27,3.54,7.33
24-05-2020,3.28,7.5,8.13,6.49,5.05,46.96,3.81,1.38,3.51,5.73
25-05-2020,3.88,7.42,9.3,7.09,5.23,42.88,3.83,2.76,3.61,8.22
26-05-2020,4.18,7.95,19.09,6.95,5.32,19.13,14.91,1.74,4.32,7.76
27-05-2020,4.73,9.17,7.58,6.48,4.95,14.95,4.82,1.69,5.62,8.02
28-05-2020,4.48,8.98,4.89,4.79,5.11,9.77,3.45,1.63,5.33,7.21
29-05-2020,5.1,9.04,5.14,5.07,4.82,15.25,4.17,2.6,4.94,6.63
30-05-2020,4.12,7.45,5.04,5.93,4.6,27.16,3.89,7.43,5.28,8.67
31-05-2020,2.39,6.8,5.02,7.98,8.9,18.76,9.54,2.38,5.79,4.85
01-06-2020,2.64,8.28,5.87,7.5,8.17,15.54,6.9,1.91,5.16,6.81
02-06-2020,3.09,10.66,7.25,10.32,7.23,38.19,5.19,2.81,5.13,7.57
03-06-2020,4.22,8.01,7.07,12.34,4.76,35.99,5.52,5.6,5.09,4.73
04-06-2020,7.19,7.75,11.87,11.51,5.38,80.08,5.26,4.12,5.37,7.87
05-06-2020,3.88,10.03,7.6,6.16,4.86,80.95,5.18,2.98,5.42,8.15
06-06-2020,4.61,8.42,5.85,8.3,5.54,78.07,5.64,3.38,8.05,5.12
07-06-2020,3.45,8.59,6.5,7.15,7.56,65.21,5.37,2.84,6.2,6.64
08-06-2020,4.64,10.77,7.94,7.15,7.27,56.15,5.61,6.55,7.22,10.48
09-06-2020,4.65,8.69,11.04,6.29,6.01,78.44,6.12,4.69,5.64,4.86
10-06-2020,11.1,9.47,16.38,6.11,7.09,72.04,6.56,4.78,5.52,6.4
11-06-2020,5.74,11.65,12.37,5.06,7.54,59.8,6.12,9.97,5.72,13.87
12-06-2020,5.17,10.61,12.41,5.42,5.99,82.57,6.78,12.17,5.2,12.96
13-06-2020,5.42,10.37,8.9,5.87,5.26,50.79,6.15,3.85,5.93,7.89
14-06-2020,4.77,8.98,8.19,5.57,5.45,19.32,5.72,2.81,5.37,7.95
15-06-2020,5.15,8.35,7.8,5.99,5.84,25.09,5.12,3.66,4.68,10.3
16-06-2020,5.16,9.39,7.35,5.23,5.49,25.75,5.75,6.67,3.96,13.27
17-06-2020,5.9,9.63,5.47,7.56,5.89,27.08,4.51,6.08,3.58,10.42
18-06-2020,5.57,11.16,6.02,5.84,5.66,39.74,4.66,4.94,5.33,9.26
19-06-2020,4.82,8.8,6.58,6.23,7.31,36.11,4.95,6.22,4.8,6.52
20-06-2020,4.48,8.8,6.53,6.83,5.78,21.9,5.51,3.78,4.75,8.88
21-06-2020,4.6,8.44,7.21,7.07,6.08,16.83,6.28,5.65,5.32,6.47
22-06-2020,5.59,9.42,5.67,6.49,5.72,20.33,6.49,5.58,5.51,8.19
23-06-2020,5.16,12.3,6.22,7.86,6.71,25.82,5.9,2.76,5.39,8.77
24-06-2020,5.41,7.17,6.63,8.94,7.2,22.42,5.31,1.22,5.83,8.14
25-06-2020,6.01,8.9,9.33,8.68,7.13,16.14,5.22,2.3,6.49,8.43
26-06-2020,4.42,6.83,9.67,7.93,5.71,10.37,2.65,5.91,6.61,8.81
27-06-2020,3.06,7.25,10.88,9.47,6.38,9.47,3.12,7.68,6.15,8.19
28-06-2020,2.69,7.81,12.67,10.39,5.79,30.19,5.62,3.42,5.6,7
29-06-2020,3.62,7.65,10.5,12.14,3.96,42.4,4,3.45,6.21,8.87
30-06-2020,4.61,8.42,5.99,6.14,2.63,42.12,6.29,4.05,5.48,8.65
01-07-2020,3.95,6.22,6.33,8.5,2.94,44.5,5.99,0.4,5.19,1.68
