Date,Bengaluru,Chennai,Delhi,Lucknow,Hyderabad,Patna,Jaipur
01-10-2017,0.92,0.03,2.34,3.47,4.06,0.56,0.63
02-10-2017,0.75,0,2.43,2.74,2.16,0.67,0.31
03-10-2017,0.83,0.01,1.27,5.11,7.43,0.32,0.49
04-10-2017,1.16,0,2.07,7.57,12.69,0.54,0.92
05-10-2017,1.11,0.04,1.59,2.61,17.97,0.44,0.24
06-10-2017,1.78,0.05,2.11,2,8.81,0.41,0.45
07-10-2017,1.67,0.04,1.72,1.96,10.84,0.36,0.22
08-10-2017,1.31,0.05,2.14,2,6.82,0.66,0.23
09-10-2017,2.84,0.05,2.97,1.99,5.21,0.68,0.58
10-10-2017,4.13,0.04,3.28,1.86,3.27,0.11,0.76
11-10-2017,2.37,0.02,2.71,1.41,4.89,0.12,0.57
12-10-2017,2.39,0.07,2.56,4.44,6.71,0.11,0.65
13-10-2017,2.33,0.04,2.34,2.6,1.1,0.16,0.69
14-10-2017,2.03,0.05,3.4,2.06,1.48,0.26,0.84
15-10-2017,1.22,0.02,3.62,2.77,1.2,0.53,0.63
16-10-2017,2.24,0.05,3.42,0.52,0.96,0.61,1.4
17-10-2017,3.41,0.06,3.39,1.29,2.38,0.23,9.08
18-10-2017,3.57,0.03,3.38,1.32,11.62,0.09,8.58
19-10-2017,2.2,0.03,4.52,2.88,11.82,0.63,9.54
20-10-2017,2.51,0.03,5.54,2.53,0.87,0.03,7.01
21-10-2017,1.49,0.02,4.02,2.31,0.97,0.25,8.04
22-10-2017,1.27,0.13,4.04,3.26,0.19,0,9.57
23-10-2017,1.86,0.18,4.65,4.03,4.33,0.36,8.61
24-10-2017,2.58,0.02,5.47,5.71,0.89,0.63,7.86
25-10-2017,1.07,0.01,5.08,6.13,0.18,0.97,12.42
26-10-2017,0.85,0.56,4.28,4.31,0.34,1.35,13.81
27-10-2017,0.81,0.06,4.94,4.17,1.05,1.18,15.89
28-10-2017,0.67,0.02,7.47,3.4,9.04,0.48,18.15
29-10-2017,0.06,0.02,6.8,2.47,1.29,1.34,17.93
30-10-2017,0.04,0.02,5.67,3.21,0,0.68,13.59
31-10-2017,0.19,2.29,11.75,2.08,38.06,0.74,14.63
01-11-2017,0.06,1.72,6.36,2.48,45.03,0,18.51
02-11-2017,0.09,1.54,9.71,2.32,30.22,0.51,17.2
03-11-2017,0.15,0.99,6.06,4.33,30,1.63,12.63
04-11-2017,0.11,2.4,5.21,1.42,24.64,5,14.16
05-11-2017,0,3.46,12.85,0.72,26.92,5.26,14.36
06-11-2017,0.25,2.54,14.37,1.19,26.73,4.62,17.96
07-11-2017,0.28,5.08,26.96,2.22,31.07,4.43,25.61
08-11-2017,0.2,2.27,25.53,1.14,33.9,4.52,25.26
09-11-2017,0.21,1.67,25.25,2.87,35.04,4.56,22.89
10-11-2017,0.25,1.74,28.06,1.11,29.47,5.37,20.08
11-11-2017,0.18,1.83,32.33,1.54,26.91,5.7,24.82
12-11-2017,0,0.92,28.2,1.06,33.38,5.35,24.29
13-11-2017,0.12,1.69,18.48,1.76,31.59,5.22,19.59
14-11-2017,0,1.79,11.39,1.98,30.87,6.22,6.38
15-11-2017,0.12,1.83,13.31,1.47,21.49,5.42,5.29
16-11-2017,0.14,0.38,12.03,2.88,22.69,4.7,4.45
17-11-2017,0.21,2.62,8.48,1.07,25.05,5.03,1.88
18-11-2017,0.09,2.68,5.38,0.99,18.83,5.27,1.4
19-11-2017,0,2.45,5.24,0.8,25.26,5.47,0.59
20-11-2017,0,3.09,6.34,0.76,33.32,4.1,2.3
21-11-2017,0,1.23,10.71,0.67,21.33,3.48,2.45
22-11-2017,0.14,1.61,11.65,0.94,12.43,3.76,2.22
23-11-2017,0.07,2.7,11.97,0.9,15.71,3.81,4.68
24-11-2017,0.07,2.38,13.88,2.52,15.13,4.34,8.79
25-11-2017,0,1.27,15.24,2.79,17.66,4.49,14.11
26-11-2017,0,1.43,17.26,0.68,13.06,5.39,18.88
27-11-2017,0,1.14,13.04,1.55,20.01,4.56,11.34
28-11-2017,0,1.47,19.68,1.1,31.14,4.71,15.11
29-11-2017,0,0.3,28.86,2.98,16.61,6.19,21.26
30-11-2017,0,0.61,23.32,3.38,12.16,7.06,11.84
01-12-2017,0,0.33,20.7,3.83,13.32,6.44,8.57
02-12-2017,0,0.08,25.81,2.13,15.59,7.21,5.36
03-12-2017,0.02,0,26.32,1.66,11.38,5.93,5.59
04-12-2017,0,0.56,23.27,1.63,9.43,5.26,9.08
05-12-2017,0,1.05,15.21,0.73,7.83,4.81,2.51
06-12-2017,0.43,0.83,8.36,4.78,8.81,5.93,1.26
07-12-2017,2.92,1.75,7.35,12.75,20.98,5.22,5.2
08-12-2017,1.33,2.68,7.98,4.26,18.64,5.22,6.71
09-12-2017,1.38,3.65,17.98,3.16,21.25,4.95,7.89
10-12-2017,1.2,3.96,29.86,7.82,24.04,4.74,8.9
11-12-2017,1.31,1.8,19.42,4.33,25.71,4.95,0.9
12-12-2017,1.31,1.99,6.88,5,35.81,4.58,1.05
13-12-2017,1.25,3.31,6.59,1.26,22.77,4.24,1.09
14-12-2017,1.18,5.58,5.87,0.79,12.58,3.76,0.77
15-12-2017,1.17,3.23,4.83,0.76,12,3.69,0.82
16-12-2017,1.13,2.1,2.85,3.23,16.57,3.79,0.83
17-12-2017,1.07,1.51,3.48,1.7,24.39,4.02,0.97
18-12-2017,1.14,2.09,6.42,1.14,20.96,4.25,0.79
19-12-2017,1.19,2.33,10.74,3.02,19.14,4.07,1.835
20-12-2017,1.21,2.85,14.07,5.27,34.41,4.75,2.88
21-12-2017,1.13,2.5,10.87,2.56,32.45,4.18,1.49
22-12-2017,1.17,2.26,7.93,1.11,38.49,3.69,2.87
23-12-2017,1.22,2.94,9.81,1.1,25.14,3.65,6.25
24-12-2017,1.11,3.04,14.99,1.52,22.93,3.39,6.06
25-12-2017,1.22,2.95,15.78,0.93,21.63,3.05,4.96
26-12-2017,1.21,2.7,12.99,1.13,30.55,3.48,5.8
27-12-2017,0.97,2.53,18.27,1.72,22.49,4.1,8.26
28-12-2017,0.95,3.21,23.66,2.72,21.6,4.81,11.64
29-12-2017,1.2,4.44,19.38,1.56,21.46,3.82,12.16
30-12-2017,1.16,3.92,25.19,1.16,23.28,3.73,4.54
31-12-2017,0,3.4,21.12,1.12,23.6,3.56,2.38
01-01-2018,0,2.97,14.77,1.23,21.07,2.96,4.52
02-01-2018,0,4.07,9.71,3.19,16.68,3.03,5.3
03-01-2018,0,3.11,6.6,6.27,16.7,2.56,13.34
04-01-2018,0,3.17,8.2,7.18,26.54,2.78,7.31
05-01-2018,0,3.06,8.14,5.87,20.49,3.05,14.2
06-01-2018,0,3.56,13.64,4.82,25.95,2.81,14.72
07-01-2018,0,3.7,6.5,5.49,21.34,3.33,6.89
08-01-2018,0,2.86,7.87,5.86,12.46,3.87,18.63
09-01-2018,23.53,2.56,13.99,5.16,11.99,3.1,11
10-01-2018,0.39,4.02,7.3,5.43,13.68,2.82,15.98
11-01-2018,0.32,3.17,6.83,3.11,22.96,2.75,10.51
12-01-2018,0.3,3.65,11.32,2.32,27.68,3.16,10.34
13-01-2018,0.25,4.43,21.81,2.15,28.97,2.65,19.86
14-01-2018,1.11,2.54,10.03,3.4,24.52,2.84,4.37
15-01-2018,0.23,1.81,7.7,4.15,9.33,2.82,3.94
16-01-2018,0.22,2.28,9.36,3.46,26.83,3.56,3.18
17-01-2018,0.29,3.33,12.58,4.04,18.36,3.98,1.19
18-01-2018,0.39,3.03,14.81,3.89,30.44,3.67,1.73
19-01-2018,0.36,2.9,16.52,12.02,33.75,3.94,1.55
20-01-2018,0.37,3.05,4.43,4.84,37.82,3.02,0.91
21-01-2018,0.26,2.95,7.02,5.79,27.78,3.45,2.1
22-01-2018,0.44,2.68,10.9,4.52,16.9,3.7,0.63
23-01-2018,0.39,3.09,6.67,24.62,12.28,3.71,2.27
24-01-2018,0.39,2.55,6.23,18.98,12.56,3.34,6.63
25-01-2018,0.35,2.71,3.87,18.65,32.98,2.76,3.42
26-01-2018,0.39,2.32,3.7,16.63,33.63,2.74,4.1
27-01-2018,0.46,2.54,4.87,13.28,27.88,2.94,3.09
28-01-2018,0.29,1.75,4.36,15.75,18.63,3.66,2.41
29-01-2018,0.29,2.39,5.5,18.14,17.05,3.64,2.57
30-01-2018,0.4,2.12,4.26,9.56,29.14,3.27,7.15
31-01-2018,0.46,2.83,3.78,5.67,41.6,3.12,1.99
01-02-2018,0.41,3.56,5.48,3.58,37.74,3.36,3.73
02-02-2018,1.34,3.61,5.93,3.57,41.64,3.18,3.39
03-02-2018,0.24,3.4,4.57,5.69,32.65,3.75,0.5
04-02-2018,0.02,1.4,3.23,1.91,19.19,3.66,0.73
05-02-2018,0.18,2.54,4.47,0.78,5.67,3.07,1.13
06-02-2018,0.26,2.54,4.88,0.4,43.34,2.62,0.83
07-02-2018,0.07,1.71,3.92,0.53,35.02,2.97,2.57
08-02-2018,0.25,1.84,6.09,0.8,16.53,2.52,2.53
09-02-2018,2.58,2.1,6.44,0.75,17.15,2.7,2.9
10-02-2018,4.2,1.68,11,1.04,16.88,2.63,2.19
11-02-2018,0.92,1.45,5.29,2.25,4.53,3.22,1.37
12-02-2018,0.89,1.79,2.11,1.14,3.46,2.78,1.52
13-02-2018,0.91,1.59,4.16,1.52,4.74,2.9,3.21
14-02-2018,0.8,1.18,2.66,0.13,9.6,2.9,2.95
15-02-2018,0.96,1.7,2.82,0.14,13.04,2.3,5.08
16-02-2018,1.17,1.91,3.48,0.14,16.62,2.71,15.65
17-02-2018,1.91,1.69,3.91,0.26,22.59,2.53,25.16
18-02-2018,0.91,0.32,3.78,0.39,18.56,3.26,21.63
19-02-2018,1.06,0.28,5.52,0.58,6.61,3.19,23.16
20-02-2018,1.02,0.71,5.42,0.63,10.52,2.99,23.83
21-02-2018,1.12,1.62,8.8,2.11,14.68,3.31,4.07
22-02-2018,1.19,3.38,8.11,1.62,9.21,3.68,5.17
23-02-2018,1.04,2.26,9.53,2.48,10.21,3.14,8.57
24-02-2018,0.83,1.78,5.82,1.78,5.75,3.14,8.63
25-02-2018,0.69,1.23,3.94,0.61,7.65,3.25,2.62
26-02-2018,0.9,2.2,2.1,0.11,16.8,3.04,2.47
27-02-2018,0.78,3.17,3.03,0.25,18.83,2.91,2
28-02-2018,0.99,2.98,6.26,1.77,21.23,3.29,3.01
01-03-2018,0.92,3.03,5.76,0.33,19.29,2.63,4.17
02-03-2018,0.98,2.78,4.5,0.18,13.08,2.96,4.72
03-03-2018,1.17,2.66,3.67,0.13,7.39,2.56,4.41
04-03-2018,0.91,2.41,2.92,0.35,9.31,2.97,3.76
05-03-2018,0.93,1.9,2.92,0.13,6.32,3.05,2.61
06-03-2018,0.93,2.41,2.83,0.08,7.29,2.89,2.85
07-03-2018,0.75,2.27,3.57,0.25,6.6,2.94,3.13
08-03-2018,0.7,3.27,7.04,0.66,8.25,3.39,3.18
09-03-2018,1.5,3.22,6.65,0.5,5.98,3.36,4.06
10-03-2018,0.94,5.21,4,0.2,7.61,2.71,2.08
11-03-2018,0.53,0.23,3.12,0.23,4.32,3.2,3.31
12-03-2018,0.25,0.66,3.51,0.31,4.61,3.07,4.02
13-03-2018,0.58,0.96,4.78,0.35,5.96,2.94,2.68
14-03-2018,0.77,0.92,5.34,1.88,8.45,3.42,2.35
15-03-2018,1.07,0.83,5.3,1.24,4.36,3.02,2.7
16-03-2018,0.76,0.99,4.59,0.27,11.45,2.72,2.25
17-03-2018,1.22,1.09,2.68,0.19,4.57,2.76,1.26
18-03-2018,0.57,0.86,2.17,0.08,3.11,3.48,1.27
19-03-2018,0.53,1.13,4.02,0.28,4.69,3.11,1.33
20-03-2018,0.85,1.29,7.16,0.24,5.22,2.95,1.53
21-03-2018,1.1,1.14,5.93,1.27,8.23,2.94,1.15
22-03-2018,1.46,1.04,3.93,0.59,12.21,3.89,0.88
23-03-2018,2.08,1.55,3.61,0.12,18.45,3.78,0.88
24-03-2018,1.14,2.11,3.53,0.14,17.29,2.98,1.33
25-03-2018,0.77,1.99,2.91,0.11,10.45,3.88,1.95
26-03-2018,0.77,2.33,3.4,0.15,6.16,3.11,5.43
27-03-2018,1.04,2.12,5.92,0.22,9.03,3.09,11.47
28-03-2018,0.81,1.72,7.37,1.15,6.57,3.69,1.7
29-03-2018,0.82,1.66,3.78,0.99,10.48,4.87,1.25
30-03-2018,0.78,1.72,5.64,0.62,7.9,2.81,1.38
31-03-2018,0.82,1.14,5.24,0,6.17,2.56,2.53
01-04-2018,0.74,0.07,3.11,0,4.01,3,2.95
02-04-2018,0.76,1.2,4.77,0,4.38,2.91,2.08
03-04-2018,0.86,4.98,4.13,0,6.65,2.87,2.05
04-04-2018,0.76,2.92,4.85,0.85,3.64,2.69,3.92
05-04-2018,0.78,0,6.26,0.52,4,2.72,3.07
06-04-2018,0.75,0.64,4.14,0.36,6,2.52,1.95
07-04-2018,0.72,3.35,3.32,0.04,5.57,2.31,3.24
08-04-2018,0.68,1.94,2.63,0,3.51,2.47,2.57
09-04-2018,0.72,1.95,4.47,0,4.05,2.7,2.36
10-04-2018,0.76,5.55,13.51,0,6.17,2.65,2.37
11-04-2018,0.76,1.87,11.48,0,5.38,2.89,4.23
12-04-2018,0.73,7.75,6.09,0,6.43,3.03,5.96
13-04-2018,0.69,5.73,3.64,0,4.83,3.77,3.42
14-04-2018,0.42,1.4,4.84,0,2.59,3.08,6.97
15-04-2018,0.33,0.26,4.67,0,4.73,3.42,8.62
16-04-2018,0.42,0.84,6.12,0,11.57,3.15,11.71
17-04-2018,0.28,2.43,3.77,0,5.52,3.05,12.08
18-04-2018,0.32,10.79,2.79,0,6.12,3.04,9.4
19-04-2018,1.2,7.84,3.63,0,7.6,3.11,10.29
20-04-2018,1.82,5.94,3.71,0,9.53,2.69,10.92
21-04-2018,2.19,7.1,2.73,0,15.4,2.98,7.64
22-04-2018,2.05,6.3,2.24,0,6.62,3.22,0
23-04-2018,2.14,7.19,3.31,0,2.71,2.32,3.79
24-04-2018,1.94,9.66,5.14,0,5.04,2.7,9.57
25-04-2018,2.85,10.95,8.18,0,2.68,3.17,13.24
26-04-2018,2.63,11.14,6.76,0,4.83,2.54,7.57
27-04-2018,1.8,9.3,4.75,0,7.38,2.32,4.74
28-04-2018,1.24,9.53,3.23,0,2.33,2.56,13.42
29-04-2018,1.32,7.29,3.3,0,7.07,2.59,21.78
30-04-2018,1.19,9.11,3.66,0,7.43,2.32,13.4
01-05-2018,0.43,1.09,1.91,0,7.29,2.45,9.62
02-05-2018,0.54,2.05,1.84,0,3.81,24.49666667,4.96
03-05-2018,0.47,2.4,2.3,0,3.8,46.54333333,17.94
04-05-2018,0.57,2.35,2.55,0,4.95,68.59,19.83
05-05-2018,0.66,2.41,4.28,0,4.04,80.55,22.12
06-05-2018,0.55,2.35,5.89,0,2.19,89.51,15.21
07-05-2018,0.92,2.22,5.38,0,3.61,88.71,20.61
08-05-2018,1.61,2.4,2.67,0,8.91,80.23,10.51
09-05-2018,1.19,2.73,4.49,0,6.34,63.17,10.84
10-05-2018,1.15,0,4.57,0,5.2,60.86,12.65
11-05-2018,1.28,6.83,5.38,0,5.51,60.32,13.36
12-05-2018,1.22,5.476666667,5.23,0,3.26,63.28,8.7
13-05-2018,1.19,4.123333333,2.15,0,3.29,56.94,6.83
14-05-2018,1.34,2.77,2.34,0,2.44,53.58,7.12
15-05-2018,1.29,2.09,3.06,0,2.9,57.91,5.64
16-05-2018,1.31,2.34,3.61,0,3.35,58.79,6.36
17-05-2018,1.22,2.35,3.94,0,5.56,58.15,5.85
18-05-2018,1.37,2.23,5.04,0,5.38,58.54,4.96
19-05-2018,1.6,2.36,6.98,0.05,6.38,63.35,0.23
20-05-2018,1.17,2.41,5.24,0,3.35,63.73,0.31
21-05-2018,1.28,2.37,5.34,0,3.85,60.47,0.24
22-05-2018,1.02,1.06,6.23,0,4.3,62.01,0.34
23-05-2018,1.38,0.28,9.66,0,6.64,57.48,0.45
24-05-2018,1.04,0.55,6.97,0,4.99,58.33,1.36
25-05-2018,1.07,0.25,6.57,0,6.48,58.87,3.99
26-05-2018,0.76,0.62,6.65,0,3.84,54,4.36
27-05-2018,0.61,0.18,4.64,0,8.83,61.9,3.07
28-05-2018,0.53,0.97,5.02,0,5.24,55.21,3.89
29-05-2018,1.02,1.19,5.4,0,7.43,57.95,2.1
30-05-2018,1.29,2.61,1.85,0,4.34,62.47,2.03
31-05-2018,2.92,3.6,3.53,0,3.49,58.98,3.51
01-06-2018,1.56,2.93,3.18,0,6.75,61.54,3.79
02-06-2018,2.13,3.44,3.67,0,8.55,56.3,2.62
03-06-2018,1.76,4.33,3.37,0,4.88,59.4,1.36
04-06-2018,0.94,4.22,3.41,0,4.88,55.88,2.97
05-06-2018,1.09,3.45,4.69,0,5.9,53.75,1.55
06-06-2018,1.02,4.8,6.46,0,6.2,53.31,0.84
07-06-2018,0.77,5.67,6.4,0,2.39,52.12,1.07
08-06-2018,0.64,4.27,4.55,0,2.7,54.93,2.36
09-06-2018,0.56,2.23,4.57,0,2.65,57.25,2.64
10-06-2018,0.51,0.95,7.04,0,2.27,55.59,1.47
11-06-2018,0.88,3.53,5.41,0,4.08,56.32,1.77
12-06-2018,2.42,5.72,6.1,0.55,6.5,53.31,2.56
13-06-2018,2.41,4.06,4.31,0.27,3.3,50.82,2.24
14-06-2018,1.4,5.26,9.35,2.74,3.75,53.71,2.04
15-06-2018,1.74,5.81,10.64,1.86,3.67,53.39,2.39
16-06-2018,2.42,4.36,5.58,1.34,2.73,51.64,2.24
17-06-2018,1.8,0.4,6.3,1.35,2.64,59.46,2.34
18-06-2018,1.56,2.6,8.24,0.95,1.95,58.91,2.42
19-06-2018,1.24,2.95,8.34,0.7,1.92,53.97,3.93
20-06-2018,1.2,3.21,10.83,0.99,2.69,53.41,3.47
21-06-2018,1.18,4.43,11.19,1.24,3.91,49.34,3.69
22-06-2018,1.22,4.83,13.08,1.19,7.48,40.77,3.68
23-06-2018,1.45,3.08,13.63,1.1,5.46,32.2,2.76
24-06-2018,0.83,1.19,10.24,0.66,2.86,43.38,2.38
25-06-2018,1.09,3.87,11,0.93,1.84,36.87,3.35
26-06-2018,0.86,4.05,17.81,0.91,1.79,38.45,2.97
27-06-2018,0.93,4.17,22.29,0.59,2.36,36.4,3.7
28-06-2018,1.13,5.96,18.35,0.16,3.21,33.8,2.66
29-06-2018,1.32,7.68,17.18,0.15,3.21,36.01,2.29
30-06-2018,2,7.02,21.04,0.16,5.26,39.11,1.62
01-07-2018,5.82,1.37,20.66,0.32,4.16,39.73,1.29
02-07-2018,2.13,3.87,15.01,0.2,3.89,38.58,2.37
03-07-2018,3,3.19,21.86,0.16,2.87,32.43,3.78
04-07-2018,3.48,1.74,22.27,0.04,3.12,30.3,3.95
05-07-2018,3.5,0.82,32.38,0.03,3.72,37.63,5.05
06-07-2018,3.34,2.29,31.73,0.05,8.65,38.14,4.83
07-07-2018,3.18,1.64,24.89,0.07,10.22,36.63,3.77
08-07-2018,3.42,1.19,30.07,0.06,4.73,49.88,3.92
09-07-2018,3.99,1.44,20.19,0.06,2.8,58.81,5.77
10-07-2018,4.06,1.63,17.31,0.04,3.24,31.33,4.72
11-07-2018,3.75,1.78,21.21,0.05,4.72,34.94,7.01
12-07-2018,3.11,1.94,21.79,0.08,4.2,35.21,6.78
13-07-2018,3.04,2.48,24,0.08,4.02,33.02,6.64
14-07-2018,2.98,2.48,29.69,0.11,4.67,35.86,2.26
15-07-2018,2.35,1.31,21.78,0.08,4.5,37.5,3.04
16-07-2018,2.77,2.72,31.33,0.05,3.67,34.55,5.34
17-07-2018,3.37,2.94,28.84,1.59,2.55,33.67,3.18
18-07-2018,3.5,2.7,25.94,0.23,4.43,36.34,2.15
19-07-2018,3.1,2.48,22.7,0.49,2.8,36.52,4.4
20-07-2018,2.74,1.99,30.82,0.53,3.02,34.77,4.57
21-07-2018,3.07,1.33,32.24,0.47,5.28,34.18,2.47
22-07-2018,2.92,2.28,23.18,0.28,2.92,37.3,1.71
23-07-2018,3.55,2.7,23.1,0.33,3.01,35.61,2.48
24-07-2018,3.67,2.52,24.69,0.31,4.52,35.79,2.87
25-07-2018,6.09,2.41,26.71,0.35,4.14,33.48,2.63
26-07-2018,3.7,7.04,25.4,0.86,4.26,33.07,2.39
27-07-2018,3.91,7.55,30.17,0.63,3.91,34.1,1.81
28-07-2018,2.97,6.97,22.84,0.47,4.03,40.5,1.47
29-07-2018,2.79,3.19,22.57,0.48,5.19,39.52,1.11
30-07-2018,3.24,6.4,22.42,0.44,3.83,31.58,1.35
31-07-2018,3.1,4.78,24.33,0.29,3.96,39.24,1.57
01-08-2018,3.09,3.04,22.32,0.13,6.64,37.59,1.25
02-08-2018,2.59,13.84,23.26,0.28,8.76,33.72,1.3
03-08-2018,3.96,5.76,20.79,0.33,10.31,36.2,1.28
04-08-2018,3.09,6.27,22.81,0.29,6.36,33.85,1.07
05-08-2018,2.68,4.04,17.19,0.47,5.48,39.22,1.4
06-08-2018,2.77,7.59,22.79,0.39,3.87,36.56,1.76
07-08-2018,2.71,8.79,24.7,0.4,3.37,34.66,2.74
08-08-2018,3.37,1.37,23.23,0.25,3.96,34.57,2.95
09-08-2018,3.4,7.51,21.43,0.26,13,29.97,2.39
10-08-2018,3.42,9.88,28.91,0.38,10.03,30.72,2.46
11-08-2018,3.17,0,22.4,0.34,5.23,35.69,6.35
12-08-2018,2.52,5.24,20.03,0.26,3.91,36.94,9.19
13-08-2018,2.52,4.94,23.38,0.31,2.71,34.94,12.26
14-08-2018,2.73,1.43,31.99,0.43,7.87,31.7,14.94
15-08-2018,2.75,0.24,30.1,0.2,3.64,36.92,15.11
16-08-2018,2.17,2.5,38.17,0.12,1.88,33.32,17.07
17-08-2018,2.41,3.73,35.61,1.33,2.55,32.91,13.99
18-08-2018,2.25,6.74,31.04,0.22,2.64,35.7,11.7
19-08-2018,2.05,6.46,32.28,0.28,4.1,37.16,16.31
20-08-2018,2.12,8.41,30.16,0.28,2.58,39.8,11
21-08-2018,1.74,6.46,20.9,0.21,1.95,37.93,12.88
22-08-2018,1.78,4.54,25.98,0.13,2.27,39.6,11.26
23-08-2018,2.12,6.12,25.82,1.65,2.32,40.96,8.18
24-08-2018,2.52,4.99,27.47,0.39,3.43,42.4,11.69
25-08-2018,2.19,4.6,26.57,0.22,5.4,43.56,12.97
26-08-2018,1.83,1.74,20.49,0.17,3.42,42.18,15.6
27-08-2018,2.13,5.27,23.78,0.25,3.76,42.76,13.54
28-08-2018,2.02,4.56,28.19,0.29,9.47,36.25,12.67
29-08-2018,2.93,6.41,28.23,0.3,6.02,30.99,15.81
30-08-2018,2.43,7.59,30.81,0.19,11.2,33.18,9.97
31-08-2018,2.33,5.94,29.67,0.29,18.24,34.6,7.62
01-09-2018,2.03,7.97,34.3,0.33,14.86,34.28,7.17
02-09-2018,2,7.17,33.74,0.21,11.12,38.06,8.47
03-09-2018,2.25,5.62,29.86,0.23,5.4,40.97,9.48
04-09-2018,3.29,10.27,37.58,0.46,11.11,37.2,9.18
05-09-2018,2.47,4.71,31.65,0.29,14.34,40.09,6.94
06-09-2018,2.16,2.76,29.94,0.42,17.85,34.87,7.06
07-09-2018,2.18,2.03,36.86,0.24,10.1,33.62,7.12
08-09-2018,1.77,0.79,28.88,0.12,4.43,33.33,5.1
09-09-2018,1.83,0.68,17.3,0.16,9.66,37.95,2.59
10-09-2018,2.42,0.05,20.47,0.1,19.72,38.26,3.76
11-09-2018,3.12,0.07,24.81,0.09,19.46,32.98,3.71
12-09-2018,2.72,0.14,25.14,1.33,14.05,37.85,3.83
13-09-2018,2.93,1.07,24.6,0.07,34.71,33.29,12.16
14-09-2018,2.77,0.25,24.24,0.1,32.63,35.93,9.17
15-09-2018,3.2,0.23,24.43,0.09,37.23,31.02,9.23
16-09-2018,3.32,0.05,23.98,0.07,28.66,36.39,15.77
17-09-2018,2.78,0.21,21.94,0.17,9.79,36.56,9.42
18-09-2018,2.25,0.19,23.97,0.2,19.66,33.91,4.18
19-09-2018,1.75,0.05,27.54,0.26,24.43,39.42,1.88
20-09-2018,3.09,0.8,35.2,0.31,17.65,35.65,2.13
21-09-2018,2.33,1.22,22.78,0.1,6.3,36.96,3.16
22-09-2018,2.77,0.65,24.61,0.11,3.53,37.99,3.21
23-09-2018,2.49,0.79,17.36,0.16,7.74,38.83,3.29
24-09-2018,2.62,1.26,21.7,0.24,9.9,33.06,3.24
25-09-2018,3.04,1.34,30.75,0.26,23.18,31.53,3.14
26-09-2018,2.57,0.23,40.14,0.22,37.37,36.01,3.14
27-09-2018,2.73,0,60.29,0.32,20.49,24.59,3.15
28-09-2018,2.04,0.91,75,0.36,35.75,33.34,3.15
29-09-2018,1.68,0.25,72.97,0.35,41.79,31.29,5.13
30-09-2018,1.53,1.32,34.63,0.27,47.79,32.93,12.23
01-10-2018,1.44,1.37,45.58,0.28,29.8,29.03,10.23
02-10-2018,1.19,1.43,47.19,0.31,20.15,33.72,14.22
03-10-2018,1.04,1.6,45.68,0.41,15.38,28.42,10.96
04-10-2018,1.3,7.33,56.91,0.56,17.12,30.14,9.99
05-10-2018,1.18,7.88,76.45,0.41,19.13,30.55,9.47
06-10-2018,1.3,10.52,50.77,0.48,31.53,33.39,10.71
07-10-2018,0.81,24.92,50.09,0.4,29.46,34.4,11.37
08-10-2018,1,18.97,60.1,0.41,35.14,35.68,10.58
09-10-2018,2,5.19,51.48,0.4,56.11,36.52,9.02
10-10-2018,3.07,6.02,45.79,0.29,39.8,31.96,10.06
11-10-2018,5.59,3.19,35.5,0.25,29.56,30.6,11.21
12-10-2018,3.95,0.45,47.52,0.32,36.12,31.16,11.76
13-10-2018,3.7,0.54,56.08,0.27,45.43,31.06,10.59
14-10-2018,2.36,0.25,41.27,0.24,40.2,34.18,13.96
15-10-2018,3.76,0.39,57.84,0.25,33.54,28.87,12.61
16-10-2018,1.66,0.14,78.45,0.36,25.89,28.56,14.93
17-10-2018,2.12,0.8,63.99,1.28,15.05,30.42,13.98
18-10-2018,2.22,0.69,83.91,0.57,15.32,34.64,15.65
19-10-2018,1.06,0.99,58.94,0.54,15.35,34.9,16.46
20-10-2018,0.99,1.15,54.68,0.42,34.82,30.35,13.36
21-10-2018,0.95,4.75,57.74,0.48,26.89,42.12,13.33
22-10-2018,1.6,8.32,49.87,0.35,40.01,34.33,10.82
23-10-2018,2.32,2.55,62.35,0.44,25.37,34.75,15.52
24-10-2018,1.78,0,100.96,0.46,41.47,27.49,14.16
25-10-2018,1.87,0.21,88.49,0.98,29.89,31.26,12.12
26-10-2018,2.07,0.32,94.71,0.94,27.27,31.25,8.79
27-10-2018,2.22,0.45,103,1.07,54.43,30.05,2.17
28-10-2018,2.61,1.36,77.78,1,60.02,33.06,2.29
29-10-2018,3.56,1.88,74.48,0.8,52.36,31.57,1.68
30-10-2018,3.44,1.25,90.31,0.76,42.2,30.54,3.21
31-10-2018,2.78,1.12,92.3,0.75,33.6,30.44,3.04
01-11-2018,1.92,1.48,94.12,1.04,32.09,35.53,4.4
02-11-2018,1.68,0.89,64.64,1.43,28.26,32.71,4.06
03-11-2018,1.66,0.65,35.39,1.04,11.06,31.06,2.7
04-11-2018,1.53,0.43,19.99,1.57,10.1,34.96,1.64
05-11-2018,1.77,0.65,34.14,1.76,10.96,29.5,1.6
06-11-2018,2.3,0.4,24.85,1.41,16.8,26.43,2.44
07-11-2018,1.85,0.97,20.77,1.52,16.75,25.61,2.46
08-11-2018,2.04,0.05,44,1.73,8.74,23.26,1.98
09-11-2018,1.88,0.39,55.65,0.94,23.02,26.21,2.16
10-11-2018,2.66,0.02,81.74,1.35,27.46,27.94,2.19
11-11-2018,2.94,0,71.1,1.14,39.61,30.7,0.61
12-11-2018,4.39,0.05,69.49,1.35,38.79,28.69,3.31
13-11-2018,5.53,0.09,74.6,1.75,53.46,29.55,6.63
14-11-2018,5.63,0.22,42.88,1.32,54.91,30.62,2.02
15-11-2018,3.95,0.55,39.67,1.09,39.56,25.96,4
16-11-2018,1.9,1.57,24.64,0.59,37.94,26.06,2.25
17-11-2018,1.46,1.44,32.22,2.1,11.13,26.31,5.4
18-11-2018,1.09,0.05,48.08,1.04,8.96,29.22,8.42
19-11-2018,1.36,2.38,33.16,1.55,7.29,31.04,7.19
20-11-2018,1.8,0.98,51.31,1.66,24.34,33.37,7.22
21-11-2018,1.85,0.1,42.92,1.47,32.4,30.99,8.2
22-11-2018,1.81,0.23,56.92,1.26,17.72,32.07,7.87
23-11-2018,1.88,0.23,61.33,1.12,30.82,28.01,6.81
24-11-2018,1.88,0.31,30.31,0.94,37.53,27.44,6.27
25-11-2018,1.76,0.1,43.22,1.15,30.13,30.47,11.24
26-11-2018,1.79,0.17,61.96,1.75,40.63,34.65,7.93
27-11-2018,1.68,0.22,92.77,2.06,20.25,29.55,7.18
28-11-2018,1.97,1.07,73.8,2.33,15.27,26.09,5.91
29-11-2018,2.22,0.68,78.97,2.03,36.89,25.94,7.72
30-11-2018,1.86,0.54,48.33,1.81,41.06,26.22,11.27
01-12-2018,2.38,0.2,46.53,1.86,27.45,26.4,8.76
02-12-2018,1.81,0.15,70.64,1.82,20.7,28.38,10.27
03-12-2018,1.81,0.54,66.53,1.56,16.07,25.22,10.89
04-12-2018,2.02,0.28,84.12,2.58,21.43,26.76,10.67
05-12-2018,1.85,0.81,60.99,1.74,9.26,25.65,10.23
06-12-2018,2.1,0.16,86.38,2.31,12.49,27.24,11
07-12-2018,2.26,0.23,57.31,1.7,12.22,24.94,9.27
08-12-2018,1.87,0.29,57.49,2.07,9.73,25.25,10.05
09-12-2018,1.61,0.22,70.17,2.26,7.35,27.1,10.89
10-12-2018,2.29,0.19,57.53,4.64,6.15,28.42,9.67
11-12-2018,2.86,0.05,59.75,2.33,19.03,28.61,6.62
12-12-2018,2.8,0.28,49.37,2.8,11.58,28.8,4.45
13-12-2018,2.45,0.18,34.89,0.6,13.27,30.52,4.01
14-12-2018,2.25,0.36,27.97,0.29,27.29,26.79,3.96
15-12-2018,2.16,0.88,27.13,0.33,29.08,23.89,5.21
16-12-2018,2.09,0.28,31.02,0.99,29.84,25.18,6.97
17-12-2018,2.73,0.11,44.09,1.71,25.71,22.16,6.88
18-12-2018,5.51,0.54,43.12,0.65,32.46,18.2,8.16
19-12-2018,2.9,0.78,39.02,0.84,23.38,19.65,8.71
20-12-2018,2.43,0.57,62.49,1.28,33.51,21.35,9.77
21-12-2018,2.56,0.58,46.63,0.58,34.17,24.46,10.54
22-12-2018,2.47,0.66,55.27,1.35,30.97,22.51,8.65
23-12-2018,2.01,0.22,74.07,1.26,17.11,23.47,6.74
24-12-2018,1.9,0.42,73.62,0.88,25.64,25.31,7.07
25-12-2018,2.16,1.79,38.49,0.37,25.34,24.19,7.89
26-12-2018,1.95,1.82,36.39,0.36,11.39,26.28,10.1
27-12-2018,1.66,0.83,70.74,2.58,19.67,28.34,8.91
28-12-2018,1.31,3.25,30.25,0.28,25.25,25.35,6.04
29-12-2018,1.11,2.93,37.55,0.2,34.16,25.04,7.51
30-12-2018,0.9,0.81,65.05,0.86,29.95,25.92,8.89
31-12-2018,1.44,0.51,59.74,0.9,31.48,24.4,10.17
01-01-2019,1.24,0.44,48.84,1.04,38.44,26.65,11.38
02-01-2019,1.25,1.74,58.7,2.8,21.41,31.66,8.67
03-01-2019,1.66,1.13,56.57,0.99,29.59,28.82,7.58
04-01-2019,1.66,0.45,40.5,1.19,19.38,27.82,7.68
05-01-2019,1.22,1.3,51.69,0.69,10.09,30.56,8.01
06-01-2019,1.17,2.1,31.15,0.27,8.52,31.04,7.16
07-01-2019,1.25,2.19,34.1,0.62,20.89,27.38,5.31
08-01-2019,1.56,3.21,24.24,0.27,39.4,24.38,8.01
09-01-2019,1.43,1.36,22.96,0.29,51.33,24.28,6.07
10-01-2019,0.71,2.11,33.81,1.35,26.42,25.48,9.51
11-01-2019,1.08,2.6,73.38,1.59,14.29,28.46,5.95
12-01-2019,1.36,1.12,73.27,0.8,9.16,28.76,6.03
13-01-2019,1.1,2.16,50.53,0.73,7.86,30.99,6.6
14-01-2019,1.33,2.23,19.45,0.14,8.85,23.04,4.23
15-01-2019,1.25,0.74,24.31,0.14,26.28,22.28,7.01
16-01-2019,1.42,2.72,53.96,0.3,23.92,24.28,10.57
17-01-2019,2.1,4.33,66.34,0.52,34.31,25.03,7.97
18-01-2019,1.57,2.38,44.42,0.31,25.86,26.24,9.32
19-01-2019,1.43,2.82,55.89,0.28,23.24,24.46,12.09
20-01-2019,1.14,2.69,92.09,0.51,32.62,24.79,9.31
21-01-2019,1.28,3.86,36.57,0.54,12.2,26.71,5.97
22-01-2019,3.27,1.92,19.7,0.24,6.16,25.3,4.44
23-01-2019,1.72,0.33,40.42,0.26,9.02,21.14,6.51
24-01-2019,1.35,0.74,44.97,0.43,7.54,22.77,5.3
25-01-2019,1.35,0.48,27.94,0.54,3.99,23.05,4.44
26-01-2019,1.19,1.44,16.99,0.17,10.58,20.65,4.25
27-01-2019,1.03,0.5,19.33,0.13,27.18,21.39,5.54
28-01-2019,1.13,0.31,20.16,0.11,35.42,21.15,7.13
29-01-2019,0.99,0.06,27.11,0.13,35.12,17.85,5.74
30-01-2019,3.64,0.05,42.52,0.09,32.83,18.39,12.05
31-01-2019,8.12,0.05,50.25,0.21,17.9,21.35,8.53
01-02-2019,3.19,0,26.59,0.35,11.14,23.47,7.03
02-02-2019,1.6,0.88,22.16,0.24,13.09,22.2,6.78
03-02-2019,1.28,0,20.96,0.1,10.08,20.6,18.18
04-02-2019,1.24,0.2,33.18,0.15,7.39,18.61,15.31
05-02-2019,1.23,0.16,77.07,0.35,11.62,20.27,19.6
06-02-2019,1.37,1.18,33.57,0.89,12.52,19.53,15.63
07-02-2019,1.65,1.16,16.32,0.25,5.4,22.77,7.87
08-02-2019,1.83,1.12,24.72,0.29,18.41,17.92,6.02
09-02-2019,2.2,1.25,21.49,0.1,31.91,17.1,5.98
10-02-2019,2.03,1.13,28.28,0.08,26.09,18.97,12.01
11-02-2019,1.37,1.04,41.78,0.19,11.69,20.17,7.42
12-02-2019,1.33,1.14,59.23,0.37,7.94,18.67,7.02
13-02-2019,1.1,0.93,46.95,0.64,10.03,19.26,6.89
14-02-2019,1.11,0,29.52,0.14,8.47,20.95,7.58
15-02-2019,1.75,0,24.5,0.05,4.27,21.16,5.05
16-02-2019,2.89,0.05,20.22,0.44,19.35,20.64,4.43
17-02-2019,2.91,0.2,20.46,0.73,18.63,18.58,8.17
18-02-2019,2.96,0,26.07,0.68,28.29,15.32,8.32
19-02-2019,1.93,0,34.03,1.19,11.39,20.62,6.98
20-02-2019,1.33,0,40.74,1.4,4.36,19.37,7.6
21-02-2019,1.57,0,31.74,1.18,6.5,20.39,6.53
22-02-2019,1.96,0.05,24.76,0.98,6.53,21.95,4.43
23-02-2019,5.95,0,15.68,0.33,16.22,19.7,4.66
24-02-2019,7.3,0,22.6,0.26,11.14,17.84,9.29
25-02-2019,7.46,0,31.49,0.3,15.46,19.13,7.62
26-02-2019,8.24,0.42,28.02,0.37,31.48,21.81,7.62
27-02-2019,6.43,0.05,20.26,0.69,31.11,19.1,7.16
28-02-2019,6.74,2.44,31.82,0.61,24.56,15.46,7.67
01-03-2019,10.62,0,33.92,0.48,16.23,17.08,8.63
02-03-2019,4.29,4.11,41.24,1.46,5.96,19.09,7.88
03-03-2019,4.21,0.09,25.83,1.45,6.54,19.51,8.38
04-03-2019,3.53,2.74,33.07,1.26,13.82,19.55,8.81
05-03-2019,4.44,3,21.24,1.47,36.86,19.4,5.61
06-03-2019,6.99,3.44,28.52,29.69,45.07,18.62,8.38
07-03-2019,10.92,2.64,40.26,4.53,58.97,17.9,8.94
08-03-2019,7.46,1.26,39.27,7.2,28.93,17.5,6.92
09-03-2019,5.91,0.94,27.63,1.61,11.43,17.67,5.89
10-03-2019,3.47,0.27,22.35,1.69,5.87,19.01,6.7
11-03-2019,3.12,0.77,28.53,1.73,5.38,16.48,5.87
12-03-2019,3.55,0.47,28.82,2.59,8.04,18.09,5.48
13-03-2019,4.04,5.14,38.19,2.24,7.24,18.35,6.45
14-03-2019,3.55,5.32,43.04,1.88,9.19,18.42,5.91
15-03-2019,4.1,3.24,26.99,19.15,9.95,19.42,5.54
16-03-2019,4.25,0.45,19.21,5.67,6.18,16.78,5.18
17-03-2019,4.14,0,26.23,3.45,6.08,17.13,7.34
18-03-2019,3.83,0.63,28.14,17.94,11.28,16.27,6.39
19-03-2019,3.86,0.91,35.57,10.08,5.9,15.84,6.92
20-03-2019,4.09,1.16,32.18,3.53,6,22.87,5.92
21-03-2019,4.17,0.06,20.48,1.5,5.35,17.53,4.61
22-03-2019,4.47,0.05,12.49,1.37,11.6,15.44,3.82
23-03-2019,4.96,0.59,14.11,1.3,15.13,15.66,4.44
24-03-2019,3.78,0,18.18,2.79,14.78,17.59,4.77
25-03-2019,4.35,0.32,18.57,10.71,9.53,18.45,3.99
26-03-2019,4.35,0,20.89,7.96,15.13,18.14,4.42
27-03-2019,4.33,0.05,26.16,3.45,12.88,15.75,7.77
28-03-2019,5.78,0.11,46.43,4.43,19.35,16.98,10.61
29-03-2019,5.05,0,54.66,4.72,18.76,17.78,10.97
30-03-2019,5.22,0.06,39.48,6.1,11.34,18.89,5.71
31-03-2019,3.9,0,19.16,2.28,8.01,16.99,3.91
01-04-2019,3.68,0,14.87,1.79,13.07,15.04,5.35
02-04-2019,4.62,0,27.15,3.08,13.25,16.22,5.46
03-04-2019,5,0.1,30.97,4.77,11.7,17.52,6.96
04-04-2019,3.94,0,44.58,3.58,9.57,16.39,9.04
05-04-2019,4.05,0,44.11,1.89,11.96,17.15,8.62
06-04-2019,4.7,0,31.87,2.16,12.54,16.43,6.18
07-04-2019,3.98,0,27.68,1.2,7.16,16.27,5.53
08-04-2019,5.02,0,23.2,1.38,7.86,15.19,4.13
09-04-2019,5.16,0,31.98,1.27,12.75,15.45,5.11
10-04-2019,4.34,3.34,38.21,1.28,14.18,14.66,6.17
11-04-2019,4.38,3.43,32.83,1.95,10.04,17.45,5.55
12-04-2019,4.28,3.71,27.97,1.94,12.47,16.86,4.68
13-04-2019,3.18,3.66,25.55,1.62,15.23,17.24,4.12
14-04-2019,1.34,3.81,20.11,1.25,15.01,16.63,4.14
15-04-2019,2.26,4.19,25.15,1.1,9,16.6,3.56
16-04-2019,2.61,4.63,18.41,0.92,12.24,14.22,3.34
17-04-2019,2.96,5,10.16,0.86,9.89,13.41,3.75
18-04-2019,3.21,3.66,16.68,0.78,14.37,14.83,4.27
19-04-2019,2.55,3.03,22.01,0.82,8.95,13.55,3.98
20-04-2019,2.63,2.77,21.84,0.79,7.59,14.17,6.03
21-04-2019,2.32,0.71,29.87,0.79,3.95,18.65,6.17
22-04-2019,2.64,2.48,36.82,1.14,3.95,14.17,6.89
23-04-2019,2.48,0.37,47.16,1.03,8.79,14.19,9.72
24-04-2019,2.82,0.28,25.22,1.1,8.4,16.5,7.01
25-04-2019,3.48,0.25,23.29,1.06,14.14,14.77,5.37
26-04-2019,2.89,0.21,35.45,1.48,11.53,14.16,4.71
27-04-2019,1.79,0.16,23.25,0.88,14.25,15.71,3.95
28-04-2019,2.52,0.09,25.12,1.42,9.22,15.08,3.62
29-04-2019,2.92,0.05,31.9,1.51,5.41,14.34,4.92
30-04-2019,1.75,0.2,33.92,1.76,5.35,14.61,7.83
01-05-2019,1.31,0.12,31.18,1.24,4.44,15.33,4.77
02-05-2019,1.19,0.29,24.4,1.15,7.24,15.35,5.43
03-05-2019,1.52,0.06,20.92,1.11,4.57,14.76,5.9
04-05-2019,2.48,0.17,23.01,1,5.53,14.28,6.43
05-05-2019,2.36,0.06,20.52,5.21,10.37,14.18,8.35
06-05-2019,3,0,37.46,18.71,26.06,15.17,9.36
07-05-2019,2.56,0.81,41.56,42.04,35.39,15.36,4.86
08-05-2019,3.77,0.96,51.12,106.61,33.18,16.32,4.36
09-05-2019,4.89,3.18,35.17,126.18,33.17,15.1,3.83
10-05-2019,3.94,2.82,21.93,132.47,42.79,17.65,3.99
11-05-2019,3.39,0,24.68,88.46,28.16,12.78,4.96
12-05-2019,2.76,0,18.73,32.61,9.3,14.03,3.98
13-05-2019,2.96,0.06,24.54,58.25,13.6,15.93,4.4
14-05-2019,2.57,0.15,21.65,12.65,13.72,15.76,3.92
15-05-2019,2.4,0.09,36.61,11.78,13.49,14.04,5.63
16-05-2019,3.7,0.29,31.48,6.92,22.47,14.79,3.53
17-05-2019,4.56,0.13,33.11,3.5,23.06,15.45,3.33
18-05-2019,5.25,0.08,20.4,3.45,21.82,13.95,3.34
19-05-2019,3.42,0.03,20.41,2.48,34.93,12.33,5.75
20-05-2019,3.22,0.05,27.74,2.56,11.18,13.57,6.66
21-05-2019,1.58,0.07,22.84,2.9,7.83,14.84,5.4
22-05-2019,1.31,0.06,27.61,2.98,9.83,13.92,5.46
23-05-2019,2.94,0.07,34.62,3.08,6.1,13.29,5.57
24-05-2019,2.59,0.54,31.5,2.93,8.55,13.56,5.24
25-05-2019,1.99,0.43,18.48,2.86,12.41,13.72,3.05
26-05-2019,1.73,0.39,23.51,2.86,19.3,15,3.19
27-05-2019,2.67,0.31,30.03,2.98,13.43,16.43,4.46
28-05-2019,2.9,0.45,30.24,3.1,10.47,16.09,5.38
29-05-2019,2.12,0.39,34.39,3.1,20.27,14.48,7.05
30-05-2019,1.88,1.15,51.27,3.12,6.02,14.16,4.39
31-05-2019,2.32,1.81,32.57,2.98,6.15,13.63,4.66
01-06-2019,2.44,2.75,34.6,2.91,6.95,14.66,5.52
02-06-2019,1.45,0.59,13.66,2.89,12.26,14.24,3.45
03-06-2019,1.75,0.97,8.62,2.82,2.78,14.47,5.38
04-06-2019,1.52,1.08,16.91,2.86,4.6,13.79,3.15
05-06-2019,1.27,1.62,20.62,2.88,4.29,10.66,2.73
06-06-2019,1.57,1.05,23.94,2.84,5.41,7.56,3.97
07-06-2019,1.49,3.29,18.06,3.17,6.24,8.13,4.47
08-06-2019,1.16,2.9,25.47,2.79,10.11,8.94,3.77
09-06-2019,0.77,0.65,39.35,2.77,4.54,7.31,4.87
10-06-2019,0.65,0.53,34.84,2.78,3.12,8.57,4.61
11-06-2019,0.8,0.81,31.38,2.8,5.28,8.71,2.6
12-06-2019,1.09,1.3,14.48,2.74,1.13,8.03,2.9
13-06-2019,1.65,1.43,17.35,2.96,0.94,8.65,1.68
14-06-2019,5.73,0.97,21.47,3.3,0.86,10.15,1.35
15-06-2019,7.15,0.37,27.52,5.38,1.3,9.91,1.46
16-06-2019,3.2,0.3,12.14,2.85,1.19,6.98,1.79
17-06-2019,2.92,1.6,15.55,2.24,1.78,6.89,2.37
18-06-2019,2.34,1.08,22.32,2.26,1.91,7.32,2.74
19-06-2019,2.69,0.47,24.24,2.31,0.91,7.98,2.55
20-06-2019,1.97,2.82,12.68,1.76,1.45,7.44,2.6
21-06-2019,2.5,2.24,24.07,3.76,5.71,6.36,2.65
22-06-2019,1.94,1.22,23.59,4.04,3.9,6.55,3.02
23-06-2019,2.26,1.26,9.57,1.06,4.58,7.03,3.3
24-06-2019,2.76,1.38,11.28,1.89,7.41,6.41,2.77
25-06-2019,2.46,3.05,20.21,2.8,8.92,5.89,3.33
26-06-2019,3.01,2.99,21.37,7.18,3.19,6.97,3.99
27-06-2019,1.93,3.69,22.59,4.87,0.84,5.47,3.22
28-06-2019,1.58,0.78,20.4,7.82,0.7,6.3,2.55
29-06-2019,1.39,0.89,20.25,9.01,1,6.85,2.65
30-06-2019,1.15,0.79,22.73,2.67,2.43,6.68,2.41
01-07-2019,1.36,1.61,17.02,1.81,1.89,8.88,3.03
02-07-2019,1.33,1.17,18.29,8.79,1.12,8.77,2.83
03-07-2019,1.52,0.2,9.86,3.79,2.06,7.85,3.74
04-07-2019,1.73,0.54,22.07,2.62,1.19,7.66,3.76
05-07-2019,1.6,0.51,24.95,1.47,1.58,8.08,3.94
06-07-2019,1.65,0.22,15.95,2.82,1.44,7.53,4.72
07-07-2019,1.36,0,13.47,4.37,1.88,6.15,3.88
08-07-2019,1.42,0.31,16.39,4.01,0.28,6.89,2.63
09-07-2019,1.66,1.79,18.86,6.97,0.47,7.24,2.84
10-07-2019,1.34,1.48,16.29,1.43,0.23,5.2,2.36
11-07-2019,2.06,3.61,20.77,1.95,0.79,3.8,2.71
12-07-2019,1.82,0.98,18.57,7.05,2.87,6.62,2.53
13-07-2019,1.35,1.54,18.59,24.28,1.27,5.52,2.7
14-07-2019,1.24,0.29,14.1,11.9,3.49,4.73,3.32
15-07-2019,1.68,1,18.94,1.39,3.24,5.49,3.37
16-07-2019,1.76,2,20.07,1.61,4.44,7.82,1.67
17-07-2019,2.44,4.55,22.46,0.5,1.91,7.78,1.63
18-07-2019,2.87,3.21,22.82,0.88,3.64,7.08,2.87
19-07-2019,1.76,2.38,32,1.31,6.11,7.51,1.89
20-07-2019,1.14,1.12,26.17,4.04,3.96,6.97,1.73
21-07-2019,1.03,0.43,27.75,1.74,2.23,6.16,1.62
22-07-2019,1.11,0.21,29.07,4.23,3.31,6.47,1.69
23-07-2019,1.38,0.88,32.72,3.2,1.56,6.18,1.72
24-07-2019,1.19,2.08,27.06,1.28,2.22,4.59,2.19
25-07-2019,1.6,2.14,17.02,1.82,1.72,4.19,1.44
26-07-2019,1.34,4.17,22.74,0.71,1.64,6.5,2.35
27-07-2019,1.36,4.92,20.94,1.09,0.66,6.23,3.76
28-07-2019,1.21,1.26,13.8,0.74,0.66,5.69,3.41
29-07-2019,1.24,1.07,15.9,1.9,0.53,6.41,2.31
30-07-2019,1.47,1.55,20.2,2.01,0.55,6.94,3.25
31-07-2019,1.6,0.72,18.71,9.43,1.16,6.3,3.81
01-08-2019,1.34,2.37,17.74,4.21,0.58,7.14,3.28
02-08-2019,1.39,4.25,24.9,3.88,0.39,7.75,3.12
03-08-2019,1.24,1.72,28.18,3.28,0.7,8.22,2.28
04-08-2019,0.99,2.77,21.93,3.44,0.98,6.69,3.13
05-08-2019,1.54,3.29,23.36,1.44,0.6,8.69,4.03
06-08-2019,1.36,4.53,24.25,1.8,0.67,8.53,3.18
07-08-2019,1.43,2.7,29.46,1.29,0.62,8.6,4.75
08-08-2019,2.23,1.2,21.05,1.85,1.06,8.05,3.93
09-08-2019,0.93,1.16,15.54,2.86,1.26,7.72,2.85
10-08-2019,1.21,1.14,10.3,4.12,0.54,7.2,2.41
11-08-2019,1.28,0.68,13.1,5.35,0.7,7.49,2.83
12-08-2019,2.22,0.93,15.92,6.64,3.69,5.88,2.65
13-08-2019,2.17,2.27,18.61,3.04,4.22,7.34,3.26
14-08-2019,1.54,1.75,21.44,2.94,2.95,7.22,4.43
15-08-2019,1.6,1.53,16.34,2.86,0.97,6.89,3.26
16-08-2019,1.94,2.11,10.43,2.56,0.98,7.27,3.33
17-08-2019,2.03,5.53,10.25,2.23,2.3,8.63,3.66
18-08-2019,2.04,3.66,16.91,0.8,7.67,8.35,2.73
19-08-2019,2.37,3.9,28.61,0.51,6.69,8.68,2.91
20-08-2019,2.63,3.84,24.96,0.8,5.56,9.54,2.96
21-08-2019,1.87,3.93,23.43,0.97,2.94,8.94,2.62
22-08-2019,1.87,5.62,29.02,1.5,2.03,10.1,3.25
23-08-2019,1.93,1.49,32.01,5.82,2.99,7.27,2.84
24-08-2019,1.65,0.11,36.48,8.73,1.95,7.77,2.88
25-08-2019,1.43,0.04,18.44,10.45,1.21,7.54,3.17
26-08-2019,2.42,0.16,23.2,5.98,1.37,8.94,3.68
27-08-2019,2.14,0.45,29.66,6.2,1.43,8.18,4.15
28-08-2019,2.15,0.68,23.75,5.32,1.82,7.58,3.99
29-08-2019,1.98,1.51,15.84,5.75,3.5,8.92,3.64
30-08-2019,1.61,0.86,18.03,4.13,2.77,9.12,3.19
31-08-2019,1.53,1.96,26.9,6.86,1.27,7.4,2.41
01-09-2019,1.22,3.94,20.82,7.79,0.48,6,4.85
02-09-2019,1.05,2.1,21.64,9.25,1.44,11.83,3.27
03-09-2019,2.49,4.15,25.4,7.71,0.89,8.19,3.68
04-09-2019,1.59,4.26,26.31,6.56,0.42,7.85,4.06
05-09-2019,3.76,2.64,20.2,8.4,0.72,8.04,3.67
06-09-2019,2.71,2.33,21.71,4.39,0.67,7.48,4.79
07-09-2019,1.65,2.4,19.25,3.53,0.56,6.82,4.66
08-09-2019,1.27,1.83,18.52,4.24,0.42,5.88,4.43
09-09-2019,1.7,2.56,23.34,6.47,0.6,6.95,5.55
10-09-2019,1.91,1.12,27.18,5.48,0.6,10.05,4.91
11-09-2019,1.57,2.42,27.98,6.9,0.56,56.73,3.57
12-09-2019,1.41,1.8,17.13,5.63,1.1,67.03,2.85
13-09-2019,1.7,1.38,16.47,5.11,0.8,65.43,3.08
14-09-2019,1.3,1.42,15.16,4.34,1.36,70.06,3.08
15-09-2019,1.19,0.77,14.92,4.09,3.81,34.79,4.72
16-09-2019,1.59,1.96,26.03,8.04,3.66,38.51,4.29
17-09-2019,2.16,2.57,24.58,13.47,1.81,34.08,3.52
18-09-2019,1.84,3.03,15.45,5.12,9.42,37.23,4.3
19-09-2019,1.18,4.65,15.18,7.47,3.75,42.96,3.73
20-09-2019,1.15,28.03,22.21,5.77,2.62,36.85,3.03
21-09-2019,1.44,3.62,22.37,5.95,3.56,40.05,3.79
22-09-2019,2.16,8.64,17.61,11.33,2.71,34.17,3.39
23-09-2019,3.26,5,18.72,12.94,5.65,41.13,3.85
24-09-2019,2.32,2.05,21.11,8.71,4.74,32.54,3.7
25-09-2019,1.52,0.39,18.14,6.41,3,0,4.53
26-09-2019,1.4,1.9,20.57,3.61,3.08,0,4.06
27-09-2019,2.63,0.96,18.35,2.6,2.6,0,3.08
28-09-2019,2.05,1.11,19.97,1.95,2.75,0,3.24
29-09-2019,1.54,0.99,12.63,4.41,4,0,5.02
30-09-2019,1.56,0.56,15.92,2.11,5.04,0,9.83
01-10-2019,2.21,1.05,18.36,1.92,5.99,0,19.09
02-10-2019,2.45,0.44,15.7,5.85,4.63,0,21.62
03-10-2019,3.1,0.63,25.96,7.95,2.89,0,16.98
04-10-2019,3.52,1.3,25.91,10.99,6.54,0,5.94
05-10-2019,4.65,0.45,20.58,9.44,7.62,0,7.3
06-10-2019,4.14,0.1,22.98,7.76,7.8,0,7.77
07-10-2019,3.96,0.08,18.65,10.32,9.86,0,9.46
08-10-2019,2.45,0,15.02,10.98,7.42,0,9.87
09-10-2019,3.57,0.9,30.69,10.33,4.98,0,10.12
10-10-2019,3.94,0.73,36.66,6.89,5.37,0,8.88
11-10-2019,3.77,0.56,32.36,19.01,5.88,0,8.81
12-10-2019,2.56,0.74,35.04,14.36,5.53,0,10.71
13-10-2019,2,0.66,38.96,13.9,5.24,0,9.37
14-10-2019,2.81,0.5,37.89,15.69,7.84,0,8.91
15-10-2019,3.37,0.48,49.36,8.25,9.26,0,12.35
16-10-2019,3.51,0.19,36.51,7.59,10.73,0,10.35
17-10-2019,3.46,0.08,30.79,7.41,9.73,123.36,14
18-10-2019,3.1,0.86,22.11,9.42,4.38,82.66,7.93
19-10-2019,3.71,0.29,33.23,10.88,5.73,56.29,7.89
20-10-2019,2.5,0.09,30.72,19.35,4,42.41,8.73
21-10-2019,4.19,0.52,28.7,14.89,5.31,31.7,10.53
22-10-2019,3.22,0.22,28.98,11.82,8.65,31.21,17.47
23-10-2019,2.21,0.04,34.29,15,5.21,50.96,25.1
24-10-2019,1.75,0.91,50.88,6.22,2.99,52.85,14.02
25-10-2019,1.4,0.13,35.92,7.25,3.23,45.26,10.11
26-10-2019,1.31,0.82,38.81,6.56,3.21,36.59,7.69
27-10-2019,1.86,3.84,30.4,8.51,2.49,29.44,11.86
28-10-2019,2.43,1.8,20.55,5.94,3.3,46.61,12.37
29-10-2019,2.32,0.65,37.17,4.56,5.9,53.86,17.85
30-10-2019,2.12,2.9,49.5,9.87,5,69.14,12.42
31-10-2019,1.93,5.87,60.46,10.91,3.23,50.15,11.69
01-11-2019,1.64,3.64,55.43,43.06,2.65,43.35,10.87
02-11-2019,2.01,2.74,35.45,25.82,3.38,39.51,6.87
03-11-2019,2.58,1.94,33.78,16.76,3.9,28.82,6.83
04-11-2019,3.59,1.45,29.56,12.67,6.44,22.54,8.75
05-11-2019,4.33,3.13,28.54,10.78,6.2,29.16,12.15
06-11-2019,3.25,3.11,30.45,12.67,9.49,26.35,12.45
07-11-2019,5.31,2.62,37.6,19.53,5.76,37.79,9.56
08-11-2019,4.44,3.05,47.09,22.45,6.51,48.66,9.3
09-11-2019,4,2.56,33.86,10.3,6,38.1,8.47
10-11-2019,3.12,2.57,29.59,7.92,4.98,31.14,8.37
11-11-2019,1.86,3.77,39.67,13.19,6.35,21.75,9.69
12-11-2019,1.39,7.07,44.03,8.32,5.76,31.95,10.37
13-11-2019,2.02,3.21,52.12,12.39,8.01,41.17,12.16
14-11-2019,2.17,0.89,65.31,17.08,18.87,43.06,13.23
15-11-2019,2.54,3.31,48.7,8.91,17.02,32.12,7.85
16-11-2019,2.24,1.68,30.34,14.22,25.61,24.78,9.87
17-11-2019,1.81,1.45,16.76,6.67,30.21,14.66,7.5
18-11-2019,2.18,1.55,20.7,4.26,30.77,16.85,8.52
19-11-2019,2.12,4.26,31.85,9.54,30.64,21.14,11.49
20-11-2019,2.49,1.14,45.92,9.99,19.66,21.41,15.26
21-11-2019,2.93,1.11,71.87,10.2,13.84,8.08,33.55
22-11-2019,2.2,1.01,56.68,8.68,16.56,7.38,12.99
23-11-2019,1.8,1.71,33.82,8,25.89,5.79,9.77
24-11-2019,0.85,0.12,20.71,15.34,21.64,4.23,12.25
25-11-2019,3.63,0.25,31.46,9.12,12.21,7.7,6.3
26-11-2019,34.24,0.48,38.41,17.15,10.41,7.38,10.08
27-11-2019,37.66,0.29,28.31,4.98,17.32,7.67,9.97
28-11-2019,29.42,0.34,20.27,3.6,17.04,8.32,8.37
29-11-2019,40.69,0.13,27.84,7.01,9.39,19.04,8.17
30-11-2019,38.94,0.16,30.82,6.55,14.28,6.95,5.66
01-12-2019,42.98,0.05,23.24,2.66,24.32,5.53,5.81
02-12-2019,38.23,0,26.64,6.32,10.22,7.3,8.84
03-12-2019,44.55,0.08,31.72,4.06,7.89,7.18,14.02
04-12-2019,35.35,0.06,42.84,6.71,10.15,9.22,16.74
05-12-2019,37.71,0.06,71.69,10.32,18.28,10.62,12.27
06-12-2019,36.06,0.09,57.33,8.45,23.71,10.52,11.11
07-12-2019,36.31,0.18,47.68,17.34,12.27,7.93,11.76
08-12-2019,34.84,0.08,58.12,9.84,14.6,6.7,12.47
09-12-2019,35.33,0.04,45.83,10.27,8.23,8.62,13.18
10-12-2019,34.67,0.08,50.04,13.65,21.08,8.41,15.38
11-12-2019,27.87,0.05,69.03,13.67,12.16,9.08,18.84
12-12-2019,37.62,0.04,38.83,6.27,11.47,7.4,9.65
13-12-2019,33.42,0.63,16.19,1.55,6.4,4.69,8
14-12-2019,32.96,0.12,25.36,4.98,5.69,6.15,7.57
15-12-2019,31.51,0.06,21.24,3.93,3.42,6.44,7.4
16-12-2019,31.67,0.11,12.91,6.84,4.9,4.87,6.3
17-12-2019,32.27,0.07,14.12,4.62,9.42,4.89,14.88
18-12-2019,28.05,0.07,22.85,5.72,12.35,7.68,23.62
19-12-2019,27.12,0.03,34.52,7.28,5.65,7.4,18.13
20-12-2019,29.36,0.14,39.35,18.78,9.52,7.61,20.36
21-12-2019,31.23,0.14,30.95,28.7,6.8,7.54,18.74
22-12-2019,35.14,0.04,17.14,10.19,5.17,10.59,15.1
23-12-2019,40,0.2,23.78,9.99,6.71,8.66,23.8
24-12-2019,40.29,0.71,38.29,7.71,3.59,8.3,16.13
25-12-2019,12.55,0.75,22.52,9.08,2.35,1.49,19.06
26-12-2019,21.3,0.75,22.5,7.15,3.18,1.24,22.43
27-12-2019,41.25,0.54,32.86,8.64,3.52,1.02,23.82
28-12-2019,44.93,0.03,39.22,22.44,5.07,0.98,22.56
29-12-2019,23.56,0.03,33,12.94,4.6,0.87,24.67
30-12-2019,24.96,0,47.12,10.92,1.69,1.38,23.31
31-12-2019,27.59,0,38.4,35.48,1.91,1.74,15.8
01-01-2020,36.19,0.09,60.79,44.56,1.15,2.17,15.86
02-01-2020,34.36,0.05,73.11,34.33,1.55,3.16,16.51
03-01-2020,29.06,1.3,66.8,5.49,1.42,2.37,19.94
04-01-2020,35.36,0.11,48.18,11.06,2.84,1.24,23.9
05-01-2020,39.99,0,28.9,15.93,3.64,0.82,37.11
06-01-2020,5.39,0.07,31.1,27.11,2.94,1.15,19.35
07-01-2020,16.53,0.03,24.51,14.9,1.46,1.34,10.01
08-01-2020,15.86,0.03,22.67,8.51,1.32,1.47,10.53
09-01-2020,15.04,0,15.34,4.32,3.57,0.93,10.59
10-01-2020,16.79,0,24.75,8.41,4.03,0.86,12.28
11-01-2020,16.36,0.03,28.3,26.69,4.92,0.89,19.23
12-01-2020,16.7,0.03,39.19,44.71,3.21,0.94,21.63
13-01-2020,19.3,0.03,34.26,10.6,6.51,1.11,16.76
14-01-2020,19.47,0.06,23.78,17.73,2.26,1.25,9.08
15-01-2020,12.19,0.03,30.02,29.09,1.55,1.32,11.55
16-01-2020,1.15,0,30.42,4.61,1.26,1.42,5.98
17-01-2020,2.73,0.02,24.4,8.56,2.44,1.99,5.02
18-01-2020,1.65,0.11,29.24,16.62,1.61,4.42,4.6
19-01-2020,1.05,0.03,13.77,11.51,0.77,11.35,3.36
20-01-2020,1.37,0,19.39,6.93,0.99,8.97,4.75
21-01-2020,1.34,0.04,39.27,17.24,1.4,8.62,4.32
22-01-2020,1.31,0.03,36.98,16.38,1.29,7.86,4.42
23-01-2020,1.4,0,14.04,7.05,2.8,6.5,4.39
24-01-2020,1.55,0,15.38,10.72,3.09,5.48,5.85
25-01-2020,1.61,0,26.36,8.78,3.1,6.9,8.85
26-01-2020,1.37,0.03,33.9,8.45,2.77,7.2,10.65
27-01-2020,1.47,0.06,36.87,16.88,2.18,8.17,6.01
28-01-2020,1.34,0.03,18.44,8.33,2.23,8.6,9.56
29-01-2020,1.8,0.04,20.67,2.52,3.83,10.04,3.87
30-01-2020,2.12,0,19.83,3.06,2.88,9.71,5.08
31-01-2020,4.32,0,22.19,8.33,1.26,7.22,6.49
01-02-2020,2.24,0,26.67,5.1,0.64,7.65,8.18
02-02-2020,1.6,0,18.46,4.68,0.54,6.35,7.03
03-02-2020,1.64,0,27.09,8.32,0.92,6.95,8.53
04-02-2020,4.12,0,47.2,11.28,0.72,7.31,7.66
05-02-2020,4.91,0,27.58,4.78,0.77,7.8,6.24
06-02-2020,1.47,0.04,22.63,4,0.8,6.6,6.82
07-02-2020,2.81,0,31.93,3.8,0.42,7.7,6.22
08-02-2020,3.37,0.08,18.69,3.91,1.04,9.31,5.36
09-02-2020,1.56,0,17.47,5.77,1.5,7.46,8.29
10-02-2020,1.89,0,26.69,3.42,1.07,9.49,12.48
11-02-2020,2.29,0,40.82,5.13,0.9,8.46,8.73
12-02-2020,2.7,0,24.48,3.03,4.37,9.02,5.46
13-02-2020,1.72,0.04,16.55,2.65,9.64,12.38,14.1
14-02-2020,1.69,0.05,12.11,1.35,31.35,13.6,6.06
15-02-2020,1.54,0,17.62,4.54,29.6,8.9,12.24
16-02-2020,1.05,0.05,23.71,5.7,16.12,10.59,21.23
17-02-2020,1.4,0.02,30.58,3.32,11.19,14.05,23.25
18-02-2020,1.09,0.1,21.19,4.13,11.44,7.22,25.31
19-02-2020,1.14,0.12,37.24,6.89,8.41,6.95,26.38
20-02-2020,2.64,0.05,11.89,1.14,4.52,7.46,6.53
21-02-2020,1.1,0.08,20.21,0.72,4.01,9.37,4.25
22-02-2020,1,0,23.92,2.22,4.77,3.17,5.63
23-02-2020,1,0,27.78,27.51,3.62,0.44,4.81
24-02-2020,1.2,0,20.9,22.46,3.43,2.89,5.64
25-02-2020,1.4,0,18.7,7.69,4.73,7.5,7.5
26-02-2020,1.15,0,31.45,3.97,11.94,8.77,6.61
27-02-2020,0.92,0,22.27,9.79,10.68,9.32,8.87
28-02-2020,0.88,0,11.61,19.47,11.92,11.6,6.26
29-02-2020,1.01,0.02,15.56,23.41,8.26,9.36,3.84
01-03-2020,0.79,0.05,22.27,26.37,6.89,11.2,2.4
02-03-2020,1.36,0.07,37.92,28.9,9.2,8.53,3.57
03-03-2020,1.76,0.08,39.09,26.69,5.63,9.24,4.33
04-03-2020,1.53,0.11,28.32,41.16,8.69,6.29,7.92
05-03-2020,1.21,0.21,16.39,13.22,24.47,6.49,15.81
06-03-2020,1.85,0,14.94,7.12,7.51,3.68,22.56
07-03-2020,1.14,0,21.14,9.43,10.62,2.21,18.05
08-03-2020,1.11,0,35.85,12.44,6.78,4.45,24.02
09-03-2020,0.96,0.24,17.48,26.48,15.93,4.32,29.55
10-03-2020,1.53,0,15.58,17.98,7.31,5.04,26.55
11-03-2020,1.43,0,12.04,15.86,10.04,4.55,28.13
12-03-2020,1.15,0.03,19.69,11.01,17.29,7.75,24.66
13-03-2020,1.17,0,24.39,4.4,8.79,7.12,23.23
14-03-2020,3.09,0,17.98,13.23,11.43,6.75,21.62
15-03-2020,3.2,0,23.4,3.06,12.18,5.19,22.25
16-03-2020,2.81,0,20.26,13.42,9.98,5.2,27.14
17-03-2020,3.4,0,20.92,10.18,11.57,6.86,27.97
18-03-2020,3.03,0,28.9,23.57,7.24,5.5,30.98
19-03-2020,2.03,0,33.51,28.32,21.63,6.36,31.36
20-03-2020,1.98,0,36.83,54.62,10.16,6.31,24.59
21-03-2020,1.68,0.15,33.82,27.41,14.85,6.62,24.55
22-03-2020,1.48,0.61,21.43,8.55,22.98,6.97,24.92
23-03-2020,1.47,0.42,16.08,5.31,7.73,4.62,24.24
24-03-2020,0.95,0.36,16.24,9.06,5.44,5.41,29.42
25-03-2020,0.47,0.21,13.62,9.04,4.75,5.5,27.84
26-03-2020,0.38,0.16,8.88,2.53,7.17,5.14,16.93
27-03-2020,0.37,0.09,9.17,1.02,2.1,4.96,27.62
28-03-2020,1.15,0,9.76,2.84,2.93,3.88,27.32
29-03-2020,1.48,0,8.31,2.8,3.87,3.94,22.29
30-03-2020,0.88,0,9,3.01,5.76,3.92,22.78
31-03-2020,0.43,0,8.98,4.59,6.36,4.64,23.68
01-04-2020,0.46,0,9.17,4.31,8.69,5.29,23.03
02-04-2020,0.52,0.02,7.85,2.2,6.22,5.42,17.7
03-04-2020,0.46,0,8.6,3.83,7.82,4.42,18.28
04-04-2020,1,0,9.64,4.79,9.39,3.72,22.84
05-04-2020,2.53,0,12.38,5.93,4.52,3.41,23
06-04-2020,11.08,0,12.8,3.69,10.42,3.54,18.76
07-04-2020,7.2,0,9.13,4.49,5.02,4.09,20.76
08-04-2020,6.3,0,8.24,7.4,5.92,3.95,11.44
09-04-2020,5.16,0,7.52,3.18,15.08,4.2,7.87
10-04-2020,7.31,0,11.45,3.47,5.01,4.19,12.65
11-04-2020,8.55,0,11.18,8.59,7.4,4.52,10.05
12-04-2020,9.9,0,6.87,7.26,7.91,4.55,7.24
13-04-2020,17.99,0,9.62,11.96,2.5,3.88,13.81
14-04-2020,11.75,0,13.12,12.04,5.53,3.92,10.71
15-04-2020,8.98,0,11.89,10.94,4.23,3.56,12.14
16-04-2020,9.63,0,13.75,12.65,3.58,3.48,8.02
17-04-2020,9.27,0,7.79,17.28,4.45,3.64,8.87
18-04-2020,3.7,0,7.55,12.74,4.21,3.48,9.46
19-04-2020,2.29,0,9.46,10.89,8.07,3.85,6.65
20-04-2020,2.23,0.01,15.52,6.37,8.43,3.6,7.01
21-04-2020,2.26,0,8.92,3.63,9,3.37,7.39
22-04-2020,2.56,0,13.9,6.74,5.18,3.59,0.63
23-04-2020,2.59,0,17.19,9.93,13.7,4,0.44
24-04-2020,3.18,0,13.43,8.29,4.25,4.11,0.89
25-04-2020,4.3,0,8.55,6.71,12.8,3.65,0.18
26-04-2020,1.68,0,8.42,2.83,7.86,3.4,0.77
27-04-2020,2.14,0,6.39,3.53,9.49,3.22,0.3
28-04-2020,1.66,0,8.3,4.21,3.39,3.05,0.44
29-04-2020,1.36,0.03,13.02,2.69,4.17,1.24,0.26
30-04-2020,1.36,0,9.27,6.18,4.26,1.82,0.54
01-05-2020,1.93,0,11.92,3.2,7.93,1.67,0.65
02-05-2020,1.52,0,6.42,4.17,2.39,1.58,0.38
03-05-2020,1.47,0,7.51,3.08,14.96,1.83,0.35
04-05-2020,1.19,0,9.98,7.3,3.59,1.32,0.36
05-05-2020,1.18,0,14.92,6.62,8.28,1.91,0.61
06-05-2020,1.51,0,13.31,7.05,4.45,3.61,1.09
07-05-2020,0.99,0.01,10.18,6.08,4.84,4.51,1.6
08-05-2020,1.2,0,13.41,7.47,7.36,3.8,1.22
09-05-2020,0.85,0.05,11.66,6.69,8.87,4.34,0.93
10-05-2020,1.48,0,9.23,8.22,11.25,3.4,0.63
11-05-2020,1.46,0,10.63,7.35,22.77,3.04,0.52
12-05-2020,1.61,0,12.68,8.02,8.21,5.86,1.04
13-05-2020,4.51,0,14.78,9.22,6.06,6.89,1
14-05-2020,2.55,0.01,14.93,13.09,7.08,5.61,0.56
15-05-2020,1.57,0,12.6,23.79,9.9,2.76,1.48
16-05-2020,1.16,0,11.64,14.31,12.68,4.45,2.26
17-05-2020,1.14,0,15.58,20.64,19.15,20.34,3.51
18-05-2020,1.13,0,17.66,21.28,10.28,5.96,3
19-05-2020,1.69,0.02,23.02,23.22,19.63,5.44,5.97
20-05-2020,1.53,0,15.99,11.58,20.02,4.06,1.84
21-05-2020,1.81,0.01,15.2,11.85,18.13,5.33,5.08
22-05-2020,1.47,0,26.42,18.42,39.42,5.31,8.34
23-05-2020,1.26,0.11,28.72,7.08,29.38,4.6,1.92
24-05-2020,1.79,0,15.43,7.7,14.76,3.8,2
25-05-2020,1.49,0.01,13.82,12.59,5.27,7.12,1.86
26-05-2020,1.95,0.51,24.05,15,5.63,8.87,1.67
27-05-2020,1.54,0.03,16.71,9.28,10.52,13.26,2.01
28-05-2020,1.83,0,7.56,1.37,12.88,7.57,1.31
29-05-2020,2.18,0,10.48,12.08,4.94,5.97,0.88
30-05-2020,1.96,0,7.61,0.9,6.51,2.38,0.79
31-05-2020,2.14,0,9.05,0.78,6.34,2.71,0.74
01-06-2020,2.56,0.07,16.96,1.6,11.28,3.32,1.42
02-06-2020,2.72,0.02,21.26,2.03,6.05,5.41,1.86
03-06-2020,2.76,0.08,20.14,4.75,4.81,5,2.13
04-06-2020,2.74,0.02,29.63,2.49,1.75,4.83,2.61
05-06-2020,1.77,0.1,18.02,2.23,2.81,4.18,1.52
06-06-2020,2.39,0,11.45,4.01,4.03,8.54,1.95
07-06-2020,2.63,0.02,17.23,4.85,6.41,6.79,1.39
08-06-2020,2.66,0.13,20.22,24.48,4.84,3.41,1.53
09-06-2020,2.57,0.02,27.6,13.57,5.52,4.24,0.61
10-06-2020,1.82,0,24.61,6.94,8.26,2.85,0.8
11-06-2020,2.25,0,22.43,4.57,8.63,1.81,0.76
12-06-2020,2.54,0,19.86,5.01,3.5,1.82,1.27
13-06-2020,2.3,0.02,17.4,6.68,1.65,1.49,2.02
14-06-2020,2.29,0,23.32,4.8,3.14,1.1,1.32
15-06-2020,2.25,0.05,16.58,11.6,2.91,1.65,1.15
16-06-2020,2.06,0,19.29,5.56,3.21,1.62,2.02
17-06-2020,2.64,0,14.6,7.39,1.66,3.45,0.79
18-06-2020,0.88,0.01,12.01,8.58,1.48,3.16,1.96
19-06-2020,0.94,0.02,14.04,6.18,4.58,4.28,0.36
20-06-2020,1.32,0,14.47,5.19,4.44,6.39,0.36
21-06-2020,1.55,0,17.57,3.9,6.62,2.14,0.35
22-06-2020,1.66,0.04,18.47,6.21,4.15,4.13,0.79
23-06-2020,1.6,0.07,12.99,9.41,7.24,3.48,0.63
24-06-2020,1.48,0,12.13,9.17,6.44,3.5,1.21
25-06-2020,1.52,0.05,19.18,15.01,8.52,4.68,1.58
26-06-2020,1.43,0.04,23.31,12.49,4.55,3.84,1.71
27-06-2020,1.18,0.07,19.99,24.19,6.72,3.07,0.59
28-06-2020,0.94,0,25.13,13.78,6.48,2.9,0.39
29-06-2020,1.17,0.01,23.8,11.58,10.83,4.91,0.47
30-06-2020,0.86,0.16,16.37,7.49,13.07,8.59,1.48
01-07-2020,0.65,0,23.57,2.62,16.51,5.5,0.46
