Date,Bengaluru,Chennai,Delhi,Lucknow,Mumbai,Hyderabad,Patna,Visakhapatnam,Jaipur
09-01-2018,3.33,0.74,5.31,2.84,0,2.65,0.7,2.45,6.47
10-01-2018,0,1.95,3.26,2.92,0,2.98,0.56,4.17,6.07
11-01-2018,0,1.25,3.27,2.17,0,4.21,0.58,6.32,4.64
12-01-2018,0,1.67,4.23,1.12,0,4.04,0.53,5.62,3.82
13-01-2018,0,3.58,7.62,1.53,0,4.4,0.64,4.21,4.92
14-01-2018,0,0.94,4.3,1.46,0,3.82,0.68,5.08,3.07
15-01-2018,0,1.03,3.26,2.47,0,2.18,0.52,4.12,2.61
16-01-2018,0,1.09,3.09,1.57,0,3.74,0.84,4.36,1.75
17-01-2018,0,1.93,4.22,2.08,0,2.99,0.83,4.37,1.02
18-01-2018,0,1.83,5.19,2.57,0,3.98,0.6,3.7,1.87
19-01-2018,0,1.71,5.47,6.83,0,3.88,0.9,3.83,1.38
20-01-2018,0,1.74,2.37,2.46,0,6.07,0.7,4.1,1.39
21-01-2018,0,2.21,2.74,1.27,0,3.53,0.63,3.84,1.73
22-01-2018,0,1.58,4.09,2.57,0,2.84,0.67,4.12,0.98
23-01-2018,0.08,1.48,2.68,4.4,0,2.48,0.73,4.89,1.13
24-01-2018,0.2,1.09,2.26,1.24,0,2.46,0.61,4.745,0.89
25-01-2018,0,1.57,2.22,1.75,0,4.31,0.35,4.6,2.07
26-01-2018,0,1.19,2.46,1.92,0,5.18,0.36,4.455,2.2
27-01-2018,0.04,1.2,2.29,2.15,0,4.7,0.45,4.31,2.08
28-01-2018,0,1.46,2.07,2.94,0,3.22,0.63,5.16,2.19
29-01-2018,0,1.72,2.18,3.37,0,2.79,0.65,5.9,1.74
30-01-2018,0,1.72,1.84,1.92,0,4.12,0.61,7.86,2.69
31-01-2018,0,1.33,1.72,1,0,5.96,0.62,7.66,1.66
01-02-2018,0,1.89,2.08,1.67,0,4.76,0.64,7.47,3.16
02-02-2018,0,1.39,1.72,2.88,0,5.81,0.67,8.43,1.48
03-02-2018,0,1.65,1.35,4.84,0,4.06,0.81,8.41,0.5
04-02-2018,0.01,0.86,1.44,0.76,0,2.54,0.6,7.49,0.67
05-02-2018,0,1.5,2.04,0.55,0,1.46,0.4,7.41,0.97
06-02-2018,0,1.27,1.74,0.56,0,4.55,0.35,8.28,0.71
07-02-2018,0,1.21,1.64,0.58,0,6.4,0.35,6.68,1.08
08-02-2018,0,1.02,3.21,0.49,0,2.62,0.35,7.01,1.01
09-02-2018,2.62,1.46,3.32,0.52,0,2.56,0.33,6.7,1.07
10-02-2018,1.74,1.06,6.94,0.86,0,2.59,0.33,7.64,1.49
11-02-2018,0.64,1.11,3.53,2.1,0,1.07,0.35,6.39,0.6
12-02-2018,0.47,1.06,0.8,0.68,0,0.76,0.36,4.18,0.58
13-02-2018,0.4,0.96,1.73,0.63,0,0.98,0.35,4.3,0.63
14-02-2018,0.3,1.29,1.02,0.23,0,1.98,0.35,4.17,0.47
15-02-2018,0.72,0.84,1.16,0.28,0,2.27,0.25,7.43,0.91
16-02-2018,0.88,0.5,1.52,0.31,0,2.14,0.35,5.91,0.85
17-02-2018,1.51,0.58,1.73,0.46,0,3.07,0.35,7.24,1.89
18-02-2018,0.94,0.3,2.15,0.64,0,2.55,0.39,4.92,0.68
19-02-2018,0.71,0.34,3.07,0.77,0,1.28,0.46,5.97,0.54
20-02-2018,0.56,0.71,3.34,0.61,0,1.18,0.42,6.56,1.3
21-02-2018,0.9,0.95,5.24,2.48,0,1.75,0.43,7.49,1.66
22-02-2018,0.87,1.17,4,1.87,0,1.9,0.5,7.24,2.06
23-02-2018,0.68,0.84,3.89,2.74,0,1.94,0.43,6.53,2.3
24-02-2018,0.18,0.55,2.85,1.79,0,1.25,0.49,11.15,2.28
25-02-2018,0.03,0.53,2.05,0.66,0,1.63,0.4,9.57,0.68
26-02-2018,0.41,0.41,1.09,0.23,0,2.74,0.38,6.75,0.61
27-02-2018,0.29,0.47,1.93,0.39,0,3.05,0.35,5.89,0.67
28-02-2018,0.63,0.9,2.47,0.62,0,4.03,0.35,6.03,1.03
01-03-2018,0.53,1.71,2.3,0.52,0,2.69,0.33,7.16,1.22
02-03-2018,0.63,1.11,3.01,0.42,0,2.04,0.33,5.59,0.75
03-03-2018,0.77,0.73,1.85,0.22,0,1.62,0.08,5,0.61
04-03-2018,0.5,0.56,1.63,0.52,0,1.64,0.13,4.86,0.57
05-03-2018,0.47,0.49,1.39,0.28,0,1.61,0.31,5.41,0.38
06-03-2018,0.4,0.62,1.26,0.17,0,1.33,0.29,6.14,0.54
07-03-2018,0.38,0.79,1.7,0.37,0,1.32,0.23,6.19,0.79
08-03-2018,0.35,0.99,6.59,1,0,1.72,0.35,3.14,0.79
09-03-2018,1.1,0.38,4.54,0.73,0,1.61,0.35,3.07,0.82
10-03-2018,0.41,0.46,1.36,0.37,0,1.88,0.35,6.26,0.92
11-03-2018,0.2,0.19,1.28,0.36,0,1.05,0.29,5.56,0.7
12-03-2018,0.03,0.64,1.29,0.52,0,1.13,0.35,5.77,0.83
13-03-2018,0.05,0.91,1.87,0.52,0,1.24,0.35,6.25,1.27
14-03-2018,0,1.01,2.85,2.22,0,1.72,0.39,6.55,0.57
15-03-2018,0.22,0.89,3.53,1.4,0,1.04,0.41,5.38,0.81
16-03-2018,0.03,1.02,4.14,0.4,0,1.8,0.35,5,1.04
17-03-2018,0.3,0.73,1.73,0.28,0,1.06,0.34,8.82,0.51
18-03-2018,0,0.97,0.93,0.18,0,0.81,0.34,6.68,0.71
19-03-2018,0.06,0.96,1.06,0.44,0,2.48,0.31,4.75,0.85
20-03-2018,0.26,1.06,3.19,0.44,0,1.17,0.35,4.24,0.44
21-03-2018,0.25,1.2,4.03,1.58,0,1.53,0.32,5.29,0.3
22-03-2018,0.71,1.17,1.92,0.91,0,2.13,0.41,5.31,0.35
23-03-2018,1.39,1.26,1.57,0.27,0,3.31,0.42,5.6,0.39
24-03-2018,0.23,1.01,2.36,0.28,0,2.93,0.33,4.19,0.47
25-03-2018,0,1.2,1.74,0.26,0,2.03,0.34,2.62,0.64
26-03-2018,0,1.31,2.64,0.32,0,1.76,0.33,4.26,1.41
27-03-2018,1.58,1.12,4.42,0.42,0,1.63,0.4,4.89,2.08
28-03-2018,0,0.85,6.14,1.61,0,1.38,0.5,4.26,0.71
29-03-2018,0,0.73,2.72,1.34,0,2.01,0.49,3.54,0.69
30-03-2018,0,1.72,3.12,0.69,0,1.5,0.35,3.7,0.59
31-03-2018,0,1.82,2.96,0,0,1.43,0.21,4.06,0.71
01-04-2018,0,0,2.97,0,0,0.94,0.28,4.42,1.17
02-04-2018,0,0.15,3.33,0,0,1.25,0.16,3.46,1.09
03-04-2018,0,0,3.22,0,0,1.65,0.35,3.05,0.81
04-04-2018,0,0.65,2.64,0.56,0,1.04,0.34,3.21,1.09
05-04-2018,0,0,4.62,0.59,0,1.33,0.29,3.52,0.83
06-04-2018,0,0.7,2.64,0.44,0,1.57,0.29,4.36,0.41
07-04-2018,0,1.17,1.43,0.05,0,1.28,0.22,4.42,0.77
08-04-2018,0,1.25,0.95,0,0,0.85,0.15,2.3,0.87
09-04-2018,0,1.09,2.34,0,0,1.24,0.29,4.77,0.49
10-04-2018,0,0.09,4.38,0,1.44,1.6,0.34,5.24,0.45
11-04-2018,0,0.16,4.24,0,0,1.19,0.32,4.99,0.75
12-04-2018,0,2.86,4.98,0,0,1.33,0.28,3.85,0.42
13-04-2018,0,0.21,1.6,0,0,1.08,0.35,5.39,0.29
14-04-2018,0,0,2.45,0,0,0.6,0.31,4.25,0.4
15-04-2018,0,0,3.68,0,0,0.86,0.35,3.34,0.35
16-04-2018,0.28,0.18,4.66,0,0,2.22,0.31,3.51,0.41
17-04-2018,0,1.44,3.36,0,1.87,1.18,0.34,5.94,0.35
18-04-2018,0,4.76,1.72,0,0.22,1.12,0.31,4.38,0.31
19-04-2018,0.91,2.53,2.44,0,0.26,1.57,0.35,3.85,0.45
20-04-2018,1.5,3.19,2.23,0,0.24,1.71,0.24,4.25,0.3
21-04-2018,1.87,2.45,1.13,0,0.24,2.21,0.2,4.52,0.18
22-04-2018,1.86,1.13,1.43,0,0.16,1.31,0.27,2.95,0.15
23-04-2018,1.72,1.63,1.83,0,0.08,0.62,0.13,6.28,0.32
24-04-2018,1.75,1.84,3.36,0,0,0.87,0.34,4.32,0.7
25-04-2018,2.7,3.28,6.04,0,0.09,0.72,0.4,5.55,0.75
26-04-2018,2.74,3.82,5.52,0,0.23,0.96,0.24,4.77,0.36
27-04-2018,1.71,2.05,2.86,0,0.22,1.35,0.12,3.83,0.46
28-04-2018,0.76,2.85,1.7,0,0.21,0.65,0.07,3.19,0.49
29-04-2018,0.85,0.73,1.87,0,0.2,0.89,0,3.36,0.61
30-04-2018,0.81,1.38,1.71,0,0.19,1.2,0.02,3.43,0.32
01-05-2018,0.12,0.71,1.18,0,0.18,1.47,0,3.07,0.48
02-05-2018,0.22,1.25,1.19,0,0.17,0.88,4.973333333,6.29,0.85
03-05-2018,0.23,1.49,0.94,0,0.16,0.79,9.946666667,6.87,0.77
04-05-2018,0.28,1.45,1.41,0,0.15,0.73,14.92,5.37,0.68
05-05-2018,0.28,1.55,2.46,0,0.14,0.6,11.59,3.87,0.92
06-05-2018,0.24,1.45,3.75,0,0.12,0.44,11.36,3.58,0.45
07-05-2018,0.53,1.3,3.61,0,0.29,0.68,12.34,4.06,0.42
08-05-2018,1.25,1.49,1.37,0,0.35,1.47,11.56,4.71,0.66
09-05-2018,0.77,1.64,1.93,0,0.44,1.09,7.43,4.35,0.33
10-05-2018,0.71,0.75,2.3,0,0.32,0.97,7.25,5.88,0.42
11-05-2018,0.82,0,4.4,0,0.44,1.14,7,3.45,1.53
12-05-2018,0.76,0.603333333,4.15,0,0.24,0.61,6.4,4.8,1.19
13-05-2018,0.72,1.206666667,1.31,0,0.62,0.65,5.91,3.64,0.99
14-05-2018,0.85,1.81,1.07,0,0.35,0.5,5.09,4.41,1.03
15-05-2018,0.83,1.31,1.85,0,0.5,0.53,6.18,5.43,0.89
16-05-2018,0.79,1.45,2.59,0,0.46,0.86,6.23,4.81,1.04
17-05-2018,0.7,1.45,1.84,0,0.49,1,5.94,4.39,0.95
18-05-2018,0.82,1.36,3.02,0,0.68,0.76,6.56,4.36,1.24
19-05-2018,0.99,1.46,5.23,0.06,0.5,1.16,6.31,4.6,1.14
20-05-2018,0.7,1.5,2.72,0,0.35,0.83,5.38,3.11,0.91
21-05-2018,0.98,1.46,3.04,0,0.63,1.05,7.1,5.31,1.08
22-05-2018,0.47,0.54,3.53,0,0.63,0.87,6.56,4.18,1.54
23-05-2018,0.52,0,5.79,0,0.38,1.31,6.51,4.17,2.27
24-05-2018,0.37,0.06,3.1,0,0.49,1.01,6.35,3.87,1.52
25-05-2018,0.28,0,4.03,0,0.64,1.22,7.07,3.06,3.22
26-05-2018,0.36,0.02,4.77,0,0.3,0.68,6.1,2.98,1.65
27-05-2018,0.17,0,3.73,0,0.26,1.04,5.59,3.12,0.98
28-05-2018,0.09,0,2.77,0,0.32,1.11,6.12,6.47,1.36
29-05-2018,0.1,0,3.88,0,0.34,1.06,6.16,3.86,0.88
30-05-2018,0.2,0.25,1.2,0,0.42,0.66,6.78,4.47,0.61
31-05-2018,0.47,0,1.88,0,0.34,0.66,6.53,3.19,1.24
01-06-2018,0.28,0,1.48,0,0.22,1.24,5.05,3.95,1.14
02-06-2018,0.43,0,1.51,0,0.47,1.26,5.49,4.28,1.05
03-06-2018,0.28,0.18,1.32,0,0.45,0.62,5.23,6.38,0.36
04-06-2018,0.11,0,2.13,0,0.67,0.74,5.56,3.46,0.87
05-06-2018,0.13,0,2.52,0,0.44,0.86,5.98,5.85,0.69
06-06-2018,0.11,0.32,2.71,0,0.42,1.04,5.83,5.24,0.54
07-06-2018,0.07,0.25,4.76,0,0.51,0.42,6.46,3.59,0.73
08-06-2018,0.05,0.11,2.56,0,0.63,0.44,5.39,6.67,0.93
09-06-2018,0.06,0,2.72,0,0.51,0.38,5.06,4.5,0.72
10-06-2018,0.01,0,2.67,0,0.27,0.27,4.42,4.06,0.52
11-06-2018,0.28,0,2.57,0,0.29,0.78,5.55,4.57,0.78
12-06-2018,1.11,0,2.26,0.49,0.37,0.9,5.79,5.37,0.49
13-06-2018,1.03,0,2.33,0.16,16.24,0.46,5.42,5.61,0.24
14-06-2018,0.59,0.08,2.25,2.87,0.43,0.38,5.79,4.68,0.29
15-06-2018,0.85,0.48,2.98,1.09,0.24,0.37,6.39,5.44,0.34
16-06-2018,1.22,0,3.36,0.61,0.71,0.26,5.37,4.84,0.26
17-06-2018,0.88,0,2.78,0.61,0.59,0.24,5.3,4.233333333,0.26
18-06-2018,0.78,0,2.82,0.64,1.04,0.26,6,3.626666667,0.39
19-06-2018,0.64,0,3.73,0.68,0.75,0.2,5.69,3.02,0.45
20-06-2018,0.57,0.01,4.51,0.86,0.51,0.25,4.87,4.66,0.44
21-06-2018,0.53,0,3.89,1.07,0.39,0.38,4.64,3.55,0.66
22-06-2018,0.53,0,4.69,1.03,0.63,0.94,4.495,4.28,0.73
23-06-2018,0.68,0.09,4.26,0.48,0.69,0.66,4.35,4.89,0.43
24-06-2018,0.3,0,2.66,0.26,0.51,0.26,3.88,3.35,0.39
25-06-2018,0.36,0,1.93,0.71,0.36,0.23,3.44,4.61,0.46
26-06-2018,0.34,0,1.81,0.61,0.39,0.24,2.1,5.53,0.59
27-06-2018,0.36,0,2.24,0.12,0.33,0.28,3.28,5.99,0.81
28-06-2018,0.5,0,1.65,0.04,0.66,0.32,2.57,4.77,0.53
29-06-2018,0.54,0,2.22,0.04,1.02,0.34,3.07,6.03,1.75
30-06-2018,0.88,0,2.3,0.04,0.62,0.48,3.5,4.69,0.48
01-07-2018,2.3,0,1.56,0.11,0.82,0.38,3.19,4.77,0.63
02-07-2018,0.64,0,0.98,0.17,0.55,0.43,2.78,3.84,0.74
03-07-2018,0.66,0,1.82,0.21,0.54,0.66,2.2,4.59,0.77
04-07-2018,0.58,0,1.88,0.03,0.27,1.11,1.91,4.95,0.69
05-07-2018,0.55,0.48,2.57,0.01,0.5,0.37,2.34,4.87,0.89
06-07-2018,0.52,1.4,2.31,0,0.41,1.08,3.21,5.05,0.87
07-07-2018,0.5,0.65,2.06,0.07,0.4,1.04,3.92,6.26,0.66
08-07-2018,0.51,0,2.31,0.08,0.56,0.78,4.23,4.77,0.74
09-07-2018,0.6,0,1.66,0.05,0.62,0.5,6.04,4.67,0.99
10-07-2018,0.51,0,1.07,0.06,0.74,0.37,3.11,4.23,0.83
11-07-2018,0.44,0,1.49,0.04,0.42,0.42,3.42,5.11,1.28
12-07-2018,0.44,0,1.49,0,0.5,0.36,3.14,5.31,1.18
13-07-2018,0.42,0,1.55,0.02,0.5,0.39,3.15,4.54,0.99
14-07-2018,0.49,0,1.81,0,1.25,0.68,3.05,5.02,0.51
15-07-2018,0.33,0,1.19,0,0.58,0.54,2.91,4.51,0.73
16-07-2018,0.45,0,1.61,0,0.46,0.52,2.98,4.64,1.16
17-07-2018,0.5,0,1.53,0.24,0.52,0.42,2.67,4.46,0.67
18-07-2018,0.58,0,1.48,0.36,0.67,0.8,2.97,4.07,0.56
19-07-2018,0.61,0,1.31,0.4,0.72,0.59,3.47,3.85,1.06
20-07-2018,0.49,0,1.87,0.35,0.71,0.88,3.32,5.45,1.16
21-07-2018,0.5,0,2.32,0.31,0.6,0.69,2.85,5.86,0.74
22-07-2018,0.36,0,1.28,0.26,0.74,0.55,2.36,4.88,0.38
23-07-2018,0.56,0,1.39,0.25,0.24,0.48,2.49,6.49,0.69
24-07-2018,0.56,0,1.5,0.24,0.51,0.44,2.64,6.29,0.67
25-07-2018,0.73,0,1.18,0.25,0.59,0.41,1.96,6.23,0.55
26-07-2018,0.61,0,1.26,0.24,0.57,0.43,2.35,5.61,0.54
27-07-2018,0.61,0,1.46,0.26,0.53,0.46,2.3,6.52,0.51
28-07-2018,0.38,0,1.36,0.27,0.39,0.51,2.6,4.71,0.43
29-07-2018,0.38,0,1.24,0.28,0.44,0.53,2,4.11,0.34
30-07-2018,0.66,0,1.08,0.28,0.67,0.73,1.88,8.42,0.41
31-07-2018,0.48,0,1.28,0.24,0.39,0.59,2.23,5.04,0.44
01-08-2018,0.55,0,1.38,0.18,0.44,0.71,1.9,6.09,0.35
02-08-2018,0.4,0,1.47,0.21,1.02,1.23,2.57,3.5,0.32
03-08-2018,1.27,0,1.4,0.25,0.32,1.59,2.63,4.36,0.31
04-08-2018,0.59,0,1.23,0.2,0.27,0.8,2.38,6.15,0.26
05-08-2018,0.4,0,1.08,0.15,0.3,0.78,2.74,4.59,0.28
06-08-2018,0.53,0,1.44,0.21,0.36,0.71,2.98,7.43,0.41
07-08-2018,0.47,0,1.55,0.18,0.42,0.54,3.23,5.1,0.71
08-08-2018,0.53,0,1.55,1.89,0.29,0.55,3.11,5.21,0.74
09-08-2018,0.56,0,1.37,0.19,0.19,1.04,2.71,4.69,0.62
10-08-2018,0.54,0,1.81,0.22,0.3,0.76,2.98,5.74,0.68
11-08-2018,0.62,0,1.28,0.32,0.31,0.65,3.4,4.96,0.41
12-08-2018,0.6,0,0.97,0.23,0.29,0.68,3.23,3.7,0.3
13-08-2018,0.45,0,1.11,0.23,0.39,0.43,3.45,6.28,0.4
14-08-2018,0.53,0.23,1.57,0.19,0.33,0.84,3.26,6.64,0.66
15-08-2018,0.46,0,1.41,0.12,0.31,0.65,2.87,6.45,0.5
16-08-2018,0.37,0,1.88,0.16,0.43,0.49,2.45,6.26,0.74
17-08-2018,0.41,0.2,1.88,0.14,0.34,0.39,2.63,4.41,0.53
18-08-2018,0.33,0,1.61,0.12,0.33,0.36,3.4,4.72,0.55
19-08-2018,0.35,0,1.63,0.1,0.33,0.76,3.11,6.97,0.67
20-08-2018,0.41,0,1.66,0.21,0.32,0.5,3.12,5.19,0.99
21-08-2018,0.44,0,1.09,0.12,0.33,0.44,2.59,3.55,0.93
22-08-2018,0.38,0,1.23,0.1,0.38,0.35,2.96,3.98,0.72
23-08-2018,0.43,0,1.16,0.08,0.28,0.62,2.92,3.8,0.43
24-08-2018,0.54,0,1.15,0.16,0.25,0.76,3.54,2.58,0.88
25-08-2018,0.5,0,1.19,1.79,0.28,0.74,3.34,6.61,0.91
26-08-2018,0.29,0,0.96,0.15,0.5,0.53,3.03,6.665,0.87
27-08-2018,0.43,0,1.31,0.13,0.47,0.81,3.15,6.72,1.1
28-08-2018,0.3,0,1.53,0.11,0.4,3.66,2.9,7.33,1.38
29-08-2018,0.48,0,1.6,0.1,0.29,0.87,2.38,5.92,1.06
30-08-2018,0.32,0,1.78,0.05,0.47,1.15,3.4,4.33,0.5
31-08-2018,0.33,0,1.47,0.1,0.35,1.46,3.47,7.65,0.41
01-09-2018,0.29,0,2.24,0.1,0.3,1.49,3.17,5.39,0.44
02-09-2018,0.27,0.02,1.95,0.09,0.41,1.16,2.68,4.63,0.43
03-09-2018,0.33,0.03,2.11,0.08,0.29,0.83,2.59,5.02,0.53
04-09-2018,0.97,0.03,2.89,0.1,0.39,1.35,2.71,4.49,0.6
05-09-2018,0.31,0,2.12,0.09,0.39,1.77,2.97,5.12,0.59
06-09-2018,0.31,0,2.19,0.1,0.28,1.66,3.32,5.14,0.58
07-09-2018,0.35,0,2.51,0.08,0.42,1.21,2.64,5.44,0.62
08-09-2018,0.18,0,1.84,0.07,0.37,0.5,2.7,4.66,0.6
09-09-2018,0.23,0,1.05,0.08,0.97,1.1,2.79,5.38,0.53
10-09-2018,0.36,0.03,1.29,0.09,1.3,2.14,2.06,4.87,0.72
11-09-2018,0.46,0.02,1.36,0.08,0.99,2.2,1.91,4.83,0.92
12-09-2018,0.39,0.05,1.44,0.05,0.77,1.91,1.83,5.24,0.59
13-09-2018,0.43,0,1.28,0.04,0.84,3.3,1.95,4.44,0.58
14-09-2018,0.43,0.11,1.44,0.08,1.04,2.82,2.28,6.18,0.64
15-09-2018,0.35,0.06,2.29,0.08,1.83,2.99,2.3,5.87,0.65
16-09-2018,0.42,0,1.78,0.06,1.53,3.04,2.47,5.55,0.55
17-09-2018,0.39,0.02,1.68,0.1,0.91,1.45,3.37,4.5,0.68
18-09-2018,0.41,0,1.71,0.1,0.79,1.45,2.8,5.4,0.68
19-09-2018,0.33,0.02,2.12,0.12,0.54,2.1,3.24,5.12,0.68
20-09-2018,1.01,0,2.75,0.14,0.84,1.48,3.72,5.25,0.7
21-09-2018,0.56,0.02,1.98,0.09,1.41,1.37,2.64,3.48,0.82
22-09-2018,0.72,0,1.7,0.08,0.55,0.69,2.54,3.37,0.76
23-09-2018,0.56,0,1.4,0.09,0.56,1.06,2.59,4.26,0.66
24-09-2018,0.71,0,2.44,0.17,1.18,1.73,2.76,4.06,0.92
25-09-2018,1.01,0,3.12,0.35,0.62,2.47,2.7,4.32,1.16
26-09-2018,0.95,0.04,2.94,0.47,0.65,4.16,2.86,5.61,1.2
27-09-2018,1.03,0.08,4.84,0.7,0.84,2.37,2.2,4.46,1.16
28-09-2018,0.53,0.09,6.51,0.64,2.15,3.95,2.63,4.68,1.2
29-09-2018,0.47,0,6,0.42,1.42,4.27,2.35,4.7,1.24
30-09-2018,0.4,0,2.9,0.3,1.61,5.97,2.16,4.18,1.51
01-10-2018,0.31,0.1,3.29,0.25,2.06,2.92,2.16,4.1,1.54
02-10-2018,0.23,0.03,3.8,0.24,1.49,2.42,2.42,4.73,1.54
03-10-2018,0.18,0.06,3.74,0.23,1.86,1.66,2.76,3.35,1.52
04-10-2018,0.32,0.02,4.97,0.22,1.59,2.19,3.17,5.1,1.17
05-10-2018,0.25,0.15,6.75,0.2,1.69,2.91,2.97,4.68,1.38
06-10-2018,0.32,0.39,4.74,0.2,1.57,4.05,2.85,5.16,1.11
07-10-2018,0.23,0,4.61,0.69,1.03,3.02,2.67,3.38,1.21
08-10-2018,0.38,0.08,5.34,0.82,2.08,3.34,3.28,3.37,1.37
09-10-2018,0.94,0.11,5.33,0.45,1.72,5.46,3.93,3.85,1.34
10-10-2018,2.07,0.64,4.55,0.38,0.98,4.33,3.72,4.3,1.35
11-10-2018,2.79,0.26,3.1,0.31,0.74,3.68,2.95,7.92,1.24
12-10-2018,1.46,0.06,3.68,0.17,0.96,3.35,2.76,6.08,1.2
13-10-2018,1.68,0.08,5.82,0.21,1.74,4.92,2.57,3.81,1.19
14-10-2018,0.72,0.12,4.23,0.22,2.47,4,2.24,4.62,1.22
15-10-2018,1.32,0.08,5.51,0.25,1.86,3.18,2.47,5.29,1.69
16-10-2018,0.31,0,7.92,0.28,2.25,2.71,2.53,3.48,2.08
17-10-2018,0.9,0.49,6.99,0.8,3.02,1.99,3.21,3.07,1.76
18-10-2018,0.78,0.08,8.83,0.41,2.79,1.76,3.78,6.24,1.98
19-10-2018,0.24,0.05,6.59,0.41,0.78,2.14,3.23,6.57,1.69
20-10-2018,0.15,0.6,5.99,0.39,0.88,3.78,3.12,5.75,1.73
21-10-2018,0.16,0.13,5.73,0.4,0.84,2.41,3.62,5.62,1.33
22-10-2018,0.34,0.03,5.75,0.29,0.8,3.99,3.6,5.76,1.59
23-10-2018,0.59,0.02,7.1,0.26,0.8,3.35,3.8,7.05,1.32
24-10-2018,0.56,0.05,10.68,0.3,1.28,3.46,3.29,7.08,1.37
25-10-2018,0.48,0.03,9.42,0.68,1.43,3.58,3.8,6.79,1.73
26-10-2018,0.46,0.54,10.6,0.73,1.16,3.17,4.47,4.28,1.36
27-10-2018,0.51,0.05,11.57,1.16,2.39,6.3,4.04,5.4,1.32
28-10-2018,0.53,0.03,8.94,1.2,1.615,6.21,3.52,3.12,1.33
29-10-2018,0.76,0.07,9.06,0.94,0.84,5.25,3.49,2.9,1.84
30-10-2018,0.81,0.09,10.08,0.7,1.04,5.31,3.62,3.26,2.12
31-10-2018,0.63,0.13,9.95,0.45,0.96,4.83,3.43,2.7,2.03
01-11-2018,0.44,0.37,10.79,0.94,2.77,3.91,4.52,2.19,2.46
02-11-2018,0.36,0.2,7.93,0.57,2.3,3.24,4.29,2.33,3.01
03-11-2018,0.32,0.05,4.98,0.43,2.07,1.89,3.62,1.87,1.86
04-11-2018,0.29,0.03,2.56,0.46,1.89,1.44,4.3,1.68,1.42
05-11-2018,0.39,0,5.5,0.67,1.72,1.86,4.38,2.14,1.03
06-11-2018,0.66,0.08,3.88,0.56,2.52,2.59,3.11,4.53,1.4
07-11-2018,0.46,0.04,4.15,0.52,2.57,2.23,2.88,4.82,1.48
08-11-2018,0.55,0.07,9.12,0.8,3.27,1.83,3.92,5.24,1.96
09-11-2018,0.44,0.02,9.12,0.53,3.26,2.96,2.92,3.51,2.89
10-11-2018,0.76,0.08,10.17,1.36,3.84,3.67,3.28,4.62,3.15
11-11-2018,0.8,0.02,9.37,0.98,3.23,3.89,3.48,3.17,1.88
12-11-2018,1.47,0.02,9.5,1.27,3.25,5.14,3.5,4.84,2.04
13-11-2018,1.87,0.01,9.65,1.55,2.28,6.78,3.11,3.85,3.14
14-11-2018,1.91,0.09,5.38,0.22,2.75,6.23,3.73,3.96,1.25
15-11-2018,1.14,0,4.17,0.19,2.86,4.71,3.19,3.74,1.9
16-11-2018,0.33,0.08,3.27,0.16,2.86,4.55,2.72,3.52,1.56
17-11-2018,0.36,0.12,4.06,0.19,3.33,1.68,2.6,3.59,2.45
18-11-2018,0.21,0.11,6.3,0.23,3.32,1.2,3.26,3.33,1.31
19-11-2018,0.28,0.13,4.66,2.17,2.705,1.3,4.92,2.67,1.46
20-11-2018,0.37,0.16,6.37,1.19,2.09,3.02,4.94,2.56,1.51
21-11-2018,0.3,0.1,5.32,0.65,2.05,3.66,4.59,2.72,2.18
22-11-2018,0.3,0.21,6.05,1,2.01,2.57,4.91,2.88,1.35
23-11-2018,0.34,0.2,6.49,0.57,1.09,4.48,3.93,3.05,1.26
24-11-2018,0.54,0.09,3.33,0.56,1.46,4.52,3.32,3.21,1.83
25-11-2018,0.76,0.11,4.61,1.08,2.05,3.27,4.41,3.37,2.77
26-11-2018,0.8,0.28,7.01,0.86,2.18,4.19,5.78,3.53,1.64
27-11-2018,0.78,0.15,10.54,2.05,1.45,3.59,4.55,3.69,1.12
28-11-2018,0.82,0.12,8.67,2.88,2.3,3.45,3.78,3.86,1.04
29-11-2018,0.82,0.11,8.64,1.57,2.04,5.26,4,4.02,1.76
30-11-2018,0.61,0.16,6.19,0.91,2.2,5.29,3.85,4.18,3.02
01-12-2018,0.83,0.14,5.99,1.64,2.21,3.57,3.59,4.46,2.52
02-12-2018,0.77,0.09,8.92,1.12,2.73,3.22,3.77,4.57,1.79
03-12-2018,0.8,0.11,8.11,0.79,2.22,3.01,4.01,4.68,2.07
04-12-2018,0.6,0.09,9.77,2.72,1.87,3.19,4.69,4.79,1.81
05-12-2018,0.62,0.11,7.76,1.04,2.09,2.13,4.43,4.96,2.47
06-12-2018,0.58,0.17,10.22,1.03,1.91,2.39,4.11,4.82,2.19
07-12-2018,0.61,0.2,7.45,0.65,1.75,2.35,3.68,5.23,1.43
08-12-2018,0.64,0.03,7.6,0.63,1.7,2.47,3.91,4.15,1.52
09-12-2018,0.6,0.21,9.42,0.35,2.04,1.63,4.21,4.37,2.01
10-12-2018,0.61,0,8.92,1.07,1.38,1.29,5.45,4.46,1.79
11-12-2018,0.7,0.05,8.53,0.55,1.28,2.8,4.76,4.69,1
12-12-2018,0.85,0.13,6.65,0.28,1.27,2.23,5.26,4.31,0.72
13-12-2018,0.91,0.27,3.74,0.08,1.46,2.4,5.21,4.37,0.77
14-12-2018,0.82,0.15,3.76,0.09,1.05,3.65,4.41,4.15,0.61
15-12-2018,0.77,0.1,3.88,0.09,1.01,3.48,3.02,3.76,0.78
16-12-2018,0.74,0.17,4.34,0.75,0.94,4.19,3.02,2.87,0.9
17-12-2018,1.11,0.08,6.06,0.08,1.01,3.79,3.41,2.37,1.1
18-12-2018,1.46,0.34,6.28,1.28,0.95,2.48,3.3,3.99,1.54
19-12-2018,0.86,0.13,6.34,0.07,1.46,2.26,3.25,2.44,2.52
20-12-2018,0.78,0.21,8.96,0.08,1.17,2.87,4.2,2.75,3.07
21-12-2018,0.87,0.23,7.39,0.09,1.66,3.25,3.96,3.06,3.49
22-12-2018,0.75,0.21,8.63,0.11,2.49,3.49,4.11,2.8,1.58
23-12-2018,0.67,0.08,10.84,0.07,1.95,2.6,3.67,0.01,0.86
24-12-2018,0.75,0.26,10.58,0.1,2.14,3.67,3.61,1.7,1.22
25-12-2018,0.82,0.08,6.63,0.18,1.88,3.39,3.06,5.25,1.21
26-12-2018,0.71,0.15,6.56,0.09,1.58,1.84,3.79,5.83,2.2
27-12-2018,0.38,0.28,10.25,0.07,3.54,2.61,4.11,5.19,2.11
28-12-2018,0.37,0.17,5.4,0.08,1.48,3.63,3.57,4.04,1.76
29-12-2018,0.28,0.12,6.34,0.57,1.55,4.24,4.12,3.44,2.4
30-12-2018,0.24,0.05,9.87,0.06,1.78,3.83,4.45,2.53,2.23
31-12-2018,0.39,0.05,9.1,0.08,2.21,4.51,4.58,4.43,3.24
01-01-2019,0.33,0.16,8.09,0.09,2.76,5.59,5.47,6.26,2.97
02-01-2019,0.32,0.06,10.04,0.16,3.04,3.7,6.09,5.31,2.53
03-01-2019,0.4,0.18,8.91,0.09,4.09,3.85,5.11,5.72,1.7
04-01-2019,0.53,0.13,6.78,0.08,3.37,3.3,4.75,5.24,1.63
05-01-2019,0.39,0.03,8.5,0.1,2.5,2.17,6.01,3.06,1.31
06-01-2019,0.31,0.07,5.08,0.04,2.2,2.14,4.9,4.12,1.59
07-01-2019,0.32,0.03,5.29,0.05,1.48,3.22,3.94,4.78,1.35
08-01-2019,0.39,0.1,4.16,0.04,2.44,4.47,2.9,7.45,2.01
09-01-2019,0.41,0.03,3.91,0.03,2.56,6.74,2.94,5.14,2.48
10-01-2019,0.28,0.07,5.15,0.05,3.2,4.14,3.79,4.15,2.07
11-01-2019,0.29,0.14,10,0.12,3.09,2.5,5.11,2.64,1.05
12-01-2019,0.37,0.16,10.49,0.11,2.55,2.27,4.74,3.8,1.45
13-01-2019,0.36,0.15,7.7,0.07,2.66,1.79,4.87,4.65,1.12
14-01-2019,0.39,1.64,2.77,0.04,1.57,2.17,3.26,5.91,0.69
15-01-2019,0.28,0.08,3.88,0.03,1.7,3.68,2.72,5.73,2.15
16-01-2019,0.39,0.08,8.8,0.05,1.9,3.4,3.67,2.47,2.17
17-01-2019,0.49,0.22,10.74,0.06,2.7,3.69,4.2,3.05,1.57
18-01-2019,0.37,0.3,7.09,0.03,2.18,3.26,3.98,4.08,2.15
19-01-2019,0.32,0.02,8.27,0.03,2.45,3.2,3.71,4.72,2.83
20-01-2019,0.24,0.07,12.17,0.08,3.13,3.67,3.81,6.18,1.67
21-01-2019,0.31,0.09,6.36,0.08,1.17,2.46,5.35,6.25,1.11
22-01-2019,1.27,0.22,2.16,0.03,1.03,1.24,4.36,5.88,0.86
23-01-2019,0.32,0.13,5.6,0.04,0.67,1.64,2.98,5.57,1.09
24-01-2019,0.26,0.18,4.78,0.07,0.7,1.58,2.67,6.25,0.87
25-01-2019,0.24,0.13,2.42,0.08,0.84,1.01,3.13,7.45,0.59
26-01-2019,0.23,0.1,2.57,0.03,0.91,1.96,2.62,3.06,0.6
27-01-2019,0.2,0.1,3.13,0.06,0.79,3.67,1.89,3.23,0.75
28-01-2019,0.26,0.05,3.19,0.06,1.4,4.28,2.05,3.51,1.59
29-01-2019,0.22,0.08,3.87,0.07,1.82,4.02,1.88,3.15,1.36
30-01-2019,1.14,0.03,5.45,0.05,2.19,3.79,2.09,2.15,1.36
31-01-2019,2.3,0.02,6.82,5.83,4.26,2.71,3.51,2.11,0.87
01-02-2019,1.09,0.12,4.43,0.06,1.68,2.09,3.85,2.56,1.02
02-02-2019,0.45,0.03,3.93,0.05,1.88,2.03,3.5,5.81,1.35
03-02-2019,0.4,0,3.28,0.08,3.42,1.89,2.57,4.75,1.66
04-02-2019,0.4,0.03,4.9,0.07,3.16,1.94,2.26,2.83,1.41
05-02-2019,0.41,0,8.99,0.07,2.9,2.34,2.5,5.4,1.46
06-02-2019,0.45,0,5.1,0.14,1.02,1.91,2.68,5.47,1.5
07-02-2019,0.49,0.03,2.15,0.05,0.59,1.18,3.52,5.47,1.05
08-02-2019,0.52,0,2.78,0.05,0.64,2.11,2.19,3.53,0.52
09-02-2019,0.58,0,2.51,0.07,1.26,3.19,1.69,1.8,0.9
10-02-2019,0.56,0,4.12,0.08,3.1,2.59,1.67,1.38,1.16
11-02-2019,0.43,0.03,5.97,0.05,2.93,1.76,2.2,1.2,0.68
12-02-2019,0.44,0.06,7.38,0.06,3.13,1.79,2.23,1.36,0.73
13-02-2019,0.46,0.03,6.6,0.12,2.46,2.02,2.55,1.31,0.74
14-02-2019,0.46,0,4.69,0.03,0.84,1.79,2.46,3.18,0.76
15-02-2019,0.63,0,3.64,0.04,0.92,0.94,2.41,1.47,0.85
16-02-2019,1.12,0.09,2.79,0.27,1.58,2.12,1.77,2.11,0.68
17-02-2019,1.23,0.12,2.82,0.37,1.69,2.15,1.44,1.89,1.04
18-02-2019,1.03,0.02,3.38,0.27,1.31,3.47,1.53,1.9,1.16
19-02-2019,0.53,0,3.97,0.35,1.29,1.73,2.65,1.43,0.9
20-02-2019,0.43,0.03,4.45,0.14,4,0.86,2.34,1.92,1.29
21-02-2019,0.48,0,3.76,0.11,0.49,1.09,2.42,2.06,1.21
22-02-2019,0.54,0,3.24,0.14,0.78,1.31,2.75,1.87,0.77
23-02-2019,1.92,0.03,2.09,0.21,1.92,2,1.68,2.13,0.84
24-02-2019,2.49,0,2.43,0.11,0.9,1.54,1.34,1.83,1.13
25-02-2019,2.28,0.05,3.13,0.13,0.98,1.88,1.98,2.47,1.07
26-02-2019,2.88,0.02,2.49,0.17,0.56,4.61,2.83,2.72,1.02
27-02-2019,2.05,0.03,1.67,0.34,0.78,3.11,2.33,3.356666667,1.05
28-02-2019,3.14,0.04,3.14,0.31,1.12,2.25,1.38,3.993333333,0.84
01-03-2019,3.44,0.03,3.02,0.15,2.53,1.95,1.51,4.63,1.07
02-03-2019,1.07,0.05,4.51,0.24,3.01,1.44,2.1,1.26,1.24
03-03-2019,1.18,0,2.32,0.31,0.43,1.11,1.94,1.38,0.99
04-03-2019,1.04,0,3.92,0.25,0.36,1.62,1.59,1.93,1.28
05-03-2019,1.48,0,2.73,0.34,0.31,3.46,1.82,1.54,0.73
06-03-2019,2.36,0.03,3.38,1.1,0.38,4.28,1.55,1.83,1.13
07-03-2019,3.82,0.05,5.34,0.46,0.6,6.73,1.35,1.58,1.3
08-03-2019,2.51,0.03,4.78,0.47,0.78,3.23,1.57,1.6,1.14
09-03-2019,1.92,0.07,3.06,0.28,1,1.54,1.73,2.69,0.86
10-03-2019,0.92,0,3.34,0.26,1.11,0.92,2.14,1.17,0.69
11-03-2019,0.79,0,4.35,0.36,0.58,0.9,1.64,1.53,0.85
12-03-2019,0.88,0.05,2.9,0.34,0.36,1.15,2,1.85,0.74
13-03-2019,1.09,0,4.61,0.38,0.39,1.14,1.8,1.8,1.06
14-03-2019,0.9,0.09,5.84,0.3,0.48,1.28,1.6,2.48,0.99
15-03-2019,1.01,0.03,3.55,1.33,0.62,1.41,1.59,0.88,0.56
16-03-2019,1.25,0,2.82,0.51,1.32,1.73,1.56,0.94,0.56
17-03-2019,1.19,0,3.79,0.39,0.92,0.97,1.33,1.44,0.76
18-03-2019,1.05,0.02,4.13,1.69,1.13,1.4,1.38,1.85,0.89
19-03-2019,0.93,0.08,4.94,0.79,1.56,0.91,1.51,3.68,1.18
20-03-2019,0.97,0.05,4.72,0.32,0.83,1.1,2.34,2.39,0.81
21-03-2019,1.12,0.05,4.69,0.31,0.41,0.87,2.32,4.19,0.93
22-03-2019,1.38,0,1.85,0.31,0.35,1.3,1.35,3.94,0.46
23-03-2019,1.33,0,2.27,0.25,0.75,1.74,1.07,3.16,0.54
24-03-2019,0.98,0,2.1,0.83,1.68,1.83,1.2,3.76,0.56
25-03-2019,1.07,0.06,2.59,1.5,1.88,1.8,1.59,2.95,0.57
26-03-2019,1.07,0,3.25,1.1,1.16,2.18,1.8,2.08,0.63
27-03-2019,1.24,0,3.96,1.12,0.6,1.86,1.69,1.57,1.75
28-03-2019,1.69,0,6.64,1.48,1.35,2.24,1.92,1.81,2.6
29-03-2019,1.7,0,6.85,1.82,0.55,2.41,2.29,2.38,2.67
30-03-2019,1.45,0.05,5.34,1.65,0.73,1.83,2.43,2.55,1.21
31-03-2019,1.17,0,2.54,0.52,0.42,1.39,1.76,3.16,0.73
01-04-2019,1.21,0.02,2.46,0.7,0.82,3.26,1.49,3.16,0.86
02-04-2019,1.43,0,4.02,1.17,1.05,1.94,1.59,2.34,1.19
03-04-2019,1.57,0.02,4.1,1.36,0.55,1.88,2.32,1.83,1.47
04-04-2019,0.93,0,6.57,1.35,0.53,1.52,1.54,3.23,2.41
05-04-2019,1.62,0.03,6.53,0.98,0.57,1.15,1.54,2.34,1.62
06-04-2019,1.33,0.03,4.68,0.82,0.57,1.33,1.43,2.85,0.53
07-04-2019,1.26,0,5.88,0.48,1.02,0.85,1.12,2.48,0.44
08-04-2019,1.5,0.05,2.83,0.46,0.43,1.31,1.49,2.47,0.59
09-04-2019,1.49,0.03,4.92,0.23,0.58,1.51,1.54,2.87,0.97
10-04-2019,1.36,0.02,6.07,0.25,0.4,1.41,1.42,2.02,1.47
11-04-2019,1.21,0.03,3.28,0.27,0.32,4.19,1.55,2.535,1.14
12-04-2019,1.66,0,2.79,0.3,1.52,1.48,1.62,3.05,0.7
13-04-2019,0.96,0,2.42,0.22,0.84,2.26,1.57,3.53,0.75
14-04-2019,0.26,0.03,2.02,0.19,0.61,2.18,1.33,2.46,0.56
15-04-2019,0.53,0.03,2.74,0.19,0.98,1.52,1.46,3.54,0.49
16-04-2019,0.83,0,2.52,0.23,0.82,1.67,1.35,4.6,0.34
17-04-2019,0.99,0.02,1.16,0.21,0.17,1.02,1.09,2.97,0.31
18-04-2019,0.93,0.03,2.26,0.21,0.32,1.76,1.13,1.83,0.55
19-04-2019,0.64,0.11,3.13,0.25,0.37,1.13,1.1,1.3,0.6
20-04-2019,0.74,0.16,3.8,0.22,0.48,1.1,1.22,1.56,0.86
21-04-2019,0.7,0.11,4.44,0.22,0.57,0.75,1.95,3.47,1.12
22-04-2019,0.78,0.15,5.89,0.25,0.49,0.87,1.38,2.45,1.61
23-04-2019,0.81,1.23,6.09,0.31,0.27,1.55,1.34,1.7,2.42
24-04-2019,0.96,0.13,3.75,0.26,0.19,1.44,1.62,1.87,1.46
25-04-2019,0.84,0.1,3.38,0.27,0.19,1.69,1.7,2.18,0.89
26-04-2019,0.74,0.26,4.54,0.24,0.23,1.65,1.5,2.46,0.87
27-04-2019,0.37,0.18,2.92,0.19,0.47,1.8,1.63,1.9,0.61
28-04-2019,0.76,0.09,2.53,0.29,0.48,1.21,1.56,2.88,0.56
29-04-2019,0.89,0.03,4.05,0.29,0.3,1.25,1.7,1.89,1.07
30-04-2019,0.42,0.02,4.92,0.44,0.33,1.01,1.75,1.08,1.55
01-05-2019,0.23,0,4.87,0.48,0.15,0.92,1.46,1.14,0.67
02-05-2019,0.29,0.07,3.25,0.44,0.17,1.29,1.44,1.88,1.07
03-05-2019,0.41,0.05,2.63,0.45,0.34,1.3,1.3,5.16,0.99
04-05-2019,0.93,0.15,3.06,0.49,0.17,1,0.97,2.56,1.4
05-05-2019,1.03,0.03,2.68,0.72,0.16,2.19,1.16,3.03,1.78
06-05-2019,1.17,0.1,5.08,0.72,0.25,4.06,1.6,2.39,1.82
07-05-2019,0.94,0.74,5.29,1.27,0.29,6.25,1.77,2.01,0.57
08-05-2019,1.17,0.16,6.33,1.86,0.4,5.02,1.88,2.06,0.57
09-05-2019,1.75,0,4.73,1.62,0.29,4.91,1.84,3.34,0.38
10-05-2019,1.31,0,3.02,1.46,0.22,5.89,2.37,2.85,0.25
11-05-2019,1.08,0,3.21,1.18,0.25,3.01,1.62,2.72,0.36
12-05-2019,0.85,0,2.71,0.61,0.3,1.34,1.32,2.42,0.37
13-05-2019,1.28,0.17,4.4,0.83,0.21,1.82,1.61,2.92,0.53
14-05-2019,1.18,0.09,2.15,0.52,0.22,1.46,1.74,2.03,0.56
15-05-2019,0.78,0.15,5.07,0.59,0.28,1.76,1.43,1.98,1.16
16-05-2019,1.17,0.09,4.14,0.47,0.16,3.14,1.46,2.87,0.58
17-05-2019,1.42,0.07,3.87,0.43,0.23,2.35,1.5,2.45,0.22
18-05-2019,2.25,0.14,2.4,0.38,0.31,2.44,1.28,2.52,0.24
19-05-2019,1.4,0.18,3.35,0.38,0.25,4.49,0.83,2.07,0.78
20-05-2019,1.14,0.18,4.38,0.36,0.19,1.81,1.53,2.63,1.02
21-05-2019,0.92,0.04,3.66,0.59,0.19,4.23,1.84,2.28,0.9
22-05-2019,1.2,0.02,4.15,0.77,0.13,3.96,1.51,1.49,1.08
23-05-2019,1.43,0.17,5.49,0.77,0.17,1.07,1.2,1.69,1.12
24-05-2019,0.85,0.28,3.49,0.77,0.18,1.76,1.34,1.88,1.22
25-05-2019,0.56,0.39,2.65,0.76,0.11,1.99,1.46,1.63,0.48
26-05-2019,0.49,0.39,2.53,0.75,0.16,3.46,1.33,1.94,0.55
27-05-2019,0.78,0.31,3.43,0.82,0.14,1.71,1.99,2.08,1.02
28-05-2019,0.93,0.2,4.44,0.79,0.16,1.41,2.01,3.99,1.11
29-05-2019,0.82,0.37,4.85,0.81,0.92,2.68,1.58,3.07,1.42
30-05-2019,1.18,0.2,7.68,0.9,0.28,1.07,1.39,3.83,0.52
31-05-2019,0.88,0.07,4.7,0.87,0.23,1.17,1.2,3.35,0.55
01-06-2019,0.81,0.16,5.58,0.87,0.23,1.1,1.3,4.59,0.93
02-06-2019,0.53,0.19,2.43,0.86,0.24,1.62,1.09,4.12,0.68
03-06-2019,0.55,0.03,1.79,0.85,0.23,0.55,1.26,4.76,1.25
04-06-2019,0.41,0.05,2.18,0.85,0.92,0.8,1.38,5.72,0.72
05-06-2019,0.28,0.31,3.15,0.87,0.62,0.86,1.07,4.88,0.4
06-06-2019,0.41,0.16,2.8,0.86,1.16,0.9,1.19,5.45,0.69
07-06-2019,0.29,0.11,2.27,0.93,1.88,0.94,1.21,6.15,1.2
08-06-2019,0.16,0.02,2.96,0.84,1.77,1.44,1.37,5.39,1.2
09-06-2019,0.11,0.09,5.72,0.83,1.71,0.86,1.18,5.53,1.27
10-06-2019,0.08,0.13,4.37,0.84,2.26,0.51,1.48,6.59,1.32
11-06-2019,0.21,0.1,3.41,0.86,3.18,0.34,1.4,5.61,0.53
12-06-2019,0.43,0.12,1.98,0.8,2.3,0.18,1.39,7.58,0.98
13-06-2019,0.66,0.1,1.96,0.86,1.31,0.15,1.5,4.56,0.61
14-06-2019,1.82,0,2.32,0.63,2.08,0.17,1.81,7.25,0.62
15-06-2019,1.95,0.05,3.71,0.7,2.05,0.28,1.98,5.66,0.41
16-06-2019,2.19,0.05,1.08,0.59,0.97,0.28,1.31,3.92,0.37
17-06-2019,1.28,0.13,1.75,0.4,0.98,0.25,1.16,6.24,0.62
18-06-2019,0.87,0.03,1.92,0.34,1.09,0.28,1.17,5.4,0.65
19-06-2019,1.03,0,2.98,0.63,1.69,0.24,1.41,10.35,0.28
20-06-2019,0.69,0.11,1.76,0.4,1.41,0.31,1.35,5.81,0.43
21-06-2019,1.42,0.09,3.07,0.52,1.78,0.93,1.2,5.3,0.8
22-06-2019,1.31,0.05,3,0.8,1.71,0.65,1.07,9.83,1.28
23-06-2019,0.8,0.06,1.55,0.38,1.32,0.78,1.16,6.12,0.75
24-06-2019,0.87,0.15,1.48,0.56,1.69,1,1.11,4.23,0.46
25-06-2019,0.97,0.04,2.67,0.85,3.62,1.55,1.15,3.77,1.02
26-06-2019,1.45,0.12,2.75,0.84,2.06,0.41,1.25,3.88,0.74
27-06-2019,1.2,0.02,2.8,0.8,3.15,0.17,0.94,5.36,0.6
28-06-2019,0.94,0.05,2.99,1.35,1.49,0.16,1.11,7.6,0.45
29-06-2019,0.5,0.08,2.43,1.85,1.46,0.18,1.19,5.24,0.28
30-06-2019,0.36,0,2.7,0.77,1.76,0.32,1.22,5.79,0.21
01-07-2019,0.39,0.75,1.96,0.56,1.5,0.32,1.62,8.13,0.32
02-07-2019,0.4,0.1,2.08,0.8,1.72,0.22,1.42,5.5,0.6
03-07-2019,0.45,0.03,1.69,0.84,4.07,0.21,1.28,7.05,0.96
04-07-2019,1.16,2.03,2.25,0.87,2.91,0.36,1.25,6.83,0.37
05-07-2019,0.79,0,2.88,0.56,2.19,0.21,1.44,5.4,0.39
06-07-2019,0.5,0.03,1.93,0.68,1.11,0.2,1.27,5.97,0.65
07-07-2019,0.85,0.11,1.97,1.2,1.69,0.12,1.02,5.89,0.28
08-07-2019,0.64,0.19,2.22,0.7,2.13,0.12,1.21,3.32,0.33
09-07-2019,0.74,0.11,1.94,0.27,1.09,0.14,1.17,9.97,0.34
10-07-2019,0.86,0.03,2.24,0.28,1.9,0.08,0.81,4.87,0.23
11-07-2019,0.63,0.07,2.04,0.35,2.11,0.17,0.58,4.2,0.21
12-07-2019,0.53,0,1.98,0.31,2.13,0.26,1.08,4.08,0.15
13-07-2019,0.44,0,1.92,1.29,1.71,0.15,0.93,5.13,0.16
14-07-2019,0.56,0.18,1.59,0.93,1.74,0.48,0.66,4.2,0.13
15-07-2019,0.5,0.08,1.97,0.66,1.88,0.37,0.92,5.34,0.21
16-07-2019,0.55,0.09,1.99,0.45,1.63,0.62,1.34,8.1,0.22
17-07-2019,0.68,0.15,2.24,0.03,2.68,0.34,1.22,8.11,0.21
18-07-2019,0.65,0.16,2.37,0.41,1.95,0.46,1.25,5.28,0.39
19-07-2019,0.51,0.21,3.38,0.96,2.08,0.78,1.35,7.76,0.26
20-07-2019,0.61,0.07,2.39,0.73,2.7,0.55,1.22,4.46,0.44
21-07-2019,0.4,0.07,2.6,0.18,2.69,0.34,1.09,1.91,0.29
22-07-2019,0.36,0.03,2.91,0.47,2.18,0.43,1.14,2.03,0.3
23-07-2019,0.4,0.03,2.82,0.21,2.67,0.19,1.07,3.01,0.35
24-07-2019,0.58,1.18,2.36,0.03,2.83,0.25,0.74,5.05,0.32
25-07-2019,0.5,0.32,1.69,0.06,3.44,0.24,0.71,4.26,0.55
26-07-2019,0.44,2.93,2.1,0.14,3.58,0.29,1.14,5.41,0.54
27-07-2019,0.39,4.82,2,0.32,2.08,0.13,1,5.29,0.59
28-07-2019,0.31,1.12,1.3,0.74,2.15,0.16,0.87,4.77,0.29
29-07-2019,0.32,0.89,1.52,0.87,1.92,0.16,0.97,4.66,0.48
30-07-2019,0.52,0.85,2.01,0.87,1.87,0.12,1.03,5.11,0.48
31-07-2019,0.75,0.47,1.65,1.08,2.33,0.21,1.02,6.07,0.47
01-08-2019,0.56,1.03,1.88,0.68,2.14,0.13,1.16,4.4,0.34
02-08-2019,0.43,1.63,2.14,0.79,1.8,0.92,1.22,4.49,0.44
03-08-2019,0.35,0.9,2.58,1.29,1.73,1.36,1.35,6.96,0.44
04-08-2019,0.49,0.27,2.13,0.55,1.45,1.28,1.03,5.97,0.3
05-08-2019,0.45,1.49,2.18,0.62,1.58,1.09,1.48,6.27,0.83
06-08-2019,0.47,1.25,2.53,0.77,1.54,0.59,1.36,6.56,0.34
07-08-2019,0.45,1.06,3.07,0.65,1.17,0.09,1.11,8.11,0.75
08-08-2019,0.72,0.31,2.27,0.56,1.19,0.06,1.13,4.98,0.65
09-08-2019,0.33,0.37,1.6,1.15,1.38,0.08,1.13,6.99,0.33
10-08-2019,0.33,0.09,1.12,0.68,2.46,0.05,1.07,6.33,0.15
11-08-2019,0.44,0.1,1.11,0.49,1.31,0.1,1.19,4.61,0.21
12-08-2019,0.76,0,1.56,0.54,1.33,0.36,0.89,8.31,0.22
13-08-2019,0.48,0.56,1.76,0.7,1.5,0.56,1.09,6.95,0.42
14-08-2019,0.36,0.22,1.94,0.7,1.25,0.32,1.13,5.31,0.69
15-08-2019,0.35,0.04,1.5,0.63,1.3,0.09,1.1,5.5,0.3
16-08-2019,0.47,0.91,1.08,0.62,1.14,0.12,1.18,6.02,0.33
17-08-2019,0.66,3.25,1.12,0.46,1.3,0.28,1.4,7.57,0.18
18-08-2019,0.76,2.48,1.44,0.06,1.59,0.59,1.41,5.41,0.13
19-08-2019,0.52,2.12,2.77,0.03,2.04,2.03,1.44,7.59,0.34
20-08-2019,0.68,2.18,2.44,0.18,1.63,0.65,1.61,6.69,0.36
21-08-2019,0.48,1.1,2.37,0.34,1.69,0.29,1.48,7.85,0.24
22-08-2019,0.49,4,3.1,0.41,1.68,0.22,1.67,6.11,0.45
23-08-2019,0.67,1.49,3.26,2.41,2.93,0.37,1.2,9.97,0.22
24-08-2019,1.24,0.05,3.71,3.06,1.81,0.26,1.23,7.66,0.2
25-08-2019,1.55,0.05,1.99,2.9,2.95,0.16,1.16,4.05,0.22
26-08-2019,1.41,0.05,2.24,1.75,2.71,0.17,1.44,8.85,0.36
27-08-2019,1.66,0.3,2.84,1.62,2.24,0.17,1.26,5.29,0.55
28-08-2019,0.9,0.11,2.54,1.58,2.68,0.23,1.25,5.27,0.58
29-08-2019,1.16,0.3,1.88,1.4,2.43,0.35,1.49,5.25,0.4
30-08-2019,1.12,1.56,1.93,2.29,2.08,0.35,1.52,5.23,0.46
31-08-2019,0.9,0.69,2.72,3.08,1.55,0.14,1.24,5.21,0.42
01-09-2019,0.65,1.1,2.01,1.47,1.49,0.06,1.08,5.19,0.47
02-09-2019,0.52,2.73,1.96,0.98,1.83,0.1,1.77,5.17,0.35
03-09-2019,0.52,0.94,2.4,1.32,1.39,0.21,1.34,5.15,0.63
04-09-2019,0.62,2.83,2.38,1.34,1.14,0.07,1.21,5.13,0.64
05-09-2019,1.19,0.34,1.75,1.69,1.28,0.09,1.26,5.11,0.59
06-09-2019,0.82,1.02,2.13,1.17,1.06,0.08,1.17,5.35,0.78
07-09-2019,0.62,0.86,1.84,0.86,1.24,0.06,1.09,4.48,0.64
08-09-2019,0.67,1.17,1.55,1.35,1.11,0.06,0.91,6.41,0.58
09-09-2019,1.25,1,1.88,2.23,1.22,0.09,1.18,5.47,0.67
10-09-2019,1.45,0.17,2.34,2.1,1.18,0.08,2,5.37,1.01
11-09-2019,0.88,0.23,2.5,2.26,1.27,0.09,14.67,5.44,0.68
12-09-2019,0.41,0.29,1.85,2,1.29,0.11,15.47,5.76,0.35
13-09-2019,0.67,0.07,1.5,1.39,1.3,0.07,15.99,4.73,0.39
14-09-2019,0.77,0.05,1.48,1.63,1.13,0.17,16.92,3.61,0.38
15-09-2019,0.41,0,1.42,1.14,1.12,0.42,8.88,2.16,0.55
16-09-2019,0.42,0.15,2.25,2.32,1.25,0.3,10.46,1.87,0.81
17-09-2019,0.55,0.54,2.62,1.58,1.11,0.16,8.68,0.57,0.63
18-09-2019,0.62,0,1.86,1.2,1.36,0.67,8.51,0.99,0.56
19-09-2019,0.62,0.14,1.57,1.82,1.44,0.55,10.29,0.51,0.46
20-09-2019,0.45,10.66,2.22,1.46,1.65,0.34,8.99,1.18,0.33
21-09-2019,0.73,0.02,2.08,2.06,2.07,0.28,9.81,2.72,0.37
22-09-2019,0.62,0.4,1.89,2.86,2.98,0.42,8.14,1.82,0.19
23-09-2019,0.75,0.29,2.01,3.85,2.6,0.69,10.78,1.97,0.3
24-09-2019,0.63,0.02,2.55,2.42,3.68,0.52,8.09,1.64,0.33
25-09-2019,0.47,0,1.89,1.64,2.99,0.43,0,4.6,0.37
26-09-2019,0.4,0.05,1.93,1.05,3.29,0.64,0,6.71,0.36
27-09-2019,0.64,0.02,2.09,0.74,2.41,0.38,0,6.79,0.32
28-09-2019,0.58,0,2.84,0.81,2.92,0.37,0,2.91,0.47
29-09-2019,0.48,0,1.83,0.7,2.55,0.61,0,4.48,1.18
30-09-2019,0.55,0,2.46,0.56,2.81,1.05,0,4.6,2.03
01-10-2019,0.72,0,2.56,0.5,1.95,0.76,0,5.14,2.04
02-10-2019,0.67,0,2.83,1.49,2.56,0.41,0,6.83,2.6
03-10-2019,0.87,0,4.03,2.08,2.01,0.45,12.29,8.45,2.64
04-10-2019,1.02,0.02,2.99,2.49,2.11,0.55,14.57,10.32,1.24
05-10-2019,1.26,0,2.5,2.06,2.48,0.98,15.65,7.07,1.37
06-10-2019,0.95,0,2.82,1.85,2.67,0.72,16.73,4.52,1.36
07-10-2019,1.17,0,2.35,2.39,2.47,0.92,17.81,5.57,2.77
08-10-2019,0.69,0,2.29,2.27,2.49,0.83,18.89,9.66,2.89
09-10-2019,0.85,0.32,4.1,2.57,2.33,0.78,19.97,3.14,2.6
10-10-2019,1.01,0.02,4.49,2.18,2.62,0.75,21.05,4.82,2.18
11-10-2019,1.11,0,4.4,3.73,3.98,0.71,22.13,4.74,2
12-10-2019,0.82,0.03,4.65,3,3.8,0.65,23.21,4.88,2.85
13-10-2019,0.71,0,5.05,2.54,3.05,0.72,24.29,3.05,2.73
14-10-2019,0.96,0,4.68,3.13,4.25,1.09,25.37,2.96,2.68
15-10-2019,1.1,0.01,6.4,2.17,3.22,1.07,26.45,2.78,3.39
16-10-2019,1.12,0.02,5.51,2.3,3.14,1.59,27.53,2.97,2.67
17-10-2019,1.1,0.04,4.58,2.55,3.16,1.31,28.55,2.52,1.69
18-10-2019,1.05,0.05,3.47,2.78,4.54,0.64,22.83,2.07,1.25
19-10-2019,1.33,0.16,4.23,2.25,4.52,0.64,15.27,3.62,1.55
20-10-2019,0.89,0.02,4.13,2.95,4.25,0.67,12.14,2.15,1.65
21-10-2019,1.37,0.02,4.36,2.78,4.92,0.66,10.71,2.07,3.29
22-10-2019,1.11,0,3.82,3.67,5.61,0.99,11.58,3.18,5.16
23-10-2019,0.82,0.04,4.7,3.19,6.3,0.65,16.28,2.45,7.03
24-10-2019,1.07,0.02,7.01,1.52,6.06,0.49,15.62,4.37,3.39
25-10-2019,0.95,0,5.07,2.29,4.28,0.55,11.29,5.48,2.56
26-10-2019,0.61,0,5.34,1.84,5.53,0.39,10.29,3.26,2.35
27-10-2019,0.77,0.23,4.92,3.2,6.71,0.42,11.56,1.27,4.99
28-10-2019,0.71,0.64,4.62,1.85,6.46,0.64,16.1,2.73,5.19
29-10-2019,0.67,0,5.79,1.74,6.53,0.82,17.09,2.38,6.06
30-10-2019,0.57,0,6.53,3.26,5.47,0.77,18.94,2.15,4.05
31-10-2019,0.45,0.1,7.27,3.68,5.92,0.54,15.54,3.85,3.57
01-11-2019,0.47,0,7.11,4.19,4.59,0.48,14.52,5.51,2.43
02-11-2019,0.57,0,5.6,4.52,5.09,0.55,13.94,6.17,2.38
03-11-2019,0.89,0.07,6.21,4.08,5.97,0.61,11.08,6.3,2.36
04-11-2019,1.34,0,4.37,2.83,5.52,0.61,9.04,7.01,2.5
05-11-2019,1.66,0.02,3.75,3.21,5.24,0.78,9.93,7.57,4.16
06-11-2019,0.98,0,3.94,3.91,5.41,0.83,8.52,7.16,2.41
07-11-2019,1.81,0,5.25,4.61,5.55,0.62,10.99,5.23,1.28
08-11-2019,1.71,0,5.58,4.38,5.65,0.83,13.14,7.16,2.56
09-11-2019,1.59,0,4.13,2.97,6.41,0.79,10.17,6.63,1.92
10-11-2019,0.93,0,3.79,2.46,5.78,0.81,8.19,4.12,2.01
11-11-2019,0.62,0.41,4.56,2.34,5.62,0.74,7.09,4.52,2.24
12-11-2019,0.42,2.01,5.85,2.97,4.81,0.64,9.3,4.52,2.59
13-11-2019,0.66,0.25,7.08,3.58,5.17,0.96,12.3,2.91,3.65
14-11-2019,0.75,0.04,8.2,4.33,5.47,1.98,11.99,2.8,3.96
15-11-2019,0.74,0.04,7.47,3.15,5.17,2.15,9.58,3.08,3.57
16-11-2019,0.69,0.02,4.3,3.78,4.55,3.29,8,5.27,2.23
17-11-2019,0.69,0,2.4,2.07,5.93,4.22,5.11,4.39,1.61
18-11-2019,0.72,0,3.03,1.49,5.54,4.76,5.59,3.98,1.92
19-11-2019,0.66,0.1,4.31,2.31,7.12,5.01,6.24,3.81,2.97
20-11-2019,0.73,0.05,5.65,2.67,7.07,3.6,6.05,4.07,3.12
21-11-2019,0.93,0,8.84,3.3,5.79,2.58,2.32,3.9,2.53
22-11-2019,0.73,0.02,7.04,2.55,6.81,2.85,2.5,3.99,2.55
23-11-2019,0.56,0,4.46,2.31,7.37,3.94,2.25,4.32,2.78
24-11-2019,0.2,0.02,2.98,2.29,7.02,3.31,1.83,5.97,2.39
25-11-2019,0.34,0.05,4.16,2.28,6.87,2.06,2.62,4.68,1.25
26-11-2019,7.6,0,5.2,3.37,9.84,1.69,2.68,4.68,1.75
27-11-2019,1.29,0,2.89,2.16,8.81,2.78,2.69,4.67,1.78
28-11-2019,2.8,0.02,1.88,1.84,7.86,3.02,2.67,4.06,2.76
29-11-2019,0.93,0.02,3.15,2.84,8.39,1.51,5.77,4.72,1.78
30-11-2019,0.82,0.05,4.1,5.64,8.7,2.6,2.12,4.64,1.2
01-12-2019,0.66,0.15,3.57,3.11,8.78,5.02,1.87,4.28,1.5
02-12-2019,0.66,0.04,4.35,2.93,7.7,1.72,2.5,4.53,2.88
03-12-2019,1.15,0.07,4.31,3.04,7.23,1.44,2.54,4.62,4.74
04-12-2019,0.73,0.03,4.93,4.23,6.39,2.21,3.08,3.79,4.9
05-12-2019,1.1,0.08,7.93,5.41,6.79,2.88,3.48,4.26,2.72
06-12-2019,0.79,0.02,7.86,4.45,6.06,3.19,3.34,4.44,3.89
07-12-2019,0.97,0.05,6.96,3.78,8.39,2.05,2.63,3.34,4.02
08-12-2019,0.67,0.02,8.02,3.64,6.71,2.53,2.19,2.22,4.74
09-12-2019,0.78,0.05,6.5,3.75,6.93,1.58,2.87,3.15,4.19
10-12-2019,0.65,0,6.87,4.47,7.25,2.83,2.68,5.08,5.56
11-12-2019,0.81,0.05,8,4.59,7.84,2.04,2.92,5.69,5.61
12-12-2019,0.68,0.04,6.29,3.58,10.42,1.89,2.54,6.2,2.57
13-12-2019,0.59,4.62,2.73,2.32,10.2,0.98,1.74,4.4,2.34
14-12-2019,0.69,2.48,3.38,1.93,4.87,1.12,1.82,3.01,1.67
15-12-2019,0.55,3.77,3.22,2.65,5.39,0.82,2.08,2.7,1.97
16-12-2019,0.71,3.45,2.4,2.54,6.17,0.93,1.81,3.37,2.11
17-12-2019,0.68,1.33,2.52,3.09,7.29,1.48,1.77,4.93,3.54
18-12-2019,0.7,2.16,3.47,3.36,6.89,2,2.56,4.66,6.09
19-12-2019,0.7,1.39,6.1,3.04,6.69,0.97,3.14,4.5,4.86
20-12-2019,0.84,3.78,6.86,2.97,8.19,1.18,3.3,3.77,5.84
21-12-2019,0.71,6.17,5.96,4.61,7.85,1.01,3.79,5.06,4.72
22-12-2019,0.61,6.12,3.77,3.48,7.44,1.12,4.38,3.58,2.57
23-12-2019,0.77,8.99,3.98,3.79,7.41,1.17,3.77,4.06,4.09
24-12-2019,1.06,1.17,5.75,3.64,8.72,0.64,3.79,5.84,3.8
25-12-2019,2.22,0.25,3.85,2.94,8.11,0.56,2.84,6.87,4.61
26-12-2019,2.08,0.25,3.69,3.15,7.32,0.62,2.68,6.58,5.85
27-12-2019,1.66,0.32,4.62,4,6.55,0.68,2.19,6.72,6.61
28-12-2019,0.93,1.87,6.7,2.77,6.15,0.59,3.89,5.58,6.8
29-12-2019,0.63,0.48,6.28,2.44,6.83,0.84,3.2,3.76,7.26
30-12-2019,0.62,0.24,8,3.41,6.62,0.66,3.23,4.41,6.99
31-12-2019,0.88,0.32,4.81,7.15,5.72,0.68,4.76,4.67,5.12
01-01-2020,1.05,3.46,8.5,8.67,8.16,0.36,4.49,4.89,3.87
02-01-2020,0.95,6.81,9.36,5.17,6.89,0.38,7.08,4.79,3.03
03-01-2020,1.06,7.69,6.96,2.89,6.12,0.41,5.51,4.97,3.83
04-01-2020,1.5,6.26,6.81,3.13,5.86,0.53,2.69,4.14,4.51
05-01-2020,1.19,2.21,3.7,1.55,3.51,0.59,2.48,2.92,6.86
06-01-2020,0.69,2.14,3.52,1.97,3.18,0.54,3.29,3.4,3.95
07-01-2020,1.03,2.94,3.64,1.01,4.81,0.4,3.8,3.69,2.61
08-01-2020,0.99,0.58,3.49,1.52,2.91,0.41,4.17,3.38,3.51
09-01-2020,0.99,0.72,2.43,2.91,2.53,0.6,3.14,8.81,2.32
10-01-2020,0.83,0.05,3.8,2.41,5.41,0.49,1.53,3.36,2.9
11-01-2020,0.79,0.8,4.33,2.76,6.42,0.73,1.59,4.75,4.73
12-01-2020,0.81,0.22,5.53,6.2,8.98,0.67,2.06,3.87,4.61
13-01-2020,1.04,0.22,5.74,3.31,5.24,0.82,3.05,6.69,5.34
14-01-2020,1.07,1.35,3.31,3.43,4.48,0.47,3.42,9.4,3.03
15-01-2020,0.75,0.24,3.72,5.12,3.56,0.42,1.28,5.8,3.16
16-01-2020,0.4,0.07,4.05,1.32,3.36,0.27,0.77,4.61,3.13
17-01-2020,0.52,0.05,3.71,2.26,3.72,0.33,0.83,3.12,3.49
18-01-2020,0.46,0,4.79,2.52,3.82,0.21,3.86,3.42,4.12
19-01-2020,0.45,0.03,2.95,1.97,5.51,0.17,2.11,3.77,3.86
20-01-2020,0.47,0.32,3.9,2.17,5.53,0.2,1.21,3.42,3.5
21-01-2020,0.47,0.51,6.32,3.74,9.97,0.2,0.73,2.44,2.89
22-01-2020,0.44,0.46,7,4.6,7.48,0.16,1.41,3.48,3.13
23-01-2020,0.48,0.05,2.52,1.9,4.65,0.27,0.95,6.32,2.34
24-01-2020,0.5,0.09,2.66,2.75,4.24,0.37,0.46,6.73,2.52
25-01-2020,0.54,0.55,4.62,3.98,3.41,0.36,1.17,5.9,4.33
26-01-2020,0.44,0.79,5.87,3.01,4.32,0.32,1.49,5.99,5.19
27-01-2020,0.39,2.24,5.97,5.55,1.99,0.28,1.37,3.13,2.9
28-01-2020,0.43,2.33,3.2,4.02,3.72,0.24,1.53,5.39,2.8
29-01-2020,0.63,2.89,3.1,1.65,1.54,0.34,1.22,4.64,1.59
30-01-2020,0.81,0.5,3.49,1.23,2.9,0.3,1.39,4.23,2.36
31-01-2020,0.65,0,3.55,1.82,3.17,0.15,0.72,3.09,2.44
01-02-2020,0.61,0.27,4.51,1.76,3.24,0.1,1.28,3.59,3.47
02-02-2020,0.45,0.06,3.94,1.4,5.04,0.09,1.4,2.59,3.53
03-02-2020,0.43,0,4.43,2.25,3.86,0.15,1.63,2.81,3.69
04-02-2020,0.51,1.38,6.43,3.5,2.96,0.16,3.69,4.75,4.35
05-02-2020,0.45,1.78,4.6,2.14,2.78,0.14,2.26,6.19,3.3
06-02-2020,0.34,1.5,3.98,1.53,2.41,0.13,2.2,3.25,3.35
07-02-2020,0.27,0.91,5.78,1.65,2.57,0.08,4.06,3.79,2.92
08-02-2020,0.33,0.55,4.36,1.65,3.5,0.19,3.03,2.55,2.2
09-02-2020,0.34,0.52,4.35,1.94,1.76,0.32,2.21,2.79,4.56
10-02-2020,0.33,0.08,5.16,1.58,1.93,0.18,2.37,2.95,6.98
11-02-2020,1.87,0.22,6.65,1.57,3.32,0.16,2.58,3.24,3.98
12-02-2020,2.13,19.18,4.71,1.16,3.02,0.72,2.22,3.45,3.31
13-02-2020,0.62,4.38,3.09,1.03,2.61,1.6,3,6.16,5.58
14-02-2020,0.76,1.45,2.43,0.67,4.08,3.4,3.37,4.46,2.55
15-02-2020,0.78,1.69,2.93,0.78,4.41,3.77,2.69,5.32,3.64
16-02-2020,0.51,0.68,3.77,1.26,5.14,1.8,3.45,4.71,5.33
17-02-2020,0.62,0.6,5.83,1.35,8.23,1.65,5.49,5.59,6.71
18-02-2020,0.38,1.23,4.14,0.87,11.52,1.47,3.19,4.28,7.9
19-02-2020,0.4,2.38,6.39,1.16,14.4,1.38,3.44,3.17,8.86
20-02-2020,0.4,0.22,2.88,0.67,9.24,1.07,3.86,1.63,3.15
21-02-2020,0.28,0.51,2.03,0.64,4.69,0.83,4.11,1.61,3.7
22-02-2020,0.23,0.72,2.8,0.54,7.55,0.85,3.18,2.59,2.63
23-02-2020,0.19,0.84,3.51,1.24,9.84,0.7,0.45,5.81,2.39
24-02-2020,0.28,0.97,2.29,0.2,9.79,0.71,1.21,6.52,2.53
25-02-2020,0.3,1.67,3.12,0.52,6.25,0.7,2.35,4.01,3.05
26-02-2020,0.31,1.4,4.71,1.13,5.06,0.96,2.12,5.23,3.01
27-02-2020,0.27,1.12,3.8,0.53,6.58,0.88,2.62,2.98,3.61
28-02-2020,0.25,0.77,2.67,9.79,12.56,1.24,4.02,5,3.78
29-02-2020,0.24,0.77,2.42,16.66,12.57,1.81,4.3,4.8,2.66
01-03-2020,0.22,1.1,2.18,19.47,4.06,1.85,4.68,4.43,1.05
02-03-2020,0.32,1.29,4.58,16.22,7.63,2.41,3.49,4.44,2.34
03-03-2020,0.42,1.3,3.98,17.75,4.32,1.46,4.54,5.57,2.2
04-03-2020,0.33,1.82,3.57,36.85,5.11,2.23,2.63,4.32,2.55
05-03-2020,0.33,1.25,1.81,10.34,4.07,4.14,1.91,2.13,2.45
06-03-2020,0.43,0.68,1.47,8.19,3.78,1.52,1.6,1.56,1.41
07-03-2020,0.45,0.24,1.95,6.66,3.57,1.97,1.32,1.97,1.09
08-03-2020,0.37,0.92,3.51,12.94,4.24,1.65,1.6,4.46,1.14
09-03-2020,0.39,1.01,1.91,12.43,4.54,2.86,1.57,3.01,1.2
10-03-2020,0.33,0.78,2.35,16.97,6.98,1.78,3.04,2.49,1.45
11-03-2020,0.37,0.8,1.96,17.28,3.28,2.13,2.37,3.59,1.38
12-03-2020,0.46,0.8,2.25,5.5,3.65,2.89,3.29,2.92,1.51
13-03-2020,0.42,1.72,2.63,5.02,3.03,1.51,3.54,2.14,1.58
14-03-2020,0.38,0.4,1.99,5.42,5.85,2.05,1.98,2.2,1.31
15-03-2020,0.35,0.93,2.43,3.39,7.16,3.03,2.22,4.03,1.26
16-03-2020,0.31,0.41,2.29,7.08,12.13,5.01,2.38,4.26,1.64
17-03-2020,0.35,0.84,2.65,16.76,13.17,1.99,2.5,5.09,2.47
18-03-2020,0.38,0.94,3.05,8.52,13.75,1.68,2.72,4.84,3.82
19-03-2020,0.56,0.71,3.37,17.3,9.12,3.4,3.26,6.5,3.8
20-03-2020,0.5,0.6,3.76,22.32,7.94,2.05,3.34,5.28,2.52
21-03-2020,0.8,0.51,3.35,27.17,4.4,2.45,5.26,3.35,1.37
22-03-2020,0.34,0.53,2.86,39.47,3,2.88,2.59,3.08,1.7
23-03-2020,0.34,0.28,1.96,26.46,3.54,1.44,1.15,1.79,1.81
24-03-2020,0.24,0.64,2.53,38.68,4.72,1.03,1.16,4.38,2.24
25-03-2020,0.17,0.57,1.67,46,5.05,1.02,1.2,2.77,1.84
26-03-2020,0.13,0.52,1.38,20.32,6.4,1.05,0.9,4.21,0.57
27-03-2020,0.14,7.92,1.11,5.48,3.78,0.82,0.89,2.95,0.42
28-03-2020,0.28,6.59,1.07,6.93,3.96,1.03,0.48,3.98,0.39
29-03-2020,0.36,29.02,0.97,21.56,4.05,1.19,0.49,4.4,0.26
30-03-2020,0.21,11.7,1.08,19.98,4.34,1.04,0.77,4.4,0.3
31-03-2020,0.11,0.55,1.06,13.26,3.88,1.86,2.31,3.88,0.99
01-04-2020,0.12,0.47,1.12,9.99,3.3,1.96,3.26,4.61,0.66
02-04-2020,0.11,0.46,0.91,9.04,3.7,1.62,2.12,2.32,0.3
03-04-2020,0.11,0.4,1.13,13.67,3.31,1.54,0.67,3.18,0.29
04-04-2020,0.25,0.46,1.3,16.74,3.52,2.06,0.72,2.11,0.94
05-04-2020,0.17,0.44,1.74,17.8,3.65,1.16,1.21,2.31,0.78
06-04-2020,0.15,0.37,2.04,14.41,3.76,1.64,0.17,2.4,0.92
07-04-2020,0.22,0.32,1.01,21.91,3.68,1.19,0.15,2.33,0.42
08-04-2020,0.26,0.32,0.99,12.12,4.37,0.94,0.2,1.67,0.25
09-04-2020,0.25,0.32,1.11,23.28,3.24,2.22,0.31,2.6,0.3
10-04-2020,0.25,0.44,1.79,7.4,3.34,1,0.64,3.39,0.5
11-04-2020,0.73,0.38,1.88,14.88,2.65,1.17,0.62,1.9,0.52
12-04-2020,0.57,0.36,1.19,13.65,4.69,1.56,0.84,2.74,0.57
13-04-2020,0.42,0.33,1.78,20.3,4.16,0.94,0.65,3.32,1.32
14-04-2020,0.32,0.37,2.04,22.36,4.12,1.34,0.49,2.84,0.95
15-04-2020,0.37,0.36,2.36,21.78,6.08,1.08,0.04,2.58,1.33
16-04-2020,0.44,0.3,2.4,15.37,6.9,1.06,0.36,3.51,0.37
17-04-2020,0.34,0.26,1.07,18.92,7.81,1.16,0.77,2.97,0.38
18-04-2020,0.25,0.24,1.19,26.56,4.53,1,0.48,2.9,0.35
19-04-2020,0.28,0.28,1.29,19.46,6.9,1.08,0.12,2.79,0.41
20-04-2020,0.16,0.3,2.37,28.58,5.79,1.24,0.62,2.21,0.31
21-04-2020,0.22,0.27,1.48,22.5,5.45,1.35,0.44,2.7,0.44
22-04-2020,0.19,0.25,2.03,28.26,4.32,0.94,0.52,1.54,0.71
23-04-2020,0.2,0.21,2.8,16.01,3.45,2.7,1.09,1.76,0.69
24-04-2020,0.59,0.19,2.57,37.12,4.22,0.83,0.81,1.676666667,0.64
25-04-2020,0.51,0.2,1.13,22.31,5.06,1.81,0.74,1.593333333,0.35
26-04-2020,0.25,0.15,1.68,12.27,14.21,1.21,0.54,1.51,1.08
27-04-2020,0.19,0.22,1.24,12.08,8.98,1.37,0.66,1.96,0.92
28-04-2020,0.21,0.29,1.7,10.34,16.93,0.63,0.55,2.21,0.89
29-04-2020,0.22,0.26,2.03,9.76,13.9,0.69,0.69,2.31,0.92
30-04-2020,0.36,0.22,1.68,25.15,4.34,0.74,1.67,2.69,0.46
01-05-2020,0.22,0.28,1.96,11.95,2.59,1.04,1.15,2.2,0.46
02-05-2020,0.3,0.23,1.19,31.82,2.28,0.8,0.68,4.28,0.26
03-05-2020,0.28,0.22,1.31,10.43,2.57,2.04,0.93,2.86,1.2
04-05-2020,0.25,0.2,1.14,22.28,2.52,0.85,0.69,2.45,0.58
05-05-2020,0.25,0.2,2,23.12,2.83,1.03,0.94,2.51,0.45
06-05-2020,0.22,0.19,2.04,21.19,2.19,0.73,1.65,2.84,0.52
07-05-2020,0.25,0.21,1.46,14.76,2.77,0.82,2.05,2.56,1.14
08-05-2020,0.28,0.18,1.69,15.77,2.9,1.07,1.93,2.55,1.45
09-05-2020,0.26,0.22,1.61,12.83,3.11,1.28,2.48,1.83,0.91
10-05-2020,0.22,0.24,1.3,18.83,2.98,1.02,2.57,3.84,0.58
11-05-2020,0.21,0.23,1.55,14.87,3.15,2.84,2,1.72,0.77
12-05-2020,0.24,0.2,1.5,22.57,2.8,1.18,2.97,1.33,0.58
13-05-2020,0.76,0.19,1.81,31.23,2.08,0.81,3.21,2.29,0.67
14-05-2020,0.38,0.18,1.69,36.63,2.3,0.97,3.77,1.8,0.54
15-05-2020,0.3,0.17,1.41,35.8,3.23,1.34,2.46,1.84,1.12
16-05-2020,0.35,0.14,1.61,35.83,2.7,1.88,2.81,0.73,1.65
17-05-2020,0.27,0.18,2.07,37.71,2.47,2.53,3.6,0.86,1.8
18-05-2020,0.22,0.15,2.42,25.51,2.11,1.37,2.58,1.51,1.64
19-05-2020,0.19,0.14,2.75,31.48,1.68,2.55,2.11,2.06,1.98
20-05-2020,0.18,0.15,1.92,28.63,2.2,2.33,2.24,5.64,1.4
21-05-2020,0.18,0.14,1.72,22.67,1.89,2.6,1.18,3.03,2.77
22-05-2020,0.2,0.15,2.96,29.57,0.8,4.92,1.1,1.7,2.87
23-05-2020,0.23,0.12,2.77,26.11,1,3.68,1.69,2.55,0.94
24-05-2020,0.19,0.15,1.76,30.21,0.64,1.79,2.59,2.36,1.31
25-05-2020,0.25,0.16,1.88,29.01,0.7,1.02,2.88,2.03,1.19
26-05-2020,0.26,0.14,2.51,24.85,0.62,1.05,2.23,2.56,1.15
27-05-2020,0.28,0.13,1.7,12.95,0.71,1.77,1.49,2.7,1.63
28-05-2020,0.4,0.12,1.11,5,0.52,2.38,1.14,2.43,2.06
29-05-2020,0.6,0.12,1.1,0.69,0.63,0.84,1.53,1.66,1.41
30-05-2020,0.58,0.1,0.95,0.54,0.8,0.91,1.65,3.21,1.26
31-05-2020,0.52,0.11,1.05,0.59,1.56,1.04,1.44,2.08,1.46
01-06-2020,0.52,0.13,1.94,1.07,2.39,1.57,1.74,2.47,1.62
02-06-2020,0.59,0.08,1.75,1.05,1.92,1.01,2.95,1.37,1.19
03-06-2020,0.67,0.1,1.93,1.48,1.18,0.5,2.5,2.65,1.45
04-06-2020,0.67,0.03,2.79,1.32,1.67,0.34,2.77,3.06,1.46
05-06-2020,0.92,0.11,2,0.82,1.54,0.53,2.03,4.5,1.01
06-06-2020,0.66,0.11,1.6,4.66,1.83,0.59,2.39,2.57,1.03
07-06-2020,0.73,0.12,1.82,29.74,1.95,0.69,2.5,3.07,0.72
08-06-2020,0.73,0.06,1.99,24.99,1.29,0.69,2.18,3.47,0.68
09-06-2020,0.71,0.07,2.23,20.81,2.03,0.76,3.11,4.07,0.58
10-06-2020,1.05,0.12,2.17,6.83,1.83,1.2,2.34,2.96,0.48
11-06-2020,1.03,0.1,1.84,15.04,1.21,1.24,1.9,5.29,0.37
12-06-2020,0.82,0.09,2.16,15.65,1.8,0.8,1.39,4.77,0.55
13-06-2020,0.81,0.06,2.09,11.53,1.62,0.43,1.36,3.06,1.27
14-06-2020,0.86,0.06,2.42,11.3,1.88,0.38,1.24,2.29,0.94
15-06-2020,0.63,0.05,1.9,11.1,2.47,0.42,1.46,3.13,0.88
16-06-2020,0.38,0.09,1.99,10.26,1.88,0.29,1.57,3.77,0.84
17-06-2020,0.27,0.08,1.55,7.81,2.32,0.48,1.61,2.96,0.4
18-06-2020,1.31,0.07,1.5,7.68,2.34,0.37,1.95,4.38,0.64
19-06-2020,0.45,0.16,1.69,13.7,2.49,0.64,1.72,2.55,0.26
20-06-2020,0.39,0.1,1.42,19.92,0.9,0.66,1.55,3.14,0.18
21-06-2020,0.37,0.1,1.51,15.74,1.11,0.68,1.33,3.1,0.22
22-06-2020,0.46,0.1,1.54,10.45,2.26,0.83,1.76,3.99,0.47
23-06-2020,0.39,0.12,1.25,5.96,1.4,1.34,1.35,2.88,0.36
24-06-2020,0.33,0.08,1.28,7.36,1.89,0.93,1.2,2.99,0.67
25-06-2020,0.4,0.1,1.59,8.81,1.7,1.13,1.95,1.28,0.59
26-06-2020,0.25,0.12,2.07,8.8,0.73,0.76,1.17,1.45,0.5
27-06-2020,0.21,0.1,1.69,10.16,0.82,0.88,1.09,2.24,0.23
28-06-2020,0.12,0.09,1.71,10.98,0.85,0.82,1.18,0.74,0.16
29-06-2020,0.17,0.09,2.13,15.05,0.47,1.31,1.51,0.01,0.22
30-06-2020,0.18,0.17,1.57,21.78,0.73,1.45,1.58,0,0.48
01-07-2020,0.27,0.09,2.03,7.79,0.78,1.31,1.73,2.65,0.22
