Date,Bengaluru,Chennai,Delhi,Lucknow,Hyderabad,Patna,Gurugram,Amritsar,Jaipur,Thiruvananthapuram
26-09-2017,29.13,24.7,27.52,16.86,20.98,23.4,20.74,12.45,43.3,8.78
27-09-2017,38.34,27.26,21.39,19.01,23.27,56.05,21.09,9.49,48.71,5.99
28-09-2017,24.81,23.67,38.55,37.57,20.69,30.04,19.41,8.96,47.48,8.17
29-09-2017,29.64,15.34,29.45,34.9,18.5,10.05,21.31,11.8,54.73,6.39
30-09-2017,26.24,15.25,26.08,31.24,17.45,13.24,21.3,12.08,58.87,4.43
01-10-2017,27.01,14.93,28.66,26.32,11.81,22.17,21.61,8.57,57.12,1.96
02-10-2017,25.68,12.88,25.2,24.24,11.9,16.61,21.9,7.54,49.69,1.49
03-10-2017,25.43,13.93,26.09,34.36,18.96,20.42,20.41,6.41,54.68,4.31
04-10-2017,24.72,15.77,28.99,25.47,22.44,25.61,19.46,4.97,60.61,5.03
05-10-2017,32.24,14.73,24.45,36.5,22.79,21.29,17.3,5.76,46.53,5.51
06-10-2017,28.49,15.1,27.44,37.58,19.44,27.38,22.53,6.79,52.72,3.42
07-10-2017,26.77,14.14,25.61,43.59,24.12,22.59,24.96,16.28,45.85,4.91
08-10-2017,22.5,14.77,24.51,34.46,24.14,49.33,22.23,14.52,44.42,3.03
09-10-2017,25,15.45,27.06,41.3,17.7,23.42,24.67,14.12,47.37,5.41
10-10-2017,29.03,15.98,31.67,34.8,24.18,20.6,24.35,16.26,50.37,5.76
11-10-2017,31.64,20.16,30.92,30.57,25.01,57.94,24.58,18.4,32.03,6.1
12-10-2017,30.86,20.18,31.1,44.26,26.83,34.38,23.5,20.54,18.55,6.45
13-10-2017,30.63,22.36,29.16,62.28,19.29,31.69,24.82,22.67,21.24,6.79
14-10-2017,28.07,21.73,30.14,53.25,25.1,29.8,24.63,24.81,22.34,7.14
15-10-2017,34.04,17.74,30,59.68,22.1,63.63,24.47,26.95,25.56,7.49
16-10-2017,29.07,18.88,58.53,72.26,45.32,44.6,25.86,29.09,15.79,7.83
17-10-2017,35.25,19.66,57.08,71.24,36.5,48.54,28.9,31.23,49.67,8.18
18-10-2017,41.73,24.61,63.15,55.68,34.49,44.41,30.12,33.37,35.33,8.52
19-10-2017,32.42,26.9,53.51,36.49,30.6,35.42,30.39,37.98,29.65,8.87
20-10-2017,40.38,19.36,54.76,29.79,20.04,22.25,30.55,40.11,22.99,3.12
21-10-2017,32.18,22.86,50.13,30.05,18.74,28.58,28.47,32.77,26.3,6.55
22-10-2017,31.05,21.36,55.88,57.38,17.27,52.75,27.88,35.42,30.26,8.7
23-10-2017,33.32,25.92,64.25,80.44,21.46,76.92,27.45,41.72,32.33,10.85
24-10-2017,44.63,21.91,81.33,75.27,24.35,85.68,27.38,40.37,29.67,3.2
25-10-2017,43.04,18.11,80.62,86.12,48.16,65.7,27.71,46.16,36.99,3.483333333
26-10-2017,39.14,19.04,90.56,89.66,34.37,45.43,27.85,41.42,26,3.766666667
27-10-2017,36.53,20.74,65.44,83.17,24.22,42.9,26.91,39.46,25.3,4.05
28-10-2017,39.18,19.51,84.45,84.41,40.69,85.82,23.76,39.01,33.57,5.1475
29-10-2017,39.01,21.3,60.61,55.4,25.47,55.14,23.9,39.44,27.97,6.245
30-10-2017,32.5,18.46,69.51,59.52,34.42,52.44,22.5,39.07,37.92,7.3425
31-10-2017,33.67,21.69,53.08,61.21,43.37,36,23.04,41.44,52.65,8.44
01-11-2017,24.85,20.35,46.83,44.85,46.37,43.645,23.15,39.11,60.14,7.14
02-11-2017,26.81,18.51,47.7,51.53,37.68,51.29,23.7,32.27,65.02,8.94
03-11-2017,29.41,21.2,46.49,56.67,37.44,226.06,24.04,29.28,55.5,10.28
04-11-2017,34.07,23.88,47.28,52.58,35.86,163.2,25.68,37.42,34.61,9.8
05-11-2017,29.05,16.96,60.56,49.04,31.18,137.49,24.27,17.91,32.01,6.54
06-11-2017,29.82,20.49,57.27,50.59,39.1,136.02,22.3,42.09,64.42,12.03
07-11-2017,33.64,21.37,65.17,59.57,43.63,143.99,23.36,30.81,84.94,11.58
08-11-2017,33.43,18.77,77.51,60.72,40.59,173.62,22.88,28.37,62.27,14.55
09-11-2017,37.65,19.51,81.67,55.77,39.12,173.39,22.78,21.98,64.47,10.9
10-11-2017,30.19,24.71,80.73,51.14,35.39,266.46,22.97,21.68,81.3,12.12
11-11-2017,36.09,21.71,78.61,52.54,42.21,178.84,23.17,24.95,72.86,9.55
12-11-2017,36.27,18.9,70.1,38.8,42.84,141.94,22.99,29.61,64.07,10.23
13-11-2017,32.51,27.69,65.77,62.1,37.83,169.82,22.82,20.89,61.48,15.04
14-11-2017,30.57,25.74,56.46,60.79,39.01,239.18,22.41,5.2,22.51,13.97
15-11-2017,27.55,37.3,57.85,56.89,36.07,137.59,21.82,13.71,25.04,12.42
16-11-2017,34.47,38.77,53.86,54.05,34.29,108.12,22.41,41.92,22.1,14.55
17-11-2017,30.34,25.49,47.38,46.83,33.87,130.19,20.19,31.94,25.8,13.2
18-11-2017,36.57,23.56,43.91,50.47,32.58,177.7,26.29,7.07,25.34,10.77
19-11-2017,39.44,19.17,45.6,49.27,34.18,173.97,24.87,12.22,25.3,6.98
20-11-2017,36.61,19.09,52.73,42.64,36.84,112.13,22.77,31.96,27.79,9.87
21-11-2017,34.1,22.22,54.75,48.07,39.07,110.96,22.83,46.82,39.4,9.95
22-11-2017,37.02,23.9,54.64,59.73,32.25,115.89,24.36,47.59,44.86,12.26
23-11-2017,42.75,29.82,55.04,60.97,37.91,76.32,24.25,48.8,57.6,13.04
24-11-2017,46.1,27.44,64.15,63.91,35.4,100.81,24.32,49.18,94.41,12.84
25-11-2017,50.65,29.43,76.48,73.69,37.5,53.74,23.82,50.9,117.03,17.42
26-11-2017,48.12,20.3,67.6,59.21,50.36,31.58,22.55,50.56,118.92,10.95
27-11-2017,47.51,22.88,68.93,60.42,52.99,28.56,22.46,45.09,100.76,13.9
28-11-2017,50.06,24.99,62.53,66.88,54.18,29.44,21.94,41.77,103.82,13.53
29-11-2017,39.39,22.77,75.37,92.62,45.7,31.01,21.92,30.53,108.17,8.82
30-11-2017,32.3,18.18,57.73,80.71,45.03,29.49,16.36,33.22,95.01,4.08
01-12-2017,31.43,19.48,56.83,73.94,37.15,28.68,17.64,35.25,85.5,6.78
02-12-2017,35.74,22.98,65.66,68.12,35.14,29.81,11.91,23.9,66.57,8.07
03-12-2017,42.05,20.28,65.83,69.83,38.05,20.7,13.41,14.57,70.26,9.14
04-12-2017,42.47,20.66,65.49,68.83,37.31,21.84,17.33,7.36,62.8,7.84
05-12-2017,40.08,23.6,64.61,54.82,29.67,23.83,19.69,3.08,42.43,9.383333333
06-12-2017,44.52,24.27,51.02,48.21,30.32,21.09,18.95,102.85,27.2,10.92666667
07-12-2017,47.64,27.5,45.83,46.04,40.86,14.26,18.98,49.15,29.33,12.47
08-12-2017,66.21,30.39,53.85,53.18,39.18,13,19.38,20.28,26.92,5.31
09-12-2017,62.95,31.89,70.14,64.87,38.26,166.01,19.6,19.17,26.37,5.57
10-12-2017,57.89,25.72,83.94,73.96,37.26,142.62,18.97,18.62,21.7,5.73
11-12-2017,38.93,20.47,71.25,73.78,48.48,166.19,19.13,13.03,19.59,6.12
12-12-2017,33.87,23.37,45.94,72.23,62.23,152.65,16.58,10.07,21.16,6.2
13-12-2017,39.02,16.18,40.27,60.94,50.13,121.4,17.72,16.09,20.25,6.38
14-12-2017,43.69,18.6,36.59,47.79,39.48,114.96,18.04,16.29,15.56,8.35
15-12-2017,81.78,21.82,34.73,49.63,38.85,104.52,21.88,18.12,18.51,8.08
16-12-2017,42.57,26.4,29.84,47.58,48.12,78.7,22.53,19.43,14.84,8.52
17-12-2017,48.64,18.91,37.37,56.93,47.26,36.81,22.57,20.54,12.72,7.28
18-12-2017,63.33,21.38,45.8,67.75,37.36,73.19,21.96,21.39,11.7,6.68
19-12-2017,50.27,25.36,54.84,78.85,49.48,103.91,22.59,22.07,4.9,5.55
20-12-2017,80.93,27.36,66.41,76.92,67.71,55.57,21.29,23.33,38.79,5.68
21-12-2017,115.11,21.58,61.63,57.72,68.63,15.5,19.52,42.63,27.05,4.42
22-12-2017,142.35,23.85,50.73,52.36,73.32,89.01,19.99,25.53,22.79,5.42
23-12-2017,61.7,24.36,50.97,54.32,65.66,122.68,20.54,26.12,39.61,3.96
24-12-2017,31.49,23.99,66.65,59.58,63.74,95.82,20.37,28.36,48.02,4.35
25-12-2017,29.62,21.51,58.92,49.73,56.9,127.19,20.09,28.77,42.35,3.86
26-12-2017,32.19,25.27,57.6,52.13,53.18,44.58,20.41,28.1,52.75,7.01
27-12-2017,44.73,23.92,65.61,59.6,55.68,31.26,25.1,28.78,26.19,9.64
28-12-2017,44.56,28.09,70.25,53.57,60.71,11.99,24.32,26.62,37.42,9.2
29-12-2017,48.73,28.73,59.7,46.83,67.12,5.83,20.61,27.47,48.94,11.28
30-12-2017,42.6,20.64,60.4,56.08,67.32,34.49,21.79,28.81,48.01,10.86
31-12-2017,41.94,12.16,66.97,53.25,62.26,72.24,23.48,30.4,34.78,6.57
01-01-2018,42.23,13.63,63.92,41.05,54.46,48.77,24.02,30.43,43.34,8.79
02-01-2018,41.7,14.95,53.73,34.35,51.51,22.89,20.52,31.25,43.11,7.51
03-01-2018,50.19,17.75,52.24,38.57,46.8,89.94,19.46,29.9,84.12,10.46
04-01-2018,46.14,18.64,61.57,46.68,60.89,54.31,21.19,34.99,70.61,16.88
05-01-2018,52.5,17.43,54.8,48.41,63.88,21.22,19.77,40.08,69.13,15.1
06-01-2018,51.77,17.86,59.12,49.57,63.11,69.63,22.95,45.17,70.75,16.16
07-01-2018,49.36,15.6,47.02,53.94,55.39,96.31,20.24,50.26,58.29,10.07
08-01-2018,46.38,16.08,51.6,58.74,51.85,93.6,19.77,55.34,76.84,17.84
09-01-2018,43.41,14.02,66.19,45.21,53.96,43.78,19.26,60.43,69.36,18.3
10-01-2018,29.81,14.84,60.21,46.46,53.36,56.84,25.92,65.52,85.95,15.68
11-01-2018,45.27,18.07,63.57,48.82,59.3,78.47,20.41,70.61,102.56,15.84
12-01-2018,36.51,17.84,65.3,54.54,64.97,92.22,17.25,75.7,73.96,15.32
13-01-2018,43.3,20.65,61.28,52.45,59.98,69.93,18.55,78.17,81.74,14.84
14-01-2018,44.87,14.82,54.37,62.82,54.79,30.04,20.07,94.18,27.88,10.5
15-01-2018,33.96,11.26,52.51,61.77,37.89,63.83,20.9,86.72,16.57,15.14
16-01-2018,41.68,11,46.86,45.9,39.7,80.13,23.32,79.22,14.07,17.55
17-01-2018,37.47,16.94,47.86,47.58,45.06,34.98,24.21,77.4,16.29,15.92
18-01-2018,39.62,20.78,55.08,46.32,55.84,28.23,21.92,78.11,13.42,14.03
19-01-2018,38.68,20.38,49.45,54.83,56.03,47.74,25.37,77.61,14.47,16.13
20-01-2018,38.67,22.48,38.87,49.43,60.93,64.21,30.89,76.93,17.15,18.91
21-01-2018,33.77,20.48,44.09,49.76,56.67,65.33,23.21,76.91,18.37,12.51
22-01-2018,34.14,20.41,56.45,51.54,50.74,44.39,24.56,77.1,17.24,17.52
23-01-2018,35.2,19.77,47.26,49.56,46.04,70.96,20.49,78.77,22.56,16.8
24-01-2018,44.92,21.32,35.33,37.49,42.71,38.37,19.16,78.52,40.92,13.4
25-01-2018,33.76,21,40.13,31.58,54.52,22,19.98,79.24,43.76,11.85
26-01-2018,32.42,18.96,38.17,35.09,56.49,9.39,21.07,79.01,47.69,14.22
27-01-2018,36.38,19.89,45.14,36.02,55.38,45.47,22.67,60.24,35.06,11.75
28-01-2018,30.66,18.29,47.6,38.93,49.3,23.39,21.79,34.3,32.42,13.8
29-01-2018,36.21,18.74,54.51,45.62,46.08,14.36,19.5,45.86,31.76,16.42
30-01-2018,32.79,22.09,47.59,34.43,51.91,85.07,25.17,47.57,42.64,12.11
31-01-2018,36.09,23.76,45.46,26.38,59.99,73.46,24.49,53.42,34.65,14.05
01-02-2018,49.14,22.16,63.88,33.39,67.8,15.13,21.94,54.79,19.91,9.16
02-02-2018,42.78,19.5,54.28,40.26,68.01,8.15,20.99,59.83,18.69,21.42
03-02-2018,33.25,21.27,51.46,54.6,53.31,94.99,22.73,65.5,22.09,16.6
04-02-2018,32.25,17.68,46.74,32.99,41.49,121.91,22.13,70.81,24.31,12.04
05-02-2018,32.53,20.26,63.42,34.06,43.96,51.45,14.39,57.73,25.7,12.09
06-02-2018,29.05,23.45,56.51,28.92,58.09,33.34,14.59,49.52,21.31,11.41
07-02-2018,30.04,19.56,54.53,35.64,72.8,28.87,13.9,42.42,21.3,11.18
08-02-2018,45.34,20.56,74.83,36.42,59.37,25.44,14.57,49.05,25.11,14.71
09-02-2018,43.01,18.92,74.5,34.68,55.81,24.45,14.73,49.28,21.12,15.58
10-02-2018,39.51,20.61,99.06,38.79,53.5,21.58,15.16,61.48,17.46,12.29
11-02-2018,23.84,17.7,62.4,56.72,28.9,21.11,13.5,48.94,14.99,20.97
12-02-2018,24.85,16.23,33.08,37.19,20.55,28.34,18.77,35.24,19.03,21.56
13-02-2018,17.2,19.55,46.48,33.81,31.98,25.05,19.12,28.35,28.36,19.57
14-02-2018,17.59,22.9,34.92,24.51,44.77,22.2,40.25,33.5,27.64,18.51
15-02-2018,18.7,21.91,38.54,25.39,48.93,20.64,60.78,33.41,28.2,20.75
16-02-2018,30.03,16.26,48.33,21.43,51.24,22.42,47.41,30.42,33.56,20.96
17-02-2018,37.85,13.41,49.9,26.73,60.23,49.33,48.66,9.04,44.05,18.84
18-02-2018,22.89,15.41,50.94,36.45,58.63,50.97,45.69,11.58,39.2,14.43
19-02-2018,26.23,14.05,71.76,37.62,44.16,27.98,27.81,13.27,41.52,19.02
20-02-2018,22.48,15.79,68.29,41.48,41.75,53.98,29.35,13.13,64.87,19.72
21-02-2018,32.97,14.74,92.54,50.36,46.91,37.18,30.89,9.71,60.04,20.39
22-02-2018,39.61,14.41,66.4,48.38,49.21,24.31,32.43,10.2,48.54,17.82
23-02-2018,31.9,13.99,70.77,55.31,48,16.69,33.97,13.52,48.56,20.09
24-02-2018,19.98,12.06,62.66,54.01,43.62,15.04,35.52,10.8,49.15,18.48
25-02-2018,14.46,11.05,42.88,31.02,51.65,12.49,37.06,8.335,37.71,17.06
26-02-2018,27.46,12.98,33.59,19.72,65.82,10.87,38.6,5.87,43.16,15.64
27-02-2018,26.31,15.12,43.12,25.24,67.65,12.2,40.14,9.93,39.9,15.34
28-02-2018,32.9,15.61,52.5,28.14,70.43,11.46,41.68,9.32,39.98,16.4
01-03-2018,27.41,11.85,51.74,26.97,65.26,43.3,43.22,9.46,34.24,15.53
02-03-2018,38.24,11.84,50.64,21.7,56.01,30.15,49.83,7.56,38.45,13.31
03-03-2018,36.26,12.93,41.07,20.46,45.04,12.22,45.8,8.99,50.57,13.26
04-03-2018,24.85,13.37,39.02,25.72,49.19,15.2,41.31,9.64,45.56,13.21
05-03-2018,34.44,10.82,39.58,20.32,45.37,12.81,43.05,6.09,39.92,13.94
06-03-2018,32.76,12.83,37.92,21.47,38.91,12.89,47.72,4.86,47.97,13.27
07-03-2018,25.14,16.63,45.6,28.95,43.04,14.36,49.61,9.45,51.18,14.89
08-03-2018,27.15,22.6,79.5,44.32,49.93,15.37,46.74,10.5,43.17,15.59
09-03-2018,47.26,16.09,65.86,33.39,52.67,15.68,46.58,9.14,39.37,11.94
10-03-2018,37.1,16.87,39.85,26.41,49.74,10.91,45.04,9.03,38.12,15.05
11-03-2018,22.32,15.41,41.81,28.51,35.56,11.26,52.91,9.54,42.62,16.69
12-03-2018,17.43,14.81,45.32,29.11,40.44,64.69,46.3,8.7,47.37,15.94
13-03-2018,14.01,12.19,56.5,31.03,41.84,133.91,45.01,8,47.85,15.51
14-03-2018,16.94,15.1,64.82,58.62,45.05,136.34,49.8,8.52,41.97,11.66
15-03-2018,22.08,17.35,48.86,50.15,37.4,91.67,41.28,6.89,42.68,8.65
16-03-2018,28.79,17.5,41.48,32.71,39.37,60.8,44.67,13.74,36.64,8.18
17-03-2018,27.98,21.89,32.61,33.09,33.36,35.51,50.49,14.15,37.36,11.64
18-03-2018,16.69,18.04,31.72,28.74,32.85,26.89,36.15,15.46,34.5,13.71
19-03-2018,24.94,18.55,43.85,34.84,41.03,59.86,34.26,14.56,29.87,13.36
20-03-2018,35.38,17.18,55.71,35.27,47.03,57.93,36.81,12.76,39.72,15.58
21-03-2018,31.97,19.74,45.33,56.86,45.49,25.52,37.25,4.88,34.22,13.82
22-03-2018,50.97,18.66,33.49,36.65,52.52,24.01,40.39,4.94,29.2,9.81
23-03-2018,62.66,17.43,34.53,28.72,58.35,19.49,45.21,4.88,29.49,9.99
24-03-2018,27.94,13.95,37.32,31.61,63.27,13.32,44.52,11.11,38.26,12.55
25-03-2018,27.43,11.45,34.66,27.88,49.1,13.55,48.32,13.02,40.11,13.53
26-03-2018,35.66,17.56,41.2,31.96,39.51,19.36,46.26,14.09,48.03,16.65
27-03-2018,34.2,19.36,60.75,34.22,44.63,16.42,37.89,12.94,53,14.58
28-03-2018,39.985,20.71,71.04,54.89,40.84,13.69,38.23,11.72,34.58,14.6
29-03-2018,45.77,21.13,41.56,42.21,48.19,17.46,22.82,13.6,34.81,14.14
30-03-2018,25.98,17.4,45.84,49.41,40.32,11.04,21.1,10.03,35.24,8.64
31-03-2018,24.6,17.85,44.76,47.7,41.99,39.14,19.05,6.46,28.65,10.19
01-04-2018,22.45,18.58,37.97,81.53,31.47,47.12,19.5,8.85,26.69,9.95
02-04-2018,26.81,21.64,48.52,46.42,38.98,44.77,21.92,6.95,29.31,8.04
03-04-2018,40.15,18.82,51.63,82.93,40.96,41.75,18.88,6.36,33.62,11.49
04-04-2018,35.38,22.47,52.51,60.3,39.39,28.06,19.24,2.24,37.81,13.51
05-04-2018,33.5,19.4,60.24,51.18,36.55,19.65,20.31,16.91,35.89,10.07
06-04-2018,37.46,23.13,44.92,48.9,42.39,15.87,20.93,17.53,24.82,12.99
07-04-2018,28.66,18.76,36.94,43.15,50.76,13.98,19.17,17.85,34.27,11.27
08-04-2018,24.25,16.5,34.29,58.47,35.94,15.41,17.28,17.43,22.81,8.42
09-04-2018,23.57,18.95,39.45,53.26,41.16,15.03,16.65,11.57,25.52,9.04
10-04-2018,29.63,15.68,45.16,49.71,38.69,12.71,17.64,2.45,28.91,10.9
11-04-2018,24.34,18.65,32.33,49.9,31.01,12.96,17.12,4.58,30.38,9.67
12-04-2018,26.2,17.92,40.94,33.17,42.54,12.38,18.24,237.27,25.04,9.08
13-04-2018,25.44,23.73,54.68,37.3,33.9,17.19,18.93,25.06,39.4,14.89
14-04-2018,22,20.28,59.41,41.55,30.02,44.83,20.76,22.42,36.24,10.86
15-04-2018,16.94,18.36,67.79,54,31.86,26.93,18.12,21.13,35.9,11.68
16-04-2018,19.09,20.35,76.17,59.66,45.36,17.9,18.46,16.37,40.43,12.86
17-04-2018,27.27,21.92,57.84,59.62,38.79,12.72,16.45,16.99,35.93,14.32
18-04-2018,30.93,21.77,40.44,36.82,35.18,11.83,53.93166667,4.89,37.14,18.95
19-04-2018,27.36,23.87,51.78,39.18,44.05,10.9,91.41333333,9.02,45.78,12.49
20-04-2018,32.2,23.67,40.56,59.83,44.88,7.72,128.895,9.46,38.54,14.91
21-04-2018,37.81,24.81,30.99,33.34,51.13,7.16,166.3766667,8.67,30.55,14.21
22-04-2018,19.6,20.92,31.63,27.16,39.3,9.21,203.8583333,8.81,34.2,11.86
23-04-2018,19.98,21.53,39.43,33.33,28.02,10.82,241.34,8.82,33.55,13.39
24-04-2018,29.87,23.98,57.07,50.62,35.48,14.17,123.27,8.64,48.53,9.46
25-04-2018,53.65,22.21,82.47,75.06,29.59,60.37,5.2,9.24,60.46,12.39
26-04-2018,24.84,26.2,78.5,58.11,35.66,72.06,2.45,8.67,49.13,12.32
27-04-2018,20.7,31.66,49.86,54.16,35.85,80.46,4.04,9.99,53.92,14.31
28-04-2018,21.73,33.17,36.11,62.8,30.66,72,5.573333333,10.58,44.65,14.79
29-04-2018,28.96,31.66,42.57,59.94,30.99,58.32,7.106666667,10.58,32.45,11.89
30-04-2018,25.4,40.82,46.42,53.32,39.52,67.75,8.64,10.64,34.49,11.71
01-05-2018,18.64,98.77,33.37,54.06,32.08,54.46,12.64,11.04,40.11,8.97
02-05-2018,24.39,70,34.14,53.33,31.21,47.36,12.5,10.25,29.32,9.89
03-05-2018,34.25,32.62,31.77,53.34,27.73,38.1,16.8,8.35,26.94,12.9
04-05-2018,26.78,73.31,30.44,64.43,31.67,57.53,16.46,8.24,25.09,9.75
05-05-2018,33.46,79.04,46.75,65.69,30.11,81.98,14.6,8.23,34.71,9.51
06-05-2018,24.55,39.13,53.69,63.88,28.95,77.23,17.81,8.22,25.6,9.51
07-05-2018,60.58,36.82,54.75,55.62,28.72,83.89,16.28,8.26,26.45,11.28
08-05-2018,33.39,39.54,27.66,64.5,43.5,87.59,17.43,8.21,29.69,9.77
09-05-2018,27.7,47,46.09,42.53,37.73,89.41,20.86,8.25,24.3,13.19
10-05-2018,27.51,30.4,52.15,49.09,31.53,87.17,21.97,8.25,35.04,11.06
11-05-2018,39.99,27.47,65.41,77.7,31.48,33.52,23.26,8.24,46.07,10.15
12-05-2018,24.22,25.94,74.13,48.53,31.04,17.54,23.65,8.26,36.61,9.79
13-05-2018,26.31,23.98,31.22,43.8,32.48,12.48,23.83,8.22,32.45,8.45
14-05-2018,47.07,24.3,40.3,48.23,26.02,12.41,23.42,8.22,24.54,12.44
15-05-2018,41.15,25.39,39.81,61.01,24.04,47.51,24.07,8.23,27.49,15.18
16-05-2018,34.6,25.05,41.79,64,33.42,64.53,24.1,8.27,41.27,10.55
17-05-2018,24,24.77,44.14,45.31,41.31,46.29,27.83,8.35,37.41,8.35
18-05-2018,33.14,25.61,53.88,52.96,35.51,26.78,27.5,8.41,38.21,8.44
19-05-2018,42.69,23.85,65.52,48.42,37.25,17.14,29.13,8.25,16.03,6.8
20-05-2018,18.67,22.6,45.88,45.39,29.22,16.78,28.77,8.47,21.16,3.92
21-05-2018,33.17,23.98,42.68,45.56,32.24,14.69,25.72,8.61,19.16,5.86
22-05-2018,35.39,32.72,59.07,56.21,27.06,7.69,27.54,8.4,27.86,12.91
23-05-2018,35.36,24.14,77.28,48.21,33.71,3.76,27.3,8.31,36.46,12.1
24-05-2018,32.53,24.44,57.51,40.81,32.39,2.38,27.39,8.33,30.38,11.73
25-05-2018,30.05,21.67,59.34,31.65,31.54,72.64,28.58,8.56,54.59,17.27
26-05-2018,30.58,20.58,64.88,51.6,25.79,72.08,37.96,8.34,44.26,15.31
27-05-2018,29.69,20.89,58.31,41.14,26.65,49.15,38.3,8.3,27.59,8.48
28-05-2018,18.87,19.46,54.01,36.21,25.45,52.74,30.64,8.24,41.91,7.56
29-05-2018,15.29,20.06,60.34,33.23,28.48,70.91,33.08,8.36,29.36,7.98
30-05-2018,21.27,20.48,33.21,45.48,26.77,76.1,28.38,8.69,22.64,12.02
31-05-2018,22.99,20.55,40.76,72.12,25.25,66.15,31.75,22.51,33.95,15.81
01-06-2018,25.48,23.83,30.14,60.91,31.53,78.7,27.94,8.55,24.45,16.73
02-06-2018,35.43,23.29,29.28,28.84,35.45,80.13,27.59,8.57,22.31,16.03
03-06-2018,22.36,22.96,31.51,28.97,29.14,74.34,27.61,8.4,19.95,13.39
04-06-2018,20.58,22.99,30.68,29.4,26.22,76.14,26.74,9.97,20.29,17.41
05-06-2018,16.5,22.66,27.67,28.77,30.16,106.35,24.67,9.6,12.82,22.39
06-06-2018,17.25,25.11,31.11,20.37,29.59,105.97,26.52,13.415,15.35,14.35
07-06-2018,16.84,22.5,33.8,15.65,22.53,95.73,28.71,17.23,17.07,19.38
08-06-2018,15.8,21.78,31.27,13.02,22.16,67.95,22.45,29.71,19.03,9.14
09-06-2018,16.01,20.74,27.39,16.06,22.16,54.03,23.33,6.05,18.54,2.08
10-06-2018,20.85,19.98,34.23,13.45,20.62,38.81,25.38,18.11,18.04,1.89
11-06-2018,15.51,23.47,34.85,15.31,23.24,34.12,24.04,48.32,18.3,5.15
12-06-2018,13.32,23.69,31.72,25.79,23.7,30.59,25.31,91.53,22.09,9.16
13-06-2018,15.9,32.22,25.75,24.58,21.31,26.2,28.12,13.99,18.75,13.25
14-06-2018,19.26,24.55,25.37,28.15,23.31,15.39,27.75,17.41,15.67,9.14
15-06-2018,23.54,21.03,24.61,28.86,20.05,48.15,26.97,14.54,19.28,9.67
16-06-2018,18.63,21.35,25,26.36,20.48,80.91,27.12,13.25,23.54,14.24
17-06-2018,15.39,23.76,22.78,28.43,20.32,55.9,24.32,13.17,24.46,11.75
18-06-2018,14.75,23.43,26.68,31.83,20.17,80.83,23.53,14.08,21.54,14.69
19-06-2018,12.51,20.36,26.52,32.94,18.2,117.08,22.3,15.08,20.24,12.1
20-06-2018,14.01,26.73,33.71,36.14,21.39,116.89,21.56,16.37,22.97,10.55
21-06-2018,20.26,20.06,34.82,37.4,22.02,109.9,21.66,17.25,25.52,12.9
22-06-2018,31.69,20.51,45.06,28.77,28.03,87.24,19.53,16.96,30.02,14.11
23-06-2018,23.67,21.55,44.23,27.02,23.78,61.85,19.98,16.48,19.31,13.06
24-06-2018,15.51,19.88,34.98,27.8,20.56,62.02,21.91,16.47,19.87,10.06
25-06-2018,14.77,21.68,34.92,32.87,20.7,57.07,21.85,16.07,18.64,8.46
26-06-2018,13.9,21.88,34.16,28.52,23.21,39.6,22,15.85,21.35,5.81
27-06-2018,15.17,20.83,31,26.26,28.07,67.25,19.69,16.22,23.61,2.6
28-06-2018,17.93,20.9,29.01,24.33,24.39,78.12,20.66,16.14,12.34,5.59
29-06-2018,17.94,21.91,30.43,25.51,22.68,96,21.7,16.86,15.56,8.25
30-06-2018,33.04,20.79,32.89,26.48,26.4,101.49,21.64,17.53,14.69,10.12
01-07-2018,22.68,19.07,28.46,26.7,27.03,80.54,21.38,18.89,22.37,7.74
02-07-2018,27.31,19.61,25.74,26.85,24.21,76.11,21.42,18.79,20.43,9
03-07-2018,20.07,18.16,37.27,27.02,23.43,63.66,21.69,18.68,18.48,9.57
04-07-2018,15.35,19.43,31.17,26.46,22.07,64.3,21.43,18.73,16.82,6.67
05-07-2018,17.48,21.43,38.05,27.49,22.74,78.54,21.37,7.37,15.53,7.66
06-07-2018,16.86,23.44,36.71,31.56,26,90.11,21.7,9.12,16.71,8.43
07-07-2018,17.49,24.81,34.43,30.29,27.25,91.4,21.25,9.3,17.3,8.66
08-07-2018,14.5,20.86,39.85,23.81,25.11,85.25,21.09,9.2,18.38,7.14
09-07-2018,18.16,19.03,35.14,24.3,23.21,94.98,21.29,9.17,16.79,11.32
10-07-2018,20.32,19.54,28.19,23.38,21.7,70.17,21.43,10.8,15.06,14.09
11-07-2018,16.23,19.78,31.82,25.75,23.04,76.16,21.14,10.06,18.88,12.2
12-07-2018,14.74,19.71,34.22,25.94,22.14,82.57,23.22,8.76,17.37,10.8
13-07-2018,15.78,23.06,31.94,27.2,20.22,74.62,25.72,9.01,18.46,11.87
14-07-2018,15.81,20.11,31.63,27.28,26.02,76.62,25.79,9.18,18.85,8.59
15-07-2018,12.25,19.19,28.9,26.88,25.58,66.91,25.5,9.43,23.25,6.91
16-07-2018,16.2,18.5,33.31,27.09,21.19,65.36,25.9,9.41,21.92,5.67
17-07-2018,15.05,21.86,30.73,26.16,20.54,62.68,26.12,9.35,20.3,5.97
18-07-2018,13.81,21.3,29.45,27.34,22.64,69.82,25.57,8.82,18.46,8
19-07-2018,16.04,20.18,27.41,30.03,21.97,87.69,25.49,8.73,19.14,9.67
20-07-2018,16.03,20.54,33.46,30.06,22.18,84.65,25.86,8.06,17.72,11.27
21-07-2018,17.69,20.42,36.48,29.87,23.18,70.8,25.94,5.99,14.77,8.35
22-07-2018,14.94,19.34,27.55,27.46,22.42,47.06,26.01,6.06,16.73,4.55
23-07-2018,18.69,19.84,28.74,32.02,21.69,56.8,25.64,6.02,14.22,6.27
24-07-2018,16.37,20.72,29.15,27.5,21.03,53.6,25.69,5.21,13.68,5.95
25-07-2018,18.57,20.48,27.58,27.73,20.4,43.78,25.97,4.85,12.75,6.46
26-07-2018,28.4,21.36,25.1,28.61,20.64,58.33,26.04,4.83,16.85,8.08
27-07-2018,21.86,24.76,23.41,28.22,24.38,49.65,25.44,5.6,16.53,6.93
28-07-2018,17.94,25.2,21.59,30.75,22.38,62.4,24.98,6.7,17.69,8.08
29-07-2018,15.62,22.76,25.02,30.41,28.86,34.19,24.84,6.65,15.94,5.91
30-07-2018,18.15,23.22,25.06,27.87,25.61,47.85,24.81,6.6,17.26,5.95
31-07-2018,19.01,25.1,28.84,28.27,25.13,53.54,25.08,6.63,31.33,12.14
01-08-2018,22.78,25.12,26.14,26.68,25.54,38.33,26.66,7.14,30.99,15.24
02-08-2018,19.33,26.54,25.2,29.66,27.27,57.25,25.24,8.58,20.59,10.09
03-08-2018,18.78,22.93,26.08,28.11,28.85,55.92,26.08,8.94,27.2,8.53
04-08-2018,18.82,22.68,28.77,28.79,25.39,62.25,25,8.67,23.91,8.14
05-08-2018,15.27,21.71,24.82,26.51,27.06,61.2,24.98,8.11,24.05,4.41
06-08-2018,18,22.73,26.59,27.86,23.75,72.71,24.97,8.08,22.21,5.17
07-08-2018,18.39,21.88,26.15,29.47,24.24,69.18,24.78,7.92,26.42,5.07
08-08-2018,20.05,21.79,25.24,26.33,24.82,52.32,24.92,6.56,21.8,7.21
09-08-2018,17.68,21.28,24.98,27.2,27.7,65.15,26.62333333,7.11,19.36,8.03
10-08-2018,16.8,24.69,34.82,36.65,24.89,78.21,28.32666667,7.67,24.58,3.96
11-08-2018,17.12,23.67,24.06,34.12,24.46,70.82,30.03,7.76,23.6,3.27
12-08-2018,13.53,20.63,23.5,41.08,18.71,73.68,31.73333333,7.83,20.85,4.77
13-08-2018,15.3,20.26,25.04,44.17,17.79,84.4,33.43666667,8.79,20.43,7.6
14-08-2018,17.12,17.3,29.49,44.57,27.16,85.04,35.14,10.34,21.97,5.1
15-08-2018,15.93,16.34,23.72,36.47,17.62,53.17,17.04,10.37,20.69,2.62
16-08-2018,16.13,15.11,29.32,27.26,19.87,63.72,19.73,10.24,19.6,6.52
17-08-2018,15.35,17.11,24.58,27.52,20.71,67.01,15.87,9.47,14.35,6.8
18-08-2018,15.9,18.69,26.17,29.83,17.73,102.79,14.49,9.46,17.54,7.48
19-08-2018,16.35,17.73,31.85,28.22,24.8,71.23,14.15,9.47,19.22,5.9
20-08-2018,18.52,18.76,32.54,28.04,21.95,61.59,26.81,10.14,18.9,6.29
21-08-2018,17.55,16.74,27.85,24.24,19.61,56.85,24.04,12.06,20.9,7.29
22-08-2018,17.29,16,28.18,22.78,22.71,62.34,22.49,13.5,22.76,4.72
23-08-2018,17.95,17.76,24.72,25.31,23.7,74.44,17.19,12.01,21.23,5.11
24-08-2018,18.94,16.66,24.6,26.75,24.14,86.44,18.89,13.39,20.67,5.3
25-08-2018,19.62,16.2,22.78,27.9,25.68,68.99,21.4,19.85333333,21.68,4.2
26-08-2018,18.03,16.09,19.92,27.44,24.79,52.77,18.1,26.31666667,21.09,4.5
27-08-2018,19.41,18.75,23.6,27.68,27.1,62.11,31.51,32.78,23.04,4.3
28-08-2018,18.83,17.38,25.52,24.29,27.6,63.67,25.01,11.84,23.31,2.92
29-08-2018,18.42,19.87,26.12,24.84,26.87,55.96,21.34,11.74,19.4,5.04
30-08-2018,17.92,16.49,28.28,28,26.52,69.42,17.24,10.68,19.92,5.23
31-08-2018,23.85,15.98,25.96,30.23,27.25,81,20.75,9.68,18.28,5.98
01-09-2018,18.76,19.22,28.51,27.01,26.37,66.97,19.63,18,19.36,7.1
02-09-2018,17.44,20.74,23.44,28,25.86,60.42,12.48,10.27,20.51,4.64
03-09-2018,20.87,15.68,27.63,30.37,23.73,61.41,24.62,12.7,24.24,6.64
04-09-2018,26.03,16.89,35.94,29.19,25.6,59.32,23.85,11.55,24.24,5.82
05-09-2018,21.06,16.8,30.63,25.52,26.36,79.4,18.1,10.75,22.44,6.44
06-09-2018,21.41,16.96,30.88,30.02,26.76,63.25,20.05,8.52,23.44,6.96
07-09-2018,20.41,16.34,37.91,26.1,22.74,58.4,31.05,7.29,26.35,6.46
08-09-2018,19.4,16.92,26.65,26.09,18.35,66.51,23.91,7.84,18.53,4.86
09-09-2018,23.74,15.16,23.58,27.39,24.19,51.65,15.52,10.65,12.5,5.29
10-09-2018,29.62,18.5,29.61,26.62,32.15,34.21,20.6,10.85,15.6,5.72
11-09-2018,34.78,16.37,26,25.81,38.45,38.85,17.62,15.46,17.24,8.42
12-09-2018,38.97,16.44,24.4,27.41,35.45,28.31,19.36,14.9,18.96,7.36
13-09-2018,38.83,15.41,23.21,25.74,36.44,51,19.48,10.91,17.96,7.82
14-09-2018,42.11,14.86,25.18,23.43,36.56,53.26,20.25,11.35,21.39,9.43
15-09-2018,40.13,16.23,27.72,23.31,36.45,58.81,20.46333333,11.61,23.88,8.62
16-09-2018,35.93,16.5,25.92,24.46,33.93,69.19,20.67666667,11.37,22.94,6.65
17-09-2018,30.55,19.66,29.15,20.97,22.67,68.9,20.89,11.48,24.33,8.43
18-09-2018,24.34,20,29.8,21.56,25.48,76.7,21.96,11.79,25.65,7.9
19-09-2018,23.2,19.13,37.36,27.9,31.56,92.5,31.51,11.69,27.89,8.21
20-09-2018,41.9,21.45,38.16,29.55,30.3,74.02,40.48,11.32,29.68,6.06
21-09-2018,33.38,18.84,26.7,17.07,27.55,44.91,24.47,11.04,17.58,6.71
22-09-2018,30.37,19.48,21.72,18.33,23.11,56.49,19.75,10.85,14.55,6.82
23-09-2018,38.12,14.26,19.88,21.84,27.46,46.64,18.79,3.94,12.4,4.45
24-09-2018,35,15.16,25.07,27.21,36.88,48.48,18.37,0.79,18.08,7.85
25-09-2018,40.97,16.56,25.67,23.78,38.18,52.75,16.72,1.41,24.13,9.65
26-09-2018,28.45,14.65,32.38,21.35,44.83,35.6,22.99,1.41,24.82,6.06
27-09-2018,30.94,13.68,37.42,27.66,36.52,62.2,26.56,4.82,29.87,6.63
28-09-2018,27.64,13.15,44.68,29.35,38.03,71.65,31.23,11.77,28.89,7.34
29-09-2018,25.67,13.36,46.15,34.36,38.38,47.02,27.57,14.45,32.84,7.36
30-09-2018,23.56,13.77,34.52,30.08,37.28,27.07,22.71,14.12,30.4,8.24
01-10-2018,25.53,12.48,40.86,30.43,38.16,25.78,27.4,14.79,30.31,9.79
02-10-2018,19.67,13.11,36.68,33.28,33.16,20.81,27.21,15.03,27.83,7
03-10-2018,20.76,12.81,42.57,35.35,32.41,29.69,17.98,14.44,37.48,9.29
04-10-2018,21.67,15.72,48.01,43.65,33.83,28.71,17.15,18.87,35.71,11.08
05-10-2018,19.47,18.38,53.69,40.02,34.47,31.08,16.88,17.17,37.16,20.9
06-10-2018,19.84,15.29,44.71,45.87,42.33,25.34,16.42,15.89,32.3,8.2
07-10-2018,23.91,13.8,44.81,42.11,39.75,20.9,16.92,15.38,34.63,6.03
08-10-2018,26.49,17.82,56.21,48.29,40.33,25.1,34.39,12.72,41,7.97
09-10-2018,32.27,17.82,54.24,40.53,46.53,29.34,55.75,10.99,37.55,9.25
10-10-2018,34.32,21.12,47.73,34.22,48.32,42.25,57.05,14.43,36.41,9.88
11-10-2018,43.63,19.25,37.74,31.93,43.03,49.72,55.87,21.74,27.52,9.85
12-10-2018,44.04,18.38,44.48,33.9,42.79,50.16,52.45,27.25,28.83,8.94
13-10-2018,41.95,13.52,49.89,31.11,46.54,43.21,44.26,26.32,35.09,6.78
14-10-2018,26.49,15.82,47.34,35.56,36.76,35.98,47,26.49,36.45,4.82
15-10-2018,28.25,12.85,55.44,44.6,35.21,45.56,56.2,23.23,40.58,4.55
16-10-2018,26.88,12.68,64.18,50.16,32.39,36.99,54.17,18.58,42.5,6.51
17-10-2018,22.81,15.63,52.81,46.95,34.67,59.61,57.27,19.97,45.45,7.11
18-10-2018,28.34,17.18,57.64,49.83,31.81,81.21,59.73,20.95,59.26,4.4
19-10-2018,21.84,19.41,54.31,51.55,37.92,63.53,32.5,22.89,53.89,4.3
20-10-2018,25.93,22.31,54.04,47.79,47.2,33.76,39.28,25.08,47.86,6.48
21-10-2018,30.1,16.62,55.77,54.88,44.57,28.98,28.98,29.28,38.28,3.84
22-10-2018,41.15,19.55,55.49,41.35,51.4,25.55,30.62,29.53,47.36,8.11
23-10-2018,43.25,20.24,63.32,53.21,45.12,24.62,42.88,23.73,37.34,4.94
24-10-2018,40.4,19.44,77.72,58.31,46.11,20.9,43.77,24.41,42.32,8.79
25-10-2018,36.95,21.39,72.23,90.95,45.35,25.08,63.88,26.8,41,7.7
26-10-2018,40.42,19.89,74.04,75.24,47.97,25.59,104.13,27.04,35.17,8.97
27-10-2018,45.83,23.1,77.3,76.26,60.75,50.79,68.92,26.26,45.64,10.84
28-10-2018,45.79,20.55,57.66,62.28,46.84,31.28,40.73,28.65,44.02,5.95
29-10-2018,56.14,19.05,62.22,67.07,46.3,20.31,41.14,26.18,56.12,4.42
30-10-2018,58.13,17.96,70.46,78.79,47.35,15.58,57.25,20.66,54.2,3.88
31-10-2018,42.16,17.33,68.02,68.95,47.69,16.93,54.83,22.59,50.16,4.02
01-11-2018,31.6,17.66,71.63,70.3,45.19,14.98,49.81,21.4,55.17,5.92
02-11-2018,24.14,15.78,65.98,82.88,37.54,15.05,40.28,21.19,58.43,11.63
03-11-2018,24.36,14.37,47.39,76.48,32.84,11.22,18.37,27.79,50.46,9.86
04-11-2018,22.91,13.34,34.18,50.08,30.95,8.7,14.74,32.62,40.36,6.96
05-11-2018,28.89,15.35,48.25,39.64,36.41,78.14,27.22,27.03,44.42,8.5
06-11-2018,30.42,17.64,43.78,40.27,39.76,77.33,24.28,38.29,51.35,6.02
07-11-2018,31.2,18.17,45.14,55.44,38.84,61.86,29.92,43.28,46.85,10.97
08-11-2018,32.99,21.91,64.57,54.59,35.89,13.56,52.77,32.62,29.13,13.16
09-11-2018,29.99,16.56,68.25,52.55,42.33,12.18,47.71,38.15,34.38,7.95
10-11-2018,35.38,20.53,79.5,59.83,44.02,11.49,56.69,38.02,44.37,6.01
11-11-2018,37.67,17.52,70.55,62.06,44.85,7.84,55.8,34.95,55.83,3.33
12-11-2018,47.6,19.12,71.88,69.47,50.55,5.58,70.85,37.24,56.75,5.14
13-11-2018,50.42,22.32,74.72,83.09,56.68,3.26,63.71,38.7,64.22,5.85
14-11-2018,56.64,21.1,59.36,59.14,60.17,2.9,39.46,36.97,56.95,5.51
15-11-2018,43.91,16.54,47.83,50.62,52.31,23.75,29.47,23.5,68,5.26
16-11-2018,28.79,14.07,42.41,30.61,45.12,20.9,20.84,35.8,60.76,5.39
17-11-2018,28.7,16.46,51.93,41.79,32.04,14.12,30.37,38.24,47.14,8.59
18-11-2018,20.87,15.57,61.82,66.97,29.19,12.83,37.57,38.26,41.75,3.31
19-11-2018,22.54,13.35,56.73,87.45,32.18,9.89,22.95,29.8,46.42,4.72
20-11-2018,28.52,15.15,63.96,84.92,43.52,5.49,28.02,27.98,51.87,7.13
21-11-2018,28.34,13.69,63.79,66.59,44.09,2.68,31.2,28.7,47.29,6.98
22-11-2018,24.12,17.85,74.93,65.27,46.07,6.07,41.9,34.1,41.72,4.82
23-11-2018,27.32,18.11,61.06,63.59,47.8,12.27,30.75,31.23,46.13,4.23
24-11-2018,29.96,21.25,46.57,61.83,53.95,10.83,18.94,33.26,43.16,5.88
25-11-2018,27.32,18.89,58.16,59.19,50.29,9.22,32.79,36.7,41.7,3.54
26-11-2018,30.65,24.37,68.3,73.13,53.44,6.61,41.26,33.08,47.57,8.74
27-11-2018,36.44,22.07,78.94,83.37,59.24,8.22,39.19,36.36,39.88,10.58
28-11-2018,29.98,20.05,69.6,72.25,59.43,27.72,30.8,33.88,36.11,10.82
29-11-2018,25.48,18.07,63.68,57.9,65.02,12.48,26.66,33.27,43.46,8.95
30-11-2018,28.44,18.47,56.74,55.45,56.72,9.65,26.11,31.37,37.52,8.63
01-12-2018,31.03,19.72,56.43,57.18,56.11,7.58,26.8,36.7,45.95,7.98
02-12-2018,24.59,16.96,67.18,74.59,52.98,4.56,24.59,38,47.58,7.27
03-12-2018,25.62,17.89,66.91,60.3,48.78,23.02,26.46,33.28,49.84,6.21
04-12-2018,26.42,17.59,74.17,72.27,47.55,98.74,26.8,26.18,46.31,7.21
05-12-2018,23.94,17.71,65.87,56.12,40.48,114.75,21.89,33.08,47.89,8.22
06-12-2018,29.76,17.19,71.73,65.41,41.39,61.62,22.51,43.85,47.68,6.63
07-12-2018,31.25,16.76,54.83,55.29,32.11,18.31,22.54,33.89,41.09,5.67
08-12-2018,33.48,16.05,59.06,64.2,34.16,40.6,24.64,37.59,42.12,6.54
09-12-2018,23.23,14.89,65.3,62.52,33.76,19.66,25.46,41.33,44.12,6.67
10-12-2018,30.66,16.81,66.58,80.22,30.74,9.16,35.31,41.71,44.22,8.33
11-12-2018,38.55,19.54,68.87,71.15,39.51,44.38,51.35,40.65,36.56,5.51
12-12-2018,40.02,23.86,55.1,67.55,36.07,19.84,51.14,39.35,34.55,5.58
13-12-2018,36.8,20.16,42.59,49.54,37.39,20.22,32.39,41.28,38.22,4.51
14-12-2018,36.41,19.97,45.22,38.27,41.82,20.57,44.44,30.82,39.1,3.67
15-12-2018,35.48,16.49,47.31,39.05,38.42,20.19,59.84,30.34,43.15,6.35
16-12-2018,40.02,14.61,50.86,49.22,39.24,19.21,59.54,31.61,36.18,8.25
17-12-2018,54.92,17.97,58.08,56.53,33.95,18.52,61.41,31.59,35.52,14.95
18-12-2018,63.57,19.64,61.34,50.78,29.09,17.36,34.88,35.39,39.21,13.72
19-12-2018,47.79,15.74,63.77,50.68,33.97,39.95,47.71,37.44,50.9,7.98
20-12-2018,35.34,16.31,68.97,53.32,43.69,16.5,80.65,35.26,52.17,9.16
21-12-2018,38.9,15.8,66.03,53.25,48.47,9.85,79.05,37.83,46.93,8.28
22-12-2018,35.19,15.84,78.71,70.06,52.59,7.84,125.64,29.75,44.77,9.4
23-12-2018,23.96,16.53,77.63,56.29,41.45,6.1,87.78,20.86,34.44,5.38
24-12-2018,27.87,16.54,75.26,53.54,44.67,5.32,104.4,22.13,41.02,9.47
25-12-2018,33.44,17.86,61.2,44.5,46.1,4.75,40.53,22.59,41.7,5.04
26-12-2018,33.7,16.16,65.2,49.62,36.25,4.11,49.95,24.35,41.21,7.27
27-12-2018,31.17,17.01,78.43,46.26,38.87,6.01,46.58,27.11,37.01,6.9
28-12-2018,31.77,16.16,60.59,35.07,44.84,11.34,23.88,27.48,40.43,6.35
29-12-2018,31.32,16.27,64.97,45.98,44.93,96.82,48.11,37.03,45.19,7.55
30-12-2018,28.97,9.74,76.89,60.69,45.42,164.83,80.68,32.62,38.6,6.65
31-12-2018,37.46,11.22,70.54,61.89,52.86,113.29,68.8,33.79,44.47,11.29
01-01-2019,38.19,13.22,69.46,62.96,63.82,21.09,58.38,21.67,47.56,9.53
02-01-2019,39.73,13.9,75.06,78.56,67.44,32.27,40.14,19.65,46.22,9.89
03-01-2019,46.55,14.86,66.2,58.14,67.01,65.46,39.5,27.8,45.85,6.94
04-01-2019,45.87,14.64,57.53,48.86,63.58,44.39,29.14,32.28,38.01,11.76
05-01-2019,41.74,13.88,60.35,64.58,50.4,30.31,31.7,29.28,25.45,11.03
06-01-2019,35.73,14.49,51.94,38.08,40.96,31.34,26.48,31.28,29.73,7.67
07-01-2019,44.9,14.19,52.45,34.94,49.16,26.93,20.86,27.86,32.05,10.35
08-01-2019,49.33,16.18,48.95,35.23,62.35,24.25,19.67,25.9,40.04,6.73
09-01-2019,52.68,13.92,49.49,35.21,71.55,24.67,19.23,21.51,30.68,6.56
10-01-2019,53.48,14.95,58.22,45.12,64,20.83,30.28,25.32,27.58,9.73
11-01-2019,49.16,13.7,76.71,67.86,47.6,17.02,69.1,28.99,27.8,8.32
12-01-2019,49.28,12.88,85.14,64.1,39.74,26.11,57.5,24.15,28.84,8.46
13-01-2019,42.99,12.93,66.11,57.64,37.2,15.35,33.49,36.82,28.75,6.38
14-01-2019,47.07,12.57,42.16,29.47,39.21,7.88,18.2,28.07,23.87,10.3
15-01-2019,46.93,11.56,52.45,36.8,42.04,27.69,24.77,30.98,31.85,8.18
16-01-2019,48.15,11.33,83.75,59.97,44.72,12.69,63.23,35.91,26.29,10.76
17-01-2019,42.88,11.15,84.74,48.05,57.06,7.79,45.69,28.05,34.61,9.23
18-01-2019,34.15,11.39,68.58,43.9,53.23,2.82,29.56,25.3,37.4,13.28
19-01-2019,36.98,11.74,77.9,47.99,51.49,22.85,55.67,26.75,24.58,9.91
20-01-2019,32.59,12.43,106.04,57.68,58.07,10.18,54.29,26.29,20.26,10.97
21-01-2019,37.39,12.28,63.04,53.49,46.24,17.36,27.17,18.29,16.53,17.3
22-01-2019,42.87,12.25,38.56,36.59,33.37,188.74,24.07,18.35,17.62,14.36
23-01-2019,42.79,12.07,48.14,33.59,37.74,133.07,21.02,20.46,23.65,12.85
24-01-2019,33.87,12,44.11,42.98,40.03,122.91,23.48,20.8,22.69,11.71
25-01-2019,31.94,12.21,40.03,38.96,29.33,95.22,18.38,23.99,22.47,10.75
26-01-2019,30.06,10.38,38.43,22.82,28.89,33.82,17.67,26.97,18.45,8.6
27-01-2019,26,10.66,45.27,25.51,32.05,27.08,17.93,24.26,22.82,5.78
28-01-2019,26.16,10.43,49.13,28.08,38.41,32.66,34.71,21.57,25.32,7.31
29-01-2019,29.22,12.27,51.47,28.06,39.62,28.28,32.89,22.23,24.17,7.12
30-01-2019,35.51,12.14,63.7,39.6,49.58,27.06,54.93,22.67,23.48,8.55
31-01-2019,33.94,11.73,65.7,60.3,51.35,97.43,56.86,16.6,17.64,8.46
01-02-2019,37.21,11.85,50.75,57.06,45.36,111.04,31.17,13.56,18.38,8.31
02-02-2019,34.78,12.05,35.89,46.98,47.27,40.06,21.52,15.32,19.26,9.97
03-02-2019,28.58,11.26,34.53,33.37,41.85,27.64,18.6,13.39,19.99,6.61
04-02-2019,27.77,11.89,52.85,36.58,42.48,23.6,29.19,14.99,21.47,10.87
05-02-2019,29.41,12.34,75.89,57.52,45.85,23.07,11.78,15.21,23.02,10.77
06-02-2019,38.44,13.45,50.55,59.33,45.84,17.14,95.41,14.76,25.39,8.61
07-02-2019,36.87,12.16,30.8,33.02,35.49,14.14,10.51,14.65,23.04,8.5
08-02-2019,30.73,11.83,39.24,39.51,48.41,9.98,40.68,12.28,21.84,9.75
09-02-2019,40.49,10.92,38.31,27.17,43.21,50.29,44.31,15.88,28.3,7.65
10-02-2019,32.83,10.88,49.26,29.99,39.43,96.51,191.83,18.54,38.73,8.72
11-02-2019,28.6,10.27,58.56,44.08,35.55,96.35,114.35,18.15,34.07,9.33
12-02-2019,32.05,10.73,66.37,60.47,46.13,110.55,132.8,19.13,31.9,10.87
13-02-2019,34.53,12.07,70.04,57.48,56.54,93.55,130.46,19.67,30.14,11
14-02-2019,31.95,11.68,53.15,51.57,47.79,35.66,125.36,16.36,33.57,9.2
15-02-2019,32.12,11.22,44.28,32.71,38.74,21.55,70.5,14.11,36.87,8.54
16-02-2019,35.5,11.06,33.33,26.45,46.78,17.02,53.64,13.75,37.37,6.59
17-02-2019,33.19,10.9,42.59,21.48,44.87,13.99,113.18,15.41,45.05,5.37
18-02-2019,39.84,10.6,56.12,35.84,51.92,58.79,203.41,15.49,37.21,6.46
19-02-2019,33.16,10.58,55.44,45.19,38.85,88.51,65.34,17.56,34.29,5.33
20-02-2019,28.91,11.75,51.88,50.2,31.3,39.14,24.17,17.47,29.52,5.28
21-02-2019,35.7,11.21,47.15,51.08,35.72,36.57,20.75,16.96,29.71,6.19
22-02-2019,40.77,11.82,33.95,38.45,43.43,28.96,12.79,18.64,29.15,7.86
23-02-2019,50.05,13.88,36.12,22.49,51.31,17.73,13.88,20.52,33.33,6.58
24-02-2019,47.01,12.35,46.26,40.99,39.75,17.12,16.17,22.04,33.04,6.03
25-02-2019,46.39,11.7,53.86,67.36,37.02,17.95,24.22,22.06,32.96,7.22
26-02-2019,42.06,12.07,50.31,54.95,46.58,13.8,23.54,15.32,37.33,5.93
27-02-2019,33.49,10.65,35.07,29.85,44.72,43.82,21.61,13.73,38.35,5.64
28-02-2019,38.76,14.43,45.02,25.1,37.89,72.99,22.95,9.66,38.24,5.82
01-03-2019,44.64,11.01,48.87,41.59,45.3,96.46,23.22,10.54,30.45,5.44
02-03-2019,26.91,15.07,62.05,58.75,30.47,113.35,30.6,9.87,29.44,6.55
03-03-2019,30.74,18.86,40.61,31.52,28.79,79.05,21.15,12.18,23.63,4.7
04-03-2019,29.23,13.32,40.1,25.97,34.92,49.31,16.76,16.42,28.7,5.6
05-03-2019,31.26,27.1,40.05,30.31,42.82,25.52,13.99,18.54,32.27,4.75
06-03-2019,35.74,12.09,45.3,31.28,51.51,16.45,12.69,19.22,38.55,4.76
07-03-2019,47.25,20.52,51.9,34.56,57.64,14.51,15.05,13.91,30.33,5.66
08-03-2019,46.88,14.39,51.75,40.62,45.68,13.9,18.99,7.4,23.03,6.05
09-03-2019,27.19,21.64,40.84,39.4,39.57,10.13,8.74,24.41,28.8,4.32
10-03-2019,19.09,44.19,44.17,39.07,32.1,6.95,10.67,7.98,25.07,4.95
11-03-2019,21.93,18.38,52.91,51.18,29.5,29.18,11.68,10.68,30.92,5.95
12-03-2019,27.97,25.52,37.45,50.69,30.23,20.79,8.37,11.79,41.57,5.46
13-03-2019,34.27,23.74,57.03,48.46,30.87,12.84,11.13,20.84,32.46,8.47
14-03-2019,29.7,21.05,48.81,44.45,34.6,8.74,8.36,12.85,30.11,5.53
15-03-2019,35.68,20.97,41.27,38.8,35.69,58.78,5.98,11.91,37.57,8.76
16-03-2019,38.3,24.86,40.6,37.47,31.2,114.64,5.81,10.72,35.03,7.15
17-03-2019,34.1,19,46.88,29.17,31.16,108.16,5.65,10.48,37.12,5.94
18-03-2019,31.64,32.45,50.33,29.06,36.09,115.46,4.63,11.9,36.63,6.12
19-03-2019,30.9,21.72,55.47,31.67,29.56,120.75,6.08,24.78,30.55,7.64
20-03-2019,27.36,17.29,54.67,49.06,30.7,114.06,7.13,16.47,35.47,7.05
21-03-2019,27.84,10.35,34.63,34.14,26.62,112.88,12.36,16.42,28.01,6.56
22-03-2019,30.85,12.16,32.19,21.08,28.41,57.65,7.56,19.48,30.34,6.83
23-03-2019,34.12,19.38,34.57,16.2,37.47,48.61,8.98,16.2,34.99,5.21
24-03-2019,28.12,22.46,34.25,26.21,36.62,55.77,8.65,14.85,31.52,4.06
25-03-2019,34.13,17.53,34.84,46.89,38.91,68.97,8.46,14.9,31.17,6.34
26-03-2019,39.23,24.94,40.8,39.58,40.1,44.24,8.17,15.14,37.98,4.85
27-03-2019,40.26,13.74,49.68,32.99,36.61,14.04,8.58,26.09,43.74,5.81
28-03-2019,47.4,16.52,60.18,54.82,40.49,10.2,8.7,26.89,36.53,6.38
29-03-2019,40.64,15.39,60.4,90.13,47.46,40.16,8.79,16.56,39.79,5.16
30-03-2019,38.21,16.77,53.75,67.79,37.75,32.58,9.91,10.8,36.27,4.84
31-03-2019,32.37,14.06,38.42,105.89,34.71,3.84,9.79,13.03,35.51,3.35
01-04-2019,35.35,12.5,38.55,98.09,36.39,89.36,7.96,35.03,41.56,4.18
02-04-2019,40.91,12.07,55.76,106.43,35.96,77.26,8.46,81.76,35.7,4.98
03-04-2019,40.06,14.01,54.91,55.58,34.95,66.95,9.11,138.35,36.63,4.95
04-04-2019,32.87,14.81,63.62,55.78,32.84,43.82,8.57,66.24,33.36,5.51
05-04-2019,37.85,13.53,64.7,35.22,27.38,20.01,8.96,66.81,36.14,6.03
06-04-2019,32.46,15.09,48.72,31.29,34.78,26.7,7.84,22.71,28.92,5.6
07-04-2019,32.1,14.5,44.64,30.7,25.54,60.42,8.83,20.28,27.38,3.86
08-04-2019,34.46,14.32,45.87,38.28,34.43,42.92,7.68,22.68,25.64,4.31
09-04-2019,33.09,17.66,53.88,43.93,41.49,16.24,8.57,19.69,30.85,4.12
10-04-2019,36.58,18.69,56.82,39.37,41.35,59.06,9.29,17.95,34.35,4.54
11-04-2019,34.41,16.66,47.54,41.73,29.76,61.67,8.56,17.4,22.5,3.83
12-04-2019,36.1,16.69,40.09,37.55,32.58,29.47,8.38,15.89,26.9,4.4
13-04-2019,30.69,15.55,37.89,43.17,40.08,13.74,9.29,17.82,25.97,5.62
14-04-2019,27.4,15.54,36.61,28.8,41.38,12.23,13.92,19.46,28.17,5.77
15-04-2019,33.83,13.18,41.92,33.33,35.15,9.58,13.85,18.11,26.02,5.62
16-04-2019,33.94,11.66,35.01,26.79,34.63,26.34,28.75,14,23.79,7.6
17-04-2019,31.76,9.96,26.84,30.69,28.9,19.86,14.87,12.97,23.52,6.93
18-04-2019,32.17,10.23,39.07,27.78,33.19,17.21,13.84,16.91,31.5,6.31
19-04-2019,29.02,9.13,47.56,30.36,30.7,13.6,16.72,19,39.88,5.74
20-04-2019,31.84,8.88,55.28,29.53,28.22,99.97,16.33,15.44,44.65,5.4
21-04-2019,32.67,10.31,58.95,36.21,25.56,155.4,17.96,15.45,44.36,5.51
22-04-2019,31.25,10.58,61.72,49.29,26.94,95,26.72,15.45,50.26,5.2
23-04-2019,32.12,10.27,63.45,35.22,38.86,68.7,22.09,15.45,47.86,5.06
24-04-2019,33.95,11.35,51.58,36.59,32.63,73.4,18.63,17.48,39.66,6.53
25-04-2019,36.31,11.27,39.89,38.49,34.65,61.02,17.83,16.89,36.33,6.67
26-04-2019,33.66,11.22,50.69,38,30.94,46.37,17.98,13.76,29.88,5.21
27-04-2019,29.77,11.24,39.8,22.33,37.2,32.89,18.44,13.76,36.5,8.44
28-04-2019,30.6,10.97,40.9,21.97,27.4,26.35,16.42,13.76,38.99,4.8
29-04-2019,30.05,10.88,52.04,30.78,26.75,42.28,16.91,16.09,39.08,5.78
30-04-2019,23.6,11.02,59.32,50.61,24.08,22.41,18.57,18.39,59.2,6.15
01-05-2019,21.81,11.74,63.15,38.12,24.25,14.51,19.29,17.41,50.35,4.25
02-05-2019,21.41,13.48,43.19,29.42,26.61,11.9,18.37,16.64,28.55,4.94
03-05-2019,22.23,14.41,49.82,27.25,23.87,8.24,17.47,16.64,29.26,6.93
04-05-2019,25.08,13.77,59.78,27.6,25.55,7.1,30.37,28.21,39.8,5.31
05-05-2019,26.36,12.95,55.16,27.59,32.84,11.64,22.18,69.8,51.14,3.39
06-05-2019,27.54,13.52,70.81,20.81,41.05,13.55,20.54,64.12,30.35,5.26
07-05-2019,23.95,16.66,69.77,32.39,54.4,11.51,22.13,38.61,29,3.87
08-05-2019,25,15.19,60.85,33.07,42.65,5.45,26.14,72.44,30.56,4.36
09-05-2019,30.32,16.77,51.13,25.31,40.85,31.84,17.58,29.71,24.98,5.45
10-05-2019,29.13,18.05,38.05,25.98,44.32,13.49,14.47,31.61,22.06,5.88
11-05-2019,27.17,52.6,42.02,32.83,27.81,20.79,17.82,15.08,24.88,5.04
12-05-2019,26.85,34.91,40.68,23.23,24.18,17.9,18.58,18.64,23.53,4.43
13-05-2019,25.1,30.03,50.88,24.94,26.81,10.79,21.42,12.11,25.07,3.33
14-05-2019,24.31,29.99,37.53,19.31,24.57,7.83,15.8,10.57,29.24,4.64
15-05-2019,24.45,24.05,57.75,22.09,28.26,5.63,17.11,9.09,32.14,4.66
16-05-2019,34.47,13.84,50.99,18.63,28.08,4.09,17.73,39.57,21.06,3.65
17-05-2019,32.51,13.98,45.67,19.65,25.97,4.16,21.48,14.91,20.39,4.94
18-05-2019,35.15,13.64,33.79,16.72,29.47,4.41,19.77,9.74,22.44,3.56
19-05-2019,27.75,13.84,45.8,15.15,39.35,3.2,18.3,9.31,34.22,4.06
20-05-2019,29.22,13.92,56.55,18.12,22.09,5.96,19.3,10.04,34.77,6.66
21-05-2019,26.31,14.83,47.58,20.14,20.39,31.33,18.82,30.3,31.07,5.52
22-05-2019,28.98,14.39,51.8,22.26,22.19,13.3,18.85,47.67,28.17,6.85
23-05-2019,34.61,13.27,52.71,29.43,21.49,5.37,19.79,63.38,23.3,4.18
24-05-2019,27.67,11.77,40.33,27.1,24.68,4.67,19.46,11.18,25.95,5.71
25-05-2019,25.34,12.34,34.52,26.3,33.57,4.27,19.3,8.36,30.78,12.1
26-05-2019,26.04,12.94,41.51,26.49,44.65,5.97,18.81,8.64,31.74,4.36
27-05-2019,32.49,13.06,53.92,27.86,32.43,6.58,22.86,13.58,35.31,4.78
28-05-2019,25.31,13.81,61.45,26.58,33.95,2.71,31.98,32.18,37.51,4.62
29-05-2019,24.99,13.96,65.84,28.12,41.52,2.48,44.55,22.68,42.32,3.13
30-05-2019,22.93,14.2,71.8,26.13,23.98,1.93,44.09,27.38,26.83,4.33
31-05-2019,24.81,15.62,56.83,23.99,24.28,13.94,44.72,20.02,28.12,4.67
01-06-2019,27.09,10.86,57.24,22.19,25.81,9.42,43.43,13.55,32.21,2.76
02-06-2019,18.31,10.76,32.22,21.19,30.78,5.85,41.29,11.27,26.7,2.43
03-06-2019,23.54,11.26,30.33,20.99,19.27,4.74,32.04,10.54,34.52,4.86
04-06-2019,24.48,11.26,36,22.47,23.84,4.71,40.61,7.91,26.16,4.09
05-06-2019,23.56,11.21,42.68,21.32,30.32,8.92,36.79,9.43,21.35,3.46
06-06-2019,27.41,13.32,44.85,20.87,23.98,8.43,31.9,9.22,27.89,5.01
07-06-2019,31.44,17.56,35.32,21.55,22.08,5.51,32.51,9.41,29.67,4.5
08-06-2019,23.49,17.07,51,22.05,30.99,4.65,33.05,9.65,29.64,4.26
09-06-2019,17.7,14.7,62.84,22.69,23.4,4.23,35.37,10.66,38.67,3.12
10-06-2019,16.77,26.93,61.53,21.84,20.71,2.97,48.79,10.5,39.41,4.48
11-06-2019,16.85,27.66,49.86,20.28,19.18,2.39,50.08,22.83,28.64,4.24
12-06-2019,17.93,23,30.46,20.82,15.47,1.95,47.97,13.75,34.54,4
13-06-2019,17.76,24.04,34.53,21.79,17.24,76.12,41.29,11.14,28.35,3.76
14-06-2019,18.09,34.45,37.07,20.54,14.46,124.91,31.68,10.38,35.04,3.52
15-06-2019,20.9,23.57,47.15,23.81,13.52,42.51,8.52,11.13,29.74,3.29
16-06-2019,18.54,21.94,20.56,21.13,9.26,5.59,9.43,10.76,25.39,3.05
17-06-2019,21.68,24.69,27.51,18.65,12.02,4.51,9.47,11.16,30.85,2.81
18-06-2019,20.1,25.31,32.32,26.68,10.98,32.21,9.46,9.73,27.81,2.57
19-06-2019,20.9,19.57,37.14,23.5,11.54,40.72,10.23,8.66,20.75,2.21
20-06-2019,18.74,21.33,31.19,22.01,11.05,21.72,9.77,8.29,26.32,1.35
21-06-2019,20.66,22.3,44.78,24.04,16.83,26.81,8.05,11.89,31.78,1.58
22-06-2019,20.04,17.93,44.12,25.72,15.01,62.72,6.59,16.42,37.96,2.07
23-06-2019,20.19,18.25,23.02,26.77,19.64,110.29,64.06,8.14,24.81,1.5
24-06-2019,21.39,19.87,25.93,31.43,19.86,107.12,80.01,8.09,22.66,1.88
25-06-2019,23.04,25.81,32.24,27.36,23.58,130.09,70.85,7.71,27.03,1.89
26-06-2019,21.39,18.68,37.39,33.25,13.79,100.42,50.2,8.78,36.86,2.15
27-06-2019,21.17,29.01,39.94,30.24,11.88,81.67,29.93,10.12,30.03,2.32
28-06-2019,21.09,15.36,38.37,26.47,9.71,110.8,27.17,10.55,24.7,2.24
29-06-2019,24.27,21.16,34.56,26.17,13.54,96.32,27.81,10.47,22.8,3.08
30-06-2019,17.51,22.21,33.03,21.59,16.94,64.57,26.61,10.6,19.03,2.69
01-07-2019,18.8,20.68,31.09,20.34,14.66,40.5,26.75,10.58,22.04,2.32
02-07-2019,19.94,19.08,28.13,20.45,14.34,37.12,21.77,10.73,26,3.27
03-07-2019,18.61,19.12,26.57,20.67,12.48,29.2,10.34,10.62,20.77,3.29
04-07-2019,21.98,17.96,29.23,22.68,13.84,17.13,13.04,10.8,25.13,3.63
05-07-2019,19.92,18.91,34.77,28.71,13.5,58.34,7.74,10.65,24.95,3.32
06-07-2019,21.47,23.03,29.91,28.67,8.82,72.32,9.63,10.16,26.64,3.42
07-07-2019,18.38,16.99,28.87,28.66,7.09,55.05,13.39,8.8,31.21,2.83
08-07-2019,16.23,17.93,32.85,26.64,10.33,67.18,13.41,9.07,24.26,2.21
09-07-2019,16.78,16.8,30.38,26.16,10.7,59.3,10.43,9.21,16.32,3.69
10-07-2019,19.9,18.33,31.36,25.66,9.99,42.71,9.62,16.7,23.22,4.49
11-07-2019,24.25,23.57,29.87,27.09,12.01,37.84,9.77,27.4,20.48,6.3
12-07-2019,22.71,18.51,26.97,28.82,15.07,64.18,9.28,25.05,18.96,5.22
13-07-2019,21.27,15.18,23.13,22.37,12.2,56.03,10.24,15.78,18.84,3.62
14-07-2019,20,13.12,25.1,22.05,14.78,45.62,9.71,26.07,16.03,2.95
15-07-2019,21.24,16.5,27.17,23.03,13.46,63.5,14.76,18.92,17.61,3.48
16-07-2019,21.88,21.57,27.54,24,15.32,69.44,9.66,10.18,18.88,3.86
17-07-2019,24.84,22.9,28.44,23.89,13.96,25.18,10.37,10.4,19.2,4.25
18-07-2019,27.45,22.73,37.14,25.97,14.91,17.48,10.91,20.49,24.28,3.55
19-07-2019,22.61,18.13,40.79,24.98,17.52,25.74,15.46,14.02,22.09,3.88
20-07-2019,21.56,18.26,37.1,24.47,13.94,15.83,19.17,11.3,24.4,3.01
21-07-2019,23.64,16.17,33.89,23.01,13.32,16.08,17.04,10.68,13.91,2.19
22-07-2019,24.64,19.09,33.03,22.39,15.41,29.4,11.46,10.4,16.2,3.24
23-07-2019,23.99,18.11,39.89,21.66,10.58,73,8.72,9.49,18.46,3.39
24-07-2019,23.42,18.57,40.29,23.2,11.32,37.66,8.8,9.53,21.43,3.99
25-07-2019,23.58,17.75,33.52,22.15,12.51,32.94,21.33,9.31,19.92,3.92
26-07-2019,23.49,18.94,31.61,19.05,14.61,45.64,11.59,9.94,21.42,4.98
27-07-2019,20.93,20.83,25.34,19.92,11.87,26.21,8.68,10.97,26.29,5
28-07-2019,21.15,16.86,21.89,17.69,11.57,24.2,7.95,13.84,13.64,3.32
29-07-2019,19.89,15.56,25.11,17.66,11.77,23.23,6.82,14.06,13.3,3.99
30-07-2019,21.54,23.47,26.92,19.71,12.12,20.1,7.25,14.3,14.71,3.76
31-07-2019,21.64,20.61,26.45,17.66,13.33,17.07,7.51,9.96,14.11,2.88
01-08-2019,19.76,16.49,28.4,20.03,14.94,16.74,8.5,10.22,17.86,3.61
02-08-2019,22.04,22.26,30.96,19.13,13.12,12.53,7.11,9.41,22.98,3.85
03-08-2019,19.08,30.79,31,18.09,11.92,13.6,9.7,9.82,24.82,3.9
04-08-2019,17.21,33.02,30.9,19.88,12.57,13.09,15.44,9.07,19.95,2.71
05-08-2019,18.83,25.52,34.64,21.92,12.93,41.05,9.98,9.13,30.98,2.87
06-08-2019,20.9,23.39,34.68,17.34,15.18,73.18,7.81,9.18,25.4,2.93
07-08-2019,20.29,16.89,31.82,17.16,16.76,46.8,9.79,8.96,25.82,3.28
08-08-2019,19.56,17.69,28.9,21.18,19.4,72.69,9.7,8.96,23.75,3.81
09-08-2019,21.17,17.47,22.08,17.36,13.58,73.73,16.8,9.28,12.95,4.02
10-08-2019,22.07,16.78,22.06,18.28,15.1,79.95,18.23,9.3,8.97,3.29
11-08-2019,19.08,13.39,25.93,19.76,16.94,69.91,6.99,9,15.62,2.34
12-08-2019,21.34,13.7,26.18,21.88,19.45,56.68,7.5,9.02,19.88,2.29
13-08-2019,24.49,14.07,27.12,20.51,29.89,46.85,7.46,8.87,26.56,3.85
14-08-2019,22.95,14.06,31.9,19.63,25.02,44.17,7.31,9.02,27.99,3.94
15-08-2019,20.93,16.94,25.03,19.13,21.68,37.9,7.53,9.19,23.46,3.66
16-08-2019,20.7,17.24,21.51,19,24.22,28.46,6.9,9.19,20.54,3.35
17-08-2019,24.71,15.33,19.1,18.33,24.44,23.98,10.97,9.19,22.27,5.03
18-08-2019,26.34,12.65,20.93,21.17,32.88,13.31,4.42,9.19,23.25,3.74
19-08-2019,27.88,18.01,28.59,22.21,30.57,13.42,6.77,9.16,26.2,4.98
20-08-2019,24,19.07,26.86,21.78,29.66,19.48,11.76,9.19,33.57,4.17
21-08-2019,20.38,18.82,32.68,30.85,23.96,15.58,11.54,9.07,32.1,3.64
22-08-2019,18.74,16.93,42.21,18.5,19.28,14.76,8.98,8.91,29.1,4.01
23-08-2019,18.23,14.8,40.32,19.81,16.82,11.16,5.03,8.83,17.45,3.03
24-08-2019,19.16,13.98,41.76,17.83,16.19,26.56,4.81,8.87,19.5,3.65
25-08-2019,15.48,13.79,31.71,15.28,17.27,57.14,4.98,9.725,20.76,3.12
26-08-2019,17.29,17.31,31.6,19.25,19.36,81.22,5.51,10.58,28.33,3.35
27-08-2019,19.78,19.81,34.48,24.37,15.9,65.26,6.37,9.14,32.12,3.98
28-08-2019,21.27,15.76,34.62,23.64,16.68,43.94,7.67,8.95,24.19,3.75
29-08-2019,18.4,15.8,30.6,23.51,17.85,24.8,7.47,9.47,19.63,3.61
30-08-2019,17.69,14.85,32.44,21.34,16.99,20.29,7.46,11.54,24.11,3.96
31-08-2019,19.48,14.73,40.79,24.77,15.96,16.81,7.85,19.49,34.71,3.86
01-09-2019,15.11,14.12,32.08,26.67,12.75,9.02,7.66,8.82,30.08,2.97
02-09-2019,12.39,15.41,31.91,21.93,11.79,118.9,7.8,8.92,32.41,3.51
03-09-2019,15.56,17.05,36.51,19.38,12.69,84.38,9.61,8.81,37.61,3.32
04-09-2019,16.9,18.79,36.99,20.93,12.34,75.3,8.51,8.81,30.07,3.68
05-09-2019,16.5,18.59,29.09,18.91,15.09,76.49,7.61,8.81,24.27,3.52
06-09-2019,16.14,22.76,30.05,17.35,12.37,74.28,7.92,8.81,22.91,3.35
07-09-2019,15.83,13.94,30.9,18.2,12.65,63.46,7.7,8.77,26.06,4.12
08-09-2019,12.36,11.39,26.84,18.21,11.43,53.07,7.54,12.06,18,3.08
09-09-2019,13.9,13.31,30.47,18.53,13.38,65.89,8.03,16.01,24.82,2.7
10-09-2019,12.3,12.45,34.12,18.6,13.26,73.32,8.48,11.7,34.64,2.66
11-09-2019,14.46,12.23,39.69,17.89,16.45,78.9,8.79,11.2,32.6,1.42
12-09-2019,24.3,11.72,34.01,17.84,14.72,61.76,14.65,10.7,23.16,3.78
13-09-2019,23.38,11.32,29.75,18.02,13.08,61.48,14.43,10.91,24.3,3.3
14-09-2019,21.87,11.69,26.05,17.13,15.41,76.49,7.13,14.37,15.52,3.17
15-09-2019,19.46,10.29,27.77,16.81,16.52,72.68,6.7,10.58,16.66,3.34
16-09-2019,19.11,10.53,36.18,18.11,15.93,75.52,10.58,17.21,21.14,3.66
17-09-2019,22.09,11.14,38.18,17.52,14.76,57.04,7.66,11.66,29.12,4.01
18-09-2019,22.04,12,31.3,19.72,22.53,70.15,6.5,10.94,33.23,3.57
19-09-2019,20.04,12.44,24.15,20.64,21.02,75.95,5.55,11.3,26.98,3.64
20-09-2019,23.82,11.43,31.73,22.21,21.37,75.07,6.76,11.15,23.56,3.44
21-09-2019,24.96,13.74,31.43,22.11,19.01,87.01,10.52,11.05,23.14,3.01
22-09-2019,27.97,16.38,30.66,21.21,22.14,65.54,6.06,10.93,23.87,3.16
23-09-2019,38.91,12.87,30.02,21.38,25.85,84.54,7.34,10.91,24.33,2.99
24-09-2019,33.19,11.77,34.98,22.6,25.87,66.1,7.82,10.56,24.22,3.09
25-09-2019,24.87,10.73,29.99,20.5,21.84,39.59,9.46,10.91,18.36,4.03
26-09-2019,20.76,10.79,27.25,18.64,15.21,31.88,9.29,10.88,18.45,4.22
27-09-2019,28.02,10.05,24.52,18.32,14.23,24.5,11.12,10.44,19.82,4.81
28-09-2019,26.64,10.69,26.18,16.9,15.5,15.2,13.12,10.49,19.45,3.63
29-09-2019,22.87,9.1,22.84,16.65,21.56,13.35,14.35,10.51,25.92,3.57
30-09-2019,19.29,11.32,27.89,21.12,28.89,15,13.56,10.54,34.89,3.72
01-10-2019,25.88,13.2,28,23.71,21.75,46.08,14.64,10.58,29.16,4.45
02-10-2019,32.46,14.87,29.72,22.62,21.43,63.18,21.9,10.66,34.98,3.69
03-10-2019,35.24,13.87,36.77,21.23,24.9,51.14,21.43,10.32,39.69,4.29
04-10-2019,41.03,12.89,34.07,21.78,24.27,62.46,13.84,10.56,28.17,4.26
05-10-2019,46.1,15.4,33.82,20.84,26.37,85.02,28.76,10.3,31.86,3
06-10-2019,33.96,13.42,36.98,25.5,26.42,49.98,24.73,12.09,33.6,3.25
07-10-2019,37.6,24.13,33.46,29.57,23.98,24.74,12.28,11.41,36.11,3.18
08-10-2019,28.28,19.29,33.4,28.62,21.05,22.87,10.01,11.35,37.18,3.36
09-10-2019,39.99,21.5,45.5,25.94,25.34,21,31.37,12.56,44.26,4.8
10-10-2019,36.15,20.03,50.32,30.13,32.44,45.07,56.19,11.64,44.44,4.23
11-10-2019,37.89,12.98,48.05,37.12,26.75,60.23,29.19,12.05,41.18,4.47
12-10-2019,30.58,13.05,48.54,33.32,27.6,50.2,13.11,11.5,42.69,4.36
13-10-2019,23,12.82,51.27,34.97,24.49,27.74,22.8,11.33,36.43,2.97
14-10-2019,26.95,10.65,50.83,35.65,24.54,41.38,45.65,12.01,43.28,4.47
15-10-2019,28.5,14.28,58.61,30.27,23.13,30.85,51.69,11.41,54.6,4.47
16-10-2019,28.28,13.95,53.03,29.76,28.52,24.57,47.39,11.4,50.34,4.57
17-10-2019,27.52,14.72,46.51,32.92,27.32,24.34,28.53,11.65,36.55,4.52
18-10-2019,24.42,13.39,39.62,38.47,20.85,36.81,22.28,11.53,33.99,3.85
19-10-2019,23.99,16.52,51.37,45.03,21.67,46.95,43.65,11.53,39.01,3.87
20-10-2019,23.31,15.91,48.83,36.05,23.54,21.08,32.44,11.51,42.73,3.4
21-10-2019,30.13,14.07,51.05,36.43,21.12,14.51,33.32,11.51,58.75,3.28
22-10-2019,24.22,15.97,50.05,48.15,27.1,26.61,39.74,14.51,63.6,3.44
23-10-2019,16.97,13.91,57.92,56.8,23.75,27.71,43.84,18.14,66.43,4.11
24-10-2019,15.8,22.06,67.36,58.47,19.81,18.27,59.89,11.56,51.44,3.58
25-10-2019,18.11,29.32,52.55,38.17,22.14,14.24,45.54,13.12,43.9,3.14
26-10-2019,18.89,17.79,56.43,62.62,18.42,12.5,39.52,8.57,38.55,2.34
27-10-2019,21.32,18.36,48.37,64.36,21.39,11.68,35.42,9.11,52.45,2.52
28-10-2019,24.6,26.17,48.45,67.87,24.01,27.94,34.53,19.85,55.08,3.14
29-10-2019,22.99,33.68,60.03,68.2,25.96,26.12,42.1,10.03,69.79,2.43
30-10-2019,26.91,28.92,63.87,61.6,26.24,24.33,43.74,9.78,61.32,2.55
31-10-2019,24.47,27.43,71.37,80.61,19.89,22.88,46.69,10.01,56.61,2.88
01-11-2019,25.98,22.47,73.61,81.36,20.95,23.4,58.23,9.94,48.01,4.03
02-11-2019,25.19,15.48,54.1,94.87,25.34,19.97,39.28,9.91,38.23,3.87
03-11-2019,26.32,16.78,49.67,67.88,22.49,20.2,34.57,10.98,36.65,2.6
04-11-2019,36.74,19.41,44.53,55.83,25.82,20.68,33.71,10.64,42.12,2.92
05-11-2019,41.5,19.12,44.32,49.05,36.15,21.94,33.7,32.85,56.9,3.85
06-11-2019,38.83,18.98,54.77,57.36,35.47,23.49,40.46,9.95,43.71,3.98
07-11-2019,44.07,18.15,51.64,72.7,27.89,23.75,45.65,9.95,29.33,3.18
08-11-2019,38.45,17.94,52.79,66.58,29.95,20.49,45.85,10.04,36.18,3.47
09-11-2019,35.19,13.83,44.01,60.77,29.9,67.53,34.22,10.04,35.61,2.51
10-11-2019,30.63,13.01,50.35,44.77,28.07,99.05,33.07,10.24,36.9,2.16
11-11-2019,33.11,14.86,61.36,39.5,30.62,95.33,46.43,10.25,41.64,3.25
12-11-2019,26.07,15.61,66.1,49,27.67,121.62,60.71,10.31,41.03,4.56
13-11-2019,28.6,13.89,73.6,58.81,32.29,113.8,78.03,10,50.46,5.78
14-11-2019,26.92,11.17,82.63,66.02,28.91,107.39,80.51,10.09,44.48,5.87
15-11-2019,28.61,15.3,59.35,56.97,34.06,91.54,59.63,10,34.85,4.16
16-11-2019,26.87,14.58,42.35,57.04,33.39,83.98,40.67,9.91,40.06,3.55
17-11-2019,28,14.19,33.78,45.35,30.37,86.38,33.71,10.01,40.74,2.59
18-11-2019,29.65,11.86,40.05,42.48,35.4,79.08,34.47,10.01,43.61,4.45
19-11-2019,26.77,11.17,52.79,54.57,32.85,91.57,47.48,10,54.79,14.47
20-11-2019,27.06,10,77.62,46.02,38.32,78.77,55.23,9.98,47.99,17.41
21-11-2019,34.02,10.78,91.65,49.1,38.44,75.13,59.04,9.99,40.3,21.11
22-11-2019,32.14,10.19,75.08,54.4,40.26,44.73,70.43,10.01,46.5,21.44
23-11-2019,32.05,15.6,52.7,48.49,42.14,46.43,47.16,9.99,55.72,23.24
24-11-2019,21.45,12.43,43.51,42.33,38.39,64.29,35.04,9.99,48.35,18.38
25-11-2019,27.71,12.6,53.29,63.58,35.5,51.54,54.7,9.99,37.64,20.14
26-11-2019,30.62,21.97,53.83,76.96,31.01,42.23,54.34,10.03,43.72,26.13
27-11-2019,35.64,12.54,42.94,46.79,38.76,37.27,50.09,10.02,35.23,24.52
28-11-2019,29.76,20.28,32.3,37,49.64,56.21,35.91,9.85,36.15,21.22
29-11-2019,25.68,10.09,41.9,34.38,44.76,71.73,46.33,10.32,36.39,21.72
30-11-2019,22.84,12.09,45.04,35.81,40.93,67.59,35.83,10.15,43.57,20.93
01-12-2019,20.19,12.66,50.39,32.7,32.04,64.53,41.25,10.06,46.12,9.46
02-12-2019,21.53,11.51,57.23,38.19,26.88,79.12,44.59,9.93,52.45,16.98
03-12-2019,27.81,12.03,60.85,39.7,36.08,79.39,54.1,10.05,65.24,24.3
04-12-2019,26.87,11.2,71.65,56.83,38.31,78.46,59,10.6,62.15,23.43
05-12-2019,32.39,11.1,91.53,71.21,47.96,52.12,67.56,13.89,51.15,17.64
06-12-2019,32.59,13.29,69.73,59.47,46.9,17.67,57.37,11.54,62.43,18.07
07-12-2019,32.74,15.86,66.41,56.84,49.14,26.29,55.07,10.78,56.58,21.04
08-12-2019,26.15,21.19,68.59,53.69,42.75,45.43,50.18,12.9,51.8,14.82
09-12-2019,29.26,26.96,68.28,53.29,41.58,23.76,53.81,15.08,53.14,24.86
10-12-2019,27.3,19.62,72.63,56.73,43.91,25.21,60.68,14.02,65.52,23.66
11-12-2019,29.94,23.21,85.56,87.6,45.83,38.01,55.31,12.72,59.22,24.62
12-12-2019,28.49,16.54,64.36,81.37,44.15,24.43,56.89,12.31,37.72,23.7
13-12-2019,26.71,18.49,41.21,17.29,32.41,13.97,40.18,14.74,37.64,21.3
14-12-2019,25.5,21.13,41.29,15.38,35.37,10.64,28.97,13.75,32.5,14.27
15-12-2019,23.85,19.49,39.9,19.78,31.45,10.88,28.44,11.28,33.88,21.04
16-12-2019,25.62,18.27,35.06,18.23,39.89,9.47,22.09,12.41,33.78,26.23
17-12-2019,28.51,17.87,32.7,10.94,45.94,8.95,19.26,13,36.97,12.41
18-12-2019,31.51,17.69,44.41,12.47,48.4,9.09,28.71,14.96,53.16,30.54
19-12-2019,30.63,16.88,55.64,19.67,45.84,26.12,35.26,12.09,47.58,22.06
20-12-2019,32.5,16.87,60.58,30.62,52.39,29.48,49.46,11.94,55.63,24.17
21-12-2019,29.51,18.47,50.24,42.09,45.79,32.84,44.51,13.09,50.72,24.07
22-12-2019,25.65,16.14,38.96,30.53,41.34,36.2,29.66,12.12,33.15,21.6
23-12-2019,31.35,19.05,39.83,19.6,41.57,39.56,28.13,13.24,47.21,23.69
24-12-2019,29.34,19.46,56.72,19.94,34.51,42.92,46.67,9.83,48.98,29.92
25-12-2019,26.59,19.74,39.77,18.74,33,31.33,27.24,10.53,63.5,16.66
26-12-2019,29.46,20.28,45.08,33.24,33.93,22.25,27.14,10.62,69.79,16.21
27-12-2019,31.24,17.66,54.6,74.98,36.66,34.37,36.03,10.73,77.26,24.75
28-12-2019,26.94,20.27,55.98,82.19,39.62,32.19,29.88,10.78,78.18,29.29
29-12-2019,26.2,14.61,57.76,76.29,44.53,29.77,47.92,10.88,70.77,27.49
30-12-2019,28.46,14.2,55.61,59.32,36.32,34.5,35.93,10.78,60.65,27.32
31-12-2019,29.1,15.44,47.5,92.38,30.94,36.69,28.03,10,43.68,26.8
01-01-2020,27.31,12.66,64.18,86.74,25.88,36.74,30.83,10.38,37.84,23.08
02-01-2020,28.05,11.47,64.8,83.43,27.43,35.29,41.86,10.44,35.09,21.04
03-01-2020,26.26,10.95,55.65,80.79,25.24,31.59,42.51,10.03,45.51,24.75
04-01-2020,31.56,11.49,57.67,76.78,29.78,25.79,38.85,10.02,47.22,19.58
05-01-2020,29.1,8.69,48.25,67.26,34.05,23.89,38.35,9.67,49.72,17.5
06-01-2020,27.57,10.41,51.19,70.42,36.85,31.45,49.18,10.43,49.37,27.71
07-01-2020,29.93,12.16,44.9,104.77,30.38,35.42,36.67,9.77,37.36,30.16
08-01-2020,30.86,17.3,38.64,77.03,25.03,32.84,37.6,10.12,34.88,15.99
09-01-2020,33.79,17.47,32.3,50.72,29.5,27.17,20.39,10.05,34.99,23.64
10-01-2020,36.97,17.3,45.12,46.27,29.58,26.64,30.44,9.74,43.62,24.85
11-01-2020,29.13,18.69,53.28,79.2,41.69,35.09,37.59,10.19,57.57,30
12-01-2020,30.57,14.35,59.91,86.61,42.49,29.37,38.54,9.99,53.49,22.22
13-01-2020,38.77,16.68,55.04,56.48,46.15,33.01,39.59,10.01,47.46,26.77
14-01-2020,43.03,20.24,38.08,82.31,40.97,25.34,26.1,9.89,33.08,26.54
15-01-2020,35.06,13.76,47.45,97.65,25.29,36.23,34.76,9.78,30.98,25.43
16-01-2020,38.18,12.32,44.21,49.16,22.05,36.59,26.9,9.85,38.57,27.92
17-01-2020,39.38,11.1,36.19,61.42,27.84,39.22,23.97,10.03,52.14,24.09
18-01-2020,26.29,10.68,43.78,56.21,29.5,24.39,33.25,9.98,48.12,24.82
19-01-2020,23.43,17.08,34.18,55.46,27.74,23.75,22.03,10.02,43.38,23.12
20-01-2020,33.42,23.7,38.21,56.48,30.46,29.47,23.24,10.17,56.22,24.67
21-01-2020,33.67,22.62,48.18,81.18,32.37,42.38,31.26,10.04,34.98,22.73
22-01-2020,30.62,20.03,44.3,73.59,31.8,48.03,33.45,10.07,39.35,22.81
23-01-2020,30.76,16.9,35.26,45.54,43.87,47.62,28.6,10.01,39.05,23.56
24-01-2020,39.01,24.68,44,53.63,49.49,42.59,28.98,9.93,46.1,21.07
25-01-2020,46.43,20.2,56.31,77.48,47.05,43.86,38.66,10.17,58.13,22.96
26-01-2020,45.71,16.43,50.94,80.18,43,39.57,35.27,10.69,56.28,17.18
27-01-2020,41.23,18.37,67.09,84.52,38.53,40.53,43.56,10.77,38.01,20
28-01-2020,33.37,17.4,42.01,48.86,29.77,45.89,36.2,10.82,37.77,22.43
29-01-2020,38.65,14.74,42.24,28.59,38.77,37.57,29.88,10.7,35.56,26.53
30-01-2020,47.61,14.87,45.04,36.79,36.66,33.1,30.2,10.35,42.73,20.44
31-01-2020,37.62,14.02,47.35,45.07,38.18,40.28,31.13,10.15,44.11,23.19
01-02-2020,31.67,13.12,44.25,47.88,40.69,45.34,35.77,37.76,43.05,18.95
02-02-2020,24.1,12.12,45.28,41.78,29.28,37.85,24.32,65.37,40.38,16.57
03-02-2020,34.38,13.74,53.71,54.62,30.21,43.43,29.87,92.98,40.61,24.45
04-02-2020,32.2,10.92,64.8,65.73,31.23,48.55,34.16,21,35.28,20.46
05-02-2020,30.15,13.26,53.35,42.87,34.88,49.02,28.99,12.2,40.79,19.56
06-02-2020,35.14,19.32,51.82,44.36,41.17,57.85,26.08,11.48,47.01,17.95
07-02-2020,31.27,14.12,58.46,45.01,28.37,65.46,32.6,13.47,39.64,16.95
08-02-2020,30.49,10.61,47.55,53.58,28.55,60.31,26.63,11.59,43.33,17.99
09-02-2020,25.96,8.77,50.75,77.57,27.11,60.09,27.22,11.18,51.97,18.42
10-02-2020,26.2,10.09,56.48,69.99,29.29,53.96,27.42,10.13,62.17,23.62
11-02-2020,28.99,19.96,60.12,65.86,29.93,57.63,25.02,10.4,55.3,23.63
12-02-2020,28.34,22,55.96,55.38,36.64,56.97,21.34,13.17,63.37,22.49
13-02-2020,37.32,18.01,41.59,47.2,43.3,54.59,15.8,11.27,64.98,21.5
14-02-2020,46.46,17.3,34.6,31.79,60.15,48.16,12.87,10.48,46.03,22.65
15-02-2020,54.43,17.74,44.57,37.93,57.58,51.63,14.87,10.41,58.13,20.72
16-02-2020,36.76,12.71,57.15,53.08,43.19,63.63,21.86,10.43,67.32,17.85
17-02-2020,43.77,13.64,61.17,47.02,44.99,70.85,26.62,11.42,82.69,23.93
18-02-2020,42.79,18.11,59.91,38.99,47.25,63.36,25.16,11.48,83.09,23.28
19-02-2020,36.85,14.71,59.9,64.63,44.57,71.1,22.08,10.83,64.85,25.06
20-02-2020,33.04,14.09,44.05,36.81,27.45,62.39,16.77,10.75,37.07,27.54
21-02-2020,24.85,19.91,33.27,15.99,22.96,35.76,13.52,11.36,33.95,25.97
22-02-2020,23.75,8.63,41.23,22.72,27.78,40.41,15.42,25.44,35.4,26.83
23-02-2020,21.8,8.88,42.24,32.13,24.85,49.2,23.87,19.65,33.67,22.12
24-02-2020,25.61,10.95,44.2,35.17,27.31,40.63,20.6,12.86,42.37,25.2
25-02-2020,31.08,12.69,46.76,20.95,28.15,33.22,25.61,13.05,55.28,27.32
26-02-2020,27.21,8.88,50.67,32.74,34.26,34.22,28,14.77,43.69,24.06
27-02-2020,31.61,8.7,46.15,35.33,33.43,42.21,31.91,13.89,44.11,24.81
28-02-2020,26.77,11.08,33.92,44.43,29.75,46.36,27.01,11.73,37.13,28.39
29-02-2020,27.79,14.62,33.98,40.11,25.56,47.86,23,12.31,38.31,24.9
01-03-2020,21.91,9.2,40.73,34.18,27.41,53.17,26.97,12.55,27.16,17.26
02-03-2020,29.55,13.01,50.23,41.53,31.95,60.4,35.93,11.96,36.84,23.26
03-03-2020,32.33,16.26,46.6,41.29,27.73,59.54,40.4,11.38,39.03,24.1
04-03-2020,33.05,15.71,45.62,45.89,29.56,50.6,35.37,10.82,33.16,24.17
05-03-2020,28.68,14.04,32.97,33.11,37.61,46.42,28.84,11.96,26.74,27.82
06-03-2020,23.14,9.72,33.71,23.29,23.4,40.42,27.15,11.14,34.55,19.07
07-03-2020,26.8,10.66,35.53,20.67,25.4,48.29,27.52,11.2,48.35,15.07
08-03-2020,21.71,6.21,37.14,24.5,22.05,57.21,28.16,11.41,37.4,10.35
09-03-2020,23.26,8.54,32.29,25.74,22.79,60.63,23.13,11.81,38.51,15.07
10-03-2020,22.84,10.56,30.22,27.43,21.21,56.39,25.83,12.66,21.76,18.15
11-03-2020,25.62,7.98,29.76,31.13,26.85,56.35,25.06,13.18,25.34,17.57
12-03-2020,28.58,8.75,36.74,30.62,30.61,57.59,30.02,10.99,40.09,17.69
13-03-2020,27.42,16.97,40.53,20.47,25.71,48.93,30.6,11.62,47.23,19.15
14-03-2020,27.04,15.67,34.59,21.79,28.19,37.39,25.9,11.98,32.01,15.33
15-03-2020,22.19,10.34,41.09,19.24,27.55,40.56,27.24,12.99,33.42,11.74
16-03-2020,21.45,10.44,41.52,24.55,28.5,40.05,24.94,12.39,34.31,16.04
17-03-2020,19.78,9.17,43.5,32.31,29.65,46.86,25.66,10.31,45.87,15.24
18-03-2020,24.72,8.1,45.86,29.84,31.53,68.05,30.5,10.48,48.04,16.74
19-03-2020,26.49,10.09,45.67,30.95,33.52,71.81,28.31,10.28,43.78,15.12
20-03-2020,23.38,8.56,51.26,40.02,25.04,61.85,18.07,10.97,28.08,16.67
21-03-2020,31.05,8.49,46.04,23.66,24.68,60.87,16.63,11.47,30.67,13.65
22-03-2020,13.39,5.39,29.85,16.31,20.45,47.26,19.83,11.39,17.33,10.02
23-03-2020,20.12,7.85,25.96,13.21,14.21,44.45,15.96,10.34,19.51,11.21
24-03-2020,15.65,6.91,27.07,16.12,12.33,48.75,17.61,10.94,21.98,8.39
25-03-2020,9.73,4.38,21.11,13.21,12.7,47.99,15.06,10.79,15.39,7.82
26-03-2020,8.99,7.22,16.58,8.3,12.23,46.63,15.96,11.82,11.37,8.44
27-03-2020,9.44,4.85,15.32,8.91,12.16,45.25,14.19,13.83,11.22,8.37
28-03-2020,10.58,4.91,17.52,10.39,11.67,43.29,14.65,12.76,13.15,8.43
29-03-2020,12.22,7.21,16.6,8.84,19.37,50.82,13.75,11.56,12.12,9.41
30-03-2020,11.09,9.78,17.52,8.8,19.35,55.75,12.76,11.05,11.93,8.49
31-03-2020,10.09,8.57,18.03,8.99,19.9,46.23,13.39,10.68,18.7,7.91
01-04-2020,10.37,10.39,19.17,18.07,19.98,47.14,14.94,10.29,10.56,7.98
02-04-2020,9.58,8.54,17.18,10.05,19.75,43.73,16,10.82,10.65,7.13
03-04-2020,9.69,7.25,20.07,11.08,18.95,47.11,12.75,10.69,10.58,7.28
04-04-2020,9.23,7.11,22.38,10.56,21.26,48.52,12.52,10.84,16.92,8.15
05-04-2020,9.81,7.27,24.42,12.55,16.71,49.1,15.9,10.78,12.82,9.01
06-04-2020,11.52,9.43,24.37,11.21,18.52,48.99,14.5,11.17666667,12.75,10.18
07-04-2020,13.48,9.57,19.27,12.09,22.67,48.88,11.95,11.57333333,11.6,9.56
08-04-2020,13.73,7.9,18.56,17.44,20.46,52.98,10.94,11.97,11.44,8.86
09-04-2020,12.38,12.74,21.37,12.21,25.74,52.66,12.14,12.36666667,11.82,7.91
10-04-2020,11.5,12.87,27.12,15.51,31.96,37.04,18.33,12.76333333,13.66,7.61
11-04-2020,10.63,11.18,23.64,21.42,27.24,17.67,18.3,13.16,12.9,7.52
12-04-2020,11.74,10.38,17.59,17.93,21.68,18.86,16.41,11.21,11.97,6.32
13-04-2020,15.57,12.1,23.4,21.13,18.03,17.36,17.19,11.55,22.47,7.3
14-04-2020,15.73,9.58,25.71,25.73,19.72,18.38,19.88,10.67,17.77,6.46
15-04-2020,13.81,8.34,24.55,20.53,18.3,17.61,18.25,18.96,18.99,5.66
16-04-2020,12.73,8.1,25.01,21.96,18.82,20.4,17.1,17.01,12.04,6.31
17-04-2020,12.28,5.33,15.83,25.3,21.35,15.28,12.66,11.4,11.34,6.76
18-04-2020,11.74,7.29,15.45,16.42,25.01,14.91,12.87,11.43,14.52,6.13
19-04-2020,10.48,5.34,19.72,19.31,24.42,14.6,15.3,11.33,11.22,6.07
20-04-2020,10.76,4.08,24.56,14.48,25.39,15.49,19.64,12.25,12.31,7.99
21-04-2020,13.02,4.48,19.64,13.5,29.99,15.59,14.88,13.03,13.17,8.41
22-04-2020,10.17,8.04,24.79,16.38,26.18,16.04,18.46,14.02,13.76,8.4
23-04-2020,11.41,11.64,24.83,23.71,24.7,16.92,18.33,16.84,13.41,8.08
24-04-2020,13.05,10.61,25.62,15.6,22.09,17.02,15.69,16.25,17.09,7.8
25-04-2020,13.04,11.07,18.68,16.97,24.4,12.84,12.23,16.48,11.82,8.36
26-04-2020,11.76,12.01,17.45,10.89,20.64,11.95,13.94,15.44,15.25,6.97
27-04-2020,11.69,6.92,14.8,12.94,21.98,14.17,10.35,32.33,13.63,8.98
28-04-2020,11.24,5.65,17.35,12.78,19.73,11.68,11.32,21.57,13.61,10.01
29-04-2020,12.02,6.85,20.11,13.74,22.21,13.5,13.84,19.19,11.16,9.67
30-04-2020,15.27,11.18,17.61,15.08,24.27,14.46,12.84,17.26,14.2,9.52
01-05-2020,12.6,5.39,18.46,11.85,22.43,20.58,12.69,14.93,16.95,8.01
02-05-2020,14.26,4.25,14.36,11.21,25.22,15.85,10.69,16.36,15.91,7.73
03-05-2020,17.28,3.73,15.14,11.84,26.32,14.56,10.84,18.66,11.67,5.68
04-05-2020,18.88,4.1,16.95,15.63,22.57,33.4,11.12,16.05,12.06,8.81
05-05-2020,18.26,4.13,21.36,13.75,24.86,13.39,13.71,14.69,12.5,9.57
06-05-2020,17.4,5.59,21.88,14.18,21.51,15.13,14.5,12.39,13.02,11.07
07-05-2020,18.2,5.48,17.97,13.8,21.67,23.41,13.66,26.95,17.72,11.05
08-05-2020,16.86,5.17,21.66,14.74,22.97,13.42,14.09,24.27,17.34,10.21
09-05-2020,14.05,4.57,17.65,12.32,21.1,14.78,13.16,18.78,16.94,11.5
10-05-2020,13.18,5.09,16.46,8.97,26.08,12.11,11.14,13.69,14.02,7.09
11-05-2020,14.23,5.29,19.53,12.38,30.29,13.75,12.79,15.65,13.38,10.53
12-05-2020,14.13,5.42,18.49,12.95,27.82,18.8,13.56,16.79,18.54,11.7
13-05-2020,13.82,5.26,21.34,16.64,24.07,34.22,16.23,15.63,17.89,10.69
14-05-2020,15.82,7.32,25.12,14.28,21.85,31.61,27.73,15.84,15.29,11
15-05-2020,16.79,10.11,23.45,19.73,23.33,19.62,36.56,15.94,16.51,11.74
16-05-2020,18.22,5.45,26.17,18.53,26.37,32.81,44.32,14.83,15.52,10.75
17-05-2020,13.24,8.16,31.96,22.86,28.5,34.71,37.52,15.98,20.03,6.28
18-05-2020,12.91,8.74,34.76,22.77,27.66,29.8,34.85,17.48,19.85,10.31
19-05-2020,13.11,15.18,42.67,23.51,30.17,17.54,35.58,14.96,23.42,9.92
20-05-2020,13.77,14.36,32.8,15.03,31.45,17.76,27.33,15,18.13,10.53
21-05-2020,14.59,12.19,31.36,13.77,33.69,22.42,24.81,15.55,27.91,11.68
22-05-2020,15.13,11.32,45.36,14.57,38.9,18.36,24.42,13.29,28.88,11.6
23-05-2020,15.05,10.08,42.43,9.61,35.83,17.72,19.3,12.8,18.83,10.08
24-05-2020,13.03,9.37,27.35,17.58,26.38,10.88,21.9,11.41,17.7,6.67
25-05-2020,16.82,9.59,30.92,18.61,22.72,14.4,18.16,10.6,18.97,11.59
26-05-2020,16.47,8.96,37.79,18.97,23.19,13.53,22.71,10.31,20.71,12.74
27-05-2020,18.54,9.65,26.95,14.3,24.26,11.38,25.72,10.97,17.91,12.73
28-05-2020,14.85,10.58,17.1,8.42,26.37,10.58,16.27,10.33,17.37,12.44
29-05-2020,15.72,13.54,19.02,9.2,24.05,11.81,15.43,11.22,13.87,12.63
30-05-2020,18.27,9.69,18.51,11.29,23.9,20.22,13.94,14.87,13.46,11.45
31-05-2020,11.58,7.97,17.05,12.38,27.75,12.85,16.09,22.14,14.04,5.53
01-06-2020,9.72,10.07,22.99,14.45,30.48,13.91,20.5,39.8,16.26,9.5
02-06-2020,9.76,9.24,24.78,16.23,23.75,30.65,14.95,21.62,18.81,13.1
03-06-2020,9.78,9.41,28.02,18.09,20.72,32.15,14.13,12.54,18.46,9.15
04-06-2020,11.51,8.64,34.11,10.59,18.89,29.04,17.88,15.08,19.4,10.73
05-06-2020,19.65,9.51,25.87,16.4,22.78,15.72,15.71,21.48,16.42,12.68
06-06-2020,17.1,10.97,21.25,14.54,20.88,13.74,13.55,15.84,17.78,12.19
07-06-2020,13.32,12.19,22.65,13.52,18,15.32,14.17,15.1,14.66,4.65
08-06-2020,15.31,12.62,25.81,16.9,19.5,19.35,15.24,13.52,19.97,13.05
09-06-2020,15.48,16.08,32.01,22.28,19.43,23.81,18.55,11.23,18.84,8.09
10-06-2020,15.98,13.97,34.31,15.44,21.57,23.9,19,10.65,20.01,11.56
11-06-2020,14.7,11.45,30.94,15.07,23.97,29.06,15.17,9.4,16.68,15.02
12-06-2020,13.83,13.24,30.05,10.4,21.01,24.21,24,9.17,19.05,15.66
13-06-2020,14.67,11.16,25.46,10.32,19.35,11.2,13.94,8.31,16.79,11.41
14-06-2020,12.31,14.53,26.01,9.22,19.97,6.91,10.48,8.01,15.52,7.41
15-06-2020,13.01,11.06,25.95,11.68,19.95,16.17,12.44,7.97,21.05,13.69
16-06-2020,13.32,12.26,24.58,9.35,17.7,37.94,13.67,16.04,19.13,12.67
17-06-2020,14.1,15.03,16.94,12.42,18.86,37.94,11.29,26.2,15.93,12.51
18-06-2020,13.98,17.22,18.32,9.99,18.92,25.77,8.86,18.43,19.32,12.01
19-06-2020,13.87,15.56,17.78,8.1,20.73,17.66,9,12.63,15.28,11.08
20-06-2020,13.62,14.48,20.37,7.85,19.96,15.51,8.09,53.34,13.56,11.77
21-06-2020,12.45,13.11,23.7,7.92,21.8,15.13,8.75,33.92,13,7.52
22-06-2020,14.45,8.94,20.61,7.97,21.71,25.06,8.8,18.72,16.12,10.63
23-06-2020,14.6,11.11,16.39,11.73,22.45,26.84,8.95,12.03,14.5,14.36
24-06-2020,14.61,9.57,16.84,23.96,24.72,25.52,7.9,9.97,14.37,12.35
25-06-2020,17.67,10.74,21.41,28.99,25.42,26.48,8.14,10.71,16.88,13.57
26-06-2020,14.29,7.94,22.06,20.1,21.78,25.68,10.07,18.01,18.81,11.17
27-06-2020,13.68,12.96,21.46,19.22,22.64,23.01,8.05,20.8,14.72,9.5
28-06-2020,10.33,10,21.6,17.67,22.73,18.13,9.65,17.9,14.05,7.38
29-06-2020,12.12,9.69,21.57,18.47,27.59,20.51,8.97,19.83,16.63,10.75
30-06-2020,12.69,12.38,17.96,11.94,24.58,27.5,10.38,15.97,13.77,9.93
01-07-2020,13.25,10.72,21.05,14.44,27.18,31.15,10.58,15.11,10.88,2.3
