Date,Bengaluru,Delhi,Hyderabad
2015-01-01,20.36,33.85,
2015-01-02,23.74,31.83,
2015-01-03,4.32,69.55,
2015-01-04,0.87,130.36,
2015-01-05,31.38,122.88,
2015-01-06,26.35,134.97,
2015-01-07,22.73,134.82,
2015-01-08,38.67,138.13,
2015-01-09,23.48,140.6,
2015-01-10,34.17,134.06,
2015-01-11,29.74,131.1,
2015-01-12,41.39,148.51,
2015-01-13,35.34,145.48,
2015-01-14,39.82,166.7,
2015-01-15,21.43,124.64,
2015-01-16,10.27,136.4,
2015-01-17,11.05,125.49,
2015-01-18,14.23,120.45,
2015-01-19,13.47,148.49,
2015-01-20,7.29,146.31,
2015-01-21,5.07,63.23,
2015-01-22,3.65,39.65,
2015-01-23,10.06,39.98,
2015-01-24,14.88,38.77,
2015-01-25,15.42,45.62,
2015-01-26,16.63,60.96,
2015-01-27,18.57,40.96,
2015-01-28,16.15,49.71,
2015-01-29,16.4,62.03,
2015-01-30,13.32,69.78,
2015-01-31,7.77,67.66,
2015-02-01,7.48,96.69,
2015-02-02,11.33,84.49,
2015-02-03,11.78,66.38,
2015-02-04,11.88,53.28,
2015-02-05,11.11,51.24,
2015-02-06,11.71,63.45,
2015-02-07,12.88,58.15,
2015-02-08,8.84,66.72,
2015-02-09,13.61,74.29,
2015-02-10,13.04,79.54,
2015-02-11,12.44,95.13,
2015-02-12,26.22,69.47,
2015-02-13,19.31,83.96,
2015-02-14,17.14,137.27,
2015-02-15,11.14,61.89,
2015-02-16,10.67,74.74,
2015-02-17,4.66,75.66,
2015-02-18,6.34,79.83,
2015-02-19,19.81,81.44,
2015-02-20,31.1,81.04,
2015-02-21,12.5,69.59,
2015-02-22,13.56,70.25,
2015-02-23,15.44,36.38,
2015-02-24,17.21,34.14,
2015-02-25,21.85,34.91,
2015-02-26,17.22,23.22,
2015-02-27,20.09,22.36,
2015-02-28,17.43,16.49,
2015-03-01,15.23,12.44,
2015-03-02,33.23,19.11,
2015-03-03,30.4,16.04,
2015-03-04,12.44,17.44,
2015-03-05,6.9,28.86,
2015-03-06,6.3,32.04,
2015-03-07,6.46,16.83,
2015-03-08,11.83,16.12,
2015-03-09,23.32,15.2,
2015-03-10,21.54,18.88,
2015-03-11,30.29,29.48,
2015-03-12,23.55,30.72,
2015-03-13,13.57,23.31,
2015-03-14,1.12,29.21,
2015-03-15,3.79,30.59,
2015-03-16,4.81,33.16,
2015-03-17,21.65,39.8,
2015-03-18,20.82,39.16,
2015-03-19,29.11,36.77,
2015-03-20,27.2,35.07,
2015-03-21,28.02,32.01,
2015-03-22,23.19,32.52,
2015-03-23,27.76,32.13,
2015-03-24,35.1,31.79,
2015-03-25,27.13,27.92,
2015-03-26,34.71,28.0,
2015-03-27,30.96,27.34,
2015-03-28,28.74,32.82,
2015-03-29,21.5,37.35,
2015-03-30,26.96,28.77,
2015-03-31,27.52,30.62,
2015-04-01,31.37,36.05,
2015-04-02,43.09,31.04,
2015-04-03,26.04,35.48,
2015-04-04,40.71,28.46,
2015-04-05,26.22,32.3,
2015-04-06,22.34,44.66,
2015-04-07,17.78,29.78,
2015-04-08,24.2,24.84,
2015-04-09,29.83,30.04,
2015-04-10,23.17,30.32,
2015-04-11,30.95,34.01,
2015-04-12,34.85,28.79,
2015-04-13,34.3,38.86,
2015-04-14,27.48,36.68,
2015-04-15,15.15,34.8,
2015-04-16,16.61,37.84,
2015-04-17,38.54,30.04,
2015-04-18,21.02,28.99,
2015-04-19,21.93,34.39,
2015-04-20,24.78,33.63,
2015-04-21,17.34,30.3,
2015-04-22,5.42,24.36,
2015-04-23,18.77,29.32,
2015-04-24,35.77,36.5,
2015-04-25,17.93,37.0,
2015-04-26,15.8,32.83,
2015-04-27,13.92,32.27,
2015-04-28,11.62,29.46,
2015-04-29,11.4,29.93,
2015-04-30,10.15,29.08,
2015-05-01,6.09,26.55,
2015-05-02,21.03,26.99,
2015-05-03,14.62,35.46,
2015-05-04,18.09,31.33,
2015-05-05,5.94,35.82,
2015-05-06,10.23,39.27,
2015-05-07,15.4,35.52,
2015-05-08,14.93,30.52,
2015-05-09,17.12,34.25,
2015-05-10,14.21,31.32,
2015-05-11,15.84,36.11,
2015-05-12,15.13,52.21,
2015-05-13,14.66,56.95,
2015-05-14,14.28,47.74,
2015-05-15,18.55,44.08,
2015-05-16,24.08,41.94,
2015-05-17,14.2,43.23,
2015-05-18,13.27,40.95,
2015-05-19,17.26,40.32,
2015-05-20,15.5,42.24,
2015-05-21,13.64,56.95,
2015-05-22,12.62,45.91,
2015-05-23,11.58,36.5,
2015-05-24,5.01,37.22,
2015-05-25,3.25,40.26,
2015-05-26,0.28,33.51,
2015-05-27,2.77,29.05,
2015-05-28,4.91,35.74,
2015-05-29,4.88,41.74,
2015-05-30,5.61,40.66,
2015-05-31,2.89,36.27,
2015-06-01,2.34,35.12,
2015-06-02,2.31,46.09,
2015-06-03,2.21,54.47,
2015-06-04,1.93,57.58,
2015-06-05,18.87,75.0,
2015-06-06,30.36,71.88,
2015-06-07,28.0,46.57,
2015-06-08,23.12,50.63,
2015-06-09,25.86,46.56,
2015-06-10,21.15,43.33,
2015-06-11,20.88,35.31,
2015-06-12,5.29,40.11,
2015-06-13,7.02,41.36,
2015-06-14,7.86,56.02,
2015-06-15,8.92,60.68,
2015-06-16,9.22,59.1,
2015-06-17,7.0,55.88,
2015-06-18,8.31,59.55,
2015-06-19,8.08,55.65,
2015-06-20,7.31,48.06,
2015-06-21,6.89,66.21,
2015-06-22,27.31,50.28,
2015-06-23,10.32,51.94,
2015-06-24,8.75,62.47,
2015-06-25,7.95,50.86,
2015-06-26,7.5,45.56,
2015-06-27,6.4,42.36,
2015-06-28,6.3,41.99,
2015-06-29,7.68,43.97,
2015-06-30,8.47,41.11,
2015-07-01,6.34,40.5,
2015-07-02,6.42,39.09,
2015-07-03,5.96,37.32,
2015-07-04,5.76,61.61,
2015-07-05,4.74,64.99,
2015-07-06,26.67,38.68,
2015-07-07,10.45,42.09,
2015-07-08,34.37,42.84,
2015-07-09,19.3,48.61,
2015-07-10,21.54,53.64,
2015-07-11,20.9,42.6,
2015-07-12,10.15,48.01,
2015-07-13,10.8,41.83,
2015-07-14,10.17,49.32,
2015-07-15,6.08,44.18,
2015-07-16,10.88,31.83,
2015-07-17,9.89,40.17,
2015-07-18,11.23,42.26,
2015-07-19,10.88,42.68,
2015-07-20,10.46,41.37,
2015-07-21,10.76,38.36,
2015-07-22,9.67,36.49,
2015-07-23,10.06,33.95,
2015-07-24,9.15,37.38,
2015-07-25,10.06,37.05,
2015-07-26,8.39,33.05,
2015-07-27,8.42,30.92,
2015-07-28,9.14,28.99,
2015-07-29,29.6,28.56,
2015-07-30,11.73,29.31,
2015-07-31,11.91,25.17,
2015-08-01,10.3,23.1,
2015-08-02,9.26,24.2,
2015-08-03,10.08,30.76,
2015-08-04,10.75,31.77,
2015-08-05,10.66,37.94,
2015-08-06,33.49,37.79,
2015-08-07,26.16,39.64,
2015-08-08,23.31,43.18,
2015-08-09,18.3,36.5,
2015-08-10,23.95,35.68,
2015-08-11,24.12,41.69,
2015-08-12,22.52,39.85,
2015-08-13,22.0,39.16,
2015-08-14,23.64,38.58,
2015-08-15,18.87,33.42,
2015-08-16,23.05,33.29,
2015-08-17,50.58,29.73,
2015-08-18,38.79,32.71,
2015-08-19,39.19,25.85,
2015-08-20,30.68,20.57,
2015-08-21,33.06,21.67,
2015-08-22,24.16,28.2,
2015-08-23,23.28,33.25,
2015-08-24,27.77,38.16,
2015-08-25,17.67,36.07,
2015-08-26,15.18,31.88,
2015-08-27,35.39,25.74,
2015-08-28,26.37,32.56,
2015-08-29,33.75,31.16,
2015-08-30,26.46,28.16,
2015-08-31,33.9,23.0,
2015-09-01,33.29,18.96,
2015-09-02,26.12,18.6,
2015-09-03,31.79,17.86,
2015-09-04,37.51,23.02,
2015-09-05,54.9,26.99,
2015-09-06,26.75,23.17,
2015-09-07,32.04,23.76,
2015-09-08,37.31,27.35,24.94
2015-09-09,36.19,22.77,24.81
2015-09-10,36.3,24.07,24.8
2015-09-11,34.24,34.81,25.86
2015-09-12,30.49,46.05,24.78
2015-09-13,21.98,51.19,21.68
2015-09-14,31.7,43.99,21.4
2015-09-15,23.78,46.66,22.34
2015-09-16,24.19,49.72,20.69
2015-09-17,19.64,48.13,20.92
2015-09-18,23.94,40.48,
2015-09-19,24.56,47.21,
2015-09-20,20.84,39.93,
2015-09-21,36.84,27.96,
2015-09-22,35.72,23.06,
2015-09-23,37.81,18.66,
2015-09-24,34.28,18.24,
2015-09-25,30.44,22.95,
2015-09-26,22.01,29.98,
2015-09-27,45.07,30.43,
2015-09-28,76.12,26.35,
2015-09-29,41.39,25.2,
2015-09-30,29.39,21.93,
2015-10-01,30.38,22.52,27.65
2015-10-02,26.74,26.24,20.45
2015-10-03,19.73,24.31,18.05
2015-10-04,23.54,34.91,14.41
2015-10-05,31.01,36.94,15.02
2015-10-06,24.52,41.76,8.62
2015-10-07,24.3,37.01,7.44
2015-10-08,27.54,29.59,11.73
2015-10-09,26.87,27.47,7.42
2015-10-10,27.22,29.69,7.43
2015-10-11,33.5,30.83,7.42
2015-10-12,32.02,33.46,7.44
2015-10-13,38.88,35.14,7.43
2015-10-14,39.7,28.75,7.44
2015-10-15,44.56,31.11,7.41
2015-10-16,42.06,33.05,7.46
2015-10-17,27.48,6.78,7.42
2015-10-18,35.87,21.49,7.44
2015-10-19,21.37,33.27,9.27
2015-10-20,5.65,36.75,11.14
2015-10-21,20.88,37.48,11.18
2015-10-22,33.92,22.53,11.18
2015-10-23,33.78,30.27,11.18
2015-10-24,34.86,34.26,11.17
2015-10-25,29.89,28.26,11.17
2015-10-26,37.44,23.85,11.18
2015-10-27,51.9,26.14,11.15
2015-10-28,26.15,22.81,11.17
2015-10-29,44.06,25.55,11.16
2015-10-30,31.65,28.72,10.78
2015-10-31,49.74,35.77,11.2
2015-11-01,18.44,51.64,12.02
2015-11-02,23.29,42.75,11.97
2015-11-03,34.87,45.66,11.93
2015-11-04,27.02,56.81,11.75
2015-11-05,61.87,45.99,12.04
2015-11-06,32.2,46.52,12.06
2015-11-07,27.73,67.43,11.96
2015-11-08,21.44,49.64,12.03
2015-11-09,18.46,55.64,11.98
2015-11-10,12.63,69.34,11.93
2015-11-11,22.21,48.34,11.96
2015-11-12,21.57,47.57,11.91
2015-11-13,27.79,50.58,11.7
2015-11-14,21.94,48.04,9.85
2015-11-15,22.705,49.4,2.5
2015-11-16,23.47,60.07,3.52
2015-11-17,24.235000000000003,41.89,6.01
2015-11-18,25.0,45.24,5.94
2015-11-19,41.96,55.18,5.96
2015-11-20,23.93,64.78,5.97
2015-11-21,21.28,63.08,6.83
2015-11-22,13.92,63.4,10.08
2015-11-23,24.04,74.83,9.44
2015-11-24,26.98,67.9,8.95
2015-11-25,32.75,35.62,8.87
2015-11-26,55.4,40.68,8.95
2015-11-27,32.33,57.48,8.93
2015-11-28,32.75,60.1,8.6
2015-11-29,19.08,59.13,8.95
2015-11-30,21.4,73.94,8.93
2015-12-01,21.81,57.35,8.94
2015-12-02,22.0,52.71,9.32
2015-12-03,37.08,52.48,10.45
2015-12-04,52.45,43.76,9.3
2015-12-05,51.77,68.78,10.39
2015-12-06,41.62,75.74,10.46
2015-12-07,46.07,81.3,10.53
2015-12-08,45.43,90.35,10.43
2015-12-09,46.15,61.29,10.35
2015-12-10,51.46,50.46,10.5
2015-12-11,26.38,57.97,10.5
2015-12-12,20.93,49.91,10.48
2015-12-13,12.64,37.83,10.46
2015-12-14,11.98,38.84,10.43
2015-12-15,14.1,34.31,10.53
2015-12-16,20.54,52.2,10.54
2015-12-17,22.39,59.43,10.55
2015-12-18,29.2,65.5,10.46
2015-12-19,21.95,74.04,10.41
2015-12-20,26.04,126.19,10.49
2015-12-21,30.54,100.15,10.49
2015-12-22,34.27,163.07,10.38
2015-12-23,36.34,108.68,10.42
2015-12-24,44.44,65.53,10.42
2015-12-25,24.77,62.62,10.42
2015-12-26,18.88,69.77,10.35
2015-12-27,14.76,72.76,10.38
2015-12-28,41.98,69.14,10.43
2015-12-29,24.83,60.62,10.35
2015-12-30,21.42,72.74,10.51
2015-12-31,26.49,72.69,10.46
2016-01-01,14.68,79.87,10.58
2016-01-02,16.05,65.11,10.46
2016-01-03,16.37,66.4,10.35
2016-01-04,14.18,73.73,10.52
2016-01-05,16.97,78.22,10.55
2016-01-06,16.71,83.7,10.53
2016-01-07,26.13,105.21,10.52
2016-01-08,22.84,98.29,10.43
2016-01-09,21.32,60.24,10.47
2016-01-10,11.01,62.87,10.44
2016-01-11,10.72,68.11,10.47
2016-01-12,12.27,64.5,10.33
2016-01-13,12.06,68.5,10.43
2016-01-14,19.63,59.65,10.44
2016-01-15,17.869999999999997,47.42,10.4
2016-01-16,16.11,35.05,10.42
2016-01-17,10.83,35.01,10.39
2016-01-18,16.09,45.72,10.41
2016-01-19,20.9,43.49,10.42
2016-01-20,28.94,40.44,10.51
2016-01-21,43.57,37.76,10.39
2016-01-22,26.58,48.9,10.42
2016-01-23,16.27,67.05,10.5
2016-01-24,14.08,56.64,10.59
2016-01-25,19.55,44.74,10.58
2016-01-26,17.79,58.38,10.42
2016-01-27,20.6,63.16,10.44
2016-01-28,53.81,68.84,10.45
2016-01-29,22.43,74.39,10.4
2016-01-30,20.22,78.01,10.4
2016-01-31,33.27,53.86,10.42
2016-02-01,30.23,37.51,10.5
2016-02-02,27.39,32.1,10.52
2016-02-03,23.28,30.46,10.51
2016-02-04,22.79,31.31,10.57
2016-02-05,21.72,38.98,10.61
2016-02-06,19.25,41.58,10.57
2016-02-07,19.97,46.76,10.28
2016-02-08,18.87,45.57,10.42
2016-02-09,20.89,44.85,10.38
2016-02-10,20.63,48.24,10.28
2016-02-11,17.12,41.33,10.45
2016-02-12,19.85,35.09,10.28
2016-02-13,17.34,33.55,10.39
2016-02-14,15.09,35.13,10.3
2016-02-15,40.86,35.02,10.28
2016-02-16,27.19,32.58,9.8
2016-02-17,24.05,35.79,10.49
2016-02-18,24.9,54.55,10.47
2016-02-19,25.75,67.61,10.57
2016-02-20,29.92,79.34,10.49
2016-02-21,29.87,47.95,10.53
2016-02-22,29.34,30.92,10.47
2016-02-23,30.6,28.75,10.46
2016-02-24,28.79,35.85,10.42
2016-02-25,27.07,36.07,10.48
2016-02-26,24.1,27.19,10.4
2016-02-27,5.47,36.93,10.31
2016-02-28,4.09,41.99,10.32
2016-02-29,3.83,49.77,10.39
2016-03-01,13.53,51.11,10.29
2016-03-02,22.47,41.75,10.26
2016-03-03,22.73,48.37,10.21
2016-03-04,21.95,39.42,10.27
2016-03-05,23.49,31.6,10.37
2016-03-06,23.84,44.64,10.16
2016-03-07,23.77,54.88,10.3
2016-03-08,23.93,40.96,10.33
2016-03-09,33.25,35.16,10.29
2016-03-10,31.23,37.73,10.27
2016-03-11,33.7,28.85,10.31
2016-03-12,26.04,27.093333333333334,10.33
2016-03-13,21.27,25.336666666666662,10.27
2016-03-14,23.37,23.58,10.26
2016-03-15,24.7,26.0,10.29
2016-03-16,36.52,29.89,10.11
2016-03-17,29.15,31.57,9.786666666666669
2016-03-18,26.55,30.43,9.463333333333336
2016-03-19,29.65,38.99,9.14
2016-03-20,27.35,52.94,10.32
2016-03-21,32.86,33.75,10.22
2016-03-22,32.7,21.64,10.4
2016-03-23,29.53,27.0,10.39
2016-03-24,24.5,39.36,10.31
2016-03-25,22.9,44.01,10.34
2016-03-26,32.86,37.72,10.35
2016-03-27,42.56,28.36,10.29
2016-03-28,50.0,27.83,10.31
2016-03-29,24.05,29.91,10.12
2016-03-30,22.67,27.39,10.16
2016-03-31,23.75,34.59,10.31
2016-04-01,23.19,43.8,10.47
2016-04-02,29.64,53.010000000000005,16.5
2016-04-03,19.18,62.22,22.53
2016-04-04,45.69,59.55,28.56
2016-04-05,22.62,24.26,26.16
2016-04-06,28.88,32.31,22.29
2016-04-07,23.17,48.67,22.34
2016-04-08,19.5,31.01,20.01
2016-04-09,18.87,35.12,19.59
2016-04-10,16.4,33.72,17.59
2016-04-11,20.63,31.62,18.48
2016-04-12,17.27,23.32,19.29
2016-04-13,30.91,22.7,22.54
2016-04-14,25.67,22.82,25.98
2016-04-15,26.03,34.25,23.21
2016-04-16,26.81,17.79,21.43
2016-04-17,24.31,21.22,21.25
2016-04-18,25.84,28.33,22.27
2016-04-19,25.01,28.32,20.13
2016-04-20,25.6,25.14,22.38
2016-04-21,22.65,20.52,23.69
2016-04-22,26.41,20.0,22.04
2016-04-23,27.43,20.6,18.78
2016-04-24,20.86,22.0,20.14
2016-04-25,25.49,23.14,21.5
2016-04-26,24.94,29.38,34.24
2016-04-27,19.65,39.52,38.48
2016-04-28,18.06,37.83,31.97
2016-04-29,17.12,32.04,33.59
2016-04-30,17.48,16.95,33.19
2016-05-01,16.11,17.35,29.73
2016-05-02,19.71,13.81,23.99
2016-05-03,20.1,31.89,30.58
2016-05-04,16.71,49.53,44.38
2016-05-05,17.66,44.78,28.44
2016-05-06,16.79,35.93,48.05
2016-05-07,17.82,39.63,59.64
2016-05-08,16.68,45.99,78.57
2016-05-09,16.5,51.11,35.16
2016-05-10,16.75,43.66,34.26
2016-05-11,16.13,53.04,31.42
2016-05-12,19.08,66.64,30.83
2016-05-13,23.06,56.26,29.29
2016-05-14,22.026666666666667,52.87,30.57
2016-05-15,20.993333333333336,46.77,28.73
2016-05-16,19.96,31.0,27.59
2016-05-17,11.28,29.12,31.26
2016-05-18,36.19,26.39,29.08
2016-05-19,7.22,43.64,26.92
2016-05-20,7.84,57.83,39.66
2016-05-21,8.66,55.28,34.21
2016-05-22,9.56,46.09,22.35
2016-05-23,9.71,40.22,20.06
2016-05-24,10.37,36.69,20.42
2016-05-25,24.05,48.53,20.86
2016-05-26,21.54,42.29,21.38
2016-05-27,21.52,43.19,18.67
2016-05-28,21.36,29.71,19.2
2016-05-29,17.98,30.46,18.94
2016-05-30,30.8,39.34,
2016-05-31,56.94,47.17,
2016-06-01,75.14,37.91,
2016-06-02,29.71,37.86,
2016-06-03,,44.94,
2016-06-04,,47.59,
2016-06-05,,51.64,
2016-06-06,,35.52,
2016-06-07,,33.33,
2016-06-08,,32.67,
2016-06-09,,35.28,
2016-06-10,,30.18,
2016-06-11,,37.83,
2016-06-12,,33.33,
2016-06-13,,34.24,
2016-06-14,,38.65,
2016-06-15,,42.47,
2016-06-16,,34.5,
2016-06-17,38.77,32.53,
2016-06-18,34.41,33.32,
2016-06-19,31.78,34.93,
2016-06-20,37.12,34.93,
2016-06-21,36.79,35.69,
2016-06-22,32.55,31.53,
2016-06-23,32.35,28.31,
2016-06-24,30.59,33.1,
2016-06-25,34.79666666666667,43.4,
2016-06-26,39.00333333333333,39.05,
2016-06-27,43.21,39.39,
2016-06-28,45.56,35.05,
2016-06-29,44.18,33.03,
2016-06-30,37.66,31.42,
2016-07-01,41.94,42.08,
2016-07-02,35.09,36.91,
2016-07-03,29.15,35.43,
2016-07-04,32.37,35.38,
2016-07-05,31.94,42.46,
2016-07-06,32.42,52.72,
2016-07-07,35.53,37.18,
2016-07-08,28.85,40.9,
2016-07-09,28.08,40.31,
2016-07-10,25.57,37.92,
2016-07-11,24.14,38.15,
2016-07-12,17.58,33.66,
2016-07-13,14.47,43.92,
2016-07-14,18.34,61.03,
2016-07-15,15.33,38.79,
2016-07-16,14.03,40.89,
2016-07-17,12.73,33.83,
2016-07-18,15.8,51.53,
2016-07-19,18.58,55.76,
2016-07-20,14.64,31.06,
2016-07-21,11.35,32.92,
2016-07-22,17.94,37.84,
2016-07-23,13.175,35.77,
2016-07-24,8.41,38.44,
2016-07-25,8.36,45.77,
2016-07-26,10.29,48.6,
2016-07-27,15.69,42.48,
2016-07-28,15.8,40.28,
2016-07-29,10.82,41.18,
2016-07-30,13.48,36.4,
2016-07-31,21.24,37.62,
2016-08-01,2.09,35.28,
2016-08-02,0.15,34.99,
2016-08-03,0.68,32.14,
2016-08-04,0.33,32.45,
2016-08-05,,32.81,
2016-08-06,,32.22,
2016-08-07,,28.89,
2016-08-08,,29.3,
2016-08-09,,27.23,12.11
2016-08-10,,29.55,12.28
2016-08-11,40.48,24.79,11.83
2016-08-12,40.88,23.83,
2016-08-13,40.67,31.35,
2016-08-14,40.59,32.09,
2016-08-15,40.86,27.89,
2016-08-16,40.69,26.6,
2016-08-17,40.91,25.64,
2016-08-18,40.66,30.91,
2016-08-19,40.69,28.14,
2016-08-20,40.31,26.51,
2016-08-21,40.82,23.44,
2016-08-22,40.19,23.44,
2016-08-23,40.51,26.3,
2016-08-24,40.31,22.95,
2016-08-25,41.23,30.36,
2016-08-26,40.74,39.87,
2016-08-27,40.27,35.71,
2016-08-28,39.99,31.55,
2016-08-29,40.64,29.89,
2016-08-30,40.42,29.36,
2016-08-31,40.41,28.42,
2016-09-01,40.49,23.08,53.08
2016-09-02,40.36,26.32,31.07
2016-09-03,40.4,23.2,15.31
2016-09-04,40.42,22.02,44.05
2016-09-05,40.48,19.68,53.1
2016-09-06,40.36,19.05,36.24
2016-09-07,40.83,18.99,32.48
2016-09-08,40.73,20.58,27.66
2016-09-09,72.77,21.51,27.06
2016-09-10,104.81,21.07,22.62
2016-09-11,43.84,20.4,26.24
2016-09-12,43.545,21.52,16.75
2016-09-13,43.25,25.79,19.98
2016-09-14,43.42,23.03,12.34
2016-09-15,39.83,28.2,15.62
2016-09-16,13.14,27.03,38.51
2016-09-17,5.14,29.48,49.99
2016-09-18,14.97,29.26,29.78
2016-09-19,24.8,34.17,9.57
2016-09-20,30.77,28.66,6.56
2016-09-21,55.78,29.75,16.51
2016-09-22,35.92,27.78,9.41
2016-09-23,120.07,29.48,28.86
2016-09-24,84.68,30.1,6.4
2016-09-25,67.135,27.69,31.24
2016-09-26,49.59,32.26,32.74
2016-09-27,38.935,29.98,18.67
2016-09-28,28.28,40.17,12.5
2016-09-29,36.38,37.22,16.89
2016-09-30,55.12,32.18,11.83
2016-10-01,55.14,40.08,25.01
2016-10-02,55.23,35.58,19.43
2016-10-03,55.31999999999999,43.92,17.95
2016-10-04,55.41,50.14,9.0
2016-10-05,56.1,46.47,12.28
2016-10-06,55.42,54.59,14.01
2016-10-07,55.17,47.26,10.52
2016-10-08,38.9,42.99,11.07
2016-10-09,15.05,43.55,11.22
2016-10-10,15.09,39.72,14.1
2016-10-11,15.11,36.52,14.735
2016-10-12,15.12,31.55,15.37
2016-10-13,15.12,27.85,21.18
2016-10-14,15.13,29.54,31.36
2016-10-15,15.02,34.74,27.21
2016-10-16,14.735,34.88,31.41
2016-10-17,14.45,37.11,28.7
2016-10-18,14.91,39.9,26.25
2016-10-19,15.025,39.26,29.97
2016-10-20,15.14,44.98,29.1
2016-10-21,19.99,46.41,39.49
2016-10-22,39.56,47.03,53.38
2016-10-23,24.4,44.08,54.55
2016-10-24,23.24,37.79,34.59
2016-10-25,33.13,38.89,30.24
2016-10-26,40.67,48.82,47.92
2016-10-27,37.52,58.75,45.17
2016-10-28,34.9,64.34,39.85
2016-10-29,35.3,79.24,42.24
2016-10-30,41.04,89.56,27.36
2016-10-31,38.42,95.27,26.1
2016-11-01,37.58,91.77,24.59
2016-11-02,36.28,111.69,21.5
2016-11-03,37.76,104.84,20.77
2016-11-04,36.05,88.02,9.27
2016-11-05,28.78,89.1,12.51
2016-11-06,27.28,96.22,13.96
2016-11-07,29.92,72.81,22.83
2016-11-08,29.57,55.65,25.37
2016-11-09,28.86,58.89,24.24
2016-11-10,27.67,73.93,36.33
2016-11-11,29.6,88.96,33.77
2016-11-12,30.49,81.99,39.06
2016-11-13,39.82,67.76,30.06
2016-11-14,31.52,49.95,31.45
2016-11-15,14.03,59.24,27.89
2016-11-16,24.15,53.33,31.12
2016-11-17,34.63,41.1,33.57
2016-11-18,24.55,43.06,29.05
2016-11-19,24.89,55.83,36.62
2016-11-20,27.955,80.15,33.56
2016-11-21,31.02,81.94,38.92
2016-11-22,39.39,63.32,38.16
2016-11-23,39.88,48.28,37.16
2016-11-24,19.16,55.54,30.2
2016-11-25,17.7,28.84,23.54
2016-11-26,17.32,25.22,5.08
2016-11-27,17.2,26.73,3.64
2016-11-28,27.25,28.3,4.08
2016-11-29,27.55,64.54,16.48
2016-11-30,26.58,84.51,41.11
2016-12-01,27.97,79.35,31.73
2016-12-02,30.0,77.5,35.72
2016-12-03,37.49,51.11,23.13
2016-12-04,28.44,68.69,21.32
2016-12-05,29.23,27.41,28.38
2016-12-06,27.6,56.8,27.81
2016-12-07,26.04,49.99,28.78
2016-12-08,26.6,36.31,31.26
2016-12-09,24.42,40.93,17.46
2016-12-10,24.0,34.4,24.41
2016-12-11,32.37,29.59,34.77
2016-12-12,28.36,50.66,26.45
2016-12-13,37.1,40.75,30.9
2016-12-14,25.14,39.57,19.33
2016-12-15,27.42,32.77,26.91
2016-12-16,36.2,42.38,27.7
2016-12-17,23.44,52.64,31.24
2016-12-18,28.81,61.3,36.11
2016-12-19,20.01,61.04,31.03
2016-12-20,18.42,45.61,34.35
2016-12-21,16.41,40.01,29.32
2016-12-22,17.54,50.67,42.78
2016-12-23,17.39,90.37,26.75
2016-12-24,18.3,99.22,31.14
2016-12-25,17.31,61.98,19.36
2016-12-26,17.08,51.87,36.57
2016-12-27,16.9,47.88,34.58
2016-12-28,17.07,60.4,35.44
2016-12-29,16.91,88.44,24.76
2016-12-30,17.46,54.58,25.35
2016-12-31,17.59,52.53,18.5
2017-01-01,17.605,55.92,15.38
2017-01-02,17.62,66.57,24.87
2017-01-03,19.41,58.97,18.06
2017-01-04,24.85,68.53,26.16
2017-01-05,25.09,61.04,36.67
2017-01-06,24.47,58.18,23.85
2017-01-07,25.17,36.9,16.18
2017-01-08,25.52,29.21,15.23
2017-01-09,24.41,36.32,13.47
2017-01-10,24.92,28.52,11.94
2017-01-11,25.29,31.36,19.45
2017-01-12,26.47,43.41,30.92
2017-01-13,26.04,45.76,26.15
2017-01-14,24.76,36.49,20.75
2017-01-15,23.31,24.33,17.64
2017-01-16,23.82,39.47,19.03
2017-01-17,23.88,33.13,17.53
2017-01-18,22.76,31.97,14.66
2017-01-19,23.03,25.48,14.4
2017-01-20,24.05,31.55,15.32
2017-01-21,23.84,19.27,18.0
2017-01-22,23.035,24.1,15.71
2017-01-23,22.23,33.51,20.72
2017-01-24,23.95,56.08,19.98
2017-01-25,23.3,69.27,18.46
2017-01-26,24.99,48.42,14.62
2017-01-27,27.95,31.84,15.15
2017-01-28,26.906666666666663,28.3,18.29
2017-01-29,25.863333333333333,28.3,28.21
2017-01-30,24.82,40.53,25.86
2017-01-31,24.8,54.92,17.73
2017-02-01,23.83,46.63,16.81
2017-02-02,22.26,60.67,16.25
2017-02-03,22.29,62.33,16.49
2017-02-04,22.38,57.26,17.59
2017-02-05,20.54,40.73,18.65
2017-02-06,21.39,46.21,17.5
2017-02-07,20.74,28.73,26.73
2017-02-08,20.2,31.42,22.71
2017-02-09,21.68,39.7,19.35
2017-02-10,20.99,47.34,15.93
2017-02-11,21.44,55.54,13.23
2017-02-12,22.83,95.27,12.49
2017-02-13,23.08,51.62,16.5
2017-02-14,28.08,50.31,18.65
2017-02-15,24.68,54.38,17.52
2017-02-16,23.65,55.87,22.99
2017-02-17,22.85,53.4,26.52
2017-02-18,22.95,62.34,27.44
2017-02-19,22.5,75.4,31.66
2017-02-20,22.25,83.01,39.69
2017-02-21,21.94,66.01,22.19
2017-02-22,21.67,58.5,30.84
2017-02-23,22.22,38.51,29.77
2017-02-24,21.92,29.63,41.8
2017-02-25,22.93,34.4,47.49
2017-02-26,24.05,40.72,29.14
2017-02-27,22.87,43.29,29.39
2017-02-28,22.97,76.09,40.73
2017-03-01,107.53,73.27,25.67
2017-03-02,24.18,62.98,18.51
2017-03-03,26.25,41.85,17.57
2017-03-04,26.53,39.3,18.84
2017-03-05,27.95,34.4,15.43
2017-03-06,31.01,33.66,17.68
2017-03-07,34.12,43.71,14.61
2017-03-08,30.12,36.04,16.96
2017-03-09,35.13,32.12,24.9
2017-03-10,42.48,25.51,13.14
2017-03-11,28.2,24.61,8.95
2017-03-12,26.09,24.24,15.42
2017-03-13,30.64,21.02,32.61
2017-03-14,34.32,22.58,26.41
2017-03-15,33.53,37.36,13.73
2017-03-16,26.96,43.07,12.84
2017-03-17,27.37,29.62,21.57
2017-03-18,25.99,33.5,33.02
2017-03-19,25.66,43.17,40.79
2017-03-20,26.78,34.32,41.5
2017-03-21,26.49,33.99,33.24
2017-03-22,23.98,49.03,26.07
2017-03-23,24.06,73.23,21.52
2017-03-24,20.33,76.02,19.77
2017-03-25,20.79,59.37,24.64
2017-03-26,22.33,53.05,19.94
2017-03-27,22.04,52.56,17.01
2017-03-28,25.2,61.73,16.62
2017-03-29,28.76,58.95,15.1
2017-03-30,25.74,57.35,15.91
2017-03-31,22.44,67.36,16.73
2017-04-01,24.02,68.33,14.2
2017-04-02,28.54,59.67,15.37
2017-04-03,26.81,58.96,14.48
2017-04-04,25.66,63.38,15.11
2017-04-05,27.27,66.8,12.67
2017-04-06,27.92,59.04,20.89
2017-04-07,28.02,51.4,14.76
2017-04-08,26.68,55.26,19.05
2017-04-09,25.78,38.77,17.48
2017-04-10,29.59,37.48,22.74
2017-04-11,28.14,40.69,33.95
2017-04-12,26.435,43.01,51.93
2017-04-13,24.73,54.53,26.62
2017-04-14,24.12,67.47,23.64
2017-04-15,24.52,63.27,16.22
2017-04-16,28.035,38.41,16.17
2017-04-17,31.55,42.18,28.4
2017-04-18,28.01,41.14,23.76
2017-04-19,31.93,50.75,30.84
2017-04-20,28.87,64.48,41.98
2017-04-21,35.77,54.57,26.61
2017-04-22,30.19,39.46,36.91
2017-04-23,27.92,40.33,45.33
2017-04-24,27.52,34.43,32.1
2017-04-25,28.23,31.0,26.05
2017-04-26,27.58,34.01,30.94
2017-04-27,28.45,37.41,36.73
2017-04-28,27.29,33.57,33.13
2017-04-29,28.89,42.48,38.26
2017-04-30,27.355,34.42,25.94
2017-05-01,25.82,40.22,26.54
2017-05-02,26.1,44.95,25.34
2017-05-03,28.37,44.27,34.75
2017-05-04,22.96,34.41,22.03
2017-05-05,31.0,32.24,16.38
2017-05-06,31.4,37.01,24.02
2017-05-07,22.61,41.82,19.155
2017-05-08,29.12,50.62,14.29
2017-05-09,30.32,36.69,38.95
2017-05-10,31.83,34.59,54.45
2017-05-11,22.39,30.7,50.53
2017-05-12,11.61,35.38,23.81
2017-05-13,11.24,42.62,25.46
2017-05-14,18.05,32.57,23.54
2017-05-15,18.34,37.08,21.58
2017-05-16,17.72,20.17,18.27
2017-05-17,18.17,12.09,18.51
2017-05-18,15.07,13.57,33.13
2017-05-19,18.85,27.59,21.18
2017-05-20,23.79,25.31,22.07
2017-05-21,23.65,13.02,44.56
2017-05-22,23.78,39.38,25.27
2017-05-23,24.31,56.89,43.01
2017-05-24,23.85,42.37,39.41
2017-05-25,23.75,33.07,25.52
2017-05-26,23.65,49.97,23.05
2017-05-27,23.57,39.95,18.74
2017-05-28,23.46,37.97,27.27
2017-05-29,23.67,41.24,28.57
2017-05-30,23.64,47.68,15.98
2017-05-31,23.73,53.68,11.42
2017-06-01,23.75,57.81,9.9
2017-06-02,23.66,60.86,9.17
2017-06-03,23.86,62.41,14.37
2017-06-04,23.805,55.02,20.08
2017-06-05,23.75,41.28,21.42
2017-06-06,23.64,43.51,17.36
2017-06-07,23.83,48.84,11.75
2017-06-08,23.61,40.3,17.27
2017-06-09,23.79,41.19,20.71
2017-06-10,23.65,41.51,25.87
2017-06-11,23.52,38.68,14.78
2017-06-12,23.68,50.52,11.35
2017-06-13,23.7,58.1,8.59
2017-06-14,23.66,52.51,8.01
2017-06-15,23.69,54.71,6.99
2017-06-16,23.91,51.3,8.52
2017-06-17,23.92,48.94,5.11
2017-06-18,23.74,48.14,4.9
2017-06-19,23.76,46.71,9.89
2017-06-20,23.87,59.54,5.71
2017-06-21,23.87,50.91,4.72
2017-06-22,23.97,69.13,4.94
2017-06-23,23.86,52.73,5.32
2017-06-24,35.99,58.3,4.9
2017-06-25,31.68,45.21,4.48
2017-06-26,31.96,38.93,4.3
2017-06-27,31.97,37.64,3.92
2017-06-28,32.02,41.14,3.78
2017-06-29,32.05,33.87,3.53
2017-06-30,31.99,41.27,3.45
2017-07-01,31.77,44.12,3.54
2017-07-02,90.01,32.97,3.36
2017-07-03,104.87,32.02,3.46
2017-07-04,89.78200000000001,28.8,3.57
2017-07-05,74.69400000000002,25.81,3.23
2017-07-06,59.606000000000016,24.82,3.63
2017-07-07,44.518000000000015,30.98,4.21
2017-07-08,29.43,28.82,5.0
2017-07-09,32.09,41.79,4.05
2017-07-10,32.39,27.22,8.73
2017-07-11,30.96,26.19,4.66
2017-07-12,27.05,27.31,5.08
2017-07-13,27.1,28.03,4.91
2017-07-14,26.36,29.06,4.76
2017-07-15,26.88,37.26,6.42
2017-07-16,26.78,35.52,25.84
2017-07-17,26.87,43.34,18.71
2017-07-18,26.88,49.2,5.02
2017-07-19,27.04,58.22,4.38
2017-07-20,26.84,44.64,4.54
2017-07-21,26.79,26.97,4.26
2017-07-22,27.12,23.32,4.02
2017-07-23,26.75,26.79,3.86
2017-07-24,26.97,28.58,6.52
2017-07-25,27.22,28.73,10.26
2017-07-26,26.72,27.09,8.11
2017-07-27,27.03,26.74,4.87
2017-07-28,26.46,25.11,5.12
2017-07-29,26.99,22.45,4.83
2017-07-30,26.87,22.24,5.66
2017-07-31,26.22,32.0,5.48
2017-08-01,24.62,33.36,5.26
2017-08-02,24.78,38.35,5.69
2017-08-03,24.54,34.14,8.63
2017-08-04,24.15,33.24,7.5
2017-08-05,24.57,36.4,7.81
2017-08-06,24.46,43.5,8.34
2017-08-07,24.53,33.07,8.4
2017-08-08,24.43,36.53,11.54
2017-08-09,24.68,42.64,8.63
2017-08-10,24.56,31.22,7.58
2017-08-11,24.42,17.92,6.9
2017-08-12,23.93,23.546666666666667,6.12
2017-08-13,23.44,29.17333333333333,6.28
2017-08-14,22.95,34.8,6.99
2017-08-15,24.17,18.69,4.82
2017-08-16,24.61,23.94,4.92
2017-08-17,24.71,26.78,6.0
2017-08-18,24.69,24.79,5.61
2017-08-19,24.52,24.34,5.09
2017-08-20,24.3,17.65,4.45
2017-08-21,24.48,12.14,4.27
2017-08-22,24.4,15.5,4.52
2017-08-23,24.3,22.33,4.72
2017-08-24,24.49,23.83,5.14
2017-08-25,24.22,18.75,8.07
2017-08-26,25.06,23.26,9.01
2017-08-27,24.2,29.19,6.07
2017-08-28,24.36,15.6,6.84
2017-08-29,24.61,27.77,6.45
2017-08-30,24.58,38.09,5.73
2017-08-31,24.78,25.08,6.68
2017-09-01,24.45,17.6,5.56
2017-09-02,24.44,33.97,6.44
2017-09-03,24.2,25.9,8.13
2017-09-04,24.42,86.67,4.95
2017-09-05,24.44,30.21,5.61
2017-09-06,24.13,31.07,5.72
2017-09-07,24.37,36.46,7.5
2017-09-08,24.37,27.05,6.64
2017-09-09,24.34,31.1,5.53
2017-09-10,24.65333333333333,49.74,5.51
2017-09-11,24.966666666666665,48.0,5.37
2017-09-12,25.28,46.35333333333333,4.47
2017-09-13,24.62,44.70666666666666,6.1
2017-09-14,24.2,43.06,4.67
2017-09-15,25.08,31.02,4.0
2017-09-16,24.21,40.92,3.71
2017-09-17,23.37,31.89,3.75
2017-09-18,23.92,33.88,3.25
2017-09-19,23.97,45.0,3.21
2017-09-20,24.05,56.47,3.22
2017-09-21,24.04,31.36,3.37
2017-09-22,24.05,17.63,4.29
2017-09-23,24.15,17.47,6.2
2017-09-24,24.18,19.11,7.18
2017-09-25,23.77,19.81,6.51
2017-09-26,23.87,34.54,11.57
2017-09-27,22.64,50.34,12.83
2017-09-28,21.83,54.37,9.45
2017-09-29,23.84,41.19,8.29
2017-09-30,23.87,44.1,9.81
2017-10-01,23.86,50.15,10.65
2017-10-02,23.89,39.12,9.43
2017-10-03,23.95,31.36,9.53
2017-10-04,23.88,39.43,11.28
2017-10-05,24.02,37.22,12.98
2017-10-06,24.05,31.48,10.26
2017-10-07,25.33,35.37,12.27
2017-10-08,26.27,41.02,8.02
2017-10-09,26.53,50.93,9.24
2017-10-10,26.4,56.42,8.55
2017-10-11,26.24,64.21,9.16
2017-10-12,26.64,44.32,9.37
2017-10-13,26.23,45.28,8.93
2017-10-14,26.16,55.52,12.38
2017-10-15,26.03,44.61,11.88
2017-10-16,26.29,51.88,9.97
2017-10-17,26.83,42.92,18.24
2017-10-18,26.76,44.57,12.5
2017-10-19,26.71,50.7,11.56
2017-10-20,26.81,48.79,11.43
2017-10-21,26.51,50.8,10.7
2017-10-22,26.26,45.72,10.52
2017-10-23,26.38,48.44,12.09
2017-10-24,26.59,53.82,14.58
2017-10-25,26.4,55.14,13.04
2017-10-26,26.39,61.45,10.82
2017-10-27,26.4,48.68,11.84
2017-10-28,26.62,51.2,14.51
2017-10-29,26.6,50.6,14.16
2017-10-30,26.61,52.67,13.55
2017-10-31,26.65,64.28,14.57
2017-11-01,26.39,47.36,14.02
2017-11-02,26.14,49.88,15.88
2017-11-03,26.64,53.2,16.61
2017-11-04,26.61,52.75,16.9
2017-11-05,26.44,61.8,13.16
2017-11-06,26.93,65.81,11.21
2017-11-07,26.82,91.87,13.12
2017-11-08,26.82,82.96,14.87
2017-11-09,26.77,74.84,12.97
2017-11-10,25.71,84.1,14.36
2017-11-11,26.5,90.64,16.04
2017-11-12,26.38,73.63,15.71
2017-11-13,26.54,73.85,16.47
2017-11-14,26.59,55.71,19.2
2017-11-15,26.72,48.83,22.73
2017-11-16,26.88,50.06,22.81
2017-11-17,26.65,45.56,15.71
2017-11-18,26.87,38.55,13.28
2017-11-19,26.56,34.83,15.87
2017-11-20,26.43,36.28,14.27
2017-11-21,26.4,40.58,15.12
2017-11-22,26.84,40.37,13.03
2017-11-23,27.21,40.03,14.6
2017-11-24,26.78,44.62,18.59
2017-11-25,,47.81,16.11
2017-11-26,,63.81,20.0
2017-11-27,,52.5,16.73
2017-11-28,,60.94,14.78
2017-11-29,,83.31,13.66
2017-11-30,,77.53,13.13
2017-12-01,,65.47,16.99
2017-12-02,,92.4,16.25
2017-12-03,,85.25,13.39
2017-12-04,,90.28,14.3
2017-12-05,,71.16,13.51
2017-12-06,25.89,45.92,13.05
2017-12-07,37.81,36.04,14.4
2017-12-08,68.36,41.49,15.55
2017-12-09,30.02,57.73,14.5
2017-12-10,42.43,77.11,11.86
2017-12-11,37.61,86.87,12.57
2017-12-12,54.97,50.54,16.12
2017-12-13,87.2,48.27,20.13
2017-12-14,56.03,46.26,18.6
2017-12-15,28.03,42.56,18.09
2017-12-16,37.28,39.74,15.3
2017-12-17,46.53,35.36,15.98
2017-12-18,55.78,45.71,16.89
2017-12-19,65.03,56.27,14.23
2017-12-20,57.13,78.25,17.75
2017-12-21,49.98,72.97,20.76
2017-12-22,37.0,55.36,24.14
2017-12-23,80.1,51.89,24.8
2017-12-24,84.26,73.83,25.5
2017-12-25,72.53,68.61,24.11
2017-12-26,37.01,62.83,24.77
2017-12-27,9.77,71.71,17.06
2017-12-28,10.45,79.07,16.52
2017-12-29,9.6,68.22,18.82
2017-12-30,8.98,75.04,17.46
2017-12-31,,83.55,18.74
2018-01-01,,73.16,25.09
2018-01-02,,55.61,22.84
2018-01-03,,50.81,23.34
2018-01-04,,55.17,25.77
2018-01-05,,51.36,23.67
2018-01-06,,63.78,23.17
2018-01-07,,50.09,22.16
2018-01-08,,47.52,19.8
2018-01-09,,58.65,22.57
2018-01-10,45.45,48.38,22.15
2018-01-11,48.27,47.42,24.42
2018-01-12,42.34,55.07,25.98
2018-01-13,41.38,75.88,22.44
2018-01-14,36.21,55.35,23.14
2018-01-15,33.68,54.6,23.39
2018-01-16,36.95,43.23,24.56
2018-01-17,36.51,52.37,22.08
2018-01-18,34.11,59.73,25.42
2018-01-19,36.27,63.31,22.32
2018-01-20,40.27,66.51,27.24
2018-01-21,45.24,63.25,25.79
2018-01-22,50.22,63.15,25.72
2018-01-23,57.58,51.07,19.96
2018-01-24,68.02,43.08,24.15
2018-01-25,64.75,40.74,23.83
2018-01-26,57.65,44.28,24.19
2018-01-27,57.83,46.22,26.28
2018-01-28,58.16,45.66,25.13
2018-01-29,60.91,44.78,23.34
2018-01-30,70.16,38.68,20.35
2018-01-31,73.36,39.32,20.39
2018-02-01,81.64,46.95,24.5
2018-02-02,75.97,52.36,21.65
2018-02-03,75.86,46.26,20.36
2018-02-04,60.26,45.13,22.91
2018-02-05,74.39,45.41,25.26
2018-02-06,83.02,44.96,23.0
2018-02-07,89.31,43.31,24.6
2018-02-08,94.19,47.89,28.79
2018-02-09,98.39,49.6,35.08
2018-02-10,90.65,47.52,37.24
2018-02-11,62.54,51.43,27.82
2018-02-12,,46.64,27.37
2018-02-13,,50.89,54.44
2018-02-14,,40.88,35.31
2018-02-15,,44.48,23.72
2018-02-16,,49.81,20.48
2018-02-17,,49.73,20.36
2018-02-18,,45.32,21.29
2018-02-19,,46.22,20.45
2018-02-20,,49.25,20.08
2018-02-21,,49.47,20.29
2018-02-22,,55.72,18.86
2018-02-23,,59.64,18.56
2018-02-24,,62.61,17.34
2018-02-25,,50.57,18.26
2018-02-26,,41.83,19.58
2018-02-27,,43.85,19.27
2018-02-28,,53.64,22.7
2018-03-01,,49.29,21.27
2018-03-02,,48.86,21.27
2018-03-03,,44.26,23.4
2018-03-04,,39.35,20.81
2018-03-05,,38.32,20.49
2018-03-06,,34.56,19.42
2018-03-07,,36.46,21.37
2018-03-08,,43.35,22.9
2018-03-09,,46.02,21.26
2018-03-10,,39.35,23.5
2018-03-11,,39.62,19.08
2018-03-12,,42.8,17.31
2018-03-13,,42.23,18.14
2018-03-14,,40.47,19.71
2018-03-15,,43.23,19.38
2018-03-16,,42.2,23.84
2018-03-17,,33.72,22.04
2018-03-18,,30.32,19.52
2018-03-19,,37.7,17.35
2018-03-20,,44.26,22.3
2018-03-21,,49.85,20.87
2018-03-22,,42.95,22.99
2018-03-23,,34.91,23.52
2018-03-24,,35.84,25.07
2018-03-25,,37.35,25.92
2018-03-26,,36.49,20.6
2018-03-27,,37.92,18.75
2018-03-28,,37.48,17.08
2018-03-29,,37.18,20.47
2018-03-30,,37.57,20.25
2018-03-31,,42.4,16.41
2018-04-01,,37.86,17.57
2018-04-02,,43.29,14.88
2018-04-03,,45.56,16.65
2018-04-04,,50.48,15.22
2018-04-05,,49.53,14.68
2018-04-06,,43.35,14.83
2018-04-07,,42.48,22.05
2018-04-08,,44.48,21.88
2018-04-09,,44.12,22.13
2018-04-10,,52.07,17.63
2018-04-11,,39.88,16.36
2018-04-12,,33.55,18.9
2018-04-13,,36.1,14.74
2018-04-14,,39.49,14.1
2018-04-15,,40.66,14.46
2018-04-16,,46.53,17.51
2018-04-17,,39.2,13.38
2018-04-18,,33.33,17.25
2018-04-19,,35.35,14.75
2018-04-20,,36.14,14.67
2018-04-21,,31.94,19.44
2018-04-22,,29.3,16.81
2018-04-23,,27.09,15.06
2018-04-24,,32.19,13.69
2018-04-25,,31.94,15.82
2018-04-26,,41.32,13.51
2018-04-27,,51.03,13.68
2018-04-28,,44.78,11.79
2018-04-29,,47.69,12.35
2018-04-30,,49.72,17.29
2018-05-01,,44.37,15.39
2018-05-02,,37.69,15.34
2018-05-03,,38.01,14.98
2018-05-04,,38.61,12.8
2018-05-05,,44.85,11.83
2018-05-06,,44.57,11.68
2018-05-07,,45.99,12.24
2018-05-08,,27.14,17.7
2018-05-09,,43.68,15.48
2018-05-10,,53.84,15.07
2018-05-11,,51.67,13.05
2018-05-12,,65.63,12.1
2018-05-13,,59.34,11.93
2018-05-14,,46.61,12.81
2018-05-15,,49.62,12.94
2018-05-16,,43.11,12.94
2018-05-17,,45.08,16.08
2018-05-18,,54.12,17.26
2018-05-19,,55.99,19.61
2018-05-20,,45.4,12.49
2018-05-21,,41.07,14.11
2018-05-22,,40.31,13.64
2018-05-23,,46.95,14.03
2018-05-24,,51.03,13.99
2018-05-25,,36.45,13.05
2018-05-26,,37.33,11.4
2018-05-27,,35.05,12.52
2018-05-28,,48.36,10.77
2018-05-29,,51.9,12.87
2018-05-30,,54.38,15.8
2018-05-31,,50.49,13.47
2018-06-01,,48.38,18.36
2018-06-02,,41.24,21.33
2018-06-03,,43.82,20.54
2018-06-04,,49.08,17.29
2018-06-05,,43.21,14.27
2018-06-06,,39.58,18.13
2018-06-07,,40.17,15.54
2018-06-08,18.55,46.72,13.75
2018-06-09,,40.4,15.62
2018-06-10,,49.24,15.21
2018-06-11,,48.15,17.96
2018-06-12,,40.05,16.42
2018-06-13,,32.58,18.8
2018-06-14,,27.3,18.51
2018-06-15,54.13,26.27,22.11
2018-06-16,65.66,28.12,12.77
2018-06-17,65.85,27.53,15.69
2018-06-18,52.88,33.27,13.71
2018-06-19,39.88,31.25,8.52
2018-06-20,39.82,36.03,8.28
2018-06-21,39.87,38.44,9.33
2018-06-22,40.19,44.46,13.37
2018-06-23,43.21,44.27,13.84
2018-06-24,43.75,34.64,13.2
2018-06-25,39.41,32.64,10.75
2018-06-26,42.98,35.67,12.73
2018-06-27,42.71,44.57,15.93
2018-06-28,42.01,44.84,12.61
2018-06-29,37.54,42.44,9.63
2018-06-30,26.36,40.71,14.04
2018-07-01,26.09,44.47,14.34
2018-07-02,24.06,36.17,9.17
2018-07-03,20.48,38.7,12.43
2018-07-04,22.71,37.0,10.13
2018-07-05,21.44,38.45,10.6
2018-07-06,22.71,48.7,11.89
2018-07-07,22.06,51.84,22.28
2018-07-08,22.05,57.11,27.07
2018-07-09,22.46,55.38,21.08
2018-07-10,20.65,47.18,13.74
2018-07-11,22.12,39.31,11.45
2018-07-12,21.33,35.01,19.37
2018-07-13,23.13,33.49,10.32
2018-07-14,21.52,34.11,11.15
2018-07-15,20.98,32.08,11.51
2018-07-16,21.92,36.19,17.01
2018-07-17,23.5,41.85,9.09
2018-07-18,21.62,46.23,13.41
2018-07-19,20.52,41.74,9.65
2018-07-20,20.52,38.54,17.89
2018-07-21,20.49,43.54,13.67
2018-07-22,20.14,37.26,27.32
2018-07-23,21.94,39.3,14.25
2018-07-24,25.82,40.08,12.57
2018-07-25,23.36,39.46,13.38
2018-07-26,20.06,38.33,13.72
2018-07-27,18.75,33.02,13.04
2018-07-28,18.96,29.08,16.11
2018-07-29,20.18,36.7,20.93
2018-07-30,22.04,42.39,25.84
2018-07-31,22.48,41.94,22.86
2018-08-01,21.15,38.58,13.51
2018-08-02,20.75,36.33,14.81
2018-08-03,20.61,34.43,16.33
2018-08-04,20.08,33.4,18.24
2018-08-05,19.42,33.84,13.47
2018-08-06,19.36,45.36,18.49
2018-08-07,19.67,40.11,16.94
2018-08-08,19.55,38.57,23.83
2018-08-09,20.98,38.58,14.77
2018-08-10,19.74,40.95,17.35
2018-08-11,19.86,36.5,16.95
2018-08-12,18.86,30.55,22.8
2018-08-13,18.9,34.65,15.41
2018-08-14,18.01,39.38,13.27
2018-08-15,19.41,37.96,23.04
2018-08-16,20.34,40.19,11.71
2018-08-17,17.01,37.68,11.21
2018-08-18,17.14,32.83,13.6
2018-08-19,16.94,31.46,15.8
2018-08-20,19.27,38.4,17.78
2018-08-21,22.57,32.36,14.88
2018-08-22,21.02,28.58,12.65
2018-08-23,21.4,32.42,16.78
2018-08-24,21.91,28.45,18.06
2018-08-25,25.09,25.87,16.07
2018-08-26,23.73,24.13,18.28
2018-08-27,24.91,26.04,13.22
2018-08-28,22.82,27.99,10.85
2018-08-29,21.16,29.36,12.12
2018-08-30,19.65,29.82,11.46
2018-08-31,24.71,28.79,10.92
2018-09-01,22.74,31.04,10.23
2018-09-02,19.52,31.34,13.55
2018-09-03,18.8,30.05,21.2
2018-09-04,21.32,32.41,14.84
2018-09-05,20.18,29.56,11.1
2018-09-06,19.48,30.78,12.31
2018-09-07,19.09,32.06,14.25
2018-09-08,18.31,28.17,16.15
2018-09-09,19.12,24.71,13.82
2018-09-10,23.38,24.26,13.3
2018-09-11,24.82,23.37,13.33
2018-09-12,22.64,22.38,15.82
2018-09-13,26.39,20.34,13.71
2018-09-14,30.61,19.9,13.25
2018-09-15,26.97,22.31,14.45
2018-09-16,25.87,24.13,21.78
2018-09-17,23.55,25.37,18.61
2018-09-18,23.56,24.13,14.17
2018-09-19,20.72,26.44,16.06
2018-09-20,20.6,29.96,13.54
2018-09-21,21.57,28.6,22.26
2018-09-22,20.87,23.58,15.98
2018-09-23,24.26,22.73,14.76
2018-09-24,22.95,22.73,12.23
2018-09-25,20.27,22.28,14.0
2018-09-26,17.5,24.2,17.8
2018-09-27,14.07,30.7,15.36
2018-09-28,15.1,35.57,16.4
2018-09-29,13.5,37.78,18.0
2018-09-30,15.14,31.15,22.86
2018-10-01,14.76,31.58,17.1
2018-10-02,13.69,35.08,14.39
2018-10-03,13.57,31.83,13.47
2018-10-04,13.65,37.79,14.36
2018-10-05,14.61,42.52,13.88
2018-10-06,12.98,36.24,15.35
2018-10-07,14.74,35.47,16.63
2018-10-08,15.77,36.86,15.8
2018-10-09,14.37,37.85,18.89
2018-10-10,14.9,39.4,15.44
2018-10-11,15.2,33.16,22.61
2018-10-12,14.22,25.13,18.36
2018-10-13,16.09,33.8,15.35
2018-10-14,13.1,30.33,14.78
2018-10-15,14.07,33.54,14.13
2018-10-16,12.5,43.63,13.5
2018-10-17,11.95,42.22,12.6
2018-10-18,12.18,48.05,11.42
2018-10-19,12.0,41.31,9.8
2018-10-20,11.56,37.9,12.06
2018-10-21,12.67,38.07,11.97
2018-10-22,11.84,36.59,17.06
2018-10-23,13.07,35.0,12.98
2018-10-24,14.23,44.37,15.3
2018-10-25,16.93,45.37,10.89
2018-10-26,22.94,48.25,8.4
2018-10-27,20.03,52.18,10.5
2018-10-28,19.55,47.85,12.03
2018-10-29,18.69,48.43,10.69
2018-10-30,19.22,52.74,11.99
2018-10-31,20.09,55.85,11.49
2018-11-01,16.25,58.01,11.95
2018-11-02,16.35,51.21,11.79
2018-11-03,16.22,48.63,10.51
2018-11-04,15.52,36.62,9.51
2018-11-05,15.31,44.82,8.99
2018-11-06,15.25,31.18,9.87
2018-11-07,15.57,30.5,10.34
2018-11-08,15.34,44.2,10.25
2018-11-09,15.66,49.84,9.96
2018-11-10,17.41,55.35,10.22
2018-11-11,17.68,55.03,9.52
2018-11-12,18.69,58.85,9.49
2018-11-13,18.82,62.24,11.75
2018-11-14,21.93,53.0,12.04
2018-11-15,20.58,49.76,11.78
2018-11-16,18.74,41.19,12.59
2018-11-17,17.03,40.93,11.7
2018-11-18,16.24,44.39,9.77
2018-11-19,14.46,48.41,9.11
2018-11-20,15.63,54.51,9.7
2018-11-21,16.38,46.84,9.74
2018-11-22,15.83,42.27,9.64
2018-11-23,18.03,45.84,10.43
2018-11-24,19.59,36.97,10.78
2018-11-25,21.03,39.78,9.59
2018-11-26,21.13,47.15,8.97
2018-11-27,41.22,53.89,10.25
2018-11-28,21.36,53.87,11.11
2018-11-29,18.27,51.41,11.13
2018-11-30,20.64,46.35,10.92
2018-12-01,20.42,42.49,10.94
2018-12-02,18.89,45.3,12.06
2018-12-03,18.51,47.02,12.31
2018-12-04,18.98,51.21,12.49
2018-12-05,18.26,49.26,11.3
2018-12-06,17.66,52.53,11.58
2018-12-07,17.51,49.16,11.09
2018-12-08,15.46,49.42,12.1
2018-12-09,11.87,50.23,9.87
2018-12-10,15.23,55.63,10.81
2018-12-11,20.08,58.67,13.3
2018-12-12,19.75,51.27,11.93
2018-12-13,19.05,40.31,11.45
2018-12-14,18.13,42.01,13.69
2018-12-15,18.23,41.97,12.75
2018-12-16,16.93,45.92,11.76
2018-12-17,18.74,50.27,10.46
2018-12-18,24.42,51.04,9.2
2018-12-19,21.56,48.82,8.77
2018-12-20,19.31,54.66,9.49
2018-12-21,18.56,57.91,10.79
2018-12-22,17.98,60.21,13.22
2018-12-23,16.35,67.29,16.4
2018-12-24,15.77,65.75,13.72
2018-12-25,16.55,57.34,12.02
2018-12-26,16.61,50.38,12.18
2018-12-27,16.37,56.6,13.96
2018-12-28,17.22,55.46,13.36
2018-12-29,17.7,51.53,13.17
2018-12-30,16.0,57.55,14.25
2018-12-31,16.72,56.0,12.52
2019-01-01,17.97,56.66,13.84
2019-01-02,20.45,63.63,14.81
2019-01-03,29.72,61.02,17.38
2019-01-04,24.95,53.09,18.99
2019-01-05,18.17,56.49,17.23
2019-01-06,22.58,55.71,18.85
2019-01-07,26.01,56.06,17.3
2019-01-08,26.12,49.69,20.56
2019-01-09,25.66,43.53,18.51
2019-01-10,30.88,44.67,19.24
2019-01-11,29.43,56.53,20.95
2019-01-12,28.56,63.46,21.51
2019-01-13,27.09,63.66,19.45
2019-01-14,26.18,40.52,19.81
2019-01-15,21.74,39.74,23.37
2019-01-16,24.59,55.19,22.12
2019-01-17,23.07,60.95,22.61
2019-01-18,14.87,48.6,23.79
2019-01-19,17.08,50.3,22.85
2019-01-20,14.47,62.37,20.39
2019-01-21,15.56,57.52,19.07
2019-01-22,17.27,39.73,15.8
2019-01-23,16.95,42.37,18.07
2019-01-24,15.78,41.06,18.59
2019-01-25,14.75,34.17,16.06
2019-01-26,15.32,33.64,16.55
2019-01-27,14.06,35.34,21.41
2019-01-28,12.92,34.49,17.74
2019-01-29,12.84,36.19,17.1
2019-01-30,13.12,42.99,15.05
2019-01-31,13.75,49.6,17.81
2019-02-01,14.68,49.42,17.81
2019-02-02,14.41,43.55,16.59
2019-02-03,13.75,40.43,17.74
2019-02-04,13.82,39.88,18.18
2019-02-05,13.77,53.81,16.95
2019-02-06,14.13,53.76,17.45
2019-02-07,15.02,37.84,16.3
2019-02-08,15.13,29.11,14.22
2019-02-09,16.47,28.42,15.07
2019-02-10,17.01,33.83,17.78
2019-02-11,15.25,39.17,19.22
2019-02-12,14.48,46.24,15.79
2019-02-13,15.25,47.95,13.74
2019-02-14,16.68,45.64,16.03
2019-02-15,17.04,39.19,13.93
2019-02-16,16.77,35.16,18.61
2019-02-17,17.77,31.82,18.23
2019-02-18,17.16,33.82,19.36
2019-02-19,18.13,41.33,14.51
2019-02-20,15.62,41.41,12.87
2019-02-21,12.47,38.24,12.13
2019-02-22,14.54,39.11,14.51
2019-02-23,15.39,26.26,17.74
2019-02-24,16.23,29.95,12.82
2019-02-25,16.7,34.51,14.39
2019-02-26,18.89,32.19,16.45
2019-02-27,18.55,26.57,19.6
2019-02-28,16.52,31.23,14.67
2019-03-01,19.94,30.2,14.27
2019-03-02,17.74,36.48,12.6
2019-03-03,15.49,30.98,10.72
2019-03-04,15.83,37.26,12.87
2019-03-05,15.93,28.71,13.75
2019-03-06,15.62,29.05,20.35
2019-03-07,17.42,32.79,23.55
2019-03-08,18.21,32.86,19.37
2019-03-09,18.98,30.68,15.47
2019-03-10,14.76,27.17,14.75
2019-03-11,13.93,30.69,12.63
2019-03-12,15.19,29.97,12.65
2019-03-13,15.2,32.39,10.46
2019-03-14,14.79,39.07,10.64
2019-03-15,14.38,32.74,14.58
2019-03-16,16.05,27.95,12.57
2019-03-17,15.63,30.56,14.01
2019-03-18,16.24,32.06,14.37
2019-03-19,16.07,33.86,13.61
2019-03-20,15.0,36.5,15.75
2019-03-21,15.24,39.26,18.76
2019-03-22,15.54,27.85,14.34
2019-03-23,15.49,26.54,13.78
2019-03-24,14.79,27.52,14.17
2019-03-25,15.64,30.32,13.23
2019-03-26,15.4,29.95,14.37
2019-03-27,14.3,29.54,15.65
2019-03-28,14.75,34.47,15.37
2019-03-29,16.13,40.53,17.95
2019-03-30,16.53,41.4,16.4
2019-03-31,17.21,32.06,19.61
2019-04-01,16.31,27.21,15.9
2019-04-02,17.78,29.3,16.27
2019-04-03,17.27,30.85,16.25
2019-04-04,17.41,37.04,14.24
2019-04-05,16.31,41.23,14.06
2019-04-06,16.86,37.35,15.89
2019-04-07,16.3,52.01,14.29
2019-04-08,17.15,41.0,13.2
2019-04-09,19.14,38.26,16.04
2019-04-10,18.58,40.97,13.09
2019-04-11,21.22,34.96,12.4
2019-04-12,18.23,34.06,12.85
2019-04-13,17.8,33.66,12.16
2019-04-14,15.09,29.84,12.37
2019-04-15,15.92,29.21,11.56
2019-04-16,15.47,30.98,12.53
2019-04-17,17.54,26.7,11.91
2019-04-18,17.34,26.28,14.45
2019-04-19,18.08,29.85,12.78
2019-04-20,16.99,29.35,13.04
2019-04-21,15.03,31.53,11.97
2019-04-22,19.12,36.99,11.99
2019-04-23,16.05,38.2,14.05
2019-04-24,16.2,37.64,10.98
2019-04-25,16.84,40.86,11.81
2019-04-26,18.21,32.2,13.17
2019-04-27,17.39,28.15,15.48
2019-04-28,17.46,25.63,11.89
2019-04-29,18.56,27.82,12.63
2019-04-30,17.41,31.91,13.06
2019-05-01,15.57,36.73,15.53
2019-05-02,14.92,36.44,10.86
2019-05-03,17.29,32.34,16.18
2019-05-04,18.79,30.39,20.57
2019-05-05,16.93,22.41,27.01
2019-05-06,17.25,31.51,22.07
2019-05-07,16.41,35.25,19.48
2019-05-08,15.29,35.57,20.71
2019-05-09,19.28,30.33,21.34
2019-05-10,18.45,25.68,21.97
2019-05-11,17.05,30.12,20.92
2019-05-12,16.1,29.53,16.92
2019-05-13,13.94,36.48,16.18
2019-05-14,15.95,33.9,14.93
2019-05-15,16.03,43.8,14.87
2019-05-16,16.51,44.72,16.04
2019-05-17,17.39,41.4,15.96
2019-05-18,19.2,39.74,16.88
2019-05-19,18.52,35.4,16.8
2019-05-20,18.13,35.13,16.66
2019-05-21,16.95,32.12,13.28
2019-05-22,16.3,32.83,12.62
2019-05-23,17.81,36.98,12.13
2019-05-24,16.8,45.86,11.42
2019-05-25,15.38,33.81,12.5
2019-05-26,13.51,27.2,16.25
2019-05-27,16.1,28.45,19.38
2019-05-28,16.8,29.84,17.33
2019-05-29,15.5,29.53,18.68
2019-05-30,14.98,33.5,16.58
2019-05-31,13.84,34.26,12.37
2019-06-01,13.43,40.73,12.64
2019-06-02,12.94,48.12,11.35
2019-06-03,12.08,43.32,12.06
2019-06-04,11.9,34.34,12.54
2019-06-05,10.02,35.7,15.16
2019-06-06,12.3,35.27,13.39
2019-06-07,15.21,32.37,12.67
2019-06-08,14.01,38.84,13.21
2019-06-09,12.94,35.74,15.79
2019-06-10,11.79,36.64,13.74
2019-06-11,13.18,32.16,9.94
2019-06-12,13.74,34.98,7.84
2019-06-13,12.46,30.0,11.45
2019-06-14,12.54,23.77,7.89
2019-06-15,12.52,23.84,9.4
2019-06-16,12.87,24.86,7.41
2019-06-17,13.23,26.8,13.91
2019-06-18,13.94,25.6,16.79
2019-06-19,12.07,35.53,8.03
2019-06-20,12.0,29.5,10.23
2019-06-21,12.55,32.14,7.62
2019-06-22,12.89,32.1,11.75
2019-06-23,12.11,31.36,9.98
2019-06-24,13.29,28.84,10.58
2019-06-25,13.05,28.87,18.18
2019-06-26,13.32,30.64,16.82
2019-06-27,12.55,29.35,10.9
2019-06-28,7.99,27.53,7.43
2019-06-29,9.02,23.72,7.07
2019-06-30,10.04,25.87,15.94
2019-07-01,9.92,26.07,15.43
2019-07-02,10.46,27.24,9.48
2019-07-03,8.4,33.05,7.7
2019-07-04,8.71,28.65,8.77
2019-07-05,11.62,37.63,7.13
2019-07-06,10.2,36.77,5.7
2019-07-07,8.26,32.3,5.32
2019-07-08,8.74,33.43,6.61
2019-07-09,10.19,32.19,5.67
2019-07-10,11.63,33.73,4.88
2019-07-11,11.9,32.06,8.42
2019-07-12,11.9,33.13,13.38
2019-07-13,11.76,28.61,8.86
2019-07-14,11.64,26.67,4.83
2019-07-15,10.92,25.07,7.26
2019-07-16,12.2,26.39,9.23
2019-07-17,12.84,25.91,9.85
2019-07-18,14.47,26.54,15.54
2019-07-19,13.99,30.83,14.75
2019-07-20,12.36,34.1,14.52
2019-07-21,11.87,37.02,10.86
2019-07-22,11.03,43.72,9.86
2019-07-23,11.49,45.51,8.31
2019-07-24,12.15,44.36,6.89
2019-07-25,11.97,37.17,8.83
2019-07-26,11.62,36.06,20.96
2019-07-27,11.85,30.26,9.57
2019-07-28,11.46,28.65,7.3
2019-07-29,11.72,31.27,7.06
2019-07-30,11.9,33.49,9.02
2019-07-31,11.74,33.79,10.54
2019-08-01,11.1,33.55,6.75
2019-08-02,11.78,32.66,5.18
2019-08-03,11.18,35.33,4.52
2019-08-04,10.68,34.25,4.28
2019-08-05,11.23,37.17,13.28
2019-08-06,11.72,42.32,20.31
2019-08-07,12.83,33.65,16.85
2019-08-08,12.92,30.9,14.56
2019-08-09,12.13,28.01,13.47
2019-08-10,12.32,24.4,8.7
2019-08-11,11.74,25.93,11.66
2019-08-12,14.07,24.89,14.58
2019-08-13,14.28,29.25,21.21
2019-08-14,14.27,29.08,21.06
2019-08-15,13.18,31.29,23.05
2019-08-16,13.51,27.58,19.31
2019-08-17,14.78,25.82,19.41
2019-08-18,16.35,23.25,19.28
2019-08-19,16.63,25.62,27.35
2019-08-20,14.41,33.03,22.3
2019-08-21,12.61,34.19,21.82
2019-08-22,12.29,34.28,28.92
2019-08-23,12.69,36.4,24.21
2019-08-24,12.39,41.36,25.25
2019-08-25,11.29,34.91,17.83
2019-08-26,10.86,29.89,12.11
2019-08-27,12.1,31.99,11.57
2019-08-28,11.62,34.95,10.32
2019-08-29,11.37,32.6,10.29
2019-08-30,10.31,33.69,16.41
2019-08-31,10.46,38.62,17.6
2019-09-01,8.94,41.15,10.97
2019-09-02,8.81,36.31,19.91
2019-09-03,9.5,36.34,24.34
2019-09-04,9.34,37.13,12.93
2019-09-05,8.86,33.31,9.44
2019-09-06,9.22,34.35,13.51
2019-09-07,8.43,30.75,11.54
2019-09-08,7.49,32.14,9.23
2019-09-09,8.79,30.37,9.64
2019-09-10,10.59,29.2,7.77
2019-09-11,9.56,31.57,10.04
2019-09-12,12.42,30.72,14.77
2019-09-13,11.91,28.56,9.73
2019-09-14,10.94,25.04,13.02
2019-09-15,10.07,24.48,16.0
2019-09-16,10.48,26.11,11.85
2019-09-17,12.24,27.51,13.33
2019-09-18,13.83,25.54,11.76
2019-09-19,16.1,22.6,9.46
2019-09-20,17.48,24.91,8.95
2019-09-21,14.09,24.45,8.86
2019-09-22,14.75,26.2,8.92
2019-09-23,16.87,25.37,9.29
2019-09-24,14.1,25.61,9.97
2019-09-25,15.3,24.88,9.31
2019-09-26,13.17,24.04,7.87
2019-09-27,14.16,22.32,7.66
2019-09-28,14.52,21.94,9.7
2019-09-29,14.52,21.99,7.79
2019-09-30,13.18,22.01,8.47
2019-10-01,14.14,23.99,8.78
2019-10-02,13.28,24.63,11.43
2019-10-03,15.48,27.17,10.17
2019-10-04,16.06,26.21,11.55
2019-10-05,16.86,23.56,12.44
2019-10-06,14.69,26.89,13.03
2019-10-07,15.03,26.98,12.66
2019-10-08,14.09,23.12,12.32
2019-10-09,15.63,25.59,11.62
2019-10-10,18.0,29.71,9.82
2019-10-11,18.91,31.79,9.95
2019-10-12,17.39,33.54,9.07
2019-10-13,15.76,34.93,9.32
2019-10-14,17.97,34.7,10.4
2019-10-15,18.72,36.03,10.26
2019-10-16,17.09,38.12,9.63
2019-10-17,17.01,35.08,8.62
2019-10-18,15.22,33.94,7.35
2019-10-19,13.73,33.65,7.06
2019-10-20,13.23,33.32,8.1
2019-10-21,13.8,31.9,7.59
2019-10-22,14.84,29.84,9.75
2019-10-23,17.04,34.38,10.32
2019-10-24,12.27,41.69,13.38
2019-10-25,12.32,37.02,10.27
2019-10-26,11.69,40.14,8.98
2019-10-27,12.84,40.04,10.41
2019-10-28,13.82,40.16,11.32
2019-10-29,16.13,49.0,10.59
2019-10-30,15.45,52.82,10.16
2019-10-31,14.41,55.54,9.06
2019-11-01,14.01,58.29,9.79
2019-11-02,16.17,49.38,9.6
2019-11-03,18.0,56.52,11.06
2019-11-04,20.29,39.67,15.21
2019-11-05,20.46,33.01,23.37
2019-11-06,20.6,31.99,20.55
2019-11-07,21.68,37.3,15.01
2019-11-08,22.41,38.97,15.53
2019-11-09,20.88,35.4,15.9
2019-11-10,20.13,32.4,12.72
2019-11-11,20.35,37.01,11.9
2019-11-12,16.45,40.72,11.32
2019-11-13,17.33,43.4,10.87
2019-11-14,17.36,50.55,11.7
2019-11-15,18.25,50.12,12.01
2019-11-16,17.27,35.82,12.6
2019-11-17,16.75,29.55,13.55
2019-11-18,17.29,29.79,15.46
2019-11-19,16.19,33.12,15.59
2019-11-20,16.37,40.19,13.49
2019-11-21,17.57,44.56,10.53
2019-11-22,15.81,42.17,11.35
2019-11-23,15.22,34.6,13.8
2019-11-24,17.36,34.33,14.89
2019-11-25,16.71,35.67,12.62
2019-11-26,17.52,37.04,11.0
2019-11-27,17.13,34.32,10.22
2019-11-28,18.19,30.25,13.02
2019-11-29,14.77,31.59,16.02
2019-11-30,14.15,36.65,17.83
2019-12-01,14.09,36.51,14.62
2019-12-02,12.97,38.4,13.54
2019-12-03,13.63,38.81,12.29
2019-12-04,13.85,43.21,14.17
2019-12-05,15.19,55.2,15.47
2019-12-06,15.1,57.17,15.81
2019-12-07,14.07,55.32,14.05
2019-12-08,12.91,58.01,14.96
2019-12-09,13.07,56.75,16.72
2019-12-10,12.13,59.1,14.78
2019-12-11,15.16,68.66,14.38
2019-12-12,12.64,70.65,13.92
2019-12-13,13.12,50.03,13.97
2019-12-14,12.63,38.62,14.5
2019-12-15,12.51,38.46,14.16
2019-12-16,12.62,39.25,14.67
2019-12-17,12.28,46.78,17.47
2019-12-18,13.03,51.81,19.48
2019-12-19,12.91,57.3,17.5
2019-12-20,13.8,58.04,17.39
2019-12-21,14.47,62.14,18.8
2019-12-22,13.5,57.51,19.15
2019-12-23,13.96,53.04,16.81
2019-12-24,13.71,53.3,14.8
2019-12-25,14.05,48.52,14.82
2019-12-26,14.55,51.83,13.26
2019-12-27,14.71,52.64,13.04
2019-12-28,13.37,50.47,13.24
2019-12-29,13.02,49.61,13.85
2019-12-30,12.91,50.75,13.41
2019-12-31,13.75,48.22,14.24
2020-01-01,13.01,56.85,13.79
2020-01-02,12.4,58.26,13.76
2020-01-03,12.87,53.02,13.49
2020-01-04,14.59,53.46,15.35
2020-01-05,15.68,47.94,15.44
2020-01-06,13.94,47.01,13.85
2020-01-07,11.75,43.53,13.18
2020-01-08,12.61,44.73,12.15
2020-01-09,13.74,36.87,15.74
2020-01-10,14.54,37.73,16.41
2020-01-11,13.03,40.97,16.45
2020-01-12,14.27,48.65,17.71
2020-01-13,15.06,53.64,17.95
2020-01-14,15.71,46.34,23.48
2020-01-15,13.94,41.76,20.92
2020-01-16,13.75,43.54,18.35
2020-01-17,13.59,40.15,15.93
2020-01-18,14.38,39.56,14.58
2020-01-19,13.36,38.38,14.75
2020-01-20,14.44,39.27,16.02
2020-01-21,14.19,48.02,17.04
2020-01-22,14.77,45.17,17.7
2020-01-23,14.45,36.32,18.33
2020-01-24,13.91,34.23,19.87
2020-01-25,14.99,41.37,22.15
2020-01-26,16.11,48.8,22.36
2020-01-27,17.79,53.66,22.01
2020-01-28,17.5,42.76,22.99
2020-01-29,13.87,38.01,27.52
2020-01-30,14.17,36.77,24.9
2020-01-31,14.39,34.03,31.58
2020-02-01,14.51,35.95,44.44
2020-02-02,13.05,36.46,20.47
2020-02-03,12.29,37.5,19.85
2020-02-04,12.05,43.09,18.8
2020-02-05,12.86,40.07,18.89
2020-02-06,13.82,36.16,19.47
2020-02-07,14.44,38.38,16.24
2020-02-08,13.5,40.72,16.84
2020-02-09,15.42,40.04,16.83
2020-02-10,15.84,39.99,15.89
2020-02-11,12.4,39.73,15.85
2020-02-12,12.02,40.92,16.47
2020-02-13,12.15,36.91,17.28
2020-02-14,14.09,34.06,20.31
2020-02-15,14.89,32.48,22.58
2020-02-16,13.44,38.77,25.29
2020-02-17,13.41,42.77,24.82
2020-02-18,15.06,37.01,23.78
2020-02-19,15.25,44.11,26.32
2020-02-20,13.9,39.61,19.79
2020-02-21,12.05,35.81,17.45
2020-02-22,13.04,33.46,16.2
2020-02-23,12.61,38.33,15.89
2020-02-24,11.92,33.19,16.28
2020-02-25,12.39,39.61,20.99
2020-02-26,12.47,42.7,21.99
2020-02-27,12.63,43.64,16.36
2020-02-28,12.35,41.44,21.13
2020-02-29,12.22,34.88,21.76
2020-03-01,14.37,31.4,20.04
2020-03-02,14.37,39.78,20.01
2020-03-03,14.47,37.02,17.38
2020-03-04,15.46,37.32,20.08
2020-03-05,14.39,32.27,22.86
2020-03-06,13.61,29.56,20.08
2020-03-07,15.57,29.01,17.74
2020-03-08,14.03,31.51,16.43
2020-03-09,13.54,29.29,11.49
2020-03-10,12.71,30.99,11.85
2020-03-11,11.31,32.88,14.8
2020-03-12,10.85,35.31,13.76
2020-03-13,10.94,31.36,13.03
2020-03-14,10.8,34.29,14.14
2020-03-15,11.55,31.09,13.87
2020-03-16,11.07,31.07,18.46
2020-03-17,10.48,32.31,12.91
2020-03-18,11.06,32.99,11.78
2020-03-19,12.13,36.15,14.85
2020-03-20,13.53,34.3,11.25
2020-03-21,13.76,36.61,10.92
2020-03-22,12.95,32.61,11.33
2020-03-23,13.99,30.31,11.63
2020-03-24,14.92,31.91,10.04
2020-03-25,11.91,34.43,11.26
2020-03-26,11.25,33.68,9.25
2020-03-27,11.09,27.4,9.0
2020-03-28,10.13,25.22,10.69
2020-03-29,10.41,23.98,11.83
2020-03-30,11.12,23.21,9.62
2020-03-31,10.45,26.5,10.08
2020-04-01,10.18,26.73,11.07
2020-04-02,10.92,22.22,11.34
2020-04-03,11.13,21.54,10.45
2020-04-04,11.25,23.06,10.48
2020-04-05,11.08,25.14,11.57
2020-04-06,11.69,26.41,14.86
2020-04-07,16.57,25.53,20.62
2020-04-08,13.03,23.41,18.78
2020-04-09,13.62,23.84,15.14
2020-04-10,13.71,27.71,14.41
2020-04-11,16.25,28.33,13.54
2020-04-12,13.94,26.99,13.12
2020-04-13,11.61,27.95,13.2
2020-04-14,10.46,28.76,14.34
2020-04-15,10.86,28.36,11.99
2020-04-16,9.91,30.36,12.6
2020-04-17,10.46,26.06,16.41
2020-04-18,10.25,27.18,16.54
2020-04-19,9.42,29.94,17.69
2020-04-20,9.03,31.57,15.19
2020-04-21,7.96,29.75,22.58
2020-04-22,8.33,29.39,17.45
2020-04-23,8.44,30.02,14.74
2020-04-24,9.74,32.62,14.59
2020-04-25,10.15,28.65,13.7
2020-04-26,9.89,31.61,15.52
2020-04-27,9.21,29.94,11.94
2020-04-28,10.71,28.6,12.67
2020-04-29,10.72,28.86,10.4
2020-04-30,8.07,32.99,12.94
2020-05-01,8.95,36.43,13.87
2020-05-02,7.84,33.93,11.77
2020-05-03,6.94,32.48,12.42
2020-05-04,6.47,31.35,13.31
2020-05-05,7.53,30.86,13.46
2020-05-06,8.56,29.53,12.26
2020-05-07,8.9,25.51,12.1
2020-05-08,7.94,27.98,12.8
2020-05-09,8.26,30.14,11.16
2020-05-10,8.84,28.71,10.57
2020-05-11,9.01,28.13,13.24
2020-05-12,8.98,29.43,12.49
2020-05-13,9.23,32.29,9.87
2020-05-14,10.15,30.82,10.65
2020-05-15,9.42,27.39,10.57
2020-05-16,10.07,27.62,11.9
2020-05-17,10.3,28.76,12.15
2020-05-18,10.52,28.97,13.06
2020-05-19,9.81,30.58,14.39
2020-05-20,8.9,28.73,30.92
2020-05-21,8.87,25.55,29.77
2020-05-22,8.98,28.56,13.84
2020-05-23,8.76,28.82,16.26
2020-05-24,8.97,26.54,14.07
2020-05-25,9.36,27.22,18.83
2020-05-26,9.58,27.06,12.36
2020-05-27,12.06,25.79,8.61
2020-05-28,9.1,29.02,7.0
2020-05-29,8.2,32.19,12.99
2020-05-30,8.7,36.19,9.55
2020-05-31,7.26,34.91,10.88
2020-06-01,5.7,35.0,14.11
2020-06-02,5.13,35.78,14.73
2020-06-03,4.92,36.05,15.97
2020-06-04,4.78,38.85,13.38
2020-06-05,5.64,35.51,14.51
2020-06-06,5.7,31.81,19.79
2020-06-07,5.31,30.79,22.6
2020-06-08,5.22,31.81,20.52
2020-06-09,5.64,33.83,21.26
2020-06-10,6.0,33.27,15.23
2020-06-11,5.76,36.54,19.95
2020-06-12,5.93,38.64,23.05
2020-06-13,6.57,36.62,10.64
2020-06-14,6.7,40.0,11.98
2020-06-15,6.55,35.38,12.69
2020-06-16,6.9,32.62,9.12
2020-06-17,6.48,29.4,9.94
2020-06-18,6.84,28.68,9.71
2020-06-19,6.54,27.96,18.62
2020-06-20,6.59,26.38,20.92
2020-06-21,6.5,28.84,27.63
2020-06-22,6.5,34.32,20.05
2020-06-23,6.76,33.32,11.81
2020-06-24,7.37,31.45,7.3
2020-06-25,7.42,30.48,8.93
2020-06-26,7.32,32.64,9.63
2020-06-27,6.88,31.43,9.34
2020-06-28,6.58,29.27,11.09
2020-06-29,6.8,27.97,13.09
2020-06-30,6.82,28.48,10.8
2020-07-01,7.42,29.06,9.32
