Date,Hyderabad,Patna
2015-01-01,2.2425,
2015-01-02,1.865,
2015-01-03,1.4875000000000005,
2015-01-04,1.11,
2015-01-05,0.55,
2015-01-06,0.53,
2015-01-07,2.14,
2015-01-08,1.58,
2015-01-09,1.22,
2015-01-10,1.27,
2015-01-11,1.23,
2015-01-12,1.19,
2015-01-13,1.88,
2015-01-14,2.78,
2015-01-15,1.5,
2015-01-16,1.19,
2015-01-17,1.96,
2015-01-18,1.88,
2015-01-19,1.4,
2015-01-20,1.11,
2015-01-21,0.94,
2015-01-22,1.11,
2015-01-23,1.24,
2015-01-24,1.12,
2015-01-25,0.98,
2015-01-26,0.57,
2015-01-27,0.72,
2015-01-28,0.86,
2015-01-29,1.13,
2015-01-30,1.34,
2015-01-31,1.64,
2015-02-01,1.62,
2015-02-02,0.85,
2015-02-03,0.9,
2015-02-04,2.75,
2015-02-05,2.84,
2015-02-06,2.02,
2015-02-07,1.34,
2015-02-08,0.91,
2015-02-09,0.8,
2015-02-10,0.67,
2015-02-11,0.495,
2015-02-12,0.32,
2015-02-13,0.13,
2015-02-14,0.905,
2015-02-15,1.68,
2015-02-16,2.66,
2015-02-17,2.59,
2015-02-18,1.64,
2015-02-19,0.91,
2015-02-20,0.93,
2015-02-21,1.05,
2015-02-22,2.29,
2015-02-23,2.72,
2015-02-24,1.46,
2015-02-25,1.1,
2015-02-26,1.31,
2015-02-27,1.13,
2015-02-28,0.95,
2015-03-01,1.21,
2015-03-02,1.55,
2015-03-03,1.44,
2015-03-04,0.96,
2015-03-05,1.01,
2015-03-06,0.56,
2015-03-07,0.86,
2015-03-08,1.16,
2015-03-09,1.1,
2015-03-10,1.63,
2015-03-11,1.83,
2015-03-12,1.37,
2015-03-13,1.4,
2015-03-14,0.71,
2015-03-15,0.75,
2015-03-16,0.73,
2015-03-17,0.75,
2015-03-18,0.91,
2015-03-19,0.85,
2015-03-20,1.12,
2015-03-21,1.56,
2015-03-22,1.37,
2015-03-23,2.93,
2015-03-24,2.77,
2015-03-25,2.08,
2015-03-26,1.02,
2015-03-27,0.94,
2015-03-28,1.0,
2015-03-29,1.03,
2015-03-30,0.82,
2015-03-31,1.01,
2015-04-01,0.88,
2015-04-02,0.87,
2015-04-03,0.25,
2015-04-04,0.5,
2015-04-05,0.59,
2015-04-06,0.31,
2015-04-07,0.32,
2015-04-08,0.4,
2015-04-09,,
2015-04-10,,
2015-04-11,,
2015-04-12,,
2015-04-13,,
2015-04-14,,
2015-04-15,,
2015-04-16,,
2015-04-17,,
2015-04-18,,
2015-04-19,,
2015-04-20,,
2015-04-21,,
2015-04-22,,
2015-04-23,,
2015-04-24,,
2015-04-25,,
2015-04-26,,
2015-04-27,,
2015-04-28,,
2015-04-29,,
2015-04-30,,
2015-05-01,,
2015-05-02,,
2015-05-03,,
2015-05-04,,
2015-05-05,,
2015-05-06,,
2015-05-07,,
2015-05-08,,
2015-05-09,,
2015-05-10,,
2015-05-11,,
2015-05-12,,
2015-05-13,,
2015-05-14,,
2015-05-15,,
2015-05-16,,
2015-05-17,,
2015-05-18,,
2015-05-19,,
2015-05-20,,
2015-05-21,,
2015-05-22,,
2015-05-23,,
2015-05-24,,
2015-05-25,,
2015-05-26,,
2015-05-27,,
2015-05-28,,
2015-05-29,,
2015-05-30,,
2015-05-31,,
2015-06-01,,0.0
2015-06-02,,0.09
2015-06-03,,0.0
2015-06-04,,0.0
2015-06-05,,0.0
2015-06-06,,0.0
2015-06-07,,0.0
2015-06-08,,0.06
2015-06-09,,0.01
2015-06-10,,0.0
2015-06-11,,0.0
2015-06-12,,0.0
2015-06-13,,0.0
2015-06-14,,0.0
2015-06-15,,0.0
2015-06-16,,0.0
2015-06-17,,0.0
2015-06-18,,0.0
2015-06-19,,10.5075
2015-06-20,,21.015
2015-06-21,,31.5225
2015-06-22,,42.03
2015-06-23,,0.64
2015-06-24,,0.88
2015-06-25,,0.38
2015-06-26,,0.63
2015-06-27,,0.91
2015-06-28,,0.72
2015-06-29,,1.13
2015-06-30,,0.91
2015-07-01,,0.57
2015-07-02,,0.55
2015-07-03,,0.56
2015-07-04,,0.7
2015-07-05,,0.57
2015-07-06,,0.93
2015-07-07,,0.82
2015-07-08,,0.79
2015-07-09,,0.88
2015-07-10,,0.78
2015-07-11,,0.66
2015-07-12,,0.57
2015-07-13,,0.59
2015-07-14,,0.73
2015-07-15,,0.71
2015-07-16,,1.09
2015-07-17,,0.81
2015-07-18,,0.63
2015-07-19,,0.63
2015-07-20,,0.81
2015-07-21,,0.77
2015-07-22,,0.83
2015-07-23,,1.08
2015-07-24,,0.98
2015-07-25,,0.64
2015-07-26,,0.64
2015-07-27,,0.62
2015-07-28,17.23,0.62
2015-07-29,0.05,0.65
2015-07-30,0.07,0.57
2015-07-31,0.08,0.61
2015-08-01,0.04,0.84
2015-08-02,0.02,0.93
2015-08-03,0.01,1.1
2015-08-04,0.01,0.71
2015-08-05,0.0,0.48
2015-08-06,0.01,0.79
2015-08-07,0.01,0.88
2015-08-08,0.01,1.06
2015-08-09,0.01,0.74
2015-08-10,0.02,0.88
2015-08-11,0.02,0.9
2015-08-12,0.04,0.84
2015-08-13,0.02,0.75
2015-08-14,0.01,0.74
2015-08-15,0.02,0.71
2015-08-16,0.01,0.6
2015-08-17,0.03,0.53
2015-08-18,0.04,0.58
2015-08-19,0.04,0.46
2015-08-20,0.02,0.46
2015-08-21,0.01,0.9
2015-08-22,0.03,0.88
2015-08-23,0.04,0.72
2015-08-24,0.05,0.86
2015-08-25,0.03,0.75
2015-08-26,0.02,0.92
2015-08-27,0.02,0.98
2015-08-28,0.03,0.97
2015-08-29,0.01,0.83
2015-08-30,0.01,0.52
2015-08-31,0.01,0.41
2015-09-01,0.01,0.48
2015-09-02,0.02,0.36
2015-09-03,0.03,0.49
2015-09-04,0.02,0.51
2015-09-05,0.02,0.51
2015-09-06,0.93,0.33
2015-09-07,0.6,0.52
2015-09-08,0.68,0.64
2015-09-09,0.89,0.51
2015-09-10,0.85,0.68
2015-09-11,0.48,0.85
2015-09-12,0.22,0.83
2015-09-13,0.3,0.825
2015-09-14,0.09,0.82
2015-09-15,0.08,0.98
2015-09-16,0.07,0.8
2015-09-17,0.06,0.68
2015-09-18,0.04,0.77
2015-09-19,0.05,0.73
2015-09-20,0.05,0.9
2015-09-21,0.06,1.07
2015-09-22,0.02,0.82
2015-09-23,0.06,0.48
2015-09-24,0.02,0.5
2015-09-25,0.07,0.37
2015-09-26,0.08,0.36
2015-09-27,0.09,0.44
2015-09-28,0.08,0.54
2015-09-29,0.04,0.73
2015-09-30,0.04,0.59
2015-10-01,1.22,0.62
2015-10-02,1.05,0.38
2015-10-03,0.44,0.36
2015-10-04,1.21,0.64
2015-10-05,1.04,0.82
2015-10-06,2.69,0.7
2015-10-07,1.91,0.66
2015-10-08,0.56,0.82
2015-10-09,0.22,0.68
2015-10-10,0.23,0.7466666666666667
2015-10-11,0.47,0.8133333333333334
2015-10-12,2.92,0.88
2015-10-13,1.89,0.9466666666666668
2015-10-14,1.31,1.0133333333333334
2015-10-15,2.29,1.08
2015-10-16,0.69,0.89
2015-10-17,1.03,0.93
2015-10-18,1.04,1.72
2015-10-19,2.24,0.68
2015-10-20,1.32,0.56
2015-10-21,2.28,0.7
2015-10-22,0.31,0.71
2015-10-23,2.1,0.52
2015-10-24,0.62,0.63
2015-10-25,0.58,0.98
2015-10-26,1.97,0.82
2015-10-27,2.22,0.81
2015-10-28,0.52,1.25
2015-10-29,0.49,0.7
2015-10-30,0.47,0.49
2015-10-31,1.58,0.82
2015-11-01,1.35,1.42
2015-11-02,0.66,1.02
2015-11-03,1.0,0.98
2015-11-04,0.63,0.61
2015-11-05,1.52,0.68
2015-11-06,1.72,1.23
2015-11-07,0.75,1.25
2015-11-08,0.4,1.19
2015-11-09,1.1,1.14
2015-11-10,1.44,0.93
2015-11-11,0.1,0.62
2015-11-12,0.66,0.67
2015-11-13,1.22,0.77
2015-11-14,2.3,0.76
2015-11-15,1.02,0.91
2015-11-16,0.7,0.94
2015-11-17,1.15,0.87
2015-11-18,1.1,0.72
2015-11-19,0.39,1.04
2015-11-20,1.88,1.19
2015-11-21,2.12,1.43
2015-11-22,1.04,2.28
2015-11-23,0.7,1.55
2015-11-24,2.65,1.28
2015-11-25,0.75,1.07
2015-11-26,1.03,0.96
2015-11-27,0.78,1.29
2015-11-28,0.46,0.99
2015-11-29,0.7,0.59
2015-11-30,2.61,1.27
2015-12-01,2.51,1.22
2015-12-02,0.62,0.83
2015-12-03,0.32,0.8
2015-12-04,1.45,1.16
2015-12-05,1.26,1.24
2015-12-06,0.2,0.75
2015-12-07,1.47,0.81
2015-12-08,1.01,0.58
2015-12-09,1.07,0.66
2015-12-10,0.92,0.6
2015-12-11,0.34,0.77
2015-12-12,0.99,0.96
2015-12-13,0.85,0.71
2015-12-14,0.6,0.69
2015-12-15,0.76,0.67
2015-12-16,0.76,1.04
2015-12-17,0.73,1.2
2015-12-18,1.47,0.83
2015-12-19,1.78,0.96
2015-12-20,1.0,2.17
2015-12-21,0.42,1.25
2015-12-22,0.56,1.33
2015-12-23,0.64,1.43
2015-12-24,0.49,0.85
2015-12-25,0.8,0.66
2015-12-26,2.41,0.76
2015-12-27,1.53,0.96
2015-12-28,1.53,1.05
2015-12-29,2.34,0.88
2015-12-30,2.11,3.11
2015-12-31,2.05,2.52
2016-01-01,2.41,2.34
2016-01-02,0.95,1.67
2016-01-03,1.54,1.79
2016-01-04,2.09,1.63
2016-01-05,0.97,1.78
2016-01-06,1.48,2.16
2016-01-07,0.86,1.39
2016-01-08,1.23,1.09
2016-01-09,1.22,0.56
2016-01-10,1.13,0.7
2016-01-11,0.9,1.2
2016-01-12,2.19,1.57
2016-01-13,1.65,1.59
2016-01-14,0.67,1.83
2016-01-15,0.22,1.26
2016-01-16,0.13,0.62
2016-01-17,0.14,0.91
2016-01-18,0.12,0.62
2016-01-19,0.16,1.12
2016-01-20,0.42,0.59
2016-01-21,0.07,0.54
2016-01-22,0.07,0.47
2016-01-23,0.09,0.57
2016-01-24,0.13,1.24
2016-01-25,0.12,1.34
2016-01-26,,1.23
2016-01-27,,0.95
2016-01-28,,0.53
2016-01-29,,1.2
2016-01-30,,1.29
2016-01-31,,0.99
2016-02-01,,0.99
2016-02-02,,0.9
2016-02-03,,0.56
2016-02-04,0.26,0.56
2016-02-05,0.24,1.03
2016-02-06,0.16,1.07
2016-02-07,0.15,1.11
2016-02-08,0.15,1.15
2016-02-09,0.15,1.19
2016-02-10,0.16,0.66
2016-02-11,0.16,1.3
2016-02-12,0.13,0.84
2016-02-13,0.4,1.9
2016-02-14,1.44,1.18
2016-02-15,0.87,1.31
2016-02-16,0.39,1.27
2016-02-17,0.11,0.84
2016-02-18,0.1,0.38
2016-02-19,1.02,0.39
2016-02-20,1.97,0.66
2016-02-21,2.85,0.25
2016-02-22,2.38,0.32
2016-02-23,1.14,0.48
2016-02-24,0.61,0.87
2016-02-25,0.79,0.91
2016-02-26,0.82,0.77
2016-02-27,0.93,0.83
2016-02-28,1.28,1.01
2016-02-29,0.89,0.51
2016-03-01,0.9,1.23
2016-03-02,1.07,0.71
2016-03-03,1.11,0.85
2016-03-04,2.22,0.83
2016-03-05,2.3,0.9
2016-03-06,0.92,0.8
2016-03-07,0.75,0.38
2016-03-08,2.11,0.43
2016-03-09,1.47,0.43
2016-03-10,2.93,0.23
2016-03-11,1.65,0.42
2016-03-12,1.42,0.32
2016-03-13,0.8,0.19
2016-03-14,1.44,0.52
2016-03-15,1.86,0.5
2016-03-16,0.76,0.25
2016-03-17,0.56,0.5
2016-03-18,1.37,0.54
2016-03-19,1.36,0.87
2016-03-20,3.37,0.66
2016-03-21,5.6,0.45
2016-03-22,5.59,0.17
2016-03-23,4.36,0.15
2016-03-24,1.42,0.47
2016-03-25,1.04,0.88
2016-03-26,1.21,0.56
2016-03-27,0.88,0.74
2016-03-28,0.88,0.35
2016-03-29,0.84,0.58
2016-03-30,0.75,0.58
2016-03-31,0.72,0.49
2016-04-01,4.19,0.46
2016-04-02,2.0,0.7
2016-04-03,1.36,0.4
2016-04-04,0.74,0.61
2016-04-05,1.09,0.54
2016-04-06,1.18,0.6
2016-04-07,0.96,0.32
2016-04-08,3.28,0.51
2016-04-09,1.31,0.46
2016-04-10,1.29,0.22
2016-04-11,1.29,0.42
2016-04-12,0.75,0.37
2016-04-13,1.02,0.27
2016-04-14,1.89,0.24
2016-04-15,1.22,0.84
2016-04-16,0.46,0.45
2016-04-17,0.72,0.6
2016-04-18,1.22,0.47
2016-04-19,0.86,0.78
2016-04-20,0.98,0.57
2016-04-21,1.36,0.38
2016-04-22,1.79,0.42
2016-04-23,0.39,0.4
2016-04-24,2.01,0.2
2016-04-25,3.63,0.48
2016-04-26,1.18,0.92
2016-04-27,0.69,0.9
2016-04-28,0.43,1.08
2016-04-29,0.37,0.54
2016-04-30,0.33,0.82
2016-05-01,0.65,0.78
2016-05-02,0.19,0.57
2016-05-03,0.43,0.47
2016-05-04,0.27,0.56
2016-05-05,0.28,0.6
2016-05-06,0.18,0.64
2016-05-07,0.12,0.44
2016-05-08,0.17,0.34
2016-05-09,0.37,0.53
2016-05-10,1.43,0.48
2016-05-11,1.75,0.5
2016-05-12,0.45,0.51
2016-05-13,0.36,0.46
2016-05-14,0.31,0.4
2016-05-15,0.33,0.31
2016-05-16,0.38,0.43
2016-05-17,0.43,0.71
2016-05-18,0.29,0.43
2016-05-19,0.19,0.43
2016-05-20,0.12,0.37
2016-05-21,0.08,0.85
2016-05-22,0.42,0.41
2016-05-23,0.1,0.54
2016-05-24,0.13,0.46
2016-05-25,0.2,0.51
2016-05-26,0.1,0.54
2016-05-27,0.08,0.46
2016-05-28,0.09,0.42
2016-05-29,0.05,0.39
2016-05-30,0.07,0.69
2016-05-31,0.13,0.62
2016-06-01,0.23,0.45
2016-06-02,0.14,0.48
2016-06-03,0.15,0.49
2016-06-04,0.1,0.43
2016-06-05,0.08,0.3
2016-06-06,0.1,0.22
2016-06-07,0.19,0.59
2016-06-08,0.18,0.43
2016-06-09,0.11,0.26
2016-06-10,0.08,0.19
2016-06-11,0.09,0.34
2016-06-12,0.08,0.37
2016-06-13,0.08,0.4
2016-06-14,0.06,0.66
2016-06-15,0.06,0.19
2016-06-16,0.07,0.48
2016-06-17,0.09,0.46
2016-06-18,0.13,0.73
2016-06-19,0.14,0.23
2016-06-20,0.16,0.35
2016-06-21,0.18,0.29
2016-06-22,0.24,0.12
2016-06-23,0.13,0.33
2016-06-24,0.1,0.27
2016-06-25,0.13,0.62
2016-06-26,0.15,0.34
2016-06-27,0.12,0.53
2016-06-28,0.15,0.44
2016-06-29,0.15,0.4
2016-06-30,0.11,0.17
2016-07-01,0.12,0.67
2016-07-02,0.13,0.45
2016-07-03,0.14,0.09
2016-07-04,0.13,1.0
2016-07-05,0.11,0.36
2016-07-06,0.15,0.42
2016-07-07,0.1,0.26
2016-07-08,0.09,0.54
2016-07-09,0.08,0.68
2016-07-10,0.1,0.32
2016-07-11,0.1,0.44
2016-07-12,0.09,0.26
2016-07-13,0.09,0.79
2016-07-14,0.1,0.31
2016-07-15,0.12,0.12
2016-07-16,0.12,0.24
2016-07-17,0.16,0.19
2016-07-18,0.17,0.21
2016-07-19,0.19,0.25
2016-07-20,0.08,0.41
2016-07-21,0.08,0.28
2016-07-22,0.1,0.4
2016-07-23,0.09,0.13
2016-07-24,0.1,0.43
2016-07-25,0.13,0.44
2016-07-26,0.18,0.4
2016-07-27,0.29,0.26
2016-07-28,0.37,0.6
2016-07-29,0.19,0.37
2016-07-30,0.18,0.4
2016-07-31,0.11,0.39
2016-08-01,0.09,0.41
2016-08-02,0.06,0.49
2016-08-03,0.08,0.37
2016-08-04,0.07,0.32
2016-08-05,0.07,0.34
2016-08-06,0.06,0.35
2016-08-07,0.07,0.24
2016-08-08,0.07,0.31
2016-08-09,0.07,0.45
2016-08-10,0.04,0.44
2016-08-11,0.05,0.37
2016-08-12,0.05,0.8
2016-08-13,0.04,0.39
2016-08-14,0.03,0.27
2016-08-15,0.0199999999999999,0.2
2016-08-16,0.0099999999999999,0.28
2016-08-17,0.0,0.56
2016-08-18,0.0,0.34
2016-08-19,0.0,0.27
2016-08-20,0.0,0.3
2016-08-21,0.0,0.21
2016-08-22,0.0,0.32
2016-08-23,0.0,0.34
2016-08-24,0.0,0.27
2016-08-25,0.0,0.47
2016-08-26,0.0,0.31
2016-08-27,0.0,0.46
2016-08-28,0.0,0.19
2016-08-29,0.0,0.36
2016-08-30,0.0,0.39
2016-08-31,0.0,0.25
2016-09-01,0.36,0.11
2016-09-02,0.11,0.23
2016-09-03,1.06,0.25
2016-09-04,0.06,0.24
2016-09-05,0.32,0.57
2016-09-06,2.24,0.53
2016-09-07,3.96,0.64
2016-09-08,2.61,0.66
2016-09-09,2.84,0.32
2016-09-10,5.73,0.54
2016-09-11,3.38,0.28
2016-09-12,5.74,0.39
2016-09-13,5.44,0.33
2016-09-14,7.3,0.28
2016-09-15,3.93,0.2
2016-09-16,0.54,0.55
2016-09-17,0.1,0.25
2016-09-18,0.0,0.19
2016-09-19,0.49,0.25
2016-09-20,0.96,0.46
2016-09-21,3.17,0.38
2016-09-22,2.76,0.42
2016-09-23,0.11,0.29
2016-09-24,2.18,0.39
2016-09-25,1.73,0.23
2016-09-26,4.49,0.77
2016-09-27,6.82,0.5
2016-09-28,6.19,0.47
2016-09-29,5.0,0.55
2016-09-30,6.22,0.31
2016-10-01,2.13,0.51
2016-10-02,0.11,0.34
2016-10-03,0.13,0.37
2016-10-04,0.09,0.49
2016-10-05,0.22,0.4
2016-10-06,0.76,0.54
2016-10-07,0.7,0.45
2016-10-08,0.22,0.33
2016-10-09,0.06,0.39
2016-10-10,0.09,0.45
2016-10-11,0.0,0.19
2016-10-12,4.6,0.11
2016-10-13,4.94,0.1
2016-10-14,1.11,0.15
2016-10-15,0.46,0.2
2016-10-16,2.28,0.28
2016-10-17,3.78,0.12
2016-10-18,4.51,0.52
2016-10-19,0.66,0.31
2016-10-20,0.82,0.21
2016-10-21,0.48,0.15
2016-10-22,1.12,0.17
2016-10-23,0.62,0.14
2016-10-24,0.31,0.23
2016-10-25,1.74,0.44
2016-10-26,0.73,0.34
2016-10-27,0.95,1.41
2016-10-28,0.81,1.23
2016-10-29,1.1,0.84
2016-10-30,0.62,0.78
2016-10-31,0.09,0.79
2016-11-01,1.96,0.82
2016-11-02,1.8,0.97
2016-11-03,2.07,1.88
2016-11-04,2.03,1.62
2016-11-05,2.46,1.27
2016-11-06,0.98,0.84
2016-11-07,0.28,0.7
2016-11-08,0.35,0.76
2016-11-09,0.13,0.53
2016-11-10,0.29,0.86
2016-11-11,0.45,0.64
2016-11-12,0.33,0.6
2016-11-13,0.5,0.55
2016-11-14,0.13,0.68
2016-11-15,0.16,0.61
2016-11-16,0.04,0.63
2016-11-17,0.06,1.3
2016-11-18,0.34,0.75
2016-11-19,0.33,0.68
2016-11-20,0.08,0.49
2016-11-21,0.06,0.54
2016-11-22,0.1,0.48
2016-11-23,0.18,0.82
2016-11-24,0.31,0.73
2016-11-25,0.33,0.69
2016-11-26,0.33,0.88
2016-11-27,0.4,1.2
2016-11-28,0.05,0.78
2016-11-29,0.11,1.1
2016-11-30,0.19,0.91
2016-12-01,0.12,0.86
2016-12-02,0.03,1.08
2016-12-03,0.04,0.52
2016-12-04,0.05,0.38
2016-12-05,0.06,0.6
2016-12-06,0.05,0.64
2016-12-07,0.08,0.54
2016-12-08,0.15,0.49
2016-12-09,0.22,0.32
2016-12-10,0.66,0.23
2016-12-11,0.86,0.21
2016-12-12,0.13,0.46
2016-12-13,0.06,0.2
2016-12-14,0.03,0.57
2016-12-15,0.21,0.46
2016-12-16,0.02,0.72
2016-12-17,0.57,0.7
2016-12-18,0.46,0.38
2016-12-19,0.31,0.5
2016-12-20,0.6,0.71
2016-12-21,0.9,0.98
2016-12-22,1.32,1.14
2016-12-23,1.73,0.6
2016-12-24,0.65,1.18
2016-12-25,0.12,1.07
2016-12-26,0.25,0.46
2016-12-27,1.5,0.26
2016-12-28,0.52,0.43
2016-12-29,0.92,0.5
2016-12-30,0.36,0.57
2016-12-31,0.04,0.51
2017-01-01,0.03,0.12
2017-01-02,0.18,1.09
2017-01-03,0.45,0.45
2017-01-04,0.65,0.25
2017-01-05,0.53,0.33
2017-01-06,0.29,0.4
2017-01-07,0.11,0.47
2017-01-08,0.05,0.53
2017-01-09,0.09,0.7
2017-01-10,0.5,0.57
2017-01-11,2.41,0.28
2017-01-12,1.46,0.32
2017-01-13,0.08,0.5
2017-01-14,0.05,0.27
2017-01-15,0.05,0.36
2017-01-16,0.07,0.43
2017-01-17,0.06,0.53
2017-01-18,0.05,0.56
2017-01-19,0.03,0.45
2017-01-20,0.04,0.25
2017-01-21,0.07,0.17
2017-01-22,0.3,0.14
2017-01-23,0.07,0.4
2017-01-24,0.03,0.48
2017-01-25,0.03,0.67
2017-01-26,0.03,0.63
2017-01-27,0.03,0.42
2017-01-28,0.03,0.17
2017-01-29,0.07,0.16
2017-01-30,0.08,0.39
2017-01-31,0.13,0.29
2017-02-01,0.17,0.27
2017-02-02,0.03,0.22
2017-02-03,0.04,0.28
2017-02-04,0.47,0.54
2017-02-05,0.04,0.78
2017-02-06,0.0,0.74
2017-02-07,0.0,0.15
2017-02-08,0.01,0.08
2017-02-09,0.04,0.09
2017-02-10,0.01,
2017-02-11,0.0,
2017-02-12,0.0,
2017-02-13,0.01,
2017-02-14,0.06,
2017-02-15,0.14,
2017-02-16,0.23,
2017-02-17,0.85,
2017-02-18,0.73,
2017-02-19,0.53,
2017-02-20,0.38,
2017-02-21,0.48,
2017-02-22,0.57,
2017-02-23,1.91,0.16
2017-02-24,1.92,0.03
2017-02-25,1.32,0.09
2017-02-26,2.7,0.15
2017-02-27,0.46,0.21
2017-02-28,0.94,0.27
2017-03-01,0.41,0.53
2017-03-02,0.31,0.46
2017-03-03,0.28,0.33
2017-03-04,0.22,0.34
2017-03-05,0.17,0.24
2017-03-06,0.36,0.3
2017-03-07,0.18,0.45
2017-03-08,0.48,0.52
2017-03-09,1.02,0.76
2017-03-10,0.31,0.51
2017-03-11,0.57,0.36
2017-03-12,0.53,0.14
2017-03-13,0.42,0.15
2017-03-14,0.26,0.16
2017-03-15,0.12,0.12
2017-03-16,0.17,0.34
2017-03-17,1.2,0.56
2017-03-18,3.14,0.55
2017-03-19,1.32,0.26
2017-03-20,0.43,0.38
2017-03-21,0.54,0.3
2017-03-22,0.75,0.45
2017-03-23,0.35,0.36
2017-03-24,0.32,0.2
2017-03-25,0.25,0.66
2017-03-26,0.25,0.38
2017-03-27,0.22,0.5
2017-03-28,0.21,0.36
2017-03-29,0.2,0.39
2017-03-30,0.2,0.24
2017-03-31,0.2,0.17
2017-04-01,0.4,0.12
2017-04-02,0.37,0.13
2017-04-03,0.26,0.18
2017-04-04,0.18,0.19
2017-04-05,0.19,0.09
2017-04-06,0.37,0.17
2017-04-07,0.24,0.14
2017-04-08,0.28,0.15
2017-04-09,0.62,0.17
2017-04-10,0.31,0.12
2017-04-11,0.33,0.11
2017-04-12,0.65,0.15
2017-04-13,0.26,0.09
2017-04-14,0.25,0.045
2017-04-15,0.3,0.0
2017-04-16,0.29,0.0
2017-04-17,0.6,0.0
2017-04-18,0.57,0.0
2017-04-19,0.24,0.0
2017-04-20,0.24,0.0
2017-04-21,0.26,0.0
2017-04-22,0.43,0.0
2017-04-23,0.44,0.0
2017-04-24,0.47,0.0
2017-04-25,0.67,0.0
2017-04-26,0.64,
2017-04-27,0.67,
2017-04-28,0.12,
2017-04-29,0.23,
2017-04-30,0.11,
2017-05-01,0.12,
2017-05-02,0.12,
2017-05-03,0.17,
2017-05-04,0.23,
2017-05-05,0.17,
2017-05-06,0.17,
2017-05-07,0.07,
2017-05-08,0.08,
2017-05-09,0.13,
2017-05-10,0.12,
2017-05-11,0.16,
2017-05-12,0.19,
2017-05-13,0.15,
2017-05-14,0.23,
2017-05-15,0.14,
2017-05-16,0.2,
2017-05-17,0.29,
2017-05-18,0.55,
2017-05-19,0.4,0.0
2017-05-20,0.49,0.0
2017-05-21,0.42,0.0
2017-05-22,0.38,0.0
2017-05-23,0.47,0.0
2017-05-24,0.38,0.0
2017-05-25,0.16,0.0
2017-05-26,0.35,0.0
2017-05-27,0.08,0.0
2017-05-28,0.11,0.0
2017-05-29,0.08,0.0
2017-05-30,0.06,0.0
2017-05-31,0.01,0.0
2017-06-01,0.01,0.0
2017-06-02,0.03,0.0
2017-06-03,0.04,0.0
2017-06-04,0.11,0.0
2017-06-05,0.16,0.0
2017-06-06,0.22,0.0
2017-06-07,0.12,0.0
2017-06-08,0.07,0.0
2017-06-09,0.45,0.0
2017-06-10,0.68,0.0
2017-06-11,0.04,0.0
2017-06-12,0.13,0.0
2017-06-13,0.62,0.0
2017-06-14,0.51,0.0
2017-06-15,0.23,0.0
2017-06-16,0.15,0.0
2017-06-17,0.23,0.0
2017-06-18,0.52,0.0
2017-06-19,0.26,0.0
2017-06-20,0.05,0.0
2017-06-21,0.1,0.0
2017-06-22,0.48,0.0
2017-06-23,0.31,0.0
2017-06-24,0.16,0.0
2017-06-25,0.03,0.0
2017-06-26,0.0,0.0
2017-06-27,0.01,0.0
2017-06-28,0.01,0.0
2017-06-29,0.02,0.0
2017-06-30,0.38,0.0
2017-07-01,0.1,0.0
2017-07-02,0.01,0.0
2017-07-03,0.55,0.0
2017-07-04,0.18,0.0
2017-07-05,0.23,0.0
2017-07-06,5.74,0.0
2017-07-07,2.26,0.0
2017-07-08,1.05,0.0
2017-07-09,0.67,0.0
2017-07-10,1.27,0.0
2017-07-11,2.42,0.0
2017-07-12,0.54,0.0
2017-07-13,0.42,0.0
2017-07-14,0.57,0.0
2017-07-15,0.24,0.0
2017-07-16,0.06,0.0
2017-07-17,0.66,0.0
2017-07-18,0.19,0.0
2017-07-19,0.15,0.0
2017-07-20,0.07,0.0
2017-07-21,0.14,0.0
2017-07-22,0.06,0.0
2017-07-23,0.04,0.0
2017-07-24,0.09,0.0
2017-07-25,0.29,0.0
2017-07-26,1.6,0.0
2017-07-27,0.59,0.0
2017-07-28,0.71,0.0
2017-07-29,1.11,0.0
2017-07-30,1.34,0.0
2017-07-31,2.84,0.0
2017-08-01,2.65,0.0
2017-08-02,0.88,0.0
2017-08-03,0.18,0.0
2017-08-04,0.43,0.0
2017-08-05,1.11,0.0
2017-08-06,0.49,0.0
2017-08-07,1.63,0.0
2017-08-08,2.74,0.0
2017-08-09,0.88,0.0
2017-08-10,0.38,0.0
2017-08-11,0.87,0.0
2017-08-12,0.71,0.0
2017-08-13,0.41,0.0
2017-08-14,1.13,0.0
2017-08-15,0.74,0.0
2017-08-16,0.84,0.0
2017-08-17,0.99,0.0
2017-08-18,1.15,
2017-08-19,0.34,
2017-08-20,0.09,
2017-08-21,0.2,
2017-08-22,0.48,
2017-08-23,1.58,
2017-08-24,1.74,
2017-08-25,0.51,
2017-08-26,0.82,
2017-08-27,0.58,
2017-08-28,0.3,
2017-08-29,0.18,
2017-08-30,0.16,
2017-08-31,0.7,
2017-09-01,1.69,
2017-09-02,2.33,
2017-09-03,0.4,
2017-09-04,0.91,
2017-09-05,2.2,
2017-09-06,1.88,0.0
2017-09-07,1.4,0.0
2017-09-08,0.59,0.0
2017-09-09,0.21,0.0
2017-09-10,0.26,0.0
2017-09-11,0.25,0.0
2017-09-12,0.23,0.0
2017-09-13,0.72,0.0
2017-09-14,0.83,0.0
2017-09-15,1.44,0.0
2017-09-16,0.84,0.0
2017-09-17,0.25,0.0
2017-09-18,0.21,0.0
2017-09-19,0.06,0.0
2017-09-20,0.05,0.0
2017-09-21,0.06,0.0
2017-09-22,0.32,0.0
2017-09-23,0.79,0.0
2017-09-24,2.74,0.0
2017-09-25,0.93,0.0
2017-09-26,1.29,0.08
2017-09-27,3.95,0.09
2017-09-28,1.36,0.29
2017-09-29,0.43,0.02
2017-09-30,0.34,0.03
2017-10-01,0.48,0.12
2017-10-02,0.28,0.11
2017-10-03,0.65,0.12
2017-10-04,2.06,0.24
2017-10-05,5.94,0.19
2017-10-06,1.49,0.17
2017-10-07,2.64,0.08
2017-10-08,0.96,0.2
2017-10-09,0.9,0.17
2017-10-10,0.25,0.02
2017-10-11,0.52,0.06
2017-10-12,0.92,0.02
2017-10-13,0.03,0.05
2017-10-14,0.0,0.04
2017-10-15,0.0,0.13
2017-10-16,0.43,0.14
2017-10-17,0.07,0.08
2017-10-18,0.98,0.03
2017-10-19,2.01,0.17
2017-10-20,0.07,0.01
2017-10-21,0.06,0.07
2017-10-22,0.0,0.0
2017-10-23,1.08,0.16
2017-10-24,0.16,0.34
2017-10-25,0.0,0.37
2017-10-26,0.01,0.35
2017-10-27,0.21,0.26
2017-10-28,2.02,0.32
2017-10-29,0.02,0.44
2017-10-30,0.0,0.2
2017-10-31,5.25,0.22
2017-11-01,6.16,0.0
2017-11-02,4.5,0.18
2017-11-03,5.14,0.31
2017-11-04,3.75,0.68
2017-11-05,2.52,0.6
2017-11-06,3.17,0.46
2017-11-07,8.32,0.42
2017-11-08,6.02,0.55
2017-11-09,5.94,0.57
2017-11-10,3.52,0.87
2017-11-11,2.78,0.84
2017-11-12,4.07,0.55
2017-11-13,5.29,0.7
2017-11-14,6.43,3.5
2017-11-15,2.76,3.59
2017-11-16,1.81,2.39
2017-11-17,3.03,2.36
2017-11-18,2.92,3.59
2017-11-19,4.05,3.46
2017-11-20,9.33,1.69
2017-11-21,6.5,1.44
2017-11-22,3.1,1.64
2017-11-23,3.03,1.29
2017-11-24,2.49,2.9
2017-11-25,1.8,2.4
2017-11-26,1.91,3.12
2017-11-27,5.78,2.1
2017-11-28,8.15,2.55
2017-11-29,4.56,5.41
2017-11-30,3.69,7.2
2017-12-01,3.83,5.19
2017-12-02,3.93,7.22
2017-12-03,2.99,4.05
2017-12-04,2.43,3.5
2017-12-05,2.1,4.19
2017-12-06,2.52,4.08
2017-12-07,3.9,3.64
2017-12-08,3.66,3.55
2017-12-09,4.67,4.54
2017-12-10,2.35,2.81
2017-12-11,4.75,3.33
2017-12-12,6.17,2.57
2017-12-13,4.66,2.0
2017-12-14,3.88,1.74
2017-12-15,3.83,1.67
2017-12-16,5.63,1.53
2017-12-17,5.32,1.47
2017-12-18,2.12,2.65
2017-12-19,3.48,2.08
2017-12-20,9.3,3.79
2017-12-21,6.21,2.59
2017-12-22,7.58,1.82
2017-12-23,5.62,1.88
2017-12-24,4.49,1.3
2017-12-25,4.73,2.36
2017-12-26,4.36,1.73
2017-12-27,4.42,2.26
2017-12-28,5.69,3.34
2017-12-29,5.15,1.83
2017-12-30,4.63,2.08
2017-12-31,5.0,1.29
2018-01-01,3.74,1.1
2018-01-02,3.19,1.9
2018-01-03,5.07,1.82
2018-01-04,7.64,1.41
2018-01-05,6.1,1.44
2018-01-06,8.02,1.32
2018-01-07,4.23,1.31
2018-01-08,2.89,1.98
2018-01-09,2.85,1.61
2018-01-10,2.89,1.56
2018-01-11,6.5,1.46
2018-01-12,6.66,1.31
2018-01-13,4.92,1.31
2018-01-14,5.41,1.0
2018-01-15,2.17,1.42
2018-01-16,11.61,2.39
2018-01-17,4.24,2.32
2018-01-18,8.02,1.91
2018-01-19,6.24,2.85
2018-01-20,10.57,1.72
2018-01-21,5.37,1.4
2018-01-22,4.31,1.98
2018-01-23,4.47,2.73
2018-01-24,4.5,2.36
2018-01-25,6.98,1.27
2018-01-26,8.14,0.8
2018-01-27,7.51,1.55
2018-01-28,5.89,1.89
2018-01-29,3.9,1.81
2018-01-30,5.56,2.11
2018-01-31,10.09,1.93
2018-02-01,6.12,1.61
2018-02-02,9.58,1.76
2018-02-03,8.68,2.52
2018-02-04,4.52,1.98
2018-02-05,1.65,1.28
2018-02-06,4.35,0.97
2018-02-07,7.84,0.85
2018-02-08,3.39,0.84
2018-02-09,3.35,0.77
2018-02-10,3.04,0.71
2018-02-11,1.49,0.83
2018-02-12,0.86,1.56
2018-02-13,1.1,1.22
2018-02-14,2.19,0.88
2018-02-15,2.42,0.68
2018-02-16,2.48,0.87
2018-02-17,2.83,0.79
2018-02-18,4.02,0.96
2018-02-19,1.72,1.71
2018-02-20,1.86,1.49
2018-02-21,2.73,1.55
2018-02-22,2.14,1.69
2018-02-23,2.22,1.47
2018-02-24,1.41,1.55
2018-02-25,2.2,1.17
2018-02-26,3.72,1.12
2018-02-27,3.91,0.8
2018-02-28,3.94,0.87
2018-03-01,3.4,0.74
2018-03-02,2.57,0.53
2018-03-03,1.75,0.36
2018-03-04,1.92,0.59
2018-03-05,1.85,0.69
2018-03-06,1.34,0.62
2018-03-07,1.67,0.74
2018-03-08,1.75,0.98
2018-03-09,1.94,0.84
2018-03-10,1.72,0.7
2018-03-11,1.13,0.64
2018-03-12,1.38,0.85
2018-03-13,1.41,0.84
2018-03-14,2.25,1.08
2018-03-15,1.21,0.98
2018-03-16,1.92,0.93
2018-03-17,1.92,0.79
2018-03-18,0.93,0.66
2018-03-19,1.37,0.81
2018-03-20,1.57,0.93
2018-03-21,1.98,0.92
2018-03-22,3.12,1.36
2018-03-23,4.81,1.57
2018-03-24,4.59,0.91
2018-03-25,3.08,0.83
2018-03-26,1.94,0.89
2018-03-27,1.71,1.24
2018-03-28,1.85,1.77
2018-03-29,3.44,1.71
2018-03-30,2.26,0.88
2018-03-31,1.5,0.78
2018-04-01,1.15,0.66
2018-04-02,2.85,0.65
2018-04-03,5.55,1.01
2018-04-04,1.55,1.02
2018-04-05,1.59,1.07
2018-04-06,1.82,0.97
2018-04-07,3.99,1.54
2018-04-08,2.84,1.69
2018-04-09,1.46,1.14
2018-04-10,2.1,1.0
2018-04-11,1.18,0.94
2018-04-12,1.53,0.89
2018-04-13,1.26,0.98
2018-04-14,0.51,1.1
2018-04-15,0.89,1.18
2018-04-16,2.22,0.85
2018-04-17,1.31,1.14
2018-04-18,2.46,1.08
2018-04-19,2.38,0.99
2018-04-20,4.15,0.81
2018-04-21,4.97,0.79
2018-04-22,1.5,1.0
2018-04-23,0.45,0.71
2018-04-24,1.36,1.14
2018-04-25,0.71,1.46
2018-04-26,0.94,0.82
2018-04-27,1.44,0.64
2018-04-28,0.51,0.58
2018-04-29,0.76,0.48
2018-04-30,1.59,0.48
2018-05-01,1.32,0.43
2018-05-02,0.78,17.776666666666667
2018-05-03,0.51,35.123333333333335
2018-05-04,0.58,52.47
2018-05-05,0.37,34.71
2018-05-06,0.25,26.17
2018-05-07,0.66,31.29
2018-05-08,1.99,38.93
2018-05-09,0.93,33.38
2018-05-10,0.95,32.03
2018-05-11,1.18,29.21
2018-05-12,0.95,25.09
2018-05-13,0.55,21.94
2018-05-14,0.47,21.73
2018-05-15,0.49,26.03
2018-05-16,0.76,27.05
2018-05-17,0.82,25.58
2018-05-18,0.88,28.55
2018-05-19,1.58,26.05
2018-05-20,0.62,20.34
2018-05-21,0.63,26.77
2018-05-22,0.44,25.77
2018-05-23,1.57,27.25
2018-05-24,1.7,26.09
2018-05-25,2.17,29.07
2018-05-26,0.53,23.05
2018-05-27,0.69,19.16
2018-05-28,0.72,24.9
2018-05-29,1.54,30.04
2018-05-30,0.66,32.04
2018-05-31,0.58,31.36
2018-06-01,2.16,22.49
2018-06-02,1.79,25.71
2018-06-03,0.5,22.35
2018-06-04,1.23,23.57
2018-06-05,1.45,27.67
2018-06-06,1.45,27.91
2018-06-07,0.71,31.27
2018-06-08,1.78,25.25
2018-06-09,1.62,21.51
2018-06-10,0.6,18.18
2018-06-11,0.7,26.78
2018-06-12,1.45,29.14
2018-06-13,0.73,27.25
2018-06-14,0.5,31.26
2018-06-15,0.48,32.98
2018-06-16,0.37,25.77
2018-06-17,0.31,22.67
2018-06-18,0.39,26.12
2018-06-19,0.21,27.06
2018-06-20,0.22,20.81
2018-06-21,0.39,19.29
2018-06-22,1.22,21.725
2018-06-23,1.61,24.16
2018-06-24,0.26,16.5
2018-06-25,0.21,14.0
2018-06-26,0.19,8.19
2018-06-27,0.28,14.05
2018-06-28,0.31,12.75
2018-06-29,0.29,14.54
2018-06-30,0.43,15.07
2018-07-01,0.32,12.91
2018-07-02,0.29,11.66
2018-07-03,0.68,8.29
2018-07-04,1.26,8.47
2018-07-05,0.31,9.98
2018-07-06,8.65,15.62
2018-07-07,9.5,18.13
2018-07-08,2.41,19.36
2018-07-09,1.61,25.86
2018-07-10,0.35,17.37
2018-07-11,5.29,19.97
2018-07-12,0.6,17.21
2018-07-13,0.25,17.56
2018-07-14,0.69,16.1
2018-07-15,0.38,14.98
2018-07-16,0.34,16.35
2018-07-17,0.27,14.92
2018-07-18,4.49,16.44
2018-07-19,2.47,18.94
2018-07-20,0.34,16.19
2018-07-21,3.97,15.04
2018-07-22,0.55,12.44
2018-07-23,0.28,12.9
2018-07-24,0.54,12.3
2018-07-25,0.29,8.43
2018-07-26,0.26,11.31
2018-07-27,0.39,11.48
2018-07-28,0.41,11.95
2018-07-29,0.53,8.37
2018-07-30,0.53,8.43
2018-07-31,0.72,8.94
2018-08-01,3.86,7.13
2018-08-02,2.86,12.1
2018-08-03,9.83,12.81
2018-08-04,2.39,10.83
2018-08-05,1.0,10.9
2018-08-06,0.44,14.73
2018-08-07,0.64,17.74
2018-08-08,0.73,18.76
2018-08-09,2.69,16.18
2018-08-10,4.27,15.49
2018-08-11,0.98,16.26
2018-08-12,0.37,14.59
2018-08-13,0.28,19.19
2018-08-14,4.19,17.64
2018-08-15,0.54,13.99
2018-08-16,0.15,12.58
2018-08-17,0.22,13.59
2018-08-18,0.21,17.87
2018-08-19,1.33,17.28
2018-08-20,0.16,16.53
2018-08-21,0.1,14.03
2018-08-22,0.18,13.79
2018-08-23,0.22,13.67
2018-08-24,1.41,17.94
2018-08-25,3.26,17.22
2018-08-26,1.4,15.04
2018-08-27,0.73,15.42
2018-08-28,4.2,15.1
2018-08-29,1.87,12.15
2018-08-30,10.26,17.68
2018-08-31,19.1,19.06
2018-09-01,10.98,17.41
2018-09-02,1.95,12.84
2018-09-03,1.42,11.66
2018-09-04,9.86,12.52
2018-09-05,19.46,13.53
2018-09-06,21.59,17.03
2018-09-07,7.09,14.55
2018-09-08,0.39,13.21
2018-09-09,0.58,10.57
2018-09-10,6.36,7.64
2018-09-11,2.91,6.87
2018-09-12,8.14,6.15
2018-09-13,8.36,7.7
2018-09-14,7.44,8.63
2018-09-15,5.4,8.03
2018-09-16,7.68,7.99
2018-09-17,1.23,10.22
2018-09-18,4.07,11.18
2018-09-19,7.6,13.06
2018-09-20,12.12,17.18
2018-09-21,1.25,13.1
2018-09-22,0.59,11.96
2018-09-23,0.78,10.09
2018-09-24,1.5,11.44
2018-09-25,3.13,11.9
2018-09-26,9.91,11.19
2018-09-27,2.19,8.25
2018-09-28,14.97,9.66
2018-09-29,24.06,7.7
2018-09-30,15.5,5.65
2018-10-01,2.79,6.31
2018-10-02,5.23,6.64
2018-10-03,1.19,9.21
2018-10-04,1.33,11.24
2018-10-05,1.37,11.6
2018-10-06,5.93,8.99
2018-10-07,6.31,7.71
2018-10-08,3.19,10.06
2018-10-09,18.56,14.79
2018-10-10,28.24,15.34
2018-10-11,24.01,13.19
2018-10-12,19.53,13.94
2018-10-13,14.77,11.4
2018-10-14,14.87,7.46
2018-10-15,2.0,7.67
2018-10-16,2.12,7.28
2018-10-17,1.68,10.19
2018-10-18,1.17,15.12
2018-10-19,2.31,12.58
2018-10-20,5.02,9.21
2018-10-21,5.56,11.05
2018-10-22,7.44,12.18
2018-10-23,3.97,14.32
2018-10-24,7.03,10.68
2018-10-25,6.28,13.87
2018-10-26,2.37,19.37
2018-10-27,13.98,19.03
2018-10-28,10.85,14.99
2018-10-29,5.56,14.97
2018-10-30,8.99,15.7
2018-10-31,14.01,16.14
2018-11-01,8.22,21.2
2018-11-02,5.21,18.39
2018-11-03,1.46,13.87
2018-11-04,0.95,17.58
2018-11-05,1.31,18.72
2018-11-06,3.93,11.05
2018-11-07,1.3,7.34
2018-11-08,1.08,9.93
2018-11-09,2.22,9.0
2018-11-10,1.99,11.45
2018-11-11,6.93,11.51
2018-11-12,4.06,10.28
2018-11-13,10.63,7.7
2018-11-14,13.56,9.74
2018-11-15,17.29,12.04
2018-11-16,12.65,11.15
2018-11-17,1.17,9.86
2018-11-18,0.72,11.87
2018-11-19,0.92,23.74
2018-11-20,1.66,25.43
2018-11-21,1.71,19.97
2018-11-22,2.21,23.97
2018-11-23,14.82,19.14
2018-11-24,10.4,11.18
2018-11-25,2.17,11.74
2018-11-26,2.91,21.44
2018-11-27,2.68,21.89
2018-11-28,2.45,19.45
2018-11-29,4.64,18.78
2018-11-30,12.75,17.72
2018-12-01,6.58,14.65
2018-12-02,2.28,14.01
2018-12-03,2.53,15.16
2018-12-04,5.61,20.12
2018-12-05,0.87,16.37
2018-12-06,1.53,15.11
2018-12-07,1.01,14.52
2018-12-08,1.3,13.16
2018-12-09,0.59,14.26
2018-12-10,0.91,24.66
2018-12-11,10.42,25.27
2018-12-12,2.9,29.33
2018-12-13,1.86,28.28
2018-12-14,2.03,20.7
2018-12-15,0.95,12.92
2018-12-16,7.28,11.65
2018-12-17,4.7,12.52
2018-12-18,1.62,11.58
2018-12-19,3.49,12.57
2018-12-20,9.98,14.56
2018-12-21,9.43,13.13
2018-12-22,6.86,15.14
2018-12-23,4.8,11.18
2018-12-24,7.54,10.06
2018-12-25,2.22,8.34
2018-12-26,1.27,12.58
2018-12-27,9.82,15.14
2018-12-28,22.15,11.06
2018-12-29,11.18,13.33
2018-12-30,1.78,12.04
2018-12-31,3.94,12.79
2019-01-01,4.12,17.17
2019-01-02,3.35,23.23
2019-01-03,6.34,19.92
2019-01-04,4.87,17.84
2019-01-05,1.25,25.27
2019-01-06,0.97,24.23
2019-01-07,4.08,15.72
2019-01-08,14.59,10.87
2019-01-09,16.8,10.18
2019-01-10,6.54,13.45
2019-01-11,1.66,21.31
2019-01-12,1.25,20.44
2019-01-13,0.74,18.76
2019-01-14,0.99,11.02
2019-01-15,4.9,9.96
2019-01-16,2.85,14.44
2019-01-17,6.64,17.1
2019-01-18,5.06,14.33
2019-01-19,2.45,11.86
2019-01-20,10.7,11.12
2019-01-21,1.3,20.69
2019-01-22,0.75,19.3
2019-01-23,0.84,11.72
2019-01-24,0.91,10.23
2019-01-25,0.51,11.69
2019-01-26,0.75,8.29
2019-01-27,0.92,6.04
2019-01-28,1.06,8.37
2019-01-29,0.87,6.87
2019-01-30,1.78,7.12
2019-01-31,7.33,12.12
2019-02-01,1.66,12.95
2019-02-02,1.43,11.51
2019-02-03,1.4,7.26
2019-02-04,2.79,7.74
2019-02-05,1.41,8.32
2019-02-06,1.36,8.34
2019-02-07,0.53,10.4
2019-02-08,10.15,7.65
2019-02-09,19.0,6.05
2019-02-10,1.17,5.5
2019-02-11,0.82,7.23
2019-02-12,1.05,7.39
2019-02-13,1.62,7.38
2019-02-14,0.98,7.84
2019-02-15,0.39,7.91
2019-02-16,6.88,6.27
2019-02-17,6.75,4.72
2019-02-18,3.58,4.57
2019-02-19,1.13,8.99
2019-02-20,0.53,7.77
2019-02-21,0.66,8.05
2019-02-22,1.03,9.74
2019-02-23,2.49,6.06
2019-02-24,5.77,4.37
2019-02-25,3.05,8.12
2019-02-26,6.78,12.94
2019-02-27,16.59,10.87
2019-02-28,5.3,6.57
2019-03-01,4.16,6.28
2019-03-02,0.6,7.8
2019-03-03,0.44,5.71
2019-03-04,2.04,5.39
2019-03-05,16.9,6.79
2019-03-06,16.55,6.48
2019-03-07,15.98,4.68
2019-03-08,6.32,5.49
2019-03-09,1.71,5.85
2019-03-10,0.62,6.95
2019-03-11,0.61,5.9
2019-03-12,1.89,6.65
2019-03-13,0.95,6.48
2019-03-14,7.52,5.35
2019-03-15,4.2,5.37
2019-03-16,0.67,5.32
2019-03-17,0.42,3.79
2019-03-18,0.91,4.42
2019-03-19,0.55,4.76
2019-03-20,0.47,7.05
2019-03-21,0.35,5.3
2019-03-22,3.13,4.3
2019-03-23,1.45,2.95
2019-03-24,1.22,3.18
2019-03-25,1.31,5.11
2019-03-26,2.13,6.5
2019-03-27,2.49,6.6
2019-03-28,2.02,7.61
2019-03-29,2.01,9.31
2019-03-30,1.41,9.64
2019-03-31,2.78,5.71
2019-04-01,4.72,5.53
2019-04-02,1.6,6.34
2019-04-03,0.97,7.94
2019-04-04,1.03,5.46
2019-04-05,2.32,5.61
2019-04-06,2.16,5.49
2019-04-07,0.99,4.43
2019-04-08,1.01,5.91
2019-04-09,0.88,5.93
2019-04-10,3.73,5.43
2019-04-11,0.84,5.54
2019-04-12,0.6,5.86
2019-04-13,1.73,5.1
2019-04-14,2.32,4.26
2019-04-15,1.34,5.47
2019-04-16,4.77,4.68
2019-04-17,2.03,4.19
2019-04-18,1.78,4.51
2019-04-19,0.82,4.84
2019-04-20,0.6,4.79
2019-04-21,1.29,7.45
2019-04-22,0.41,5.44
2019-04-23,1.54,4.9
2019-04-24,0.7,6.38
2019-04-25,0.87,6.36
2019-04-26,0.79,5.72
2019-04-27,1.71,6.0
2019-04-28,2.56,5.12
2019-04-29,0.55,5.93
2019-04-30,0.66,6.78
2019-05-01,0.41,5.34
2019-05-02,5.07,5.1
2019-05-03,2.54,4.83
2019-05-04,4.19,3.27
2019-05-05,6.5,4.23
2019-05-06,6.63,5.99
2019-05-07,12.32,6.39
2019-05-08,8.48,6.97
2019-05-09,11.33,7.04
2019-05-10,11.86,8.91
2019-05-11,5.02,5.39
2019-05-12,1.8,3.65
2019-05-13,5.55,5.3
2019-05-14,1.82,6.27
2019-05-15,3.06,5.63
2019-05-16,6.88,5.16
2019-05-17,6.91,5.42
2019-05-18,6.62,4.93
2019-05-19,6.16,2.79
2019-05-20,1.06,4.68
2019-05-21,0.62,6.87
2019-05-22,2.26,5.56
2019-05-23,0.39,4.41
2019-05-24,1.35,5.0
2019-05-25,3.25,5.37
2019-05-26,3.48,4.04
2019-05-27,1.96,6.87
2019-05-28,1.26,7.62
2019-05-29,4.26,6.19
2019-05-30,0.57,5.19
2019-05-31,0.47,4.79
2019-06-01,1.58,4.7
2019-06-02,1.63,4.25
2019-06-03,1.07,5.1
2019-06-04,2.79,5.96
2019-06-05,0.9,4.32
2019-06-06,0.38,4.89
2019-06-07,0.33,5.28
2019-06-08,0.71,5.94
2019-06-09,0.34,4.41
2019-06-10,0.18,5.95
2019-06-11,0.15,6.0
2019-06-12,0.2,5.56
2019-06-13,0.05,6.31
2019-06-14,0.06,7.17
2019-06-15,0.15,6.9
2019-06-16,0.05,4.91
2019-06-17,0.16,4.95
2019-06-18,0.16,5.52
2019-06-19,0.05,5.8
2019-06-20,0.13,6.06
2019-06-21,1.05,4.61
2019-06-22,0.79,4.72
2019-06-23,0.55,5.02
2019-06-24,3.04,4.59
2019-06-25,1.93,4.16
2019-06-26,0.45,5.61
2019-06-27,0.06,4.12
2019-06-28,0.07,4.47
2019-06-29,0.07,4.78
2019-06-30,0.16,4.4
2019-07-01,0.09,7.26
2019-07-02,0.09,7.07
2019-07-03,0.1,6.32
2019-07-04,0.26,5.94
2019-07-05,0.12,6.06
2019-07-06,0.37,5.54
2019-07-07,0.04,4.52
2019-07-08,0.02,5.3
2019-07-09,0.04,5.41
2019-07-10,0.01,3.81
2019-07-11,0.04,2.89
2019-07-12,0.09,4.78
2019-07-13,0.07,4.12
2019-07-14,0.29,2.4
2019-07-15,0.17,3.75
2019-07-16,0.8,5.57
2019-07-17,0.22,5.51
2019-07-18,0.31,5.22
2019-07-19,0.59,5.47
2019-07-20,0.22,5.37
2019-07-21,0.18,4.62
2019-07-22,0.31,4.62
2019-07-23,0.09,4.31
2019-07-24,0.09,3.18
2019-07-25,0.15,2.89
2019-07-26,0.06,4.35
2019-07-27,0.03,4.39
2019-07-28,0.08,3.61
2019-07-29,0.02,4.38
2019-07-30,0.03,4.98
2019-07-31,0.09,4.4
2019-08-01,0.02,4.9
2019-08-02,0.0,5.68
2019-08-03,0.03,6.43
2019-08-04,0.02,4.8
2019-08-05,0.14,6.92
2019-08-06,0.15,7.13
2019-08-07,0.08,6.76
2019-08-08,0.07,5.32
2019-08-09,0.12,5.5
2019-08-10,0.05,5.47
2019-08-11,0.06,4.95
2019-08-12,0.37,4.02
2019-08-13,1.52,5.33
2019-08-14,0.41,5.43
2019-08-15,0.03,4.96
2019-08-16,0.19,5.31
2019-08-17,0.16,6.86
2019-08-18,0.5,6.22
2019-08-19,2.63,6.9
2019-08-20,4.54,7.81
2019-08-21,1.05,7.16
2019-08-22,0.43,8.17
2019-08-23,0.23,5.61
2019-08-24,0.09,5.78
2019-08-25,0.06,5.38
2019-08-26,0.05,7.05
2019-08-27,0.07,6.19
2019-08-28,0.06,5.75
2019-08-29,0.15,7.89
2019-08-30,0.71,7.46
2019-08-31,0.6,5.44
2019-09-01,0.03,4.29
2019-09-02,0.02,9.48
2019-09-03,0.04,6.15
2019-09-04,0.01,6.07
2019-09-05,0.06,6.41
2019-09-06,0.06,5.45
2019-09-07,0.04,5.23
2019-09-08,0.04,3.84
2019-09-09,0.05,5.38
2019-09-10,0.05,6.74
2019-09-11,0.03,62.9
2019-09-12,0.05,53.19
2019-09-13,0.03,60.4
2019-09-14,0.09,64.5
2019-09-15,0.65,29.18
2019-09-16,0.41,38.85
2019-09-17,0.12,30.21
2019-09-18,1.13,39.22
2019-09-19,0.37,44.33
2019-09-20,0.27,34.57
2019-09-21,0.22,40.39
2019-09-22,0.31,28.63
2019-09-23,0.65,38.34
2019-09-24,0.42,27.24
2019-09-25,0.33,0.0
2019-09-26,0.31,0.0
2019-09-27,0.12,0.0
2019-09-28,0.16,0.0
2019-09-29,0.42,0.0
2019-09-30,0.6,0.0
2019-10-01,1.36,
2019-10-02,2.33,
2019-10-03,0.53,
2019-10-04,0.24,
2019-10-05,2.61,
2019-10-06,1.32,
2019-10-07,1.41,
2019-10-08,1.94,
2019-10-09,1.59,
2019-10-10,2.06,
2019-10-11,1.54,
2019-10-12,1.31,
2019-10-13,1.45,
2019-10-14,1.84,
2019-10-15,1.89,
2019-10-16,4.68,
2019-10-17,3.08,170.37
2019-10-18,1.78,105.76
2019-10-19,1.85,59.13
2019-10-20,2.23,38.5
2019-10-21,2.03,24.54
2019-10-22,2.35,21.88
2019-10-23,1.67,46.74
2019-10-24,0.53,41.88
2019-10-25,0.27,41.68
2019-10-26,0.27,30.37
2019-10-27,0.21,21.36
2019-10-28,0.28,40.25
2019-10-29,0.41,50.18
2019-10-30,0.49,73.39
2019-10-31,0.17,45.97
2019-11-01,0.16,39.44
2019-11-02,0.2,39.05
2019-11-03,0.3,19.9
2019-11-04,0.41,13.93
2019-11-05,0.48,24.93
2019-11-06,0.49,24.03
2019-11-07,0.22,43.15
2019-11-08,0.27,58.56
2019-11-09,0.26,41.3
2019-11-10,1.41,32.14
2019-11-11,0.29,17.4
2019-11-12,0.25,35.88
2019-11-13,0.37,46.92
2019-11-14,0.36,48.29
2019-11-15,0.84,30.48
2019-11-16,0.66,20.98
2019-11-17,4.54,10.36
2019-11-18,2.68,13.79
2019-11-19,6.97,21.42
2019-11-20,2.09,19.08
2019-11-21,2.11,8.63
2019-11-22,1.84,7.71
2019-11-23,10.22,5.16
2019-11-24,9.46,3.23
2019-11-25,0.99,7.43
2019-11-26,0.7,7.02
2019-11-27,3.6,7.95
2019-11-28,6.68,9.26
2019-11-29,0.5,17.3
2019-11-30,1.86,5.61
2019-12-01,6.33,3.88
2019-12-02,0.59,6.47
2019-12-03,0.3,6.9
2019-12-04,0.45,9.91
2019-12-05,0.69,11.82
2019-12-06,5.16,12.26
2019-12-07,0.78,8.81
2019-12-08,4.29,6.75
2019-12-09,0.29,9.04
2019-12-10,4.2,8.79
2019-12-11,2.33,9.78
2019-12-12,0.46,7.42
2019-12-13,0.17,4.1
2019-12-14,0.9,6.22
2019-12-15,0.07,5.64
2019-12-16,0.12,4.51
2019-12-17,0.3,4.3
2019-12-18,3.88,7.11
2019-12-19,0.18,5.33
2019-12-20,0.32,6.29
2019-12-21,0.34,6.22
2019-12-22,0.72,10.24
2019-12-23,0.52,8.17
2019-12-24,0.07,8.14
2019-12-25,0.05,4.32
2019-12-26,0.05,3.45
2019-12-27,0.04,2.52
2019-12-28,0.08,3.33
2019-12-29,0.09,2.85
2019-12-30,0.02,3.35
2019-12-31,0.04,4.59
2020-01-01,0.02,5.32
2020-01-02,0.04,7.18
2020-01-03,0.04,5.47
2020-01-04,0.05,4.59
2020-01-05,0.06,3.64
2020-01-06,0.08,3.88
2020-01-07,0.01,4.84
2020-01-08,0.01,5.06
2020-01-09,0.05,3.75
2020-01-10,0.03,3.48
2020-01-11,0.08,3.61
2020-01-12,0.17,3.55
2020-01-13,0.27,4.42
2020-01-14,0.08,4.85
2020-01-15,0.09,3.76
2020-01-16,0.02,4.47
2020-01-17,0.01,1.69
2020-01-18,0.01,3.98
2020-01-19,0.02,4.12
2020-01-20,0.03,3.21
2020-01-21,0.05,2.42
2020-01-22,0.05,3.09
2020-01-23,0.1,2.32
2020-01-24,0.12,1.53
2020-01-25,0.12,2.14
2020-01-26,0.16,1.99
2020-01-27,0.08,2.35
2020-01-28,0.08,2.76
2020-01-29,0.28,2.18
2020-01-30,0.08,2.55
2020-01-31,0.0,1.82
2020-02-01,0.01,2.17
2020-02-02,0.0,1.37
2020-02-03,0.05,1.52
2020-02-04,0.02,2.2
2020-02-05,0.03,2.21
2020-02-06,0.01,2.05
2020-02-07,1.45,2.98
2020-02-08,0.01,3.12
2020-02-09,0.0,2.14
2020-02-10,0.0,3.86
2020-02-11,0.01,4.07
2020-02-12,0.12,2.37
2020-02-13,0.37,2.93
2020-02-14,1.27,3.35
2020-02-15,1.27,2.69
2020-02-16,0.74,3.35
2020-02-17,0.35,3.83
2020-02-18,1.63,1.83
2020-02-19,1.07,2.52
2020-02-20,0.1,3.94
2020-02-21,0.08,2.0
2020-02-22,0.09,1.93
2020-02-23,0.07,0.12
2020-02-24,0.12,0.92
2020-02-25,0.1,2.48
2020-02-26,0.07,2.1
2020-02-27,0.0,2.89
2020-02-28,0.46,4.42
2020-02-29,0.82,4.44
2020-03-01,0.61,4.46
2020-03-02,0.75,2.32
2020-03-03,0.61,2.41
2020-03-04,0.77,0.78
2020-03-05,7.99,0.73
2020-03-06,0.84,0.89
2020-03-07,1.53,0.44
2020-03-08,0.75,0.4
2020-03-09,1.03,0.27
2020-03-10,0.61,0.28
2020-03-11,1.54,0.33
2020-03-12,1.09,0.94
2020-03-13,0.63,1.54
2020-03-14,1.88,1.19
2020-03-15,1.07,0.6
2020-03-16,0.84,0.43
2020-03-17,0.91,0.7
2020-03-18,0.73,0.41
2020-03-19,2.29,1.06
2020-03-20,1.5,2.58
2020-03-21,2.8,3.38
2020-03-22,4.11,0.79
2020-03-23,0.42,0.36
2020-03-24,0.21,0.35
2020-03-25,0.4,0.28
2020-03-26,0.18,0.28
2020-03-27,0.11,0.31
2020-03-28,0.12,0.3
2020-03-29,0.1,0.29
2020-03-30,0.1,0.63
2020-03-31,0.29,2.98
2020-04-01,0.28,3.17
2020-04-02,0.35,2.99
2020-04-03,0.42,1.51
2020-04-04,0.52,1.03
2020-04-05,0.18,1.42
2020-04-06,0.2,0.29
2020-04-07,0.13,0.38
2020-04-08,0.13,0.35
2020-04-09,0.31,0.38
2020-04-10,0.2,0.37
2020-04-11,0.35,0.43
2020-04-12,0.47,0.47
2020-04-13,0.14,0.41
2020-04-14,0.38,0.36
2020-04-15,0.22,0.28
2020-04-16,0.11,0.29
2020-04-17,0.23,0.56
2020-04-18,0.31,0.27
2020-04-19,0.23,0.2
2020-04-20,0.18,0.26
2020-04-21,0.14,0.23
2020-04-22,0.22,0.29
2020-04-23,0.41,0.36
2020-04-24,0.16,0.37
2020-04-25,0.28,0.25
2020-04-26,0.28,0.19
2020-04-27,0.16,0.16
2020-04-28,0.05,0.14
2020-04-29,0.04,0.73
2020-04-30,0.05,2.62
2020-05-01,0.08,0.84
2020-05-02,0.02,0.09
2020-05-03,0.39,0.1
2020-05-04,0.25,0.09
2020-05-05,0.29,0.76
2020-05-06,0.07,2.79
2020-05-07,0.21,2.79
2020-05-08,0.59,2.76
2020-05-09,0.13,2.93
2020-05-10,0.77,2.49
2020-05-11,1.02,2.24
2020-05-12,0.22,2.59
2020-05-13,0.31,3.05
2020-05-14,0.29,2.19
2020-05-15,0.82,2.67
2020-05-16,1.25,2.52
2020-05-17,0.84,4.04
2020-05-18,1.58,2.17
2020-05-19,3.74,1.27
2020-05-20,3.44,1.62
2020-05-21,3.68,1.68
2020-05-22,4.6,1.3
2020-05-23,3.02,1.1
2020-05-24,1.95,1.77
2020-05-25,0.38,1.79
2020-05-26,0.66,1.19
2020-05-27,0.85,1.42
2020-05-28,3.04,1.36
2020-05-29,1.45,1.74
2020-05-30,1.02,1.54
2020-05-31,0.74,2.29
2020-06-01,1.08,2.4
2020-06-02,1.83,2.03
2020-06-03,0.54,1.09
2020-06-04,0.26,1.52
2020-06-05,0.23,1.1
2020-06-06,0.57,0.43
2020-06-07,0.17,0.73
2020-06-08,0.51,0.66
2020-06-09,2.76,0.56
2020-06-10,2.59,0.66
2020-06-11,2.73,0.59
2020-06-12,0.39,0.59
2020-06-13,0.16,0.55
2020-06-14,0.11,0.52
2020-06-15,0.18,0.61
2020-06-16,0.21,0.67
2020-06-17,0.22,0.75
2020-06-18,0.32,0.79
2020-06-19,0.49,0.46
2020-06-20,0.85,0.55
2020-06-21,0.43,0.81
2020-06-22,0.91,1.28
2020-06-23,0.47,0.91
2020-06-24,0.54,0.7
2020-06-25,0.66,1.18
2020-06-26,0.59,0.86
2020-06-27,0.95,0.97
2020-06-28,1.11,1.24
2020-06-29,2.71,1.74
2020-06-30,2.51,2.02
2020-07-01,2.62,2.14
