Date,DL002,DL031,KA003,KA009,TN001,UP012,UP014
2015-01-01,,,,,,,
2015-01-02,,,,,,,
2015-01-03,,,,,,,
2015-01-04,,,,,,,
2015-01-05,,,,,,,
2015-01-06,,,,,,,
2015-01-07,,,,,,,
2015-01-08,,,,,,,
2015-01-09,,,,,,,
2015-01-10,,,,,,,
2015-01-11,,,,,,,
2015-01-12,,,,,,,
2015-01-13,,,,,,,
2015-01-14,,,,,,,
2015-01-15,,,,,,,
2015-01-16,,,,,,,
2015-01-17,,,,,,,
2015-01-18,,,,,,,
2015-01-19,,,,,,,
2015-01-20,,,,,,,
2015-01-21,,,,,,,
2015-01-22,,,,,,,
2015-01-23,,,,,,,
2015-01-24,,,,,,,
2015-01-25,,,,,,,
2015-01-26,,,,,,,
2015-01-27,,,,,,,
2015-01-28,,,,,,,
2015-01-29,,,,,,,
2015-01-30,,,,,,,
2015-01-31,,,,,,,
2015-02-01,,,,,,,
2015-02-02,,,,,,,
2015-02-03,,,,,,,
2015-02-04,,,,,,,
2015-02-05,,,,,,,
2015-02-06,,,,,,,
2015-02-07,,,,,,,
2015-02-08,,,,,,,
2015-02-09,,,,,,,
2015-02-10,,,,,,,
2015-02-11,,,,,,,
2015-02-12,,,,,,,
2015-02-13,,,,,,,
2015-02-14,,,,,,,
2015-02-15,,,,,,,
2015-02-16,,,,,,,
2015-02-17,,,,,,,
2015-02-18,,,,,,,
2015-02-19,,,,,,,
2015-02-20,,,,,,,
2015-02-21,,,,,,,
2015-02-22,,,,,,,
2015-02-23,,,,,,,
2015-02-24,,,,,,,
2015-02-25,,,,,,,
2015-02-26,,,,,,,
2015-02-27,,,,,,,
2015-02-28,,,,,,,
2015-03-01,,,,,,,
2015-03-02,,,,,,,
2015-03-03,,,,,,,
2015-03-04,,,,,,,
2015-03-05,,,,,,,
2015-03-06,,,,,,,
2015-03-07,,,,,,,
2015-03-08,,,,,,,
2015-03-09,,,,,,,
2015-03-10,,,,,,,
2015-03-11,,,,,,,
2015-03-12,,,,,,,
2015-03-13,,,,,,,
2015-03-14,,,,,,,
2015-03-15,,,,,,,
2015-03-16,,,,,,,
2015-03-17,,,,,,,
2015-03-18,,,,,,,
2015-03-19,,,,,,,
2015-03-20,,,,,,,
2015-03-21,,,91.0,,,,607.0
2015-03-22,,,120.0,,,,707.0
2015-03-23,,,154.0,,,,699.0
2015-03-24,,,138.0,94.0,,,108.0
2015-03-25,,,149.0,322.0,,,111.0
2015-03-26,,,132.0,232.0,,,116.0
2015-03-27,,,105.0,142.0,,,104.0
2015-03-28,,,84.0,219.0,,,114.0
2015-03-29,,,86.0,200.0,,105.0,140.0
2015-03-30,,,79.0,82.0,,93.0,120.0
2015-03-31,,,72.0,107.0,,103.0,105.0
2015-04-01,,,76.0,226.0,,104.0,150.0
2015-04-02,,,88.0,159.0,197.0,105.0,210.0
2015-04-03,,,87.0,269.0,239.5,105.0,164.0
2015-04-04,,,126.0,76.0,282.0,104.0,223.0
2015-04-05,173.0,276.0,99.0,221.0,324.5,104.0,143.0
2015-04-06,,193.0,86.0,55.0,367.0,104.0,123.0
2015-04-07,,202.5,77.0,55.0,361.0,104.0,136.0
2015-04-08,,212.0,98.0,222.0,102.0,104.0,130.0
2015-04-09,,221.5,66.0,443.0,217.0,105.0,104.0
2015-04-10,402.0,231.0,67.0,195.0,368.0,105.0,111.0
2015-04-11,543.0,364.0,132.0,83.0,102.0,105.0,123.0
2015-04-12,239.0,224.0,79.0,190.0,108.0,104.0,182.0
2015-04-13,263.0,161.0,85.0,117.0,267.0,103.0,
2015-04-14,172.0,140.0,77.0,44.0,103.0,103.0,
2015-04-15,254.0,283.0,122.0,232.0,196.0,104.0,
2015-04-16,284.0,139.0,157.0,37.0,362.0,104.0,
2015-04-17,310.0,163.0,210.0,108.0,111.0,103.0,
2015-04-18,496.0,308.0,163.0,179.0,123.0,104.0,
2015-04-19,656.0,368.0,165.0,22.0,150.0,105.0,
2015-04-20,597.0,365.0,79.0,161.0,176.0,105.0,271.0
2015-04-21,615.0,341.0,64.0,190.0,177.0,105.0,125.0
2015-04-22,652.0,269.0,47.0,41.0,178.0,105.0,133.0
2015-04-23,688.0,256.0,44.0,55.0,177.0,105.0,100.0
2015-04-24,582.0,363.0,45.0,69.0,257.0,105.0,120.0
2015-04-25,581.0,326.0,82.0,44.0,360.0,104.0,217.0
2015-04-26,582.0,350.0,119.0,82.0,,104.0,107.0
2015-04-27,220.0,192.0,156.0,,,103.0,120.0
2015-04-28,248.0,168.0,96.0,,,104.0,119.0
2015-04-29,255.0,154.0,72.0,,,104.0,116.0
2015-04-30,188.0,142.0,117.0,,,105.0,114.0
2015-05-01,290.0,153.0,67.0,,,105.0,218.0
2015-05-02,336.0,169.0,217.0,,,106.0,272.0
2015-05-03,457.0,277.0,64.0,,,106.0,161.0
2015-05-04,501.0,273.0,123.0,250.0,,109.0,127.0
2015-05-05,611.0,306.0,90.0,59.0,,110.0,127.0
2015-05-06,496.0,357.0,141.0,61.5,,106.0,122.0
2015-05-07,616.0,290.0,74.0,64.0,170.0,106.0,125.0
2015-05-08,609.0,258.0,243.0,63.0,329.0,106.0,189.0
2015-05-09,563.0,333.0,62.0,217.0,256.0,106.0,247.0
2015-05-10,534.0,296.0,82.0,61.0,183.0,106.0,194.0
2015-05-11,562.0,339.0,77.0,55.0,282.0,106.0,221.0
2015-05-12,458.0,396.0,48.0,63.0,97.0,105.0,170.0
2015-05-13,311.0,245.0,44.0,38.0,234.0,105.0,133.0
2015-05-14,328.0,164.0,61.0,79.5,235.0,105.0,118.0
2015-05-15,564.0,349.0,27.0,121.0,119.0,105.0,132.0
2015-05-16,343.0,253.0,59.0,60.0,314.0,105.0,132.0
2015-05-17,315.0,263.0,56.0,193.0,336.0,105.0,149.0
2015-05-18,236.0,185.0,71.0,142.0,332.0,106.0,233.0
2015-05-19,348.0,224.0,123.0,44.0,312.0,106.0,131.0
2015-05-20,316.0,207.0,64.0,50.0,326.5,106.0,107.0
2015-05-21,503.0,234.0,49.0,65.0,341.0,106.0,123.0
2015-05-22,520.0,205.0,177.0,102.0,335.0,106.0,267.0
2015-05-23,541.0,192.0,79.0,234.0,246.0,106.0,164.0
2015-05-24,592.0,210.0,267.0,45.0,336.0,107.0,152.0
2015-05-25,484.0,315.0,178.0,43.0,415.0,106.0,150.0
2015-05-26,577.0,342.0,262.0,55.0,388.0,106.0,165.0
2015-05-27,491.0,232.0,119.0,68.0,370.0,107.0,220.0
2015-05-28,381.0,350.0,84.0,131.0,394.0,106.0,147.0
2015-05-29,460.0,527.0,94.0,194.5,351.0,122.0,132.0
2015-05-30,456.0,256.0,69.0,258.0,360.0,124.0,272.0
2015-05-31,381.3333333333333,268.0,64.0,125.0,383.0,106.0,107.0
2015-06-01,306.66666666666663,218.0,69.5,101.0,400.0,106.0,119.0
2015-06-02,232.0,286.0,75.0,91.0,399.0,106.0,126.0
2015-06-03,303.0,293.0,83.0,85.0,356.0,106.0,271.0
2015-06-04,265.0,186.0,62.0,87.0,367.0,106.0,291.0
2015-06-05,314.0,300.0,211.0,50.0,342.0,106.0,299.0
2015-06-06,333.0,292.0,51.0,98.0,119.0,106.0,280.0
2015-06-07,352.0,284.0,46.0,102.0,195.0,107.0,276.0
2015-06-08,371.0,255.0,147.0,178.0,104.0,107.0,315.0
2015-06-09,474.0,226.0,32.0,78.0,104.0,107.0,306.0
2015-06-10,505.0,197.0,39.0,104.0,98.0,107.0,337.0
2015-06-11,446.6666666666667,253.0,49.0,83.0,99.0,107.0,177.0
2015-06-12,388.33333333333337,278.0,76.0,86.0,104.0,106.5,139.0
2015-06-13,330.0,205.0,74.0,113.0,104.0,106.0,104.0
2015-06-14,199.0,129.0,146.0,110.0,98.0,,101.0
2015-06-15,207.0,214.0,16.0,88.0,238.0,,229.0
2015-06-16,565.0,305.0,214.0,94.0,103.0,,270.0
2015-06-17,531.0,308.0,40.0,94.0,106.0,,103.0
2015-06-18,462.0,306.0,28.0,61.0,95.0,112.0,76.0
2015-06-19,331.0,301.0,51.0,89.0,163.0,108.0,96.0
2015-06-20,310.0,187.0,118.0,68.0,206.0,69.0,261.0
2015-06-21,271.0,132.0,220.0,112.0,99.0,54.0,220.0
2015-06-22,313.0,104.0,180.0,186.0,176.0,136.0,181.0
2015-06-23,324.0,123.0,119.0,95.0,303.0,99.0,216.0
2015-06-24,326.0,214.0,103.0,181.0,256.0,181.0,83.0
2015-06-25,249.0,227.0,102.5,107.0,222.0,47.0,94.0
2015-06-26,212.0,213.0,102.0,40.0,136.0,174.0,104.0
2015-06-27,353.0,157.0,76.0,254.0,106.0,46.0,287.0
2015-06-28,402.0,158.0,77.0,241.0,116.0,46.0,72.0
2015-06-29,255.0,192.0,257.0,160.0,119.0,49.0,53.0
2015-06-30,267.0,125.0,153.0,178.0,107.0,192.0,70.0
2015-07-01,258.0,163.0,158.0,216.0,224.0,141.0,50.0
2015-07-02,320.0,170.0,244.0,79.0,141.0,83.0,67.0
2015-07-03,349.0,173.0,293.0,77.0,192.0,81.0,69.0
2015-07-04,349.0,183.0,24.0,142.0,429.0,69.0,161.0
2015-07-05,373.0,248.5,224.0,193.0,96.0,89.0,215.0
2015-07-06,397.0,314.0,168.0,452.0,100.0,245.0,61.0
2015-07-07,226.0,200.0,177.0,94.0,105.0,312.0,109.0
2015-07-08,243.0,202.0,206.0,72.0,95.0,180.0,43.0
2015-07-09,274.0,250.0,236.0,86.0,175.0,48.0,81.0
2015-07-10,254.0,261.0,288.0,32.0,102.0,87.0,75.0
2015-07-11,320.0,386.0,178.0,77.0,253.0,146.0,81.0
2015-07-12,361.25,284.0,64.0,79.0,433.0,47.0,86.25
2015-07-13,402.5,141.0,251.0,240.0,100.0,126.0,91.5
2015-07-14,443.75,168.0,40.0,276.0,177.0,205.0,96.75
2015-07-15,485.0,137.0,236.0,69.0,93.0,190.0,102.0
2015-07-16,554.0,182.0,230.0,64.0,137.0,192.0,80.0
2015-07-17,338.0,249.0,51.0,58.0,96.0,192.0,75.0
2015-07-18,262.0,176.0,273.0,39.0,89.0,195.0,52.0
2015-07-19,303.0,245.0,347.0,43.0,112.0,192.0,47.0
2015-07-20,268.0,244.0,352.0,41.0,95.0,201.0,38.0
2015-07-21,247.0,211.0,384.0,63.0,92.0,207.0,46.0
2015-07-22,202.0,149.0,315.0,48.0,92.0,112.0,83.0
2015-07-23,164.0,165.0,423.0,67.0,212.0,117.0,164.0
2015-07-24,169.0,165.0,398.0,139.0,326.0,122.0,189.0
2015-07-25,189.0,185.0,29.0,68.0,109.0,125.0,152.0
2015-07-26,169.0,144.0,29.0,64.0,79.0,126.0,128.0
2015-07-27,157.0,102.0,77.0,238.0,108.0,116.0,150.0
2015-07-28,186.0,119.0,60.0,196.0,91.0,116.0,172.0
2015-07-29,175.0,112.0,38.0,94.0,91.0,160.0,120.0
2015-07-30,201.0,145.0,134.0,75.0,95.0,180.0,94.0
2015-07-31,233.0,130.0,40.0,57.0,112.0,120.0,88.0
2015-08-01,265.0,164.0,40.0,155.0,314.0,268.0,120.0
2015-08-02,264.0,174.0,241.0,273.0,210.0,89.0,121.0
2015-08-03,274.0,168.0,33.0,244.0,97.0,62.0,109.0
2015-08-04,326.0,153.0,138.0,53.0,116.0,68.0,130.0
2015-08-05,266.0,165.0,178.0,34.0,100.0,86.0,150.0
2015-08-06,303.0,181.0,126.0,53.0,99.0,91.0,123.0
2015-08-07,315.0,179.0,41.0,47.0,98.0,80.0,140.0
2015-08-08,261.0,221.0,134.0,60.0,95.0,62.0,247.0
2015-08-09,256.0,205.0,298.0,77.0,107.0,69.0,256.0
2015-08-10,225.0,145.0,121.0,46.0,89.0,70.0,231.0
2015-08-11,323.0,235.0,222.0,37.0,96.0,152.0,198.0
2015-08-12,270.0,196.0,209.0,48.0,103.0,77.0,78.0
2015-08-13,217.0,158.0,402.0,33.0,131.0,86.0,151.0
2015-08-14,260.0,247.0,380.0,174.0,92.0,76.0,238.0
2015-08-15,230.0,203.0,102.0,249.0,62.0,82.0,
2015-08-16,189.0,234.0,207.0,205.0,76.0,94.0,
2015-08-17,189.0,237.0,372.0,104.0,125.0,84.0,
2015-08-18,278.0,190.0,228.0,230.0,97.0,140.0,
2015-08-19,118.0,182.0,337.0,135.0,152.0,103.0,
2015-08-20,509.0,131.0,89.0,94.0,283.0,80.0,
2015-08-21,633.0,132.0,55.0,146.0,80.0,77.0,74.0
2015-08-22,275.0,160.0,38.0,156.0,305.0,79.0,78.0
2015-08-23,235.5,137.0,22.0,95.0,61.0,65.0,89.0
2015-08-24,196.0,94.0,49.0,144.0,66.0,67.0,98.0
2015-08-25,348.0,118.0,190.0,55.0,66.0,65.0,251.0
2015-08-26,677.0,128.0,84.0,26.0,70.0,62.0,87.0
2015-08-27,683.0,139.0,76.0,29.0,82.0,58.0,154.0
2015-08-28,454.0,160.0,95.0,31.0,75.0,64.0,145.0
2015-08-29,553.0,139.0,176.0,172.0,108.0,72.0,92.0
2015-08-30,497.0,121.0,137.0,104.0,117.0,87.0,91.0
2015-08-31,494.0,133.0,143.0,41.0,102.0,89.0,99.0
2015-09-01,494.0,179.0,103.0,60.0,76.0,66.0,95.0
2015-09-02,641.0,268.0,35.0,51.0,193.0,73.0,99.0
2015-09-03,647.0,277.0,58.5,52.0,148.0,72.0,143.0
2015-09-04,651.0,227.0,82.0,63.0,118.0,85.0,142.0
2015-09-05,564.0,183.0,98.75,73.0,117.0,86.0,130.0
2015-09-06,475.0,175.66666666666666,115.5,208.0,114.0,89.0,146.0
2015-09-07,386.0,168.33333333333331,132.25,179.0,113.0,77.0,151.0
2015-09-08,465.0,161.0,149.0,73.0,114.0,88.0,198.0
2015-09-09,422.0,170.0,112.5,60.0,107.0,69.0,233.0
2015-09-10,400.0,155.0,76.0,58.0,109.0,85.0,179.0
2015-09-11,352.0,142.0,65.0,55.0,111.0,100.0,197.0
2015-09-12,324.0,150.0,153.0,181.0,105.0,92.0,205.0
2015-09-13,298.0,214.0,23.0,259.0,100.0,211.0,254.0
2015-09-14,367.0,271.0,36.0,314.0,99.0,106.0,203.0
2015-09-15,392.0,277.0,26.0,56.0,87.0,93.0,249.0
2015-09-16,290.0,248.0,20.0,142.0,72.0,76.0,228.0
2015-09-17,450.0,265.0,34.0,69.0,64.0,94.0,196.0
2015-09-18,308.0,201.0,31.0,30.0,64.0,122.0,197.0
2015-09-19,198.0,117.0,109.0,180.0,84.0,81.0,228.0
2015-09-20,292.0,133.0,50.0,78.0,92.0,94.0,297.0
2015-09-21,252.0,78.0,27.0,75.0,100.0,86.0,175.0
2015-09-22,184.0,76.0,53.0,110.0,108.0,98.0,82.0
2015-09-23,175.0,75.0,62.0,109.0,110.0,80.0,91.0
2015-09-24,482.0,102.0,68.0,109.0,94.0,,85.0
2015-09-25,644.0,159.0,166.0,112.0,75.0,,91.0
2015-09-26,666.0,167.0,202.0,112.0,114.0,,86.0
2015-09-27,694.0,220.0,202.0,109.0,94.0,,89.0
2015-09-28,515.0,150.0,79.0,110.0,89.0,,101.0
2015-09-29,381.0,138.0,89.0,110.0,367.0,,116.0
2015-09-30,317.0,125.0,126.0,108.0,84.0,,223.0
2015-10-01,350.0,136.0,164.0,108.0,77.0,,244.0
2015-10-02,484.0,196.0,25.0,104.0,62.0,,143.0
2015-10-03,471.0,176.0,98.5,101.0,57.0,122.0,219.0
2015-10-04,672.0,289.0,172.0,93.0,60.0,154.0,149.5
2015-10-05,606.0,302.0,78.0,106.0,40.0,155.0,80.0
2015-10-06,741.0,310.0,70.0,199.0,109.0,207.0,89.0
2015-10-07,636.0,312.0,96.0,108.0,96.0,74.0,165.0
2015-10-08,618.0,320.0,63.0,76.0,110.0,188.0,183.0
2015-10-09,633.0,283.0,53.0,53.0,112.0,111.0,344.0
2015-10-10,495.0,275.0,48.5,101.0,110.0,111.0,231.0
2015-10-11,418.0,248.0,44.0,173.0,106.0,83.0,298.0
2015-10-12,644.0,234.0,33.0,75.0,93.0,56.0,256.0
2015-10-13,441.0,239.0,58.0,97.0,228.0,60.0,233.0
2015-10-14,254.0,200.0,83.0,205.0,479.0,64.0,265.0
2015-10-15,314.0,201.0,61.0,91.0,299.0,265.0,214.0
2015-10-16,575.0,304.0,117.0,86.0,245.0,119.0,257.0
2015-10-17,635.0,301.0,112.0,235.0,162.0,136.0,323.0
2015-10-18,644.0,324.5,82.0,198.0,91.0,187.0,347.0
2015-10-19,653.0,348.0,83.0,69.0,88.0,161.0,344.0
2015-10-20,767.0,344.0,137.0,191.0,72.0,264.0,382.0
2015-10-21,619.0,343.0,79.0,97.0,437.0,241.0,426.0
2015-10-22,533.0,351.0,73.0,122.0,75.0,253.0,396.0
2015-10-23,561.0,331.0,81.0,139.0,232.0,141.0,366.0
2015-10-24,583.0,335.0,71.0,106.0,116.0,104.0,366.0
2015-10-25,569.0,346.0,65.0,96.0,72.0,329.0,435.0
2015-10-26,328.0,247.0,53.0,94.0,76.0,337.0,450.0
2015-10-27,502.0,297.0,100.0,214.0,69.0,365.0,394.0
2015-10-28,526.0,283.0,64.0,125.0,78.0,346.0,338.0
2015-10-29,429.0,170.0,63.0,76.0,75.0,310.0,372.0
2015-10-30,300.0,258.0,165.0,69.0,62.0,316.0,323.0
2015-10-31,402.6666666666667,304.3333333333333,60.0,201.0,300.0,313.0,297.0
2015-11-01,505.33333333333337,350.66666666666663,24.0,73.0,188.0,343.0,316.0
2015-11-02,608.0,397.0,32.0,77.0,78.0,326.0,331.0
2015-11-03,609.0,373.0,39.0,76.0,75.0,338.0,320.0
2015-11-04,613.0,440.0,39.0,69.0,42.0,359.0,352.0
2015-11-05,532.0,364.0,37.0,81.0,87.0,378.0,400.0
2015-11-06,296.0,219.0,55.0,80.0,234.0,259.0,383.0
2015-11-07,761.0,432.0,54.0,67.0,113.0,313.0,353.0
2015-11-08,614.0,428.0,41.0,71.0,97.0,315.0,407.0
2015-11-09,564.0,362.0,41.0,77.0,73.0,103.0,424.0
2015-11-10,778.0,407.0,49.0,53.0,153.0,130.0,447.0
2015-11-11,750.0,495.0,37.0,62.0,293.0,415.0,439.0
2015-11-12,600.0,484.0,58.0,281.0,109.0,491.0,453.0
2015-11-13,828.0,448.0,61.0,,100.0,493.0,471.0
2015-11-14,811.0,428.0,80.0,,174.0,470.0,501.0
2015-11-15,458.0,372.0,72.0,,178.0,476.0,479.0
2015-11-16,520.0,401.0,52.0,,151.0,417.0,401.0
2015-11-17,535.0,394.5,46.0,,232.0,403.0,401.0
2015-11-18,649.0,388.0,40.0,,136.0,379.0,351.0
2015-11-19,585.0,431.0,34.0,57.0,95.0,402.0,388.0
2015-11-20,693.0,546.0,28.0,58.0,98.0,459.0,441.0
2015-11-21,548.0,545.0,18.0,47.0,92.0,439.0,404.0
2015-11-22,916.0,459.0,36.33333333333333,39.0,109.0,446.0,440.0
2015-11-23,469.0,501.0,54.66666666666666,50.0,105.0,431.0,423.0
2015-11-24,503.0,586.0,73.0,61.0,88.0,426.0,415.0
2015-11-25,600.0,407.0,188.0,188.0,92.0,438.0,416.0
2015-11-26,462.0,362.0,74.0,78.0,131.0,389.0,426.0
2015-11-27,432.0,358.0,70.0,207.0,113.0,523.0,401.0
2015-11-28,466.0,368.0,176.0,160.0,124.0,467.0,427.0
2015-11-29,385.0,360.0,54.0,68.0,115.0,430.0,415.0
2015-11-30,598.0,495.0,28.0,42.0,91.0,402.0,373.0
2015-12-01,546.0,421.0,135.0,25.0,92.0,411.0,424.0
2015-12-02,711.0,367.0,21.0,31.0,142.0,240.0,343.0
2015-12-03,698.0,405.0,44.0,55.0,85.0,268.0,256.0
2015-12-04,731.0,393.0,62.0,132.0,80.0,390.0,372.0
2015-12-05,559.0,621.0,157.0,37.0,108.5,463.0,441.0
2015-12-06,534.0,573.0,61.0,34.0,137.0,570.0,445.0
2015-12-07,667.0,464.0,50.0,78.0,165.5,540.0,477.0
2015-12-08,556.0,483.0,105.0,86.0,194.0,617.0,550.0
2015-12-09,550.0,456.0,65.0,94.0,129.0,534.0,529.0
2015-12-10,500.0,384.0,48.0,80.0,129.0,499.0,520.0
2015-12-11,510.0,417.0,52.0,72.0,115.0,471.0,382.0
2015-12-12,635.0,410.0,62.0,92.0,115.0,560.0,350.0
2015-12-13,668.0,250.0,45.0,100.0,177.0,492.0,344.0
2015-12-14,694.0,274.0,50.0,93.0,147.0,498.0,343.0
2015-12-15,,,54.0,112.0,133.0,417.0,326.0
2015-12-16,,,88.0,97.0,132.0,424.0,330.0
2015-12-17,,,70.0,102.0,162.0,392.0,340.0
2015-12-18,,,64.0,75.0,164.0,361.0,329.0
2015-12-19,,,75.0,101.0,130.0,185.0,356.0
2015-12-20,,,58.0,117.0,128.0,386.0,366.0
2015-12-21,,,56.0,153.0,104.0,356.0,367.0
2015-12-22,,,76.0,116.0,126.0,382.0,380.0
2015-12-23,927.0,668.0,68.0,95.0,110.0,469.0,416.0
2015-12-24,714.0,581.0,82.0,149.0,96.0,373.0,360.0
2015-12-25,565.0,355.0,90.0,172.0,118.0,328.0,321.0
2015-12-26,536.0,354.0,84.0,142.0,123.0,314.0,269.0
2015-12-27,526.0,408.0,88.0,161.0,168.0,325.0,339.0
2015-12-28,538.0,368.0,136.0,237.0,150.0,316.0,312.0
2015-12-29,529.0,360.0,110.0,151.0,150.0,365.0,326.0
2015-12-30,606.0,374.0,76.0,78.0,136.0,327.0,320.0
2015-12-31,633.0,432.0,107.0,123.0,138.0,354.0,364.0
2016-01-01,751.0,462.0,93.0,134.0,133.0,370.0,380.0
2016-01-02,693.0,534.0,87.0,88.0,123.0,346.0,386.0
2016-01-03,654.0,463.0,102.0,107.0,117.33333333333331,308.0,322.0
2016-01-04,711.0,565.0,109.0,107.0,111.66666666666666,334.0,275.0
2016-01-05,740.0,620.0,121.0,124.0,106.0,324.0,257.0
2016-01-06,840.0,570.0,129.0,134.0,164.0,328.0,326.0
2016-01-07,764.0,523.0,114.0,121.0,196.0,338.0,333.0
2016-01-08,819.0,636.0,115.0,141.0,133.0,331.0,306.0
2016-01-09,544.0,395.0,138.0,142.0,180.0,315.0,329.0
2016-01-10,552.0,345.0,251.0,117.0,136.0,242.0,247.0
2016-01-11,552.0,394.0,139.0,95.0,168.0,336.0,341.0
2016-01-12,746.0,439.0,115.0,129.0,193.0,367.0,384.0
2016-01-13,444.0,357.0,108.0,185.0,202.0,381.0,424.0
2016-01-14,479.0,402.0,95.0,215.0,285.0,391.0,414.0
2016-01-15,435.0,359.0,76.0,238.0,217.0,367.0,358.0
2016-01-16,328.0,311.0,101.0,239.5,185.0,339.0,358.0
2016-01-17,325.0,322.0,349.0,241.0,175.0,335.0,340.0
2016-01-18,613.0,395.0,348.0,178.0,171.0,358.0,381.0
2016-01-19,546.0,405.0,124.0,195.0,166.0,411.0,398.0
2016-01-20,587.0,406.0,134.0,240.0,181.0,397.0,354.0
2016-01-21,444.0,376.0,88.0,118.0,201.0,323.0,336.0
2016-01-22,437.0,402.0,82.0,145.0,237.0,367.0,377.0
2016-01-23,497.0,520.0,98.0,184.0,220.0,429.0,400.0
2016-01-24,610.0,483.0,56.0,118.0,289.0,407.0,400.0
2016-01-25,480.0,390.0,62.0,90.0,177.0,374.0,402.0
2016-01-26,573.0,431.0,78.0,100.0,177.0,395.0,414.0
2016-01-27,576.0,434.0,79.0,100.0,179.0,358.0,386.0
2016-01-28,608.0,424.0,110.0,159.0,183.0,376.0,409.0
2016-01-29,740.0,448.0,140.0,237.0,181.0,410.0,403.0
2016-01-30,700.0,486.0,137.0,206.0,172.0,424.0,411.0
2016-01-31,523.0,485.0,150.0,249.0,332.0,421.0,377.0
2016-02-01,469.5,326.0,142.5,263.0,369.0,333.0,341.0
2016-02-02,416.0,316.0,135.0,196.0,180.0,338.0,340.0
2016-02-03,362.5,347.0,169.0,153.0,115.0,325.0,306.0
2016-02-04,309.0,329.0,128.0,154.0,302.0,185.0,319.0
2016-02-05,458.0,402.0,138.0,164.0,359.0,285.0,345.0
2016-02-06,452.0,412.0,158.0,164.0,391.0,385.0,383.0
2016-02-07,382.5,340.0,199.0,199.0,267.0,401.0,386.0
2016-02-08,313.0,315.0,97.0,267.0,304.0,419.0,416.0
2016-02-09,319.0,334.0,104.0,245.0,346.0,411.0,373.0
2016-02-10,377.0,369.0,148.0,235.0,318.0,365.0,366.0
2016-02-11,390.0,352.0,188.0,232.0,316.0,397.0,387.0
2016-02-12,366.0,346.0,150.0,216.0,323.0,393.0,360.0
2016-02-13,336.0,318.0,126.0,246.0,289.25,311.0,327.0
2016-02-14,306.0,271.0,112.0,191.0,255.5,323.0,347.0
2016-02-15,276.0,260.0,79.0,148.0,221.75,315.0,344.0
2016-02-16,309.0,292.0,57.0,96.0,188.0,361.0,328.0
2016-02-17,302.0,275.0,72.0,100.0,167.0,311.75,358.0
2016-02-18,314.0,309.0,75.0,114.0,123.0,262.5,320.0
2016-02-19,368.0,339.0,96.0,128.0,173.0,213.25,252.0
2016-02-20,360.0,331.0,67.0,142.0,159.0,164.0,300.0
2016-02-21,350.0,152.0,98.0,139.0,142.0,206.0,240.0
2016-02-22,182.0,139.0,90.0,230.0,166.0,133.0,176.0
2016-02-23,231.33333333333331,188.0,100.0,325.0,130.0,162.0,218.0
2016-02-24,280.6666666666667,320.0,133.0,370.0,108.0,302.0,304.0
2016-02-25,330.0,317.0,149.0,318.0,120.0,323.0,322.0
2016-02-26,338.0,258.0,74.0,226.0,83.0,329.0,324.0
2016-02-27,357.0,350.0,56.0,125.0,112.0,338.0,332.0
2016-02-28,376.0,318.0,45.0,101.0,75.0,326.0,319.0
2016-02-29,395.0,333.5,79.0,105.0,178.0,351.0,347.0
2016-03-01,414.0,349.0,93.0,115.0,261.0,326.0,358.0
2016-03-02,405.5,362.0,147.0,123.0,250.0,314.0,346.0
2016-03-03,397.0,343.0,67.0,166.0,75.0,347.0,334.0
2016-03-04,358.0,303.0,75.0,203.0,78.0,339.0,322.0
2016-03-05,339.6666666666667,191.0,153.0,185.0,97.0,337.0,336.0
2016-03-06,321.33333333333337,138.0,124.0,164.0,88.0,367.0,242.0
2016-03-07,303.0,133.0,70.0,151.0,94.0,339.0,129.0
2016-03-08,237.0,214.0,133.0,154.0,87.0,271.0,172.0
2016-03-09,199.0,215.0,84.0,167.0,94.0,259.0,199.0
2016-03-10,330.0,292.0,115.0,195.0,220.0,260.0,181.0
2016-03-11,,318.0,179.0,159.0,126.0,248.0,170.0
2016-03-12,,290.5,109.0,164.0,73.0,273.0,179.0
2016-03-13,,263.0,123.0,205.0,70.0,146.0,135.0
2016-03-14,,235.5,164.0,210.0,89.0,95.0,106.0
2016-03-15,,208.0,212.0,221.0,229.0,182.0,164.0
2016-03-16,,225.0,159.5,174.0,257.0,114.0,153.0
2016-03-17,219.0,130.0,107.0,188.0,260.0,140.0,247.0
2016-03-18,201.0,151.0,132.0,180.0,341.0,140.0,117.0
2016-03-19,197.0,281.0,75.0,230.0,303.0,325.0,133.0
2016-03-20,193.0,277.0,24.0,340.0,318.0,220.0,136.0
2016-03-21,189.0,180.0,68.5,382.0,370.0,218.0,171.0
2016-03-22,203.0,121.0,113.0,326.0,188.0,195.0,151.0
2016-03-23,266.0,127.0,107.0,,75.0,243.0,159.0
2016-03-24,,337.0,76.0,,84.0,283.0,181.0
2016-03-25,,317.0,100.0,,79.0,243.0,197.0
2016-03-26,,251.0,149.0,,74.0,198.0,190.0
2016-03-27,,107.0,150.0,174.0,67.0,267.0,108.0
2016-03-28,,141.0,91.0,121.0,73.0,172.0,101.0
2016-03-29,219.0,174.0,75.0,121.0,81.0,166.0,131.0
2016-03-30,,225.0,71.0,99.0,72.0,200.0,173.0
2016-03-31,,310.0,73.0,105.0,76.0,154.0,188.0
2016-04-01,,,80.0,103.0,110.0,204.0,167.0
2016-04-02,,,90.0,104.0,370.0,165.0,189.0
2016-04-03,,,86.0,105.0,127.0,165.0,176.0
2016-04-04,376.0,,83.0,99.0,131.0,205.0,163.0
2016-04-05,352.6666666666667,,83.0,105.0,134.0,325.0,181.0
2016-04-06,329.33333333333337,152.0,97.0,109.0,153.0,258.0,237.0
2016-04-07,306.0,286.0,171.0,82.0,144.0,225.0,211.0
2016-04-08,241.0,173.0,95.0,70.0,107.0,242.0,139.0
2016-04-09,361.0,284.0,111.0,57.0,77.0,196.0,247.0
2016-04-10,372.0,193.0,123.0,62.0,118.0,253.0,295.0
2016-04-11,316.0,214.0,225.0,68.0,124.0,199.0,310.0
2016-04-12,222.0,188.0,69.0,74.0,92.0,300.0,344.0
2016-04-13,260.0,226.0,96.0,,82.0,246.0,271.0
2016-04-14,285.0,321.0,110.0,,85.0,300.0,305.0
2016-04-15,365.0,312.0,124.0,,83.0,243.0,270.0
2016-04-16,380.0,310.0,98.0,,89.0,293.0,301.0
2016-04-17,339.0,278.5,124.0,75.0,90.0,317.0,325.0
2016-04-18,298.0,247.0,218.0,76.0,73.0,293.0,324.0
2016-04-19,320.0,317.0,216.0,71.0,123.0,279.0,307.0
2016-04-20,405.0,317.0,226.0,68.0,121.0,199.0,279.0
2016-04-21,346.0,311.0,127.0,67.0,89.0,156.0,194.0
2016-04-22,376.0,336.0,94.0,61.0,83.0,204.0,245.0
2016-04-23,397.25,287.0,96.0,93.0,75.0,344.0,173.0
2016-04-24,418.5,337.0,309.0,77.0,89.0,246.0,192.0
2016-04-25,439.75,312.0,95.0,80.0,94.0,167.0,138.0
2016-04-26,461.0,325.0,103.0,71.0,78.0,274.0,205.0
2016-04-27,704.0,356.0,217.0,69.0,80.0,185.0,256.0
2016-04-28,546.0,477.0,104.0,67.0,74.0,262.0,160.0
2016-04-29,667.0,397.0,129.0,78.0,65.0,245.0,219.0
2016-04-30,660.0,396.0,122.0,78.0,74.0,208.0,305.0
2016-05-01,605.75,385.75,134.0,70.0,94.0,214.0,308.0
2016-05-02,551.5,375.5,162.0,68.0,89.0,200.0,248.0
2016-05-03,497.25,365.25,94.0,81.0,64.0,220.0,244.0
2016-05-04,443.0,355.0,175.0,73.0,75.0,171.0,221.0
2016-05-05,341.0,246.0,103.0,63.0,73.0,164.0,186.0
2016-05-06,255.0,126.0,99.0,69.0,81.0,133.0,153.0
2016-05-07,353.0,161.0,108.0,63.0,97.0,180.0,142.0
2016-05-08,339.0,239.0,85.0,65.0,75.0,236.0,153.0
2016-05-09,249.0,219.0,117.0,64.0,77.0,170.0,
2016-05-10,261.0,201.0,89.0,62.0,96.0,,
2016-05-11,222.0,136.0,126.0,75.0,91.0,,
2016-05-12,259.0,148.0,122.0,87.0,105.0,,
2016-05-13,572.0,200.0,142.0,70.0,140.0,,
2016-05-14,486.0,201.0,98.0,88.0,179.0,,
2016-05-15,439.0,311.0,65.0,80.0,254.0,,
2016-05-16,557.0,303.0,52.0,72.0,146.0,,
2016-05-17,513.0,278.0,101.0,78.0,140.0,,
2016-05-18,509.0,307.0,42.0,60.0,97.0,,
2016-05-19,407.0,345.0,32.0,61.0,90.0,,
2016-05-20,262.0,276.0,53.0,62.0,78.0,,
2016-05-21,313.0,241.0,41.0,,84.0,,
2016-05-22,,214.0,214.0,,100.0,,
2016-05-23,,272.0,207.0,,106.0,,
2016-05-24,,136.0,65.0,,98.0,,
2016-05-25,,243.0,,,117.0,,
2016-05-26,,305.0,,,105.0,,
2016-05-27,,557.0,,,107.0,152.0,329.0
2016-05-28,,468.0,,,137.0,260.0,124.0
2016-05-29,,389.0,,,130.0,369.0,127.0
2016-05-30,,147.0,,,83.0,100.0,115.0
2016-05-31,306.0,154.0,,81.0,148.0,203.0,210.0
2016-06-01,543.0,150.0,,65.0,145.0,168.0,239.0
2016-06-02,711.0,200.0,,65.0,136.0,,330.0
2016-06-03,652.0,284.0,,,98.0,,442.0
2016-06-04,545.0,308.0,,,,,274.0
2016-06-05,341.0,247.0,,,,,106.0
2016-06-06,288.0,199.0,,,,,106.0
2016-06-07,280.0,244.0,,,,,124.0
2016-06-08,213.0,234.0,,,,,115.75
2016-06-09,198.0,184.0,,,,,107.5
2016-06-10,318.0,232.0,,,,116.0,99.25
2016-06-11,440.0,235.0,,,,130.0,91.0
2016-06-12,629.0,153.0,,,,280.0,90.0
2016-06-13,697.0,288.0,,,,210.0,92.0
2016-06-14,420.0,233.0,,,,196.0,84.0
2016-06-15,551.0,282.0,,,89.0,144.0,85.0
2016-06-16,303.0,235.0,,,73.0,122.0,86.0
2016-06-17,123.0,118.0,,,88.0,174.0,171.0
2016-06-18,204.0,175.0,453.0,69.0,95.0,149.0,93.0
2016-06-19,156.0,128.0,442.0,62.0,98.0,540.0,77.0
2016-06-20,130.0,106.0,299.0,50.0,90.0,301.0,105.0
2016-06-21,105.0,88.0,317.6666666666667,49.0,81.0,284.0,78.0
2016-06-22,108.0,108.0,336.33333333333337,50.0,81.0,141.0,77.5
2016-06-23,170.0,128.0,355.0,59.0,74.0,33.0,77.0
2016-06-24,229.0,227.0,461.0,52.0,81.0,40.0,98.0
2016-06-25,384.0,282.0,36.0,33.0,86.0,43.0,
2016-06-26,138.0,173.0,172.0,33.0,91.0,53.66666666666666,
2016-06-27,134.0,138.5,308.0,33.0,96.0,64.33333333333333,
2016-06-28,160.0,104.0,444.0,56.0,101.0,75.0,
2016-06-29,127.0,97.0,368.0,235.0,113.0,47.0,
2016-06-30,129.0,102.0,412.0,26.0,58.0,59.0,
2016-07-01,156.0,89.0,464.0,45.0,293.0,55.0,329.0
2016-07-02,171.0,84.0,441.0,56.0,64.0,53.0,145.0
2016-07-03,179.0,90.0,458.0,47.333333333333336,59.0,75.0,169.0
2016-07-04,159.0,98.0,433.0,38.66666666666667,62.0,70.0,193.0
2016-07-05,239.0,113.0,,30.0,93.0,63.66666666666666,172.0
2016-07-06,244.0,138.0,,34.0,197.0,57.33333333333333,151.0
2016-07-07,135.0,110.0,,146.0,92.0,51.0,195.0
2016-07-08,129.0,113.0,,,354.0,56.0,216.0
2016-07-09,108.0,118.0,,,173.0,61.0,260.0
2016-07-10,152.0,80.0,,,79.0,60.0,206.0
2016-07-11,119.0,90.0,,,75.0,43.0,265.0
2016-07-12,106.0,85.0,,,72.0,,177.0
2016-07-13,156.0,169.0,,,69.0,,186.0
2016-07-14,166.33333333333334,133.0,,,83.0,,175.0
2016-07-15,176.66666666666669,97.0,,,80.5,,164.0
2016-07-16,187.0,84.0,,,78.0,,157.0
2016-07-17,60.0,61.0,,,82.0,42.0,171.0
2016-07-18,157.0,89.0,,,76.0,41.0,93.0
2016-07-19,216.0,99.0,,430.0,103.0,34.0,86.0
2016-07-20,587.0,135.0,,,93.75,55.0,89.0
2016-07-21,643.0,145.0,,,84.5,52.0,74.0
2016-07-22,485.0,208.0,,,75.25,77.5,59.0
2016-07-23,168.0,127.0,,,66.0,103.0,44.0
2016-07-24,196.0,141.0,,,59.0,82.0,66.0
2016-07-25,224.0,155.0,,,66.0,61.0,88.0
2016-07-26,187.0,133.0,,,73.0,56.0,81.66666666666667
2016-07-27,96.0,94.0,,36.0,80.0,49.0,75.33333333333334
2016-07-28,113.0,104.0,,36.0,87.0,42.0,69.0
2016-07-29,178.0,113.0,,32.0,78.0,46.0,
2016-07-30,138.0,113.0,,34.5,80.0,64.0,
2016-07-31,124.0,116.0,,37.0,90.0,39.0,
2016-08-01,95.0,85.0,,44.0,90.5,42.0,
2016-08-02,109.0,89.0,,33.0,91.0,45.0,393.0
2016-08-03,99.0,97.0,,32.0,92.0,42.0,216.0
2016-08-04,136.0,101.0,,33.0,81.0,46.0,59.0
2016-08-05,107.0,83.0,,,96.0,46.0,87.0
2016-08-06,112.0,87.0,,,101.0,74.0,72.0
2016-08-07,123.0,91.0,,,99.0,,
2016-08-08,122.0,71.0,,,104.0,,
2016-08-09,116.0,80.0,,,151.0,,
2016-08-10,93.0,86.0,,,105.0,,
2016-08-11,103.0,84.0,,,94.0,,
2016-08-12,113.0,92.0,,46.0,110.0,71.0,68.0
2016-08-13,188.0,103.0,,37.0,88.0,143.0,166.0
2016-08-14,203.0,96.0,,38.0,73.0,65.0,153.0
2016-08-15,222.0,105.0,,31.0,60.0,117.0,135.0
2016-08-16,559.0,104.0,,77.0,95.0,176.0,284.0
2016-08-17,648.0,120.0,,239.0,85.0,125.0,98.0
2016-08-18,350.0,130.0,,59.0,123.0,77.0,67.0
2016-08-19,240.0,108.0,,65.0,124.0,61.0,44.0
2016-08-20,177.0,120.0,,63.0,101.0,46.0,49.0
2016-08-21,119.0,92.0,,70.0,97.5,45.0,197.0
2016-08-22,124.0,72.0,,50.0,94.0,78.0,61.0
2016-08-23,140.0,76.0,,63.0,90.0,58.0,47.0
2016-08-24,139.0,84.0,,58.0,118.0,43.0,55.0
2016-08-25,190.0,82.0,,62.0,86.0,74.0,77.0
2016-08-26,241.0,131.0,,49.333333333333336,93.0,67.0,91.0
2016-08-27,204.0,98.0,,36.66666666666667,88.0,94.0,98.0
2016-08-28,238.5,92.5,,24.0,75.0,89.0,81.0
2016-08-29,273.0,87.0,,14.0,71.0,118.0,102.0
2016-08-30,154.0,88.0,,56.0,98.0,101.0,92.0
2016-08-31,129.0,86.0,,49.0,94.0,74.0,60.0
2016-09-01,127.0,88.0,,58.0,85.0,87.0,97.0
2016-09-02,212.0,88.0,,67.0,105.0,66.0,85.0
2016-09-03,292.0,105.0,,42.0,100.0,103.0,82.0
2016-09-04,582.0,111.0,,63.0,95.0,101.0,85.0
2016-09-05,585.0,116.0,,55.5,78.0,84.0,85.0
2016-09-06,564.0,117.0,,48.0,113.5,92.0,83.0
2016-09-07,530.0,128.0,,56.0,149.0,72.0,80.0
2016-09-08,521.0,138.0,,52.0,103.0,101.0,172.0
2016-09-09,538.0,138.0,,52.333333333333336,122.0,133.0,124.0
2016-09-10,462.0,120.0,,52.66666666666667,104.0,111.0,108.0
2016-09-11,347.0,109.0,,53.0,103.0,107.0,122.0
2016-09-12,321.0,119.0,,40.0,99.0,159.0,88.0
2016-09-13,374.0,123.0,,35.0,97.0,106.0,100.0
2016-09-14,184.0,105.0,,30.0,77.0,116.0,66.0
2016-09-15,259.0,168.0,,40.66666666666666,63.0,163.0,88.0
2016-09-16,339.0,140.0,,51.33333333333333,59.0,175.0,94.0
2016-09-17,342.0,152.0,,62.0,83.0,204.0,78.0
2016-09-18,352.0,225.0,75.0,49.0,72.0,170.75,62.0
2016-09-19,203.0,173.0,53.0,,64.0,137.5,89.0
2016-09-20,184.0,225.0,65.0,,,104.25,284.0
2016-09-21,165.0,237.0,77.0,,,71.0,214.0
2016-09-22,146.0,112.0,89.0,,,42.0,46.0
2016-09-23,127.0,93.0,55.0,,,140.0,106.0
2016-09-24,181.0,131.0,115.0,106.0,,105.0,42.0
2016-09-25,154.0,133.0,47.0,103.0,54.0,271.0,38.0
2016-09-26,274.0,165.0,65.0,147.33333333333334,94.0,58.0,39.0
2016-09-27,203.0,146.0,59.0,191.66666666666669,66.0,97.0,73.0
2016-09-28,160.0,90.0,72.0,236.0,70.0,110.0,82.0
2016-09-29,290.0,265.0,77.0,162.0,77.0,97.0,54.0
2016-09-30,240.0,168.0,36.0,155.0,70.0,79.0,68.0
2016-10-01,362.0,259.0,,149.0,94.0,87.0,92.0
2016-10-02,246.0,211.0,,,136.0,98.0,123.0
2016-10-03,342.0,219.0,,,104.5,91.0,117.0
2016-10-04,424.0,294.0,,,73.0,90.0,98.0
2016-10-05,278.0,168.0,,,78.0,104.0,150.0
2016-10-06,322.0,216.0,,,85.0,88.0,106.0
2016-10-07,360.0,262.0,,70.0,118.0,92.0,99.0
2016-10-08,622.0,298.0,,67.0,73.0,166.0,190.0
2016-10-09,636.0,298.0,126.0,40.0,66.0,94.0,103.0
2016-10-10,544.0,301.0,184.0,34.0,79.0,141.0,117.0
2016-10-11,628.0,279.0,114.0,34.0,66.0,212.0,285.0
2016-10-12,602.0,305.0,37.0,98.0,75.0,293.0,309.0
2016-10-13,614.0,227.0,206.0,97.0,131.0,230.0,300.0
2016-10-14,605.0,217.0,77.0,60.0,180.0,231.0,257.0
2016-10-15,595.0,274.0,62.0,51.0,124.0,306.0,317.0
2016-10-16,667.0,307.0,73.0,117.5,125.0,337.0,329.0
2016-10-17,647.0,309.0,48.0,184.0,197.0,367.0,331.0
2016-10-18,665.0,323.0,59.5,183.0,167.0,335.0,316.0
2016-10-19,648.0,320.0,71.0,132.0,187.0,327.0,318.0
2016-10-20,627.0,313.0,75.0,144.0,130.0,309.0,310.0
2016-10-21,756.0,278.0,101.0,156.0,170.0,302.0,331.0
2016-10-22,640.0,304.0,72.0,238.0,183.0,187.0,257.0
2016-10-23,712.0,319.0,74.5,210.0,208.0,160.0,234.0
2016-10-24,706.0,327.0,77.0,148.0,200.0,287.0,325.0
2016-10-25,579.0,310.0,75.0,230.0,187.0,267.0,317.0
2016-10-26,590.0,318.0,71.0,256.0,202.0,290.0,315.0
2016-10-27,792.0,473.0,72.0,192.0,215.0,305.0,320.0
2016-10-28,774.0,506.0,69.0,154.0,370.0,292.0,325.0
2016-10-29,652.0,563.0,76.0,170.0,298.0,311.0,371.0
2016-10-30,527.0,499.0,83.0,291.0,168.0,334.0,380.0
2016-10-31,542.0,511.0,49.0,126.0,130.0,470.0,548.0
2016-11-01,565.0,579.0,33.0,69.0,87.0,422.0,473.0
2016-11-02,557.0,638.0,42.0,72.0,80.0,205.0,387.0
2016-11-03,564.0,678.0,47.0,87.0,75.0,247.0,352.0
2016-11-04,507.0,485.0,61.0,102.0,87.0,250.0,352.0
2016-11-05,662.0,715.0,79.0,141.0,110.0,224.0,336.0
2016-11-06,840.0,751.0,75.0,101.0,177.0,385.0,516.0
2016-11-07,791.0,688.0,68.0,87.0,133.0,517.0,535.0
2016-11-08,634.0,578.0,72.0,101.0,166.0,593.0,616.0
2016-11-09,533.0,465.0,72.0,100.0,160.0,534.0,571.0
2016-11-10,635.0,468.0,125.0,95.0,165.0,181.0,539.0
2016-11-11,672.0,568.0,139.0,108.0,148.0,352.0,548.0
2016-11-12,622.0,512.0,122.0,123.0,164.0,247.0,533.0
2016-11-13,614.0,403.0,92.0,100.0,117.0,180.0,442.0
2016-11-14,622.0,350.0,42.0,82.0,57.0,212.0,333.0
2016-11-15,422.0,421.0,38.0,114.0,49.0,125.0,348.0
2016-11-16,475.0,431.0,59.0,146.0,81.0,260.0,364.0
2016-11-17,574.0,409.0,255.0,196.0,113.0,314.0,346.0
2016-11-18,731.0,401.0,81.0,142.0,109.0,368.0,394.0
2016-11-19,678.0,440.0,85.0,88.0,135.0,422.0,425.0
2016-11-20,494.0,452.0,95.0,92.33333333333331,113.0,504.0,471.0
2016-11-21,490.0,423.0,120.0,96.66666666666666,110.0,420.0,412.0
2016-11-22,426.0,383.0,234.5,101.0,132.0,358.0,380.0
2016-11-23,687.0,320.0,349.0,305.0,200.0,315.0,338.0
2016-11-24,463.0,444.0,179.0,113.0,199.0,336.5,343.0
2016-11-25,499.0,359.0,140.0,123.0,224.0,358.0,359.0
2016-11-26,499.0,323.0,86.0,110.0,195.0,343.0,331.0
2016-11-27,557.0,270.0,96.0,87.0,216.0,404.0,360.0
2016-11-28,453.0,201.0,102.0,73.0,216.0,373.0,339.0
2016-11-29,449.0,358.0,103.0,90.0,210.0,412.0,391.0
2016-11-30,560.0,459.0,236.0,88.0,200.0,441.0,401.0
2016-12-01,551.0,362.0,106.0,96.0,188.0,380.0,360.0
2016-12-02,676.0,428.0,111.0,100.0,97.0,412.0,380.0
2016-12-03,600.0,361.0,64.0,237.0,69.0,362.0,347.0
2016-12-04,478.0,357.0,65.0,374.0,81.0,348.0,346.0
2016-12-05,506.0,375.0,59.0,353.0,68.0,337.0,340.0
2016-12-06,547.0,378.0,75.0,338.0,101.0,377.0,340.0
2016-12-07,631.0,440.0,71.0,83.0,78.0,372.0,348.0
2016-12-08,502.0,387.0,61.0,73.0,94.0,311.0,308.0
2016-12-09,605.0,405.0,52.0,205.0,134.0,331.0,248.0
2016-12-10,492.0,397.0,69.0,98.0,182.0,459.0,387.0
2016-12-11,394.0,341.0,54.0,461.0,175.0,465.0,398.0
2016-12-12,552.0,370.0,54.0,186.0,107.0,407.0,375.0
2016-12-13,582.0,379.0,53.0,342.0,86.0,428.0,362.0
2016-12-14,503.0,361.0,52.0,145.0,,440.0,419.0
2016-12-15,466.0,328.0,58.0,107.0,,358.0,371.0
2016-12-16,559.0,360.0,56.0,219.0,,326.0,391.0
2016-12-17,631.0,416.0,52.0,131.0,,392.0,423.0
2016-12-18,531.0,396.0,59.0,82.0,,412.0,451.0
2016-12-19,612.0,419.0,58.0,110.0,,378.0,409.0
2016-12-20,466.0,353.0,51.0,115.0,,357.0,382.0
2016-12-21,344.0,314.0,54.0,101.5,,343.0,372.0
2016-12-22,478.0,320.0,66.0,88.0,,393.0,436.0
2016-12-23,640.0,484.0,82.0,101.0,,443.0,505.0
2016-12-24,669.0,637.0,60.0,101.0,,391.0,436.0
2016-12-25,472.0,383.0,196.0,96.0,,441.0,420.0
2016-12-26,379.0,257.0,82.0,102.0,,444.0,404.0
2016-12-27,393.0,216.0,73.0,85.0,,395.0,388.0
2016-12-28,648.0,354.0,85.0,82.0,,395.0,455.0
2016-12-29,735.0,429.0,77.25,76.0,,367.0,412.0
2016-12-30,438.0,300.0,69.5,80.0,,353.0,388.0
2016-12-31,392.0,248.0,61.75,90.0,174.0,,342.0
2017-01-01,364.0,256.0,54.0,84.75,118.0,,350.0
2017-01-02,470.0,312.0,67.0,79.5,64.0,,324.0
2017-01-03,476.0,249.0,68.0,74.25,74.0,,360.0
2017-01-04,580.0,346.0,87.0,69.0,68.0,252.0,333.0
2017-01-05,385.0,226.0,70.0,75.0,104.0,317.0,397.0
2017-01-06,452.0,369.0,73.0,79.0,171.0,334.0,390.0
2017-01-07,332.0,340.0,105.0,88.0,135.0,341.5,346.0
2017-01-08,312.0,229.0,67.0,92.0,110.0,349.0,379.0
2017-01-09,342.0,243.0,80.0,67.0,105.0,349.0,371.0
2017-01-10,377.0,326.0,184.0,82.0,332.0,315.0,318.0
2017-01-11,484.0,324.0,190.0,84.0,244.0,255.0,247.0
2017-01-12,637.0,394.0,91.0,93.0,246.0,294.0,319.0
2017-01-13,624.0,351.0,70.0,83.5,360.0,348.0,353.0
2017-01-14,633.0,367.0,82.0,74.0,146.0,393.0,416.0
2017-01-15,554.0,361.5,79.0,64.0,103.0,376.0,439.0
2017-01-16,475.0,356.0,74.0,58.0,103.0,400.0,510.0
2017-01-17,319.0,323.0,43.0,68.0,137.0,401.0,437.0
2017-01-18,349.0,302.0,,61.0,142.0,362.0,384.0
2017-01-19,335.0,325.0,,54.0,76.0,368.0,420.0
2017-01-20,299.0,302.0,,62.0,107.0,341.0,383.0
2017-01-21,279.0,203.0,,67.0,86.0,254.0,310.0
2017-01-22,359.0,260.3333333333333,,71.33333333333333,78.0,331.0,372.0
2017-01-23,439.0,317.66666666666663,,75.66666666666666,117.0,340.0,384.0
2017-01-24,519.0,375.0,,80.0,125.0,319.0,328.0
2017-01-25,575.0,439.0,357.0,78.0,111.0,359.0,376.0
2017-01-26,355.0,363.0,366.0,71.0,104.0,350.0,396.0
2017-01-27,193.0,185.0,374.0,53.0,68.0,241.0,320.0
2017-01-28,232.0,267.0,368.0,58.0,44.0,94.0,182.0
2017-01-29,277.0,161.0,356.0,64.0,51.0,101.0,250.0
2017-01-30,341.0,226.0,375.0,70.0,58.0,108.0,298.0
2017-01-31,430.0,291.0,304.0,76.0,70.0,310.0,347.0
2017-02-01,322.0,302.0,74.0,87.0,130.0,334.0,356.0
2017-02-02,533.0,373.0,34.0,98.0,89.0,418.0,367.0
2017-02-03,708.0,394.0,477.0,86.0,81.0,346.0,365.0
2017-02-04,577.0,398.0,476.0,71.0,105.0,328.0,347.0
2017-02-05,339.0,348.0,468.0,70.0,149.0,349.0,178.0
2017-02-06,459.0,371.0,480.0,65.0,148.0,333.0,143.0
2017-02-07,354.0,245.0,471.0,78.0,166.0,262.0,225.0
2017-02-08,428.0,279.0,399.0,103.0,183.0,178.0,266.0
2017-02-09,478.0,322.0,63.0,74.0,183.0,280.0,307.0
2017-02-10,380.0,265.0,48.0,80.0,217.0,249.0,278.0
2017-02-11,419.0,223.0,156.0,72.0,186.0,285.0,315.0
2017-02-12,452.0,202.0,96.0,62.0,126.0,337.0,378.0
2017-02-13,297.0,244.0,,48.0,89.0,341.0,361.0
2017-02-14,355.0,309.0,,54.0,80.0,316.0,338.0
2017-02-15,541.0,264.0,,61.0,95.0,315.0,327.0
2017-02-16,380.0,307.0,,62.0,125.0,333.0,349.0
2017-02-17,362.0,282.0,,70.0,141.0,373.0,384.0
2017-02-18,400.0,248.0,,81.0,151.0,388.0,
2017-02-19,401.0,246.0,,76.0,142.0,371.0,
2017-02-20,474.0,304.0,,74.0,116.0,309.0,
2017-02-21,452.0,301.0,,93.0,88.0,356.0,
2017-02-22,331.0,273.0,,84.0,92.0,288.0,232.0
2017-02-23,251.0,227.0,110.0,83.0,76.0,261.0,184.0
2017-02-24,259.5,220.75,64.0,84.0,80.0,257.0,175.0
2017-02-25,268.0,214.5,60.0,72.0,69.0,225.0,182.0
2017-02-26,276.5,208.25,61.0,70.0,65.0,217.0,231.0
2017-02-27,285.0,202.0,53.0,67.0,90.0,197.0,217.0
2017-02-28,466.0,293.0,51.0,71.0,108.0,248.0,274.0
2017-03-01,512.0,395.0,57.0,65.0,157.0,362.0,315.0
2017-03-02,330.0,291.0,53.0,76.0,152.0,334.0,349.0
2017-03-03,249.0,207.0,135.0,73.0,123.0,241.0,194.0
2017-03-04,210.0,194.0,30.0,62.0,93.0,219.0,209.0
2017-03-05,231.0,219.0,39.0,63.0,52.0,206.0,175.0
2017-03-06,257.0,198.0,32.0,53.0,59.0,212.0,181.0
2017-03-07,334.0,227.0,36.0,64.0,65.0,208.0,215.0
2017-03-08,324.0,234.0,32.0,59.0,78.0,307.0,335.0
2017-03-09,235.0,166.0,47.0,67.0,93.0,319.0,323.0
2017-03-10,229.0,133.0,45.0,72.0,148.0,198.0,206.0
2017-03-11,223.0,113.0,49.0,64.0,348.0,89.0,104.0
2017-03-12,217.0,137.0,64.0,58.0,63.0,83.0,109.0
2017-03-13,214.0,147.0,42.0,68.0,52.0,144.0,119.66666666666669
2017-03-14,389.0,151.0,24.0,104.0,43.0,148.0,130.33333333333334
2017-03-15,710.0,206.0,17.0,49.0,80.0,134.0,141.0
2017-03-16,622.0,254.0,42.0,51.0,350.0,153.0,193.0
2017-03-17,496.0,235.0,94.0,71.0,197.0,236.0,289.0
2017-03-18,364.0,194.0,104.0,79.0,87.0,262.0,192.0
2017-03-19,583.0,234.0,113.0,76.0,110.0,225.0,226.0
2017-03-20,583.0,262.0,97.0,76.0,109.0,272.0,298.0
2017-03-21,642.0,282.0,67.0,88.0,59.0,213.0,251.0
2017-03-22,628.0,300.0,61.0,85.0,57.0,285.0,322.0
2017-03-23,556.0,,75.0,100.0,65.0,312.0,337.0
2017-03-24,412.0,,75.0,239.0,80.0,337.0,361.0
2017-03-25,329.0,,92.0,111.0,137.0,326.0,333.0
2017-03-26,313.0,,78.0,92.0,158.0,241.0,218.0
2017-03-27,271.0,,89.0,91.0,131.0,266.0,241.0
2017-03-28,296.0,,81.0,92.0,86.0,337.0,333.0
2017-03-29,423.0,,83.0,145.0,61.0,333.0,337.0
2017-03-30,319.0,,83.0,98.0,80.0,350.0,299.0
2017-03-31,317.0,,87.0,137.0,57.0,306.0,293.0
2017-04-01,454.0,,109.0,154.0,60.0,317.0,318.0
2017-04-02,324.0,,104.0,131.0,65.0,267.0,213.0
2017-04-03,286.0,,132.0,115.5,71.0,256.0,169.0
2017-04-04,319.0,,151.0,100.0,75.0,295.0,209.0
2017-04-05,287.0,,111.0,79.0,67.0,218.0,174.0
2017-04-06,218.0,,154.0,66.0,80.0,197.0,151.0
2017-04-07,556.0,,134.0,62.0,65.0,202.0,228.0
2017-04-08,682.0,,84.0,68.0,80.0,250.0,210.0
2017-04-09,380.0,,67.0,63.0,89.0,324.0,272.0
2017-04-10,254.0,,123.0,74.0,67.0,217.0,188.0
2017-04-11,335.0,,102.0,89.0,117.0,226.0,191.0
2017-04-12,384.0,281.0,56.0,99.5,107.0,160.0,185.0
2017-04-13,526.0,323.0,70.0,110.0,83.0,306.0,243.0
2017-04-14,622.0,335.0,84.0,118.0,76.0,279.0,301.0
2017-04-15,398.0,358.0,,111.0,87.0,194.0,
2017-04-16,622.0,345.0,,100.33333333333331,106.0,180.0,
2017-04-17,494.0,336.0,,89.66666666666666,111.0,198.0,
2017-04-18,540.0,361.0,,79.0,192.0,254.0,
2017-04-19,663.0,329.0,151.0,77.0,125.0,318.0,316.0
2017-04-20,653.0,316.0,90.0,76.0,184.0,318.0,325.0
2017-04-21,468.0,362.0,78.0,65.0,152.0,229.0,249.0
2017-04-22,516.0,390.0,54.0,51.0,184.0,253.0,218.0
2017-04-23,479.0,325.0,35.0,52.0,210.0,285.0,268.0
2017-04-24,442.0,260.0,56.0,61.0,125.0,302.0,272.0
2017-04-25,393.0,237.0,57.0,75.0,96.0,342.0,201.0
2017-04-26,375.0,214.0,92.0,64.0,93.0,334.0,310.0
2017-04-27,391.0,143.0,68.0,97.0,97.0,292.0,310.0
2017-04-28,415.0,183.0,93.0,186.0,104.0,303.0,217.0
2017-04-29,418.0,165.0,72.0,323.0,99.0,296.0,257.0
2017-04-30,397.0,245.0,37.0,235.0,101.0,,302.0
2017-05-01,221.0,173.0,59.0,147.0,76.0,,226.0
2017-05-02,474.0,266.0,43.0,59.0,64.0,,234.0
2017-05-03,574.0,322.0,30.0,56.0,58.0,,309.0
2017-05-04,462.0,287.0,37.0,99.0,62.0,,312.0
2017-05-05,533.0,382.0,44.0,85.0,76.0,,302.0
2017-05-06,525.0,345.0,46.0,109.5,67.0,,346.0
2017-05-07,607.0,330.0,48.0,134.0,74.0,,422.0
2017-05-08,554.0,330.0,103.0,77.0,72.0,,350.0
2017-05-09,515.0,326.0,70.0,82.0,79.0,201.0,310.0
2017-05-10,286.0,211.0,41.0,84.0,105.0,114.0,161.0
2017-05-11,303.0,197.0,53.0,86.0,79.0,102.0,133.0
2017-05-12,538.0,410.0,208.0,88.0,67.0,186.66666666666669,205.0
2017-05-13,640.0,376.0,363.0,97.0,70.0,271.33333333333337,227.0
2017-05-14,438.0,307.0,120.0,116.0,94.0,356.0,184.0
2017-05-15,488.0,276.0,48.0,84.0,165.0,319.0,250.0
2017-05-16,469.0,296.0,58.0,52.0,194.0,312.0,316.0
2017-05-17,318.0,210.0,67.0,81.0,139.0,248.0,355.0
2017-05-18,171.0,188.0,43.0,110.0,262.0,146.0,336.0
2017-05-19,371.0,234.0,32.0,97.0,276.0,261.0,317.0
2017-05-20,449.0,220.0,30.0,68.0,165.0,274.5,326.0
2017-05-21,663.0,347.0,39.0,68.0,159.0,288.0,325.3333333333333
2017-05-22,392.0,305.0,22.0,69.66666666666667,113.0,317.0,324.66666666666663
2017-05-23,587.0,316.0,46.0,71.33333333333334,137.0,304.0,324.0
2017-05-24,506.6666666666667,272.0,54.0,73.0,191.0,296.0,328.0
2017-05-25,426.33333333333337,207.0,40.0,65.5,231.0,349.0,343.0
2017-05-26,346.0,279.0,35.0,58.0,167.0,341.0,337.0
2017-05-27,324.0,248.0,27.0,46.0,144.0,200.0,323.0
2017-05-28,219.0,148.0,24.0,44.0,123.0,81.0,256.0
2017-05-29,131.0,83.0,21.0,43.0,90.0,87.0,189.0
2017-05-30,173.0,126.0,22.0,54.0,90.0,74.0,204.25
2017-05-31,164.0,125.0,27.0,55.0,80.0,70.0,219.5
2017-06-01,258.0,176.0,25.0,47.0,91.0,101.0,234.75
2017-06-02,463.0,283.0,24.0,46.0,91.0,142.0,250.0
2017-06-03,559.0,311.0,22.0,44.0,102.0,179.0,288.0
2017-06-04,679.0,319.0,21.0,50.0,120.0,289.0,326.0
2017-06-05,526.0,271.0,27.0,51.0,92.0,324.0,317.0
2017-06-06,404.0,226.0,28.0,52.0,72.0,245.0,197.0
2017-06-07,368.0,187.0,26.0,50.0,95.0,72.0,75.0
2017-06-08,282.0,,28.0,48.0,80.0,94.0,117.0
2017-06-09,,,26.0,47.0,70.0,148.0,153.0
2017-06-10,,,32.0,48.0,77.0,251.0,255.0
2017-06-11,,,21.0,42.0,66.0,111.0,284.0
2017-06-12,,,23.0,34.0,73.0,150.0,313.0
2017-06-13,,,25.0,41.0,60.0,148.0,339.0
2017-06-14,,,30.0,47.0,81.0,,368.75
2017-06-15,,,73.0,50.0,69.0,,398.5
2017-06-16,,,23.0,69.0,82.0,,428.25
2017-06-17,,,25.0,62.0,84.0,,458.0
2017-06-18,,,20.0,53.0,74.0,,323.0
2017-06-19,,,15.0,45.0,71.0,,93.0
2017-06-20,,,14.0,51.0,76.0,392.0,111.0
2017-06-21,,,13.5,46.0,91.0,183.0,94.0
2017-06-22,,,13.0,49.0,77.0,111.0,77.0
2017-06-23,,,26.0,54.0,79.0,145.0,77.0
2017-06-24,,,,60.0,93.0,225.0,80.0
2017-06-25,,,,45.0,75.0,173.0,83.0
2017-06-26,,,,183.0,73.0,76.0,81.0
2017-06-27,,,,55.0,76.0,53.0,80.0
2017-06-28,,,,62.0,71.0,62.0,78.0
2017-06-29,,,,62.0,81.0,81.0,79.0
2017-06-30,,,,61.0,98.5,75.0,83.0
2017-07-01,,,,60.0,116.0,88.0,90.0
2017-07-02,,,,283.0,109.0,132.0,81.0
2017-07-03,,,,69.0,92.0,61.0,96.0
2017-07-04,,,,,74.0,45.0,77.0
2017-07-05,,,,,63.0,51.0,71.0
2017-07-06,,,,,77.0,54.0,53.0
2017-07-07,,,,,119.0,47.0,68.0
2017-07-08,,,,,94.0,64.0,75.0
2017-07-09,,,,,104.0,60.0,68.0
2017-07-10,,,,,76.0,90.0,75.0
2017-07-11,,,,54.0,92.0,50.0,65.0
2017-07-12,,,,45.0,85.0,38.0,48.0
2017-07-13,,,,52.0,96.0,57.0,52.0
2017-07-14,,,69.0,52.0,84.0,65.0,93.0
2017-07-15,,,77.0,61.0,86.0,80.0,113.0
2017-07-16,,,26.0,52.0,99.0,79.0,108.0
2017-07-17,,,59.0,46.0,80.0,67.0,86.0
2017-07-18,,,44.0,58.0,78.0,67.0,89.0
2017-07-19,,,53.0,47.0,73.0,78.0,87.0
2017-07-20,,,25.0,44.0,70.0,61.0,78.0
2017-07-21,,,66.0,170.0,117.0,59.0,107.0
2017-07-22,,,100.0,193.0,131.0,53.0,190.0
2017-07-23,,,35.0,168.0,77.0,68.0,90.0
2017-07-24,,,59.0,162.0,169.0,67.0,93.0
2017-07-25,,,47.0,281.0,203.0,56.0,80.0
2017-07-26,,,102.0,69.0,221.0,47.0,85.0
2017-07-27,,,84.0,63.0,164.0,190.0,108.0
2017-07-28,,,213.0,60.0,85.0,73.0,96.0
2017-07-29,,,96.0,160.0,74.0,67.0,102.0
2017-07-30,,,44.0,140.0,81.0,32.0,131.0
2017-07-31,,,64.0,109.0,73.0,45.0,84.0
2017-08-01,,,110.0,201.0,82.0,52.0,63.0
2017-08-02,,,230.0,65.0,144.0,73.0,78.0
2017-08-03,,,66.0,314.0,120.0,75.0,80.0
2017-08-04,,,43.0,46.0,84.0,126.0,124.0
2017-08-05,,,52.0,182.0,149.0,263.0,107.0
2017-08-06,,,20.0,278.0,202.0,254.0,93.0
2017-08-07,,,31.0,329.0,96.0,212.0,111.0
2017-08-08,,,90.0,190.0,96.0,27.0,133.0
2017-08-09,,,60.0,62.0,71.0,47.0,97.0
2017-08-10,,,18.0,49.0,48.0,59.0,234.0
2017-08-11,,,33.0,47.0,61.0,56.0,196.0
2017-08-12,,,35.0,54.25,82.0,72.0,96.0
2017-08-13,,,41.0,61.5,55.0,55.0,107.0
2017-08-14,,,49.0,68.75,80.0,62.0,287.0
2017-08-15,,,32.0,76.0,86.0,81.0,187.0
2017-08-16,,,36.66666666666666,31.0,101.0,100.0,91.0
2017-08-17,,,41.33333333333333,32.0,99.0,172.0,124.5
2017-08-18,,,46.0,46.0,76.0,121.0,158.0
2017-08-19,,,40.0,47.0,79.5,71.0,67.0
2017-08-20,,,18.0,49.0,83.0,72.0,110.0
2017-08-21,,,25.0,40.0,86.5,73.0,72.0
2017-08-22,,,42.0,50.0,90.0,74.0,76.0
2017-08-23,,,49.0,52.0,86.0,72.0,77.0
2017-08-24,,,46.0,61.0,91.0,52.0,94.0
2017-08-25,,,37.0,408.0,91.0,66.0,87.0
2017-08-26,,,142.0,59.0,81.0,42.0,84.0
2017-08-27,,,16.0,31.0,81.0,49.0,62.0
2017-08-28,,,23.0,30.0,109.0,49.0,51.0
2017-08-29,,,28.0,45.0,127.0,44.0,38.0
2017-08-30,,,31.0,44.0,92.0,62.0,48.0
2017-08-31,,,43.0,65.0,93.0,143.0,73.0
2017-09-01,,,160.0,343.0,84.0,84.0,56.0
2017-09-02,,,67.0,234.0,86.0,92.0,53.0
2017-09-03,,,78.0,402.0,93.0,69.0,60.0
2017-09-04,,,45.0,119.0,82.0,83.0,70.0
2017-09-05,,,65.0,60.0,136.0,68.0,80.0
2017-09-06,,,184.0,37.0,104.0,83.0,86.0
2017-09-07,,,28.0,59.0,78.0,73.0,81.0
2017-09-08,,,80.0,45.0,82.0,90.0,102.0
2017-09-09,,,125.0,143.0,84.0,93.0,97.0
2017-09-10,,,25.0,113.25,73.0,111.0,169.0
2017-09-11,,,26.0,83.5,64.0,166.0,176.0
2017-09-12,,,29.0,53.75,68.0,170.0,156.0
2017-09-13,,,35.0,24.0,79.0,170.0,136.0
2017-09-14,,,62.0,24.0,73.0,182.0,164.0
2017-09-15,,,37.0,28.0,77.0,119.0,114.0
2017-09-16,,,26.0,29.0,77.0,76.0,82.0
2017-09-17,,,8.0,21.0,77.0,72.0,81.0
2017-09-18,,,10.0,19.0,67.0,66.0,84.0
2017-09-19,,,29.0,21.0,68.0,188.0,93.0
2017-09-20,,,42.0,23.0,67.0,64.0,58.0
2017-09-21,,,42.0,23.0,71.0,58.0,75.0
2017-09-22,,,51.0,30.0,87.0,256.0,65.0
2017-09-23,,,84.0,47.0,98.0,64.0,52.0
2017-09-24,,,71.0,54.0,137.0,80.0,64.0
2017-09-25,,,39.0,40.0,156.0,70.0,82.0
2017-09-26,,,67.0,50.0,116.0,95.0,82.0
2017-09-27,,,40.0,45.5,104.0,160.0,153.0
2017-09-28,,,39.0,41.0,105.0,127.0,167.0
2017-09-29,,,38.0,46.0,83.0,75.0,142.0
2017-09-30,,,61.0,45.0,78.0,117.0,121.0
2017-10-01,,,66.0,58.0,66.0,124.0,125.0
2017-10-02,,,73.0,47.0,62.0,104.0,111.33333333333331
2017-10-03,,,58.0,40.0,58.0,86.0,97.66666666666666
2017-10-04,,,237.0,56.0,62.0,96.0,84.0
2017-10-05,,,232.0,51.0,104.0,92.0,88.0
2017-10-06,,,79.0,61.0,74.0,92.0,107.0
2017-10-07,,,55.0,63.0,56.0,102.0,133.0
2017-10-08,,,226.0,49.0,63.0,143.0,135.0
2017-10-09,,,166.5,103.0,68.0,109.0,107.0
2017-10-10,,,107.0,188.0,116.0,202.0,168.0
2017-10-11,,,73.0,75.0,132.0,196.0,181.0
2017-10-12,,,68.0,52.0,76.0,96.0,151.0
2017-10-13,,,51.0,54.0,83.0,151.0,300.0
2017-10-14,,,43.0,76.0,86.0,285.0,320.0
2017-10-15,,,35.0,104.0,84.0,296.0,308.0
2017-10-16,,,38.0,54.0,86.0,295.0,312.0
2017-10-17,,,40.0,62.0,90.0,322.0,315.0
2017-10-18,,,58.0,94.0,244.0,315.0,318.0
2017-10-19,,,62.0,85.0,380.0,269.0,321.0
2017-10-20,,,203.0,105.0,212.0,341.0,352.0
2017-10-21,,,87.0,121.0,92.0,163.0,275.0
2017-10-22,,,53.0,70.0,88.0,286.0,297.3333333333333
2017-10-23,,,60.0,63.0,140.0,358.0,319.66666666666663
2017-10-24,740.0,362.0,65.0,85.0,102.0,312.0,342.0
2017-10-25,534.0,402.0,38.0,104.0,80.0,322.0,349.0
2017-10-26,451.0,,25.0,86.0,85.0,335.0,341.0
2017-10-27,399.0,,30.0,60.0,86.0,332.0,338.0
2017-10-28,510.0,,46.0,70.0,92.0,332.0,344.0
2017-10-29,476.0,,57.0,127.0,146.0,323.0,344.0
2017-10-30,453.0,,57.0,147.0,115.0,304.0,341.0
2017-10-31,477.0,423.0,120.0,176.0,79.0,223.0,312.0
2017-11-01,493.0,369.0,53.0,219.0,86.0,238.0,321.0
2017-11-02,338.0,341.0,60.0,139.0,74.0,253.0,328.0
2017-11-03,355.0,352.0,74.0,278.0,82.0,332.0,345.0
2017-11-04,404.0,364.0,58.0,213.0,69.0,344.0,359.0
2017-11-05,553.0,395.0,28.0,85.0,69.0,385.0,354.0
2017-11-06,637.0,364.0,24.0,70.0,85.0,254.0,370.0
2017-11-07,562.0,575.0,88.0,67.0,95.0,299.0,382.0
2017-11-08,712.0,838.0,51.0,71.0,91.0,361.0,451.0
2017-11-09,648.0,743.0,57.0,75.0,93.0,415.0,536.0
2017-11-10,652.0,712.0,104.0,69.0,134.0,426.0,541.0
2017-11-11,564.0,578.0,48.0,99.0,157.0,401.0,497.0
2017-11-12,685.0,746.0,36.0,84.0,170.0,338.0,413.0
2017-11-13,660.0,691.0,59.0,66.0,120.0,371.0,506.0
2017-11-14,522.0,516.0,57.0,80.0,119.0,491.0,646.0
2017-11-15,420.0,417.0,60.0,73.0,78.0,382.0,478.0
2017-11-16,411.0,379.0,62.0,89.0,96.0,319.0,399.0
2017-11-17,374.0,348.0,64.0,105.0,168.0,310.0,388.0
2017-11-18,342.0,327.0,42.0,94.0,111.0,295.0,365.0
2017-11-19,318.0,315.0,30.0,104.0,56.0,313.0,392.0
2017-11-20,350.0,344.0,31.0,87.0,55.0,270.0,377.0
2017-11-21,365.0,367.0,20.0,85.0,53.0,265.0,353.0
2017-11-22,407.0,357.0,29.0,97.0,62.0,320.0,367.0
2017-11-23,382.0,363.0,45.0,158.0,127.0,322.0,359.0
2017-11-24,424.0,370.0,53.0,136.0,180.0,319.0,339.0
2017-11-25,414.0,376.0,55.0,,263.0,316.0,352.0
2017-11-26,430.0,396.0,48.0,,130.0,330.0,375.0
2017-11-27,631.0,441.0,39.0,,91.0,317.0,353.0
2017-11-28,628.0,406.0,37.0,,84.0,422.0,372.0
2017-11-29,484.0,433.0,99.0,,96.0,329.0,385.0
2017-11-30,538.0,483.0,360.0,,66.0,363.0,427.0
2017-12-01,626.0,418.0,43.0,,58.0,363.0,457.0
2017-12-02,513.0,407.0,20.0,,75.0,328.0,410.0
2017-12-03,587.0,472.0,34.0,,113.0,332.0,411.0
2017-12-04,558.0,564.0,57.0,,92.0,293.0,400.0
2017-12-05,554.0,566.0,23.0,,96.0,315.0,370.0
2017-12-06,437.0,395.0,,,85.0,333.0,363.0
2017-12-07,258.0,313.0,,144.0,270.0,318.0,352.0
2017-12-08,278.0,310.0,,194.0,340.0,158.0,279.0
2017-12-09,539.0,352.0,,234.0,262.0,284.0,302.0
2017-12-10,657.0,413.0,,188.0,206.0,338.0,339.5
2017-12-11,724.0,410.0,,162.0,206.0,318.0,377.0
2017-12-12,375.0,307.0,,116.0,136.0,297.0,366.0
2017-12-13,334.0,316.0,,145.33333333333334,84.0,300.0,375.0
2017-12-14,347.0,331.0,,174.66666666666669,78.0,257.0,331.0
2017-12-15,360.0,323.0,,204.0,112.0,280.0,332.6666666666667
2017-12-16,360.0,332.0,,182.0,91.0,253.0,334.33333333333337
2017-12-17,313.0,311.5,,161.0,114.0,226.0,336.0
2017-12-18,266.0,291.0,,174.0,106.0,315.0,362.0
2017-12-19,384.0,331.0,,175.0,103.0,374.0,440.0
2017-12-20,591.0,405.0,,177.0,90.0,473.0,595.0
2017-12-21,744.0,583.0,,244.0,107.0,403.6666666666667,510.0
2017-12-22,518.0,414.0,,158.0,154.0,334.33333333333337,389.0
2017-12-23,327.0,329.0,,129.0,114.0,265.0,363.0
2017-12-24,524.0,358.0,,88.0,100.0,318.0,386.0
2017-12-25,638.0,460.0,,140.0,104.0,339.0,432.0
2017-12-26,571.0,390.0,,293.0,139.0,322.0,401.0
2017-12-27,591.0,377.0,,137.0,237.0,363.0,474.0
2017-12-28,582.0,419.0,,157.0,186.0,396.0,512.0
2017-12-29,606.0,437.0,87.0,95.0,124.0,394.0,472.0
2017-12-30,651.0,453.0,86.0,70.0,161.0,324.0,371.0
2017-12-31,702.0,474.0,79.0,,97.0,345.0,403.0
2018-01-01,679.0,521.0,82.0,,98.0,327.0,386.0
2018-01-02,527.0,548.0,85.0,,85.0,300.0,283.0
2018-01-03,486.0,468.0,88.0,,85.0,362.0,428.0
2018-01-04,580.0,363.0,90.0,,122.0,344.0,422.0
2018-01-05,458.0,383.0,106.0,,154.0,360.0,427.0
2018-01-06,525.0,387.0,114.0,,161.0,316.0,383.0
2018-01-07,549.0,374.0,119.0,,147.0,323.0,423.0
2018-01-08,431.0,337.0,103.0,,149.0,371.0,446.0
2018-01-09,527.0,370.0,92.0,,231.0,343.0,439.0
2018-01-10,548.0,363.0,83.0,,105.0,347.0,416.0
2018-01-11,383.0,340.0,101.0,66.0,251.0,339.0,404.0
2018-01-12,408.0,331.0,136.0,70.0,195.0,351.0,410.6666666666667
2018-01-13,489.0,392.0,164.0,75.0,283.0,358.0,417.33333333333337
2018-01-14,576.0,361.0,93.0,196.0,209.0,380.0,424.0
2018-01-15,576.0,362.0,84.0,97.0,154.0,380.0,412.0
2018-01-16,374.0,334.0,92.0,80.0,135.0,320.0,357.0
2018-01-17,407.0,417.0,86.0,96.0,164.0,310.0,360.0
2018-01-18,574.0,411.0,86.0,104.0,152.0,324.0,396.0
2018-01-19,715.0,511.0,90.0,128.0,163.0,403.0,452.0
2018-01-20,444.0,381.0,97.0,195.0,180.0,352.0,417.0
2018-01-21,479.0,411.0,104.0,70.0,236.0,364.0,358.0
2018-01-22,514.0,441.0,103.0,64.0,226.0,376.0,374.0
2018-01-23,397.0,421.0,108.0,85.0,151.0,365.0,452.0
2018-01-24,336.0,313.0,94.0,97.0,126.0,275.0,486.0
2018-01-25,333.0,302.0,94.0,90.0,179.0,274.0,329.0
2018-01-26,354.0,292.0,93.0,78.0,167.0,287.0,352.0
2018-01-27,359.0,338.0,100.0,90.0,151.0,294.0,350.0
2018-01-28,407.0,387.0,89.0,106.0,164.0,315.0,367.0
2018-01-29,431.0,362.0,91.0,78.0,152.0,328.0,385.0
2018-01-30,342.0,323.0,89.0,86.0,160.0,320.0,329.0
2018-01-31,314.0,305.0,97.0,105.0,162.0,212.0,294.0
2018-02-01,380.0,316.0,90.0,95.0,174.0,257.0,315.0
2018-02-02,347.0,331.0,83.0,215.0,208.0,267.0,317.0
2018-02-03,279.0,300.0,88.0,67.0,150.0,320.0,371.0
2018-02-04,297.0,308.0,84.0,68.0,131.0,326.0,389.0
2018-02-05,382.0,322.0,88.0,62.0,94.0,225.0,316.0
2018-02-06,340.0,346.0,87.0,76.0,118.0,252.0,316.0
2018-02-07,301.0,305.0,82.0,61.0,84.0,311.0,307.0
2018-02-08,392.0,338.0,86.0,70.0,90.0,215.0,298.0
2018-02-09,560.0,399.0,90.0,88.0,94.0,200.0,280.0
2018-02-10,447.0,388.0,82.0,89.0,101.0,176.0,305.0
2018-02-11,462.0,402.0,92.0,61.0,111.0,89.0,319.0
2018-02-12,208.0,227.0,81.0,63.0,79.0,72.0,326.0
2018-02-13,200.0,173.0,79.0,73.0,97.0,81.0,229.0
2018-02-14,235.0,234.0,77.0,72.0,110.0,98.0,171.0
2018-02-15,188.0,185.0,80.0,68.0,96.0,,
2018-02-16,248.0,290.0,80.0,72.0,112.0,,
2018-02-17,314.0,315.0,84.0,75.0,130.0,,
2018-02-18,316.0,317.0,85.0,77.0,124.0,,
2018-02-19,390.0,319.0,86.0,75.0,110.0,,
2018-02-20,526.0,349.0,88.0,62.0,105.0,,
2018-02-21,503.0,355.0,82.0,75.0,147.0,,
2018-02-22,453.0,344.0,88.0,84.0,115.0,,
2018-02-23,493.0,331.0,91.0,91.0,90.0,,
2018-02-24,469.0,354.0,90.0,81.0,78.0,,
2018-02-25,350.0,318.0,96.0,65.0,76.0,,
2018-02-26,201.0,180.0,87.0,65.0,90.0,,
2018-02-27,213.0,177.0,89.0,61.0,98.75,,
2018-02-28,303.0,289.0,128.0,67.0,107.5,,
2018-03-01,408.0,310.0,89.0,70.0,116.25,,
2018-03-02,371.0,316.0,82.0,80.0,125.0,,
2018-03-03,271.0,297.0,84.0,,131.0,,
2018-03-04,273.0,204.0,83.0,,103.0,,
2018-03-05,206.0,186.0,89.0,,85.0,,
2018-03-06,188.0,179.0,92.0,,90.0,,
2018-03-07,195.0,214.0,87.0,,105.0,,
2018-03-08,415.0,277.0,114.0,,126.0,,
2018-03-09,442.0,319.0,115.0,,105.0,,
2018-03-10,217.0,220.0,109.0,,130.0,,
2018-03-11,181.0,194.0,102.0,,107.0,,
2018-03-12,185.0,298.0,86.0,,101.0,,
2018-03-13,265.6666666666667,304.0,91.0,,94.0,,
2018-03-14,346.33333333333337,296.0,85.0,,88.0,,
2018-03-15,427.0,300.0,86.0,,81.0,,
2018-03-16,402.0,227.0,93.0,,107.0,,
2018-03-17,250.0,238.0,92.0,,103.0,,
2018-03-18,292.25,203.5,45.0,,98.0,,
2018-03-19,334.5,169.0,59.0,,88.0,,
2018-03-20,376.75,229.0,132.0,,90.0,,
2018-03-21,419.0,299.0,199.0,,102.0,,
2018-03-22,305.0,194.0,190.0,,111.0,,
2018-03-23,194.0,135.0,143.0,,84.0,,
2018-03-24,207.0,182.0,74.0,,91.0,,
2018-03-25,198.0,215.0,46.0,,86.0,,
2018-03-26,218.0,225.0,,,91.0,,
2018-03-27,390.0,288.0,,,92.0,,
2018-03-28,446.0,272.0,,,95.0,,
2018-03-29,290.0,198.0,,,97.0,,
2018-03-30,320.0,241.0,,,84.0,,
2018-03-31,295.0,266.0,,,74.0,,
2018-04-01,270.0,173.0,,,,,
2018-04-02,245.0,157.0,,,,,
2018-04-03,262.0,194.0,,,,,
2018-04-04,295.0,210.0,,,,,
2018-04-05,407.0,330.0,,,,,
2018-04-06,319.0,282.0,,,,,
2018-04-07,180.0,160.0,,,,,
2018-04-08,142.0,122.0,,,,,
2018-04-09,133.0,121.0,,,,,
2018-04-10,155.0,215.0,,,,,
2018-04-11,177.0,191.0,,,,,
2018-04-12,150.0,213.25,,,,,
2018-04-13,390.0,235.5,,,,,
2018-04-14,349.0,257.75,,,,,
2018-04-15,302.0,280.0,,,,,
2018-04-16,366.0,306.0,,,,,
2018-04-17,455.0,247.0,55.0,,,,
2018-04-18,299.0,210.0,55.0,,,,
2018-04-19,323.0,260.0,81.0,,,,
2018-04-20,317.0,296.0,95.0,,,,
2018-04-21,499.0,492.0,72.0,,,,
2018-04-22,371.0,300.0,57.0,,,,
2018-04-23,268.0,219.0,60.0,,,,
2018-04-24,298.0,294.0,74.0,,,,
2018-04-25,448.0,312.0,61.0,,,,
2018-04-26,480.0,323.0,70.0,,,,
2018-04-27,402.0,342.0,68.0,,,,
2018-04-28,292.0,276.0,66.0,,,,
2018-04-29,253.0,254.0,58.0,,,,
2018-04-30,292.0,207.0,59.0,,,,
2018-05-01,231.0,154.0,98.0,,,,
2018-05-02,149.0,144.0,,,,,
2018-05-03,164.0,147.0,,,,,
2018-05-04,139.0,124.0,,,,,
2018-05-05,159.0,150.0,,,,,
2018-05-06,404.0,283.0,,,,,
2018-05-07,400.0,226.0,,,,,
2018-05-08,341.0,282.0,143.0,,,,
2018-05-09,268.0,137.0,65.0,,,,
2018-05-10,356.0,222.0,51.0,,,,
2018-05-11,383.0,318.0,55.0,,,,
2018-05-12,447.0,333.0,59.0,,,,
2018-05-13,303.0,312.0,54.0,,,,
2018-05-14,159.0,147.0,55.0,,,,
2018-05-15,141.0,128.0,52.0,,,,
2018-05-16,202.0,181.0,51.0,,,,
2018-05-17,251.0,242.0,55.0,,,,
2018-05-18,276.0,267.0,98.0,,,,
2018-05-19,378.0,284.0,91.0,,,,
2018-05-20,334.0,218.0,69.0,,,,
2018-05-21,221.0,245.0,70.0,,,,
2018-05-22,216.0,245.0,157.0,,,,
2018-05-23,396.0,322.0,137.0,,,,
2018-05-24,340.0,312.0,72.0,,,,
2018-05-25,402.0,277.0,64.0,,,,
2018-05-26,252.0,257.0,71.0,,,,
2018-05-27,287.0,274.0,94.0,,,,
2018-05-28,303.0,294.5,78.0,,,,
2018-05-29,316.0,315.0,62.0,,,,
2018-05-30,242.0,229.0,46.0,,,,
2018-05-31,215.0,182.0,54.0,55.0,,,
2018-06-01,190.0,176.0,57.0,54.0,,,
2018-06-02,159.0,268.0,71.0,64.0,,,
2018-06-03,132.0,114.0,56.0,59.0,,,
2018-06-04,138.0,236.0,47.0,48.0,,,
2018-06-05,148.0,186.0,46.0,61.0,,,
2018-06-06,147.0,183.0,50.0,92.0,,,
2018-06-07,233.0,157.0,58.0,82.0,,,
2018-06-08,344.0,166.0,46.0,43.0,,,
2018-06-09,162.0,145.0,45.0,53.0,,,
2018-06-10,119.0,120.0,44.0,46.0,,,
2018-06-11,281.0,174.0,94.0,35.0,,,
2018-06-12,383.0,271.0,43.0,41.0,,,
2018-06-13,389.0,330.0,43.0,44.0,,208.0,
2018-06-14,479.0,318.0,55.0,60.0,,206.0,
2018-06-15,408.0,595.0,59.0,142.0,,230.5,353.0
2018-06-16,692.0,490.0,44.0,217.0,,255.0,330.0
2018-06-17,446.0,354.0,44.0,43.0,,314.0,357.0
2018-06-18,226.0,170.0,84.0,59.0,,232.0,319.0
2018-06-19,185.0,134.0,86.0,41.0,,100.0,232.0
2018-06-20,206.0,168.0,62.0,36.0,,114.0,224.0
2018-06-21,247.0,185.0,45.0,42.0,,177.0,284.0
2018-06-22,366.0,208.0,44.0,43.0,,166.0,278.0
2018-06-23,294.0,199.0,43.0,49.0,,114.0,231.0
2018-06-24,208.0,186.0,42.0,58.0,,93.0,183.0
2018-06-25,145.0,164.0,69.0,45.0,,79.0,175.0
2018-06-26,170.0,88.0,44.0,51.0,,94.0,233.0
2018-06-27,195.0,106.0,43.0,46.333333333333336,,49.0,125.0
2018-06-28,,86.0,44.0,41.66666666666667,,46.0,82.0
2018-06-29,,84.0,45.0,37.0,,54.0,57.0
2018-06-30,,96.0,50.0,42.0,,52.0,74.0
2018-07-01,,105.0,48.0,40.0,,65.0,125.0
2018-07-02,,83.0,45.0,37.0,,97.0,119.0
2018-07-03,,94.0,45.0,41.0,,86.0,106.0
2018-07-04,,115.0,42.0,42.0,,57.0,111.0
2018-07-05,,128.0,46.0,50.0,,87.0,67.0
2018-07-06,,158.0,45.0,78.0,,100.0,93.0
2018-07-07,,148.0,65.0,54.0,,102.0,180.0
2018-07-08,,155.0,72.0,66.0,,88.0,188.0
2018-07-09,,157.0,101.0,53.0,,76.0,135.5
2018-07-10,,127.0,43.0,51.0,,85.0,83.0
2018-07-11,,110.0,43.0,304.0,,86.0,105.0
2018-07-12,,118.0,43.0,53.0,,98.0,61.0
2018-07-13,,104.0,44.0,63.0,,88.0,57.0
2018-07-14,,89.0,44.0,51.0,,62.0,90.0
2018-07-15,,74.0,56.0,49.0,,64.0,71.0
2018-07-16,,82.0,44.0,49.0,,73.0,67.0
2018-07-17,,86.0,42.0,49.0,,72.0,83.0
2018-07-18,,89.0,43.0,51.66666666666666,,63.0,94.0
2018-07-19,,87.0,43.0,54.33333333333333,,69.0,275.0
2018-07-20,,91.0,43.0,57.0,,79.0,129.0
2018-07-21,,106.0,71.0,47.0,,80.0,60.0
2018-07-22,,87.0,55.0,53.0,,77.0,55.0
2018-07-23,,83.0,58.0,72.0,,77.0,57.0
2018-07-24,,78.0,83.0,50.0,,62.0,59.0
2018-07-25,,78.0,44.0,48.0,,58.0,62.0
2018-07-26,,85.0,45.0,49.0,,55.0,62.0
2018-07-27,,87.0,43.0,56.0,,56.0,67.0
2018-07-28,,85.0,61.0,53.0,,71.0,82.0
2018-07-29,,90.0,52.0,72.0,,81.0,85.0
2018-07-30,,112.0,43.0,44.0,,63.0,58.0
2018-07-31,,127.0,42.0,52.0,,53.0,37.0
2018-08-01,,138.0,43.0,48.0,,48.0,40.0
2018-08-02,,198.0,50.0,54.0,,52.0,74.0
2018-08-03,,216.0,58.0,64.0,,80.0,94.0
2018-08-04,,219.0,45.0,51.0,,85.0,155.0
2018-08-05,,239.0,54.0,46.0,,122.0,150.0
2018-08-06,,167.0,51.0,45.0,,147.0,312.0
2018-08-07,,125.0,59.0,68.0,,91.0,289.0
2018-08-08,,98.0,49.0,42.0,,51.0,151.0
2018-08-09,,106.0,45.0,47.0,,51.0,75.0
2018-08-10,,102.0,44.0,42.0,,57.0,103.0
2018-08-11,,109.0,58.0,41.0,,60.0,125.0
2018-08-12,,87.0,85.0,42.0,,64.0,64.0
2018-08-13,,91.0,44.0,41.0,,68.0,67.0
2018-08-14,168.0,106.0,102.0,47.0,,42.0,68.0
2018-08-15,169.0,122.0,49.0,50.0,,65.0,87.0
2018-08-16,145.0,99.0,45.0,44.0,,53.0,53.0
2018-08-17,168.0,111.0,42.0,48.0,,36.0,48.0
2018-08-18,118.0,82.0,52.0,51.0,,79.0,66.0
2018-08-19,134.0,94.0,44.0,54.0,,49.0,76.0
2018-08-20,211.0,133.0,56.0,44.0,,39.0,67.0
2018-08-21,127.0,107.0,79.0,57.0,,37.0,54.0
2018-08-22,112.0,84.0,43.0,50.0,,46.0,62.0
2018-08-23,117.0,86.0,61.0,47.0,,53.0,73.0
2018-08-24,123.0,84.0,80.0,48.0,,48.0,56.0
2018-08-25,146.0,98.0,85.0,62.0,,46.0,62.0
2018-08-26,79.0,94.0,67.0,45.0,,73.0,85.0
2018-08-27,146.0,83.0,49.0,49.0,,73.0,65.0
2018-08-28,160.0,88.0,44.0,49.0,76.0,50.0,61.0
2018-08-29,94.0,84.0,58.0,76.0,65.0,64.0,56.0
2018-08-30,152.0,92.0,44.0,60.0,150.0,43.0,70.0
2018-08-31,279.0,122.0,44.0,64.0,137.0,30.0,58.0
2018-09-01,159.0,136.0,47.0,73.0,83.0,30.0,57.0
2018-09-02,174.0,108.0,59.0,48.0,70.0,71.0,58.0
2018-09-03,164.0,90.0,50.0,54.0,86.0,41.0,53.0
2018-09-04,155.0,108.0,54.0,72.0,96.0,59.0,77.0
2018-09-05,146.0,93.0,49.0,62.0,84.0,28.0,58.0
2018-09-06,202.0,123.0,42.0,53.0,104.0,59.0,68.0
2018-09-07,162.0,102.0,64.0,54.0,142.0,60.0,101.0
2018-09-08,132.0,99.0,103.0,57.0,204.0,100.0,61.0
2018-09-09,107.0,80.0,59.0,56.0,200.0,117.0,74.0
2018-09-10,132.0,80.0,46.0,69.0,66.0,138.0,85.0
2018-09-11,133.0,81.0,54.0,87.0,74.0,150.0,91.0
2018-09-12,160.0,106.0,62.0,75.0,74.0,139.0,100.0
2018-09-13,172.0,128.0,64.0,67.0,74.0,54.0,112.0
2018-09-14,173.0,128.0,65.0,67.0,322.0,64.0,126.0
2018-09-15,185.0,126.0,45.0,69.0,96.0,91.0,127.0
2018-09-16,169.0,126.0,44.0,74.0,72.0,68.0,150.0
2018-09-17,187.0,139.0,24.0,52.0,91.0,72.0,155.0
2018-09-18,189.0,166.0,33.5,60.0,99.0,84.0,180.0
2018-09-19,216.0,173.0,43.0,48.0,76.0,95.0,209.0
2018-09-20,218.0,174.0,48.0,53.0,99.0,109.0,237.0
2018-09-21,,163.0,68.0,52.0,80.0,65.0,95.0
2018-09-22,,85.0,46.0,57.0,68.0,50.0,43.0
2018-09-23,,80.0,52.0,61.0,40.0,51.0,69.0
2018-09-24,,86.0,65.0,61.0,77.0,79.0,134.0
2018-09-25,167.0,88.0,71.0,48.0,88.0,79.0,108.0
2018-09-26,192.0,91.0,71.0,64.0,140.0,122.0,69.0
2018-09-27,270.0,185.0,137.0,60.0,211.0,89.0,108.0
2018-09-28,387.0,252.0,61.0,66.0,44.0,96.0,147.0
2018-09-29,462.0,213.0,89.0,59.0,396.0,138.0,228.0
2018-09-30,213.0,158.0,47.0,50.0,350.0,97.0,193.0
2018-10-01,183.0,153.0,68.0,68.0,353.0,108.0,212.0
2018-10-02,189.0,221.0,49.0,45.0,77.0,110.0,212.0
2018-10-03,221.0,155.0,57.5,38.0,60.0,132.0,234.0
2018-10-04,291.0,201.0,66.0,45.0,89.0,143.0,247.0
2018-10-05,342.0,278.0,62.0,39.0,114.0,137.0,226.0
2018-10-06,297.0,280.0,46.0,37.0,107.0,153.0,261.0
2018-10-07,266.0,218.0,64.0,43.0,79.0,169.0,276.0
2018-10-08,366.0,290.0,45.0,56.0,76.0,172.0,291.0
2018-10-09,298.0,314.0,50.0,62.0,99.0,183.0,286.0
2018-10-10,310.0,288.0,58.0,78.0,185.0,147.0,257.0
2018-10-11,224.0,194.0,114.0,97.0,92.0,156.0,257.0
2018-10-12,174.0,161.0,103.0,104.0,84.0,110.0,165.0
2018-10-13,363.0,282.0,148.0,136.0,74.0,85.0,100.0
2018-10-14,294.0,262.0,72.0,98.0,71.0,134.0,193.0
2018-10-15,306.0,284.0,81.0,78.0,84.0,232.0,306.0
2018-10-16,452.0,318.0,53.0,84.0,67.0,265.0,310.0
2018-10-17,470.0,320.0,46.0,79.0,86.0,298.0,308.0
2018-10-18,388.0,313.0,48.0,371.0,86.0,261.0,309.0
2018-10-19,406.0,302.0,75.0,162.0,94.0,268.0,336.0
2018-10-20,408.0,348.0,43.0,47.0,102.0,202.0,313.0
2018-10-21,395.0,326.0,42.0,62.0,109.0,219.0,324.0
2018-10-22,330.0,318.0,54.0,70.0,430.0,200.0,314.0
2018-10-23,389.0,280.0,134.0,78.0,247.0,206.0,317.0
2018-10-24,537.0,341.0,300.0,82.0,180.0,315.0,346.0
2018-10-25,490.0,361.0,177.0,83.0,143.0,364.0,355.0
2018-10-26,567.0,365.0,59.0,77.0,154.0,344.0,334.0
2018-10-27,608.0,350.0,91.0,92.0,155.0,317.0,326.0
2018-10-28,603.0,396.0,114.0,88.0,134.0,325.0,332.0
2018-10-29,582.0,409.0,85.0,86.0,240.0,317.0,317.0
2018-10-30,719.0,475.0,105.0,92.0,126.0,320.0,359.0
2018-10-31,610.0,399.0,112.0,63.0,79.0,308.0,320.0
2018-11-01,644.0,402.0,102.0,49.0,94.0,314.0,311.0
2018-11-02,483.0,381.0,89.0,46.0,98.0,318.0,351.0
2018-11-03,352.0,360.0,97.0,47.0,84.0,324.0,349.0
2018-11-04,248.0,249.0,105.0,48.0,379.0,297.0,327.0
2018-11-05,489.0,407.0,57.0,47.0,138.0,264.0,316.0
2018-11-06,460.0,412.0,62.0,57.0,68.0,297.0,339.0
2018-11-07,351.0,324.0,75.0,54.0,119.0,307.0,342.0
2018-11-08,388.0,350.0,117.0,74.0,100.0,460.0,483.0
2018-11-09,611.0,485.0,104.0,60.0,91.0,391.0,448.0
2018-11-10,564.0,426.0,89.0,57.0,114.0,391.0,413.0
2018-11-11,621.0,449.0,111.0,65.0,125.0,343.0,400.0
2018-11-12,598.0,406.0,99.0,65.0,133.0,334.0,381.0
2018-11-13,611.0,460.0,119.0,74.0,185.0,384.0,407.0
2018-11-14,408.0,358.0,107.0,80.0,153.0,335.0,383.0
2018-11-15,300.0,266.0,119.0,83.0,112.0,315.0,367.0
2018-11-16,320.0,316.0,79.0,58.0,73.0,237.0,322.0
2018-11-17,326.0,297.0,58.0,57.0,62.0,146.0,299.0
2018-11-18,458.0,323.0,73.0,70.0,86.0,278.0,370.0
2018-11-19,368.0,337.0,89.0,52.0,85.0,332.0,386.0
2018-11-20,398.0,355.0,74.0,54.0,83.0,332.0,396.0
2018-11-21,523.0,394.0,85.0,60.0,62.0,351.0,420.0
2018-11-22,439.0,327.0,84.0,52.0,58.0,328.0,362.0
2018-11-23,445.0,335.0,99.0,68.0,82.0,320.0,337.0
2018-11-24,318.0,299.0,160.0,446.0,184.0,300.0,330.0
2018-11-25,365.0,255.0,217.0,140.0,264.0,244.0,330.0
2018-11-26,534.0,339.0,74.0,87.0,234.0,346.0,377.0
2018-11-27,559.0,373.0,78.0,104.0,204.0,386.0,397.0
2018-11-28,452.0,349.0,75.0,70.0,187.0,341.0,407.0
2018-11-29,546.0,358.0,84.0,63.0,98.0,264.0,355.0
2018-11-30,524.0,353.0,91.0,56.0,80.0,307.0,371.0
2018-12-01,435.0,340.0,67.0,57.0,88.0,325.0,385.0
2018-12-02,512.0,342.0,60.0,56.0,79.0,324.0,375.0
2018-12-03,543.0,360.0,78.0,51.0,78.0,276.0,366.0
2018-12-04,581.0,390.0,94.0,55.0,82.0,330.0,387.0
2018-12-05,568.0,362.0,81.0,276.0,93.0,361.0,396.0
2018-12-06,548.0,391.0,73.0,168.0,87.0,353.0,395.0
2018-12-07,543.0,381.0,81.0,55.0,104.0,341.0,376.0
2018-12-08,472.0,383.0,70.0,68.0,209.0,328.0,360.0
2018-12-09,525.0,428.0,74.0,80.0,219.0,347.0,357.0
2018-12-10,524.0,528.0,96.0,90.0,234.0,395.0,367.0
2018-12-11,542.0,500.0,83.0,128.0,230.0,365.0,387.0
2018-12-12,510.0,439.0,80.0,138.0,211.0,338.0,365.0
2018-12-13,314.0,294.0,84.0,104.0,168.0,302.0,333.0
2018-12-14,274.0,291.0,86.0,78.0,82.0,184.0,274.0
2018-12-15,303.0,310.0,91.0,66.0,169.0,138.0,252.0
2018-12-16,320.0,316.0,77.0,75.0,121.0,167.0,252.0
2018-12-17,353.0,358.0,103.0,93.0,80.0,278.0,307.0
2018-12-18,373.0,384.0,168.0,145.0,196.0,293.0,362.0
2018-12-19,406.0,355.0,102.0,73.0,87.0,262.0,330.0
2018-12-20,524.0,380.0,84.0,72.0,77.0,322.0,364.0
2018-12-21,476.0,416.0,80.0,70.0,87.0,318.0,380.0
2018-12-22,598.0,467.0,105.0,72.0,71.0,324.0,402.0
2018-12-23,667.0,567.0,93.0,59.0,84.0,367.0,439.0
2018-12-24,686.0,583.0,71.0,54.0,103.0,332.0,352.0
2018-12-25,492.0,507.0,114.0,66.0,131.0,308.0,359.0
2018-12-26,437.0,400.0,150.0,72.0,307.0,284.0,355.0
2018-12-27,607.0,428.0,172.0,72.0,351.0,260.0,355.0
2018-12-28,422.0,406.0,101.0,79.0,175.0,310.0,348.0
2018-12-29,498.0,392.0,108.0,93.0,324.0,325.0,367.0
2018-12-30,595.0,469.0,90.0,88.0,359.0,350.0,436.0
2018-12-31,594.0,561.0,112.0,83.0,144.0,369.0,456.0
2019-01-01,582.0,487.0,81.0,97.0,242.0,393.0,426.0
2019-01-02,592.0,482.0,70.0,92.0,167.0,435.0,482.0
2019-01-03,644.0,514.0,70.0,104.0,130.0,428.0,417.0
2019-01-04,461.0,418.0,87.0,130.0,170.0,359.0,365.0
2019-01-05,433.0,469.0,77.0,93.0,126.0,347.0,433.0
2019-01-06,360.0,386.0,80.0,82.0,138.0,315.0,379.0
2019-01-07,356.0,347.0,77.0,90.0,109.0,213.0,187.0
2019-01-08,346.0,322.0,100.0,94.0,97.0,193.0,222.0
2019-01-09,327.0,308.0,102.0,109.0,161.0,214.0,302.0
2019-01-10,336.0,308.0,92.0,98.0,131.0,245.0,297.0
2019-01-11,453.0,420.5,92.0,127.0,124.0,301.0,343.0
2019-01-12,565.0,533.0,108.0,128.0,117.0,300.0,387.0
2019-01-13,536.0,434.5,124.0,117.0,124.0,312.0,419.0
2019-01-14,332.0,336.0,85.0,103.0,163.0,301.0,371.0
2019-01-15,254.0,260.0,87.0,102.0,170.0,130.0,188.0
2019-01-16,423.0,367.0,84.0,104.0,138.0,237.0,333.0
2019-01-17,576.0,597.0,93.0,121.0,124.0,352.0,381.0
2019-01-18,450.0,478.0,124.0,97.0,154.0,341.0,370.0
2019-01-19,545.0,407.0,97.0,78.0,133.0,339.0,325.0
2019-01-20,618.0,448.0,108.0,70.0,107.0,330.0,335.0
2019-01-21,484.0,377.0,85.0,60.0,107.0,387.0,386.0
2019-01-22,210.0,188.0,84.0,80.0,220.0,354.0,339.0
2019-01-23,237.0,222.0,133.0,93.0,117.0,309.0,326.0
2019-01-24,345.0,341.0,80.0,83.0,92.0,145.0,166.0
2019-01-25,202.0,214.0,88.0,63.0,65.0,305.0,324.0
2019-01-26,202.0,296.0,97.0,65.0,73.0,100.0,152.0
2019-01-27,269.0,318.0,88.0,62.0,81.0,107.0,109.0
2019-01-28,305.0,321.0,78.0,55.0,74.0,203.0,149.0
2019-01-29,306.0,321.0,90.0,50.0,73.0,210.0,131.0
2019-01-30,369.0,359.0,94.0,71.0,88.0,293.0,254.0
2019-01-31,526.0,411.0,79.0,53.0,87.0,313.0,329.0
2019-02-01,343.0,337.0,80.0,65.0,80.0,303.0,305.0
2019-02-02,369.0,355.0,86.0,71.0,79.0,211.0,323.0
2019-02-03,356.0,348.0,79.0,71.0,70.0,470.0,277.0
2019-02-04,343.0,320.0,88.0,49.0,73.0,244.0,223.0
2019-02-05,520.0,396.0,92.0,73.0,111.0,113.0,317.0
2019-02-06,462.0,378.0,136.0,66.0,120.0,172.0,383.0
2019-02-07,263.0,259.0,227.0,76.0,93.0,207.0,308.0
2019-02-08,180.0,129.0,75.0,79.0,94.0,95.0,127.0
2019-02-09,186.0,143.0,103.0,81.0,70.0,182.0,250.0
2019-02-10,251.0,305.0,,74.0,65.0,165.0,179.0
2019-02-11,319.0,363.0,,49.0,73.0,204.0,207.0
2019-02-12,348.0,390.0,,55.0,87.0,301.0,258.0
2019-02-13,388.0,450.0,,70.0,248.0,345.0,338.0
2019-02-14,364.0,380.0,,62.0,514.0,369.0,372.0
2019-02-15,310.0,348.0,,64.0,198.0,264.0,289.0
2019-02-16,313.0,334.0,,70.0,85.0,99.0,105.0
2019-02-17,295.0,316.0,,89.0,97.0,128.0,127.0
2019-02-18,301.0,206.0,,61.0,99.0,125.0,142.0
2019-02-19,242.0,248.0,,91.0,67.0,232.0,162.0
2019-02-20,322.0,343.0,,72.0,61.0,324.0,293.0
2019-02-21,163.0,212.0,,69.0,72.0,301.0,173.0
2019-02-22,268.0,250.0,,81.0,87.0,234.0,132.0
2019-02-23,147.0,192.0,,93.0,127.0,112.0,136.0
2019-02-24,166.0,254.0,,90.0,90.0,87.0,96.0
2019-02-25,280.0,245.0,,84.0,106.0,113.0,130.0
2019-02-26,176.0,140.0,,96.0,598.0,168.0,162.0
2019-02-27,126.0,106.0,,102.0,222.0,157.0,98.0
2019-02-28,320.0,150.0,,111.0,169.0,151.0,153.0
2019-03-01,239.0,175.0,165.0,135.0,378.0,133.0,208.0
2019-03-02,268.0,185.0,85.0,104.0,661.0,142.0,263.0
2019-03-03,192.0,178.0,82.0,76.0,222.0,388.0,194.0
2019-03-04,250.0,166.0,87.0,77.0,90.0,271.0,110.0
2019-03-05,205.0,154.0,101.0,94.0,92.0,245.0,128.0
2019-03-06,254.0,208.0,124.0,124.0,78.0,239.0,106.0
2019-03-07,341.0,276.0,150.0,204.0,61.0,246.0,104.0
2019-03-08,312.0,261.0,220.0,180.0,56.0,328.0,188.0
2019-03-09,267.0,219.0,241.0,156.0,74.0,214.0,181.0
2019-03-10,184.0,171.0,78.0,95.0,56.0,151.0,130.0
2019-03-11,201.0,157.5,75.0,76.0,49.0,186.0,141.0
2019-03-12,165.0,144.0,103.0,95.0,70.0,247.0,225.0
2019-03-13,180.0,156.0,95.0,118.0,85.0,199.0,119.0
2019-03-14,328.0,264.0,94.0,101.0,91.0,260.0,154.0
2019-03-15,212.0,165.0,98.0,96.0,84.0,244.0,166.0
2019-03-16,145.0,143.0,82.0,102.0,87.0,141.0,87.0
2019-03-17,210.0,219.0,75.0,101.0,95.0,182.0,110.0
2019-03-18,234.0,262.0,103.0,98.0,75.0,192.33333333333331,220.0
2019-03-19,290.0,300.0,79.0,92.0,62.0,202.66666666666669,197.0
2019-03-20,333.0,232.0,94.0,91.0,76.0,213.0,269.0
2019-03-21,254.0,294.0,92.0,95.0,62.0,293.0,251.0
2019-03-22,135.0,162.0,88.0,100.0,68.0,118.0,108.0
2019-03-23,155.0,125.0,140.0,114.0,75.0,79.0,156.0
2019-03-24,171.0,130.0,130.0,126.0,70.0,107.0,200.0
2019-03-25,161.0,164.0,78.0,117.0,58.0,176.0,224.0
2019-03-26,173.0,178.0,100.0,149.0,82.0,243.0,227.0
2019-03-27,196.0,176.0,90.0,161.0,84.0,219.0,132.0
2019-03-28,332.0,240.0,159.0,236.0,72.0,289.0,206.0
2019-03-29,404.0,327.0,139.0,169.0,63.0,347.0,304.0
2019-03-30,340.0,209.0,105.0,164.0,74.0,297.0,312.0
2019-03-31,246.0,162.0,111.0,166.0,56.0,219.0,313.0
2019-04-01,173.0,146.0,112.0,110.0,70.0,246.0,184.0
2019-04-02,210.0,174.0,112.0,147.0,74.0,273.0,221.0
2019-04-03,219.0,188.0,103.0,139.0,60.0,296.0,287.0
2019-04-04,312.0,227.0,145.0,188.0,78.0,351.0,307.0
2019-04-05,373.0,223.0,75.0,272.0,80.0,315.0,285.0
2019-04-06,370.0,270.0,111.0,92.0,90.0,165.0,240.0
2019-04-07,375.0,277.0,86.0,116.0,81.0,112.0,167.0
2019-04-08,297.0,215.0,99.66666666666669,181.0,79.0,83.0,83.0
2019-04-09,256.0,191.0,113.33333333333334,234.0,178.0,105.0,136.0
2019-04-10,385.0,212.0,127.0,155.0,166.0,131.0,200.0
2019-04-11,264.0,171.0,78.0,133.0,178.0,158.0,198.0
2019-04-12,234.0,197.0,127.0,131.0,76.0,186.0,281.0
2019-04-13,213.0,168.0,151.0,98.0,82.0,186.0,312.0
2019-04-14,169.0,142.0,129.0,95.0,87.0,96.0,237.0
2019-04-15,175.0,174.0,158.0,98.0,87.0,102.0,234.0
2019-04-16,237.0,192.0,160.0,100.0,82.0,172.0,287.0
2019-04-17,134.0,88.0,121.0,158.0,96.0,124.0,174.0
2019-04-18,110.0,77.0,153.0,338.0,60.0,91.0,79.0
2019-04-19,179.0,136.0,256.0,207.5,59.0,86.0,79.0
2019-04-20,226.0,151.0,242.0,77.0,89.0,90.0,147.0
2019-04-21,282.0,185.0,228.0,54.0,78.0,135.0,233.0
2019-04-22,310.0,188.0,214.0,63.0,89.0,145.0,268.0
2019-04-23,355.0,224.0,200.0,57.0,93.0,174.0,310.0
2019-04-24,292.0,204.0,191.0,66.0,89.0,147.0,262.0
2019-04-25,289.0,244.0,189.0,75.0,91.0,161.0,222.0
2019-04-26,265.0,204.0,274.0,83.0,96.0,202.0,285.0
2019-04-27,259.0,265.0,271.0,99.0,78.0,273.0,176.0
2019-04-28,270.0,267.0,224.0,91.0,84.0,346.0,391.0
2019-04-29,240.0,228.0,254.0,82.0,96.0,282.0,371.0
2019-04-30,280.0,247.0,249.0,75.0,98.0,191.0,355.0
2019-05-01,319.0,253.0,275.0,92.0,96.0,242.0,320.0
2019-05-02,296.0,252.0,139.0,59.0,95.0,171.0,282.0
2019-05-03,189.0,168.0,176.0,76.0,92.0,118.0,90.0
2019-05-04,184.0,153.0,253.0,80.0,96.0,102.0,166.0
2019-05-05,271.5,178.5,139.0,86.0,92.0,94.0,124.0
2019-05-06,359.0,204.0,126.0,79.0,101.0,92.0,108.0
2019-05-07,319.0,272.0,123.0,79.0,109.0,157.0,102.0
2019-05-08,576.0,381.0,109.0,62.0,83.0,243.0,127.0
2019-05-09,485.0,372.0,139.0,63.0,93.0,173.0,226.0
2019-05-10,403.0,302.0,131.0,64.0,,167.0,202.0
2019-05-11,345.0,223.0,137.0,82.0,,210.0,182.0
2019-05-12,361.0,334.0,122.0,60.0,,120.0,129.0
2019-05-13,453.0,347.0,138.0,50.0,,148.0,108.0
2019-05-14,290.0,161.0,112.0,55.0,,135.0,139.0
2019-05-15,294.0,163.0,138.0,69.0,97.0,165.0,156.0
2019-05-16,206.0,176.0,134.0,71.0,84.0,145.0,210.0
2019-05-17,276.0,203.0,126.0,89.0,108.0,128.0,190.0
2019-05-18,183.0,134.0,132.0,99.0,86.0,113.0,220.0
2019-05-19,184.0,126.0,157.0,103.0,81.0,107.0,134.0
2019-05-20,267.0,158.0,185.0,85.0,81.0,154.0,211.0
2019-05-21,262.0,158.0,132.0,87.0,87.0,134.0,249.0
2019-05-22,215.0,148.0,136.0,64.0,104.0,134.0,236.0
2019-05-23,273.0,183.0,122.0,66.0,84.0,182.0,183.0
2019-05-24,187.0,136.0,129.0,62.0,80.0,108.0,115.0
2019-05-25,140.0,125.0,94.0,67.0,128.0,110.0,139.0
2019-05-26,152.0,115.0,119.0,49.0,153.0,128.0,122.0
2019-05-27,187.0,131.0,123.0,58.0,98.0,185.0,168.0
2019-05-28,215.0,137.0,110.0,69.0,153.0,179.0,167.0
2019-05-29,227.0,142.0,118.0,67.0,139.0,105.0,211.0
2019-05-30,291.0,188.0,120.0,57.0,116.0,124.0,291.0
2019-05-31,342.0,222.0,100.0,83.0,138.0,137.0,313.0
2019-06-01,398.0,221.0,106.0,109.0,183.0,93.0,225.0
2019-06-02,226.0,185.0,122.0,135.0,170.0,91.0,179.0
2019-06-03,250.0,203.0,132.0,315.0,145.0,96.0,191.0
2019-06-04,208.0,174.0,92.0,,190.0,75.0,128.0
2019-06-05,172.0,150.0,90.0,,205.0,71.0,162.0
2019-06-06,231.0,171.0,71.0,,142.0,82.0,176.0
2019-06-07,173.0,144.0,125.0,,,77.0,100.0
2019-06-08,163.0,147.0,,58.0,,63.0,78.0
2019-06-09,353.0,176.0,,58.0,,83.0,119.0
2019-06-10,324.0,189.0,,74.0,,107.0,152.0
2019-06-11,464.0,323.0,,62.0,,88.0,131.0
2019-06-12,341.0,292.0,,68.0,,80.0,97.0
2019-06-13,184.0,169.0,69.0,78.0,,60.0,130.0
2019-06-14,180.0,140.0,91.0,76.0,,56.0,167.0
2019-06-15,285.0,183.0,104.0,64.0,,95.5,183.0
2019-06-16,270.0,178.0,65.0,65.0,,135.0,212.0
2019-06-17,164.0,115.0,58.0,64.0,,79.0,126.0
2019-06-18,158.0,102.0,62.0,82.0,,97.0,120.0
2019-06-19,282.0,154.0,98.0,88.0,,115.0,94.0
2019-06-20,187.0,124.0,82.0,70.0,,114.0,91.0
2019-06-21,174.0,127.0,69.0,92.0,77.0,100.0,109.0
2019-06-22,186.0,128.0,92.0,81.0,83.0,102.0,140.0
2019-06-23,146.0,123.0,71.0,64.0,106.0,85.0,60.0
2019-06-24,116.0,61.0,61.0,75.0,103.0,83.0,71.0
2019-06-25,128.0,91.0,65.0,77.0,93.0,99.0,84.0
2019-06-26,164.0,130.0,108.0,70.0,62.0,96.0,82.0
2019-06-27,196.0,166.0,97.0,75.0,60.0,103.0,100.0
2019-06-28,279.0,215.0,75.0,66.0,63.0,140.0,167.0
2019-06-29,275.0,240.0,70.0,68.0,60.0,243.0,183.0
2019-06-30,303.0,228.0,67.0,70.0,47.0,165.0,194.0
2019-07-01,235.0,174.0,81.0,63.0,71.0,96.0,108.0
2019-07-02,239.0,181.0,62.0,69.0,64.0,88.0,102.0
2019-07-03,168.0,150.0,73.0,65.0,49.0,53.0,97.0
2019-07-04,109.0,94.0,104.0,66.5,58.0,62.0,89.0
2019-07-05,163.0,102.0,55.0,68.0,60.0,53.0,96.0
2019-07-06,119.0,87.0,51.0,64.0,49.0,49.0,163.0
2019-07-07,117.0,77.0,57.0,65.75,58.0,84.0,107.0
2019-07-08,145.0,117.0,55.0,67.5,84.0,74.0,118.0
2019-07-09,149.0,125.0,76.0,69.25,105.0,60.0,97.0
2019-07-10,191.0,154.0,77.0,71.0,91.0,44.0,109.0
2019-07-11,465.0,305.0,79.0,58.0,78.0,64.0,112.0
2019-07-12,370.0,322.0,97.0,58.0,72.0,87.0,112.0
2019-07-13,529.0,346.0,56.0,53.0,93.0,103.0,108.0
2019-07-14,324.0,263.0,50.0,49.0,78.0,81.0,97.0
2019-07-15,184.0,195.0,61.0,41.0,96.0,130.0,123.0
2019-07-16,164.0,126.0,66.0,77.0,107.0,69.0,92.0
2019-07-17,153.0,88.0,90.0,52.0,71.0,66.0,102.0
2019-07-18,118.0,101.0,64.0,62.0,58.0,62.0,92.0
2019-07-19,169.0,119.0,89.0,54.0,57.0,73.0,99.0
2019-07-20,158.0,131.0,53.0,52.0,62.0,80.0,106.0
2019-07-21,140.0,118.0,99.0,72.0,78.0,64.0,80.0
2019-07-22,146.0,114.0,91.0,47.0,54.0,88.0,83.0
2019-07-23,195.0,130.0,70.0,62.0,75.0,74.0,89.0
2019-07-24,212.0,147.0,79.0,66.0,74.0,72.0,77.0
2019-07-25,131.0,96.0,57.0,65.0,133.0,68.0,85.0
2019-07-26,117.0,90.0,75.0,60.0,136.0,98.0,78.0
2019-07-27,114.0,92.0,70.0,67.0,69.0,64.0,77.0
2019-07-28,93.5,91.0,87.0,62.0,70.0,194.0,86.0
2019-07-29,73.0,91.0,74.0,78.0,59.0,115.0,80.0
2019-07-30,103.0,89.0,85.0,59.0,67.0,78.0,83.0
2019-07-31,104.0,90.0,53.0,50.0,75.0,84.0,52.0
2019-08-01,96.0,87.0,92.0,44.0,77.0,100.0,79.0
2019-08-02,97.0,91.0,73.0,54.0,84.0,249.0,82.0
2019-08-03,129.0,96.0,64.0,58.0,56.0,146.0,88.0
2019-08-04,108.0,98.0,122.0,60.0,47.0,106.0,79.0
2019-08-05,118.0,109.0,55.0,62.0,55.0,108.0,89.0
2019-08-06,124.0,99.0,56.0,64.0,45.0,111.0,86.0
2019-08-07,177.0,103.0,74.0,68.0,41.0,110.0,95.0
2019-08-08,112.0,91.0,64.0,77.0,78.0,108.0,108.0
2019-08-09,106.0,86.0,87.0,51.0,61.0,102.0,107.0
2019-08-10,112.0,78.0,61.0,49.0,59.0,115.0,106.0
2019-08-11,118.0,80.0,43.0,60.0,51.0,131.0,110.0
2019-08-12,124.0,93.0,63.5,62.0,65.0,145.0,111.0
2019-08-13,130.0,94.0,84.0,69.0,92.0,171.0,105.0
2019-08-14,119.0,99.0,104.5,72.0,100.0,171.0,70.0
2019-08-15,126.0,104.0,125.0,62.0,77.0,64.0,72.0
2019-08-16,89.0,87.0,66.0,62.0,90.0,78.0,81.0
2019-08-17,91.0,88.0,86.0,71.0,87.0,64.0,84.0
2019-08-18,106.0,88.0,80.0,62.0,38.0,64.0,73.0
2019-08-19,141.0,97.0,80.0,51.0,42.0,64.0,86.0
2019-08-20,165.0,106.0,65.0,59.0,44.0,64.0,83.0
2019-08-21,157.0,111.0,,57.0,52.0,64.0,97.0
2019-08-22,189.0,122.0,,65.0,60.0,64.0,99.0
2019-08-23,184.0,118.0,,61.0,59.0,64.0,90.0
2019-08-24,226.0,132.0,,58.0,50.0,89.0,92.0
2019-08-25,122.0,102.0,,58.0,48.0,109.0,72.0
2019-08-26,79.0,90.0,,91.0,55.0,79.0,68.0
2019-08-27,136.0,97.0,,70.5,46.0,64.0,92.0
2019-08-28,131.0,96.0,,50.0,52.0,64.0,79.0
2019-08-29,108.0,87.0,57.0,56.0,55.0,104.0,96.0
2019-08-30,127.0,86.0,87.0,64.0,57.0,162.0,92.0
2019-08-31,139.0,110.0,86.0,74.0,53.0,153.0,97.0
2019-09-01,136.0,118.0,68.0,78.0,65.0,153.0,82.0
2019-09-02,113.0,95.0,54.0,82.0,58.0,135.0,87.0
2019-09-03,165.0,149.0,70.0,78.0,42.0,64.0,100.0
2019-09-04,184.0,156.0,71.0,76.0,42.0,64.0,72.0
2019-09-05,119.0,113.0,112.0,75.0,50.0,64.0,73.0
2019-09-06,112.0,95.0,69.0,74.0,63.0,64.0,67.0
2019-09-07,113.0,91.0,86.0,,138.0,69.0,77.0
2019-09-08,156.0,95.0,123.0,,102.0,56.0,68.0
2019-09-09,138.0,124.0,71.0,,97.0,58.0,73.0
2019-09-10,169.0,138.0,82.0,,98.0,78.0,104.0
2019-09-11,176.0,161.0,91.0,,108.0,64.0,103.0
2019-09-12,159.0,157.0,83.0,,109.0,68.0,103.0
2019-09-13,101.0,100.0,79.0,,95.0,64.0,108.0
2019-09-14,83.0,86.0,84.0,,50.0,71.0,104.0
2019-09-15,87.0,89.0,92.0,,55.0,57.0,102.0
2019-09-16,123.0,108.0,98.0,,92.0,49.0,104.0
2019-09-17,183.0,130.0,727.0,120.0,103.0,48.0,100.0
2019-09-18,132.0,108.0,256.0,80.0,113.0,90.0,94.0
2019-09-19,88.0,92.0,72.0,81.0,117.0,63.0,101.0
2019-09-20,108.0,92.0,74.0,75.0,111.0,61.0,97.0
2019-09-21,111.0,102.0,66.0,92.0,103.0,60.0,101.0
2019-09-22,108.0,92.0,85.0,87.0,113.0,60.0,108.0
2019-09-23,103.0,86.0,90.0,96.0,95.0,43.0,104.0
2019-09-24,126.0,92.0,138.0,94.0,96.0,68.0,109.0
2019-09-25,114.0,100.0,126.33333333333331,81.0,73.0,105.0,99.0
2019-09-26,105.0,73.0,114.66666666666666,97.0,91.0,42.0,107.0
2019-09-27,105.0,74.0,103.0,98.0,98.0,60.0,108.0
2019-09-28,107.0,75.0,164.0,93.0,84.0,53.0,70.0
2019-09-29,98.0,79.0,113.0,91.0,84.0,30.0,77.0
2019-09-30,101.0,98.0,109.0,85.0,75.0,38.0,76.0
2019-10-01,111.0,82.0,138.0,90.0,74.0,58.0,84.0
2019-10-02,125.0,90.0,154.0,72.0,83.0,48.0,101.0
2019-10-03,180.0,131.0,85.0,97.0,85.0,53.0,115.0
2019-10-04,154.0,108.0,128.0,92.0,85.0,84.0,112.0
2019-10-05,146.0,112.0,191.0,94.0,77.0,83.0,108.0
2019-10-06,155.0,137.0,104.0,77.0,215.0,91.0,115.0
2019-10-07,163.0,134.0,112.0,94.0,69.0,106.0,171.0
2019-10-08,145.0,118.0,100.0,73.0,71.0,120.0,182.0
2019-10-09,182.0,147.0,88.0,88.0,80.0,168.0,196.0
2019-10-10,229.0,157.0,112.0,360.0,96.0,127.0,144.0
2019-10-11,307.0,170.0,111.0,117.0,86.0,133.0,116.0
2019-10-12,313.0,165.0,114.0,71.0,86.0,158.0,100.0
2019-10-13,335.0,186.0,102.0,53.0,63.0,154.0,105.0
2019-10-14,328.0,197.0,93.0,73.0,55.0,275.0,106.0
2019-10-15,328.0,216.0,96.0,75.0,66.0,216.0,100.0
2019-10-16,339.0,230.0,94.0,67.0,64.0,159.0,107.0
2019-10-17,319.0,206.0,103.0,70.0,68.0,202.0,176.0
2019-10-18,305.0,179.0,105.0,70.0,118.0,185.0,245.0
2019-10-19,195.0,141.0,114.0,72.0,108.0,175.0,186.0
2019-10-20,294.0,184.0,64.0,62.0,98.0,182.0,291.0
2019-10-21,298.0,177.0,103.0,75.0,95.0,250.0,304.0
2019-10-22,296.0,172.0,85.0,80.0,72.0,207.0,319.0
2019-10-23,321.0,194.0,58.0,79.0,102.0,255.0,337.0
2019-10-24,466.0,266.0,59.333333333333336,67.0,115.0,283.0,322.0
2019-10-25,355.0,251.0,60.66666666666667,50.0,81.0,190.0,310.0
2019-10-26,393.0,227.0,62.0,61.0,138.0,155.0,179.0
2019-10-27,464.0,278.0,74.0,84.0,328.0,199.0,190.0
2019-10-28,475.0,410.0,88.0,80.0,243.0,384.0,318.0
2019-10-29,586.0,393.0,74.0,75.0,91.0,366.0,322.0
2019-10-30,612.0,401.0,65.0,84.0,59.0,327.0,305.0
2019-10-31,663.0,405.0,46.0,79.0,76.0,349.0,334.0
2019-11-01,777.0,534.0,60.0,64.0,77.0,387.0,368.0
2019-11-02,611.0,417.0,64.0,78.0,78.0,408.0,454.0
2019-11-03,708.0,619.0,94.0,87.0,94.0,381.0,429.0
2019-11-04,657.0,451.0,127.0,86.0,219.0,370.0,498.0
2019-11-05,436.0,342.0,250.0,103.0,269.0,420.0,475.0
2019-11-06,317.0,224.0,298.0,96.0,218.0,308.0,367.0
2019-11-07,327.0,267.0,238.0,96.0,277.0,335.0,347.0
2019-11-08,388.0,336.0,248.0,91.0,308.0,354.0,352.0
2019-11-09,336.0,314.0,128.0,80.0,246.0,314.0,356.0
2019-11-10,365.0,323.0,95.0,79.0,245.0,223.0,322.0
2019-11-11,428.0,348.0,122.0,82.0,246.0,212.0,314.0
2019-11-12,554.0,419.0,137.0,79.0,76.0,304.0,317.0
2019-11-13,581.0,508.0,99.0,72.0,61.0,342.0,363.0
2019-11-14,607.0,509.0,63.0,70.0,48.0,382.0,336.0
2019-11-15,641.0,595.0,81.0,74.0,44.0,328.0,346.0
2019-11-16,443.0,434.0,87.0,80.0,62.0,304.0,322.0
2019-11-17,276.0,254.0,71.0,70.0,107.0,223.0,321.0
2019-11-18,291.0,191.0,66.0,72.0,85.0,127.0,228.0
2019-11-19,311.0,225.0,99.0,80.0,57.0,111.0,317.0
2019-11-20,350.0,287.0,107.0,74.0,60.0,227.0,330.0
2019-11-21,550.0,337.0,155.0,78.0,55.0,309.0,354.0
2019-11-22,482.0,342.0,143.0,78.0,67.0,306.0,332.0
2019-11-23,363.0,323.0,160.0,68.0,79.0,304.0,333.0
2019-11-24,308.0,228.0,106.0,72.0,169.0,235.0,320.0
2019-11-25,271.0,220.0,142.0,76.0,107.0,211.0,319.0
2019-11-26,297.0,295.0,149.0,72.0,87.0,321.0,384.0
2019-11-27,157.0,142.0,156.0,74.0,75.0,346.0,405.0
2019-11-28,139.0,102.0,126.0,80.0,72.0,346.0,416.0
2019-11-29,126.0,84.0,69.0,68.0,54.0,259.0,310.0
2019-11-30,154.0,141.0,58.0,68.0,56.5,127.0,236.0
2019-12-01,305.0,208.0,45.0,69.0,59.0,171.0,224.0
2019-12-02,324.0,270.0,45.0,68.0,61.5,195.0,244.0
2019-12-03,329.0,249.0,54.0,70.0,64.0,223.0,305.0
2019-12-04,344.0,267.0,72.0,69.0,47.0,233.0,307.0
2019-12-05,483.0,332.0,110.0,77.0,68.0,326.0,337.0
2019-12-06,436.0,386.0,160.0,95.0,81.0,338.0,369.0
2019-12-07,401.0,366.0,91.0,96.0,58.0,317.0,325.0
2019-12-08,541.0,378.0,53.0,71.0,67.0,318.0,360.0
2019-12-09,424.0,349.0,52.0,78.0,55.0,249.0,327.0
2019-12-10,439.0,357.0,61.0,82.0,45.0,259.0,312.0
2019-12-11,477.0,402.0,74.0,76.0,75.0,320.0,368.0
2019-12-12,555.0,409.0,81.0,81.0,60.0,314.0,355.0
2019-12-13,338.0,288.0,67.0,71.0,52.0,297.0,334.0
2019-12-14,231.0,134.0,73.0,71.0,79.0,118.0,135.0
2019-12-15,261.0,173.0,49.0,60.0,76.0,106.0,129.0
2019-12-16,291.0,157.0,66.0,69.0,63.0,109.0,120.0
2019-12-17,295.0,127.0,76.0,61.0,62.0,111.0,153.0
2019-12-18,319.0,241.0,84.0,76.0,105.0,96.0,168.0
2019-12-19,386.0,346.0,118.0,80.0,81.0,144.0,282.0
2019-12-20,571.0,392.0,127.0,85.0,93.0,245.0,345.0
2019-12-21,577.0,379.0,95.0,90.0,135.0,326.0,405.0
2019-12-22,379.0,320.0,96.0,84.0,123.0,324.0,416.0
2019-12-23,337.0,273.0,92.0,82.0,85.0,270.0,344.0
2019-12-24,409.0,359.0,107.0,85.0,98.0,287.0,346.0
2019-12-25,421.0,353.0,75.0,79.0,77.0,266.0,337.0
2019-12-26,353.0,317.0,85.0,87.0,103.0,301.0,358.0
2019-12-27,397.0,333.0,97.0,85.0,74.0,293.0,323.0
2019-12-28,477.0,417.0,94.0,74.0,64.0,312.0,386.0
2019-12-29,483.0,510.0,93.0,69.0,100.0,302.0,333.0
2019-12-30,512.0,550.0,92.0,71.0,87.0,306.0,295.0
2019-12-31,428.0,372.0,97.0,86.0,75.0,340.0,319.0
2020-01-01,497.0,546.0,99.33333333333331,84.0,63.0,413.0,456.0
2020-01-02,476.0,534.0,101.66666666666666,76.0,56.0,352.0,381.0
2020-01-03,530.0,419.0,104.0,84.0,111.0,287.0,256.0
2020-01-04,490.0,321.0,120.0,92.0,73.0,302.0,218.0
2020-01-05,368.0,305.0,121.0,112.0,77.0,264.0,218.0
2020-01-06,345.0,295.0,96.0,78.0,73.0,192.0,291.0
2020-01-07,317.0,185.0,83.0,73.0,41.0,257.0,288.0
2020-01-08,319.0,174.0,97.0,82.0,63.0,402.0,313.0
2020-01-09,313.0,170.0,111.0,88.0,76.0,269.0,128.0
2020-01-10,298.0,202.0,108.0,89.0,72.0,116.0,222.0
2020-01-11,323.0,286.0,88.0,66.0,58.0,210.0,344.0
2020-01-12,372.0,333.0,101.0,77.0,69.0,323.0,398.0
2020-01-13,421.0,372.0,132.0,100.0,104.0,316.0,411.0
2020-01-14,367.0,263.0,144.0,124.0,220.0,211.0,340.0
2020-01-15,272.0,181.0,133.0,105.0,165.0,304.0,350.0
2020-01-16,317.0,234.0,116.0,80.0,63.0,349.0,292.0
2020-01-17,311.0,240.0,150.0,95.0,45.0,96.0,191.0
2020-01-18,277.0,213.0,84.0,82.0,64.0,141.0,209.0
2020-01-19,334.0,259.0,49.0,58.0,68.0,99.0,252.0
2020-01-20,324.0,224.0,81.0,80.0,57.0,144.0,294.0
2020-01-21,382.0,323.0,118.0,76.0,62.0,218.0,322.0
2020-01-22,402.0,352.0,149.0,77.0,77.0,324.0,386.0
2020-01-23,300.0,207.0,134.0,71.0,101.0,210.0,323.0
2020-01-24,158.0,122.0,288.0,83.0,102.0,96.0,229.0
2020-01-25,273.0,207.0,160.0,85.0,98.0,204.0,320.0
2020-01-26,447.0,326.0,115.0,85.0,87.0,270.0,345.0
2020-01-27,498.0,337.0,142.0,91.0,76.0,320.0,329.0
2020-01-28,319.0,257.0,163.0,93.0,98.0,312.0,338.0
2020-01-29,228.0,154.0,138.0,96.0,85.0,279.0,318.0
2020-01-30,172.0,102.0,141.0,99.0,73.0,174.0,194.0
2020-01-31,186.0,145.0,134.0,94.0,78.0,161.0,174.0
2020-02-01,271.0,194.0,107.0,100.0,77.0,164.0,328.0
2020-02-02,286.0,209.0,113.0,83.0,65.0,151.0,292.0
2020-02-03,320.0,233.0,97.0,70.0,62.0,118.0,328.0
2020-02-04,379.0,329.0,107.0,74.0,61.0,211.0,345.0
2020-02-05,313.0,332.0,98.0,84.0,79.0,256.0,335.0
2020-02-06,297.0,228.0,100.0,88.0,82.0,192.0,304.0
2020-02-07,334.0,280.0,115.0,91.0,78.0,248.0,334.0
2020-02-08,323.0,298.0,136.0,98.0,62.0,192.0,326.0
2020-02-09,317.0,295.0,114.0,83.0,59.0,238.0,333.0
2020-02-10,334.0,313.0,133.0,69.0,58.0,259.0,338.0
2020-02-11,371.0,329.0,151.0,69.0,66.0,257.0,334.0
2020-02-12,347.0,329.0,106.0,70.0,76.0,216.0,335.0
2020-02-13,291.0,242.0,98.0,76.0,99.0,216.0,328.0
2020-02-14,197.0,171.0,134.0,89.0,113.0,170.0,305.0
2020-02-15,236.5,179.0,159.0,87.0,150.0,337.0,286.0
2020-02-16,276.0,185.0,154.0,85.0,91.0,141.0,304.0
2020-02-17,344.0,308.0,146.0,79.0,68.0,252.0,351.0
2020-02-18,310.0,261.0,136.0,94.0,92.0,173.0,325.0
2020-02-19,385.0,258.0,237.0,88.0,85.0,132.0,320.0
2020-02-20,260.0,177.0,180.5,89.0,75.0,172.0,304.0
2020-02-21,186.0,145.0,124.0,76.0,73.0,153.0,256.0
2020-02-22,109.0,91.0,75.0,67.0,64.0,92.0,117.0
2020-02-23,252.0,167.0,77.0,68.0,65.0,100.0,269.0
2020-02-24,178.0,126.0,96.0,70.0,69.0,156.0,330.0
2020-02-25,169.0,190.0,129.0,90.0,83.0,107.0,178.0
2020-02-26,273.0,267.0,187.0,84.0,89.0,106.0,101.0
2020-02-27,255.0,237.0,269.0,78.0,83.0,82.0,108.0
2020-02-28,177.0,140.0,105.0,90.0,69.0,102.0,164.0
2020-02-29,129.0,115.0,93.0,86.0,76.0,105.0,221.0
2020-03-01,104.0,85.0,294.0,82.0,94.0,102.0,251.0
2020-03-02,258.0,143.0,262.75,80.0,70.0,97.0,276.0
2020-03-03,275.0,163.0,231.5,117.0,95.0,95.0,202.0
2020-03-04,197.0,154.0,200.25,118.0,79.0,128.0,293.0
2020-03-05,165.0,95.0,169.0,105.0,79.0,98.0,214.0
2020-03-06,105.0,82.0,144.0,87.0,78.0,73.0,122.0
2020-03-07,89.0,90.0,111.0,88.0,87.0,72.0,66.0
2020-03-08,191.0,124.0,106.0,83.0,54.0,79.0,116.0
2020-03-09,173.0,114.0,136.0,72.0,98.0,65.0,293.0
2020-03-10,239.0,145.0,98.0,81.0,76.0,104.0,267.0
2020-03-11,183.0,108.0,115.0,83.0,92.0,114.0,257.0
2020-03-12,127.0,107.0,134.0,76.0,62.0,92.0,188.0
2020-03-13,185.0,147.0,101.0,79.0,62.0,64.0,130.0
2020-03-14,162.0,117.0,95.0,83.0,67.0,67.0,91.0
2020-03-15,122.0,97.0,81.0,73.0,101.0,79.0,148.0
2020-03-16,139.0,117.0,78.0,68.0,62.0,72.0,108.0
2020-03-17,189.0,126.0,80.0,69.0,65.0,89.0,162.0
2020-03-18,151.0,134.0,76.0,70.0,112.0,96.0,212.0
2020-03-19,212.0,142.0,92.0,78.0,106.0,92.0,304.0
2020-03-20,270.0,147.0,112.0,90.0,130.0,202.0,369.0
2020-03-21,252.0,144.0,100.0,85.0,84.0,162.0,274.0
2020-03-22,249.0,143.0,106.0,84.0,54.0,63.0,103.0
2020-03-23,137.0,96.0,66.0,81.0,61.0,77.0,135.0
2020-03-24,174.0,109.0,216.0,101.0,46.0,108.0,252.0
2020-03-25,76.0,76.0,118.0,71.0,37.0,161.0,270.0
2020-03-26,77.0,69.0,82.0,59.0,47.0,75.0,119.0
2020-03-27,81.0,76.0,101.0,58.0,60.0,67.0,94.0
2020-03-28,68.0,74.0,140.0,59.0,42.0,54.0,85.0
2020-03-29,76.0,68.0,131.0,54.0,44.0,51.0,67.0
2020-03-30,89.0,68.0,140.0,64.0,40.0,52.0,73.0
2020-03-31,91.0,65.0,138.0,61.0,40.0,56.0,94.0
2020-04-01,86.0,66.0,95.0,60.0,44.0,72.0,136.0
2020-04-02,95.0,65.0,123.0,62.0,41.0,80.0,139.0
2020-04-03,104.0,65.0,111.0,72.0,43.0,50.0,96.0
2020-04-04,133.0,75.0,88.0,77.0,43.0,49.0,93.0
2020-04-05,116.0,96.0,98.0,71.0,39.0,51.0,119.0
2020-04-06,136.0,106.0,68.0,62.0,33.0,47.0,135.0
2020-04-07,,92.0,93.0,69.0,32.0,48.0,97.0
2020-04-08,,92.0,106.0,52.0,35.0,60.0,85.0
2020-04-09,,74.0,85.0,52.0,34.0,54.0,133.0
2020-04-10,,101.0,82.0,86.0,113.0,50.0,90.0
2020-04-11,,121.0,102.0,76.0,41.0,65.0,124.0
2020-04-12,,94.0,83.0,68.0,33.0,72.0,173.0
2020-04-13,,117.0,127.0,61.0,40.0,69.0,90.0
2020-04-14,,124.0,130.0,70.0,39.0,168.0,179.0
2020-04-15,,185.0,122.0,78.0,35.0,95.0,200.0
2020-04-16,,175.0,124.0,65.0,63.0,116.0,244.0
2020-04-17,,117.0,105.0,61.0,43.0,272.0,262.0
2020-04-18,,83.0,145.0,68.0,31.0,132.0,192.0
2020-04-19,,92.0,109.0,64.0,34.0,177.0,88.0
2020-04-20,159.0,143.0,67.0,70.0,33.0,76.0,68.0
2020-04-21,129.0,141.0,122.0,72.0,33.0,103.0,58.0
2020-04-22,149.0,97.0,121.0,67.0,38.0,91.0,77.0
2020-04-23,140.0,91.0,54.0,92.0,39.0,110.0,125.0
2020-04-24,143.0,144.0,62.0,83.0,33.0,50.0,175.0
2020-04-25,147.0,98.0,74.33333333333333,62.0,32.0,88.0,148.0
2020-04-26,128.0,163.0,86.66666666666666,70.0,44.0,75.0,103.0
2020-04-27,122.0,140.0,99.0,57.0,33.0,77.0,59.0
2020-04-28,115.0,154.0,134.0,62.0,35.0,55.0,67.0
2020-04-29,116.0,134.0,68.0,57.0,42.0,76.0,70.0
2020-04-30,105.0,92.0,72.0,58.0,45.0,70.0,87.0
2020-05-01,,96.0,72.0,72.0,49.0,70.0,87.0
2020-05-02,,87.0,98.0,98.0,25.0,79.0,58.0
2020-05-03,,73.0,126.0,,47.0,67.0,60.0
2020-05-04,,55.0,146.0,,40.0,69.0,78.0
2020-05-05,,69.0,128.0,,88.0,83.0,79.0
2020-05-06,,100.0,138.0,,76.0,52.0,56.0
2020-05-07,,176.0,146.0,,55.0,75.0,59.0
2020-05-08,,202.0,92.0,,59.0,54.0,101.0
2020-05-09,,95.0,98.0,,37.0,54.0,146.0
2020-05-10,,89.0,114.0,,38.0,61.0,177.0
2020-05-11,,84.0,135.0,,39.0,58.0,341.0
2020-05-12,,87.0,93.0,80.0,40.0,56.0,197.0
2020-05-13,,89.0,116.0,62.0,55.0,69.0,257.0
2020-05-14,,94.0,88.0,72.0,60.0,75.0,139.0
2020-05-15,,94.0,123.0,83.0,45.0,75.0,207.0
2020-05-16,199.0,102.0,146.0,71.0,43.0,82.0,190.0
2020-05-17,216.0,112.0,86.0,69.0,44.0,56.0,126.0
2020-05-18,235.0,127.0,102.0,54.0,36.0,58.0,184.0
2020-05-19,267.0,158.0,111.0,82.0,51.0,60.0,156.0
2020-05-20,248.0,116.0,139.0,76.0,58.0,287.0,233.0
2020-05-21,183.0,103.0,118.0,65.0,79.0,106.0,190.0
2020-05-22,237.0,123.0,106.0,68.0,99.0,97.0,221.0
2020-05-23,291.0,128.0,108.0,60.0,33.0,87.0,249.0
2020-05-24,225.0,123.0,63.0,61.0,41.0,94.0,191.0
2020-05-25,222.0,109.0,90.0,60.0,44.0,92.0,279.0
2020-05-26,160.0,113.0,52.0,64.0,39.0,95.0,236.0
2020-05-27,223.0,114.0,137.0,74.0,38.0,97.0,332.0
2020-05-28,199.0,132.0,,62.0,39.0,79.0,215.0
2020-05-29,144.0,99.0,,69.0,79.0,75.0,73.0
2020-05-30,140.0,51.0,,105.0,116.0,87.0,89.0
2020-05-31,153.0,44.0,,67.0,82.0,82.0,69.0
2020-06-01,226.0,63.0,,49.0,112.0,91.0,79.0
2020-06-02,186.0,98.0,,45.0,77.0,80.0,115.0
2020-06-03,224.0,88.0,,41.0,55.0,80.0,122.0
2020-06-04,221.0,101.0,,45.0,122.0,86.0,163.0
2020-06-05,196.0,85.0,,42.0,61.0,87.0,76.0
2020-06-06,152.0,66.0,,47.0,65.0,127.0,56.0
2020-06-07,150.0,70.0,,57.0,185.0,71.0,57.0
2020-06-08,191.0,83.0,,50.0,47.0,75.0,86.0
2020-06-09,207.0,109.0,,51.0,78.0,104.0,176.0
2020-06-10,225.0,114.0,,54.0,69.0,116.0,253.0
2020-06-11,170.0,104.0,,61.0,131.0,115.0,226.0
2020-06-12,199.0,120.0,,42.0,398.0,124.0,209.0
2020-06-13,170.0,109.0,,45.0,177.0,80.0,143.0
2020-06-14,265.0,122.0,,50.0,74.0,76.0,116.0
2020-06-15,169.0,98.0,,57.0,51.0,80.0,84.0
2020-06-16,154.0,98.0,,81.0,57.0,77.0,73.0
2020-06-17,134.0,91.0,,56.0,55.0,70.0,60.0
2020-06-18,150.0,72.0,,56.0,166.0,85.0,69.0
2020-06-19,174.0,110.0,,66.0,159.0,80.0,64.0
2020-06-20,197.0,140.0,,53.0,331.0,85.0,64.0
2020-06-21,145.0,90.0,,51.0,277.0,72.0,56.0
2020-06-22,144.0,76.0,,40.0,131.0,75.0,56.0
2020-06-23,101.0,62.0,,53.0,162.0,81.0,56.0
2020-06-24,69.0,49.0,,61.0,143.0,88.0,73.0
2020-06-25,114.0,63.0,,55.0,130.0,69.0,186.0
2020-06-26,147.0,86.0,,71.0,92.0,70.0,99.0
2020-06-27,134.0,90.0,81.0,59.0,88.0,80.0,74.0
2020-06-28,165.0,155.0,121.0,62.0,109.0,87.0,66.0
2020-06-29,182.0,182.0,175.0,51.0,142.0,49.0,73.0
2020-06-30,126.0,89.0,176.0,52.0,171.0,54.0,61.0
2020-07-01,157.0,73.0,44.0,64.0,94.0,68.0,66.0
