Date,DL002,DL031
2015-01-01,,
2015-01-02,,
2015-01-03,,
2015-01-04,,
2015-01-05,,
2015-01-06,,
2015-01-07,,
2015-01-08,,
2015-01-09,,
2015-01-10,,
2015-01-11,,
2015-01-12,,
2015-01-13,,
2015-01-14,,
2015-01-15,,
2015-01-16,,
2015-01-17,,
2015-01-18,,
2015-01-19,,
2015-01-20,,
2015-01-21,,
2015-01-22,,
2015-01-23,,
2015-01-24,,
2015-01-25,,
2015-01-26,,
2015-01-27,,
2015-01-28,,
2015-01-29,,
2015-01-30,,
2015-01-31,,
2015-02-01,,
2015-02-02,,
2015-02-03,,
2015-02-04,,
2015-02-05,,
2015-02-06,,
2015-02-07,,
2015-02-08,,
2015-02-09,,
2015-02-10,,
2015-02-11,,
2015-02-12,,
2015-02-13,,
2015-02-14,,
2015-02-15,,
2015-02-16,,
2015-02-17,,
2015-02-18,,
2015-02-19,,
2015-02-20,,
2015-02-21,,
2015-02-22,,
2015-02-23,,
2015-02-24,,
2015-02-25,,
2015-02-26,,
2015-02-27,,
2015-02-28,,
2015-03-01,,
2015-03-02,,
2015-03-03,,
2015-03-04,,
2015-03-05,,
2015-03-06,,
2015-03-07,,
2015-03-08,,
2015-03-09,,
2015-03-10,,
2015-03-11,,
2015-03-12,,
2015-03-13,,
2015-03-14,,
2015-03-15,,
2015-03-16,,
2015-03-17,,
2015-03-18,,
2015-03-19,,
2015-03-20,,
2015-03-21,,
2015-03-22,,
2015-03-23,,
2015-03-24,,
2015-03-25,,
2015-03-26,,
2015-03-27,,
2015-03-28,,
2015-03-29,,
2015-03-30,,
2015-03-31,,
2015-04-01,,
2015-04-02,,
2015-04-03,,
2015-04-04,167.88,76.74
2015-04-05,243.36,112.95
2015-04-06,296.295,125.83
2015-04-07,349.23,138.71
2015-04-08,402.165,151.59
2015-04-09,455.1,164.47
2015-04-10,430.46,223.94
2015-04-11,577.43,243.95
2015-04-12,366.32,112.76
2015-04-13,155.21,117.85
2015-04-14,206.07,128.98
2015-04-15,475.48,180.04
2015-04-16,327.73,115.72
2015-04-17,437.15,170.89
2015-04-18,511.4,290.84
2015-04-19,679.28,308.13
2015-04-20,552.66,373.64
2015-04-21,634.03,365.67
2015-04-22,652.38,280.65
2015-04-23,574.72,292.48
2015-04-24,597.97,302.62
2015-04-25,590.23,380.35
2015-04-26,362.98,213.09
2015-04-27,278.02,209.24
2015-04-28,209.55,168.01
2015-04-29,207.28,141.49
2015-04-30,264.31,176.17
2015-05-01,252.85,173.64
2015-05-02,320.45,159.64
2015-05-03,497.91,256.46
2015-05-04,548.99,242.44
2015-05-05,619.08,316.96
2015-05-06,595.56,367.75
2015-05-07,632.51,305.91
2015-05-08,582.36,327.7
2015-05-09,534.29,291.68
2015-05-10,530.18,293.01
2015-05-11,523.38,380.19
2015-05-12,411.12,361.96
2015-05-13,258.16,169.61
2015-05-14,450.14,158.15
2015-05-15,496.25,225.43
2015-05-16,356.07,164.53
2015-05-17,290.28,202.05
2015-05-18,282.01,176.65
2015-05-19,433.15,245.26
2015-05-20,366.26,150.18
2015-05-21,593.19,282.58
2015-05-22,479.62,207.11
2015-05-23,591.71,279.67
2015-05-24,402.19,274.77
2015-05-25,554.32,399.47
2015-05-26,617.07,328.76
2015-05-27,405.89,248.79
2015-05-28,707.87,538.31
2015-05-29,425.83,309.12
2015-05-30,564.45,249.75
2015-05-31,429.9450000000001,331.52
2015-06-01,295.44,210.45
2015-06-02,226.02,97.95
2015-06-03,231.96,140.03
2015-06-04,265.66,172.97
2015-06-05,288.5433333333333,220.59
2015-06-06,311.4266666666667,177.98
2015-06-07,334.31,233.45
2015-06-08,450.93,135.53
2015-06-09,568.86,326.96
2015-06-10,410.31,179.11
2015-06-11,469.13,370.99
2015-06-12,527.95,187.55
2015-06-13,276.36,164.08
2015-06-14,170.55,118.84
2015-06-15,429.27,186.12
2015-06-16,566.69,222.12
2015-06-17,488.33,252.88
2015-06-18,456.64,255.4
2015-06-19,308.9,227.86
2015-06-20,319.19,166.74
2015-06-21,118.88,97.57
2015-06-22,185.43,113.43
2015-06-23,230.94,156.29
2015-06-24,310.98,202.47
2015-06-25,92.76,66.57
2015-06-26,361.03,149.82
2015-06-27,390.45,175.59
2015-06-28,413.23,198.35
2015-06-29,132.12,98.59
2015-06-30,179.03,106.67
2015-07-01,217.07,132.94
2015-07-02,363.52,146.54
2015-07-03,408.93,226.22
2015-07-04,329.88,222.42
2015-07-05,679.92,522.0
2015-07-06,192.27,169.42
2015-07-07,107.17,79.63
2015-07-08,211.8,97.67
2015-07-09,215.59,94.07
2015-07-10,164.39,61.71
2015-07-11,51.65,39.38
2015-07-12,223.17666666666668,36.05
2015-07-13,394.7033333333334,69.51
2015-07-14,566.23,100.78
2015-07-15,559.94,190.14
2015-07-16,482.14,210.21
2015-07-17,239.98,137.57
2015-07-18,309.25,114.44
2015-07-19,323.36,122.27
2015-07-20,257.7,79.36
2015-07-21,127.8,70.68
2015-07-22,155.58,65.99
2015-07-23,131.79,81.28
2015-07-24,160.9,89.33
2015-07-25,163.17,85.52
2015-07-26,186.47,59.95
2015-07-27,101.42,39.91
2015-07-28,94.15,44.9
2015-07-29,107.32,49.44
2015-07-30,141.57,41.95
2015-07-31,306.21,78.4
2015-08-01,299.5,87.03
2015-08-02,295.34,91.92
2015-08-03,380.99,104.25
2015-08-04,321.73,100.81
2015-08-05,207.02,99.68
2015-08-06,262.75,87.01
2015-08-07,368.84,100.61
2015-08-08,280.94,118.44
2015-08-09,210.75,88.74
2015-08-10,284.77,132.95
2015-08-11,269.95,99.25
2015-08-12,129.99,86.57
2015-08-13,244.09,121.1
2015-08-14,326.77,111.42
2015-08-15,180.76,66.46
2015-08-16,168.98,74.85
2015-08-17,289.1,102.41
2015-08-18,305.67,95.54
2015-08-19,544.83,67.76
2015-08-20,627.24,117.3
2015-08-21,440.37,173.89
2015-08-22,198.44,194.73
2015-08-23,286.74,117.84
2015-08-24,199.51,94.76
2015-08-25,587.68,138.81
2015-08-26,604.67,143.79
2015-08-27,662.98,171.07
2015-08-28,370.29,181.58
2015-08-29,597.6,130.6
2015-08-30,510.48,136.63
2015-08-31,492.83,167.29
2015-09-01,644.66,277.17
2015-09-02,663.33,340.6
2015-09-03,555.15,299.17
2015-09-04,619.01,241.86
2015-09-05,580.04,197.14
2015-09-06,445.79,192.585
2015-09-07,415.82,188.03
2015-09-08,527.47,222.95
2015-09-09,416.2,184.21
2015-09-10,405.34,170.45
2015-09-11,399.3,154.62
2015-09-12,345.5,182.24
2015-09-13,364.05,265.0
2015-09-14,430.08,249.65
2015-09-15,392.28,230.37
2015-09-16,342.51,190.91
2015-09-17,495.88,254.71
2015-09-18,269.84,130.23
2015-09-19,281.09,109.12
2015-09-20,346.79,105.66
2015-09-21,293.88,68.91
2015-09-22,136.9,66.64
2015-09-23,358.02,55.49
2015-09-24,578.55,144.7
2015-09-25,614.52,191.55
2015-09-26,674.31,210.72
2015-09-27,630.65,209.46
2015-09-28,446.93,162.97
2015-09-29,389.03,155.27
2015-09-30,345.1,133.21
2015-10-01,447.51,181.18
2015-10-02,478.32,187.04
2015-10-03,542.68,250.95
2015-10-04,645.85,277.14
2015-10-05,724.45,310.93
2015-10-06,742.58,285.41
2015-10-07,562.98,263.73
2015-10-08,609.85,281.57
2015-10-09,653.1,312.82
2015-10-10,850.96,312.09
2015-10-11,647.37,247.19
2015-10-12,628.67,247.59
2015-10-13,326.76,242.22
2015-10-14,286.34,181.19
2015-10-15,440.37,211.94
2015-10-16,627.95,254.33
2015-10-17,586.755,284.015
2015-10-18,545.56,313.7
2015-10-19,664.99,312.92
2015-10-20,757.55,330.71
2015-10-21,536.84,336.29
2015-10-22,534.15,334.525
2015-10-23,554.67,332.76
2015-10-24,599.55,362.51
2015-10-25,477.96,301.1
2015-10-26,395.53,254.42
2015-10-27,548.43,236.61
2015-10-28,527.09,255.11
2015-10-29,353.75,222.15
2015-10-30,331.31,163.1
2015-10-31,475.215,305.45
2015-11-01,619.12,447.8
2015-11-02,591.42,391.09
2015-11-03,600.55,425.98
2015-11-04,609.25,456.13
2015-11-05,373.25,249.29
2015-11-06,471.26,247.56
2015-11-07,842.17,503.58
2015-11-08,620.89,367.82
2015-11-09,620.68,373.02
2015-11-10,767.3,487.36
2015-11-11,651.24,426.91
2015-11-12,648.61,376.44
2015-11-13,853.08,476.98
2015-11-14,729.94,371.35
2015-11-15,709.43,395.96
2015-11-16,623.09,399.42
2015-11-17,482.24,520.06
2015-11-18,679.39,431.18
2015-11-19,660.15,494.12
2015-11-20,676.26,560.09
2015-11-21,849.12,512.36
2015-11-22,860.68,470.76
2015-11-23,769.67,557.34
2015-11-24,857.92,550.28
2015-11-25,625.55,317.47
2015-11-26,639.88,380.63
2015-11-27,680.48,399.54
2015-11-28,422.98,325.24
2015-11-29,727.74,504.94
2015-11-30,649.22,510.46
2015-12-01,626.9,358.22
2015-12-02,700.2,422.19
2015-12-03,683.4,437.44
2015-12-04,621.11,387.61
2015-12-05,829.01,498.66
2015-12-06,685.75,555.97
2015-12-07,605.62,450.19
2015-12-08,757.51,514.65
2015-12-09,485.03,395.52
2015-12-10,521.52,412.19
2015-12-11,596.54,465.69
2015-12-12,601.71,360.28
2015-12-13,658.8,285.9
2015-12-14,645.81,345.16
2015-12-15,,
2015-12-16,,
2015-12-17,,
2015-12-18,,
2015-12-19,,
2015-12-20,,
2015-12-21,,
2015-12-22,853.0,568.87
2015-12-23,839.98,618.58
2015-12-24,591.46,370.74
2015-12-25,517.7,287.62
2015-12-26,535.98,356.16
2015-12-27,559.71,393.74
2015-12-28,522.51,312.59
2015-12-29,510.91,338.55
2015-12-30,657.72,408.81
2015-12-31,644.14,411.99
2016-01-01,718.49,565.04
2016-01-02,595.1,428.55
2016-01-03,661.93,525.16
2016-01-04,695.99,638.1
2016-01-05,746.08,540.03
2016-01-06,731.53,541.52
2016-01-07,747.88,613.15
2016-01-08,734.3,501.92
2016-01-09,466.57,329.67
2016-01-10,536.87,317.58
2016-01-11,660.12,456.66
2016-01-12,579.66,371.32
2016-01-13,518.02,409.97
2016-01-14,476.0,344.99
2016-01-15,358.58,273.42
2016-01-16,300.42,260.66
2016-01-17,357.2,282.76
2016-01-18,681.86,458.24
2016-01-19,560.33,423.55
2016-01-20,542.19,416.76
2016-01-21,417.91,377.98
2016-01-22,469.71,469.0
2016-01-23,548.51,560.19
2016-01-24,598.91,419.19
2016-01-25,504.55,374.92
2016-01-26,557.44,479.44
2016-01-27,546.28,396.27
2016-01-28,652.71,470.47
2016-01-29,765.51,522.18
2016-01-30,584.93,469.88
2016-01-31,504.4425,373.05
2016-02-01,423.955,267.75
2016-02-02,343.4675000000001,344.68
2016-02-03,262.98,404.86
2016-02-04,360.22,350.73
2016-02-05,462.65,461.54
2016-02-06,481.82,373.35
2016-02-07,258.29,280.58
2016-02-08,211.82,218.78
2016-02-09,259.76,330.44
2016-02-10,331.52,435.44
2016-02-11,285.87,363.75
2016-02-12,334.92,372.76
2016-02-13,318.35,299.91
2016-02-14,215.07,215.14
2016-02-15,203.74,303.47
2016-02-16,189.63,289.98
2016-02-17,210.04,307.99
2016-02-18,194.93,277.13
2016-02-19,293.02,332.42
2016-02-20,277.97,245.36
2016-02-21,274.32,138.15
2016-02-22,126.58,172.75
2016-02-23,237.5,283.79
2016-02-24,348.42,394.31
2016-02-25,290.39,294.44
2016-02-26,,310.56
2016-02-27,,385.52
2016-02-28,,242.32
2016-02-29,,241.64
2016-03-01,409.0,293.67
2016-03-02,428.17,259.41
2016-03-03,308.34,322.75
2016-03-04,453.0,267.81
2016-03-05,309.165,203.25
2016-03-06,165.33,85.58
2016-03-07,191.61,202.84
2016-03-08,168.76,162.58
2016-03-09,247.92,196.28
2016-03-10,451.76,278.01
2016-03-11,,407.0
2016-03-12,,315.5366666666667
2016-03-13,,224.07333333333335
2016-03-14,,132.61
2016-03-15,,195.37
2016-03-16,277.61,132.82
2016-03-17,194.7,160.56
2016-03-18,210.18666666666667,190.57
2016-03-19,225.67333333333332,273.32
2016-03-20,241.16,216.94
2016-03-21,213.24,137.13
2016-03-22,301.69,134.75
2016-03-23,257.92,170.24
2016-03-24,270.425,334.75
2016-03-25,282.93,279.65
2016-03-26,226.03,158.77
2016-03-27,215.98,111.1
2016-03-28,205.93,124.12
2016-03-29,231.5,183.14
2016-03-30,224.3,218.43
2016-03-31,244.26,306.96
2016-04-01,264.22,293.95
2016-04-02,284.17999999999995,280.94
2016-04-03,304.14,267.93
2016-04-04,507.57,236.03
2016-04-05,365.005,174.11
2016-04-06,222.44,206.36
2016-04-07,376.4,282.96
2016-04-08,218.45,167.83
2016-04-09,311.85,284.34
2016-04-10,162.52,187.1
2016-04-11,298.97,266.49
2016-04-12,297.7,239.53
2016-04-13,326.14,328.74
2016-04-14,303.0,324.58
2016-04-15,413.12,320.87
2016-04-16,407.54,326.86
2016-04-17,401.96,332.85
2016-04-18,340.82,278.06
2016-04-19,374.6,382.83
2016-04-20,435.87,358.55
2016-04-21,407.01,363.31
2016-04-22,366.91333333333336,302.17
2016-04-23,326.8166666666667,256.44
2016-04-24,286.72,328.72
2016-04-25,369.26,286.54
2016-04-26,517.78,381.92
2016-04-27,803.52,425.06
2016-04-28,598.79,475.82
2016-04-29,657.51,420.46
2016-04-30,618.4875,416.2575
2016-05-01,579.4649999999999,412.055
2016-05-02,540.4424999999999,407.8525
2016-05-03,501.42,403.65
2016-05-04,432.65,371.83
2016-05-05,349.71,169.11
2016-05-06,300.66,125.76
2016-05-07,404.47,178.23
2016-05-08,361.23,230.2
2016-05-09,280.53,181.36
2016-05-10,325.86,171.24
2016-05-11,197.4,113.81
2016-05-12,470.9,166.86
2016-05-13,537.52,218.4
2016-05-14,499.71,248.86
2016-05-15,586.14,311.1
2016-05-16,539.1,215.15
2016-05-17,514.58,252.94
2016-05-18,522.56,301.4
2016-05-19,356.73,266.54
2016-05-20,306.97,231.98
2016-05-21,410.6,314.56
2016-05-22,,234.06
2016-05-23,,215.13
2016-05-24,,142.07
2016-05-25,,321.54
2016-05-26,,422.67
2016-05-27,,551.71
2016-05-28,,432.03
2016-05-29,,214.94
2016-05-30,241.42,127.07
2016-05-31,447.52,188.19
2016-06-01,594.79,191.92
2016-06-02,689.14,245.6
2016-06-03,566.38,330.6
2016-06-04,509.61,291.2
2016-06-05,257.83,188.72
2016-06-06,349.98,237.92
2016-06-07,284.77,164.48
2016-06-08,234.58,172.41
2016-06-09,296.46,247.4
2016-06-10,401.66,300.88
2016-06-11,512.14,192.31
2016-06-12,688.54,208.08
2016-06-13,642.06,389.25
2016-06-14,415.77,185.36
2016-06-15,520.32,363.45
2016-06-16,164.88,143.8
2016-06-17,179.8,166.75
2016-06-18,225.29,175.57
2016-06-19,161.42,113.97
2016-06-20,139.95,99.54
2016-06-21,93.83,70.35
2016-06-22,173.84,178.52
2016-06-23,205.57,115.03
2016-06-24,653.56,390.14
2016-06-25,245.16,230.9
2016-06-26,150.23,191.52
2016-06-27,164.76,152.14
2016-06-28,171.62,97.56
2016-06-29,94.63,89.96
2016-06-30,186.9,104.58
2016-07-01,201.52,80.85
2016-07-02,209.92,61.75
2016-07-03,153.87,109.97
2016-07-04,127.21,88.51
2016-07-05,371.55,130.51
2016-07-06,233.0,160.76
2016-07-07,118.99,100.14
2016-07-08,137.58,130.66
2016-07-09,135.5,108.83
2016-07-10,167.71,79.51
2016-07-11,101.97,88.13
2016-07-12,79.64,79.44
2016-07-13,144.7,123.03
2016-07-14,267.135,55.09
2016-07-15,389.57,75.04
2016-07-16,72.42,62.39
2016-07-17,60.13,44.51
2016-07-18,150.79,72.34
2016-07-19,408.33,128.85
2016-07-20,625.56,169.42
2016-07-21,644.14,166.9
2016-07-22,298.74,164.57
2016-07-23,107.35,105.0
2016-07-24,207.41,177.74
2016-07-25,290.12,180.24
2016-07-26,142.23,112.51
2016-07-27,62.97,72.63
2016-07-28,96.45,63.15
2016-07-29,92.54,85.83
2016-07-30,72.59,44.67
2016-07-31,79.63,86.49
2016-08-01,73.35,51.99
2016-08-02,72.64,69.15
2016-08-03,109.9,67.49
2016-08-04,136.09,86.08
2016-08-05,127.67,87.65
2016-08-06,116.83,75.8
2016-08-07,120.38,73.36
2016-08-08,153.22,62.51
2016-08-09,101.66,80.15
2016-08-10,65.81,71.95
2016-08-11,30.86,48.75
2016-08-12,100.63,123.14
2016-08-13,174.23,68.7
2016-08-14,136.37,80.42
2016-08-15,425.04,106.81
2016-08-16,627.22,114.91
2016-08-17,557.55,149.21
2016-08-18,256.91,94.66
2016-08-19,300.85,116.33
2016-08-20,146.2,93.35
2016-08-21,115.5,53.69
2016-08-22,154.58,63.61
2016-08-23,158.78,82.58
2016-08-24,185.3,85.35
2016-08-25,210.47,63.8
2016-08-26,156.11,100.75
2016-08-27,208.865,89.765
2016-08-28,261.62,78.78
2016-08-29,303.52,72.24
2016-08-30,103.53,75.61
2016-08-31,61.67,63.31
2016-09-01,67.97,52.96
2016-09-02,207.06,95.97
2016-09-03,474.95,114.06
2016-09-04,632.83,124.74
2016-09-05,554.66,120.65
2016-09-06,554.49,138.22
2016-09-07,525.99,152.84
2016-09-08,523.28,151.38
2016-09-09,520.9,149.58
2016-09-10,429.57,118.7
2016-09-11,355.38,99.09
2016-09-12,357.28,131.41
2016-09-13,383.18,128.05
2016-09-14,201.79,98.37
2016-09-15,372.53,154.25
2016-09-16,379.66,136.2
2016-09-17,389.24,176.51
2016-09-18,310.34,173.39
2016-09-19,233.27,165.5
2016-09-20,199.04666666666668,195.43
2016-09-21,164.82333333333335,178.07
2016-09-22,130.6,73.23
2016-09-23,221.51,89.18
2016-09-24,170.78,140.44
2016-09-25,232.91,129.99
2016-09-26,333.66,178.67
2016-09-27,189.67,97.46
2016-09-28,467.11,218.27
2016-09-29,271.81,205.67
2016-09-30,340.71,156.13
2016-10-01,354.54,231.19
2016-10-02,350.37,179.94
2016-10-03,346.9,187.32
2016-10-04,421.82,240.54
2016-10-05,241.69,147.9
2016-10-06,377.84,215.63
2016-10-07,500.95,224.07
2016-10-08,619.57,243.66
2016-10-09,591.98,281.41
2016-10-10,570.99,243.06
2016-10-11,607.45,285.4
2016-10-12,574.61,248.54
2016-10-13,591.71,237.26
2016-10-14,614.65,222.71
2016-10-15,648.87,317.98
2016-10-16,594.86,266.98
2016-10-17,629.87,316.38
2016-10-18,640.0,343.06
2016-10-19,611.66,332.08
2016-10-20,665.71,324.93
2016-10-21,680.1,317.73
2016-10-22,633.85,337.98
2016-10-23,695.26,336.38
2016-10-24,659.47,348.42
2016-10-25,512.63,311.9
2016-10-26,650.74,395.79
2016-10-27,794.7,522.71
2016-10-28,672.14,542.56
2016-10-29,655.49,536.1
2016-10-30,688.37,478.88
2016-10-31,593.76,622.68
2016-11-01,729.86,570.2
2016-11-02,645.83,680.0
2016-11-03,712.91,457.02
2016-11-04,843.17,536.58
2016-11-05,775.0433333333333,874.64
2016-11-06,706.9166666666666,601.16
2016-11-07,638.79,580.8
2016-11-08,625.64,554.96
2016-11-09,667.07,483.88
2016-11-10,621.99,539.73
2016-11-11,633.67,560.8
2016-11-12,597.26,479.09
2016-11-13,607.74,362.88
2016-11-14,586.52,432.35
2016-11-15,737.16,438.17
2016-11-16,655.23,452.92
2016-11-17,623.49,431.75
2016-11-18,683.98,456.53
2016-11-19,679.08,482.77
2016-11-20,473.59,453.89
2016-11-21,730.9,457.34
2016-11-22,771.83,328.49
2016-11-23,647.29,402.85
2016-11-24,784.77,432.58
2016-11-25,562.09,396.71
2016-11-26,492.66,293.53
2016-11-27,564.99,258.53
2016-11-28,400.84,309.09
2016-11-29,756.26,472.57
2016-11-30,532.04,396.05
2016-12-01,605.86,414.13
2016-12-02,653.78,450.48
2016-12-03,568.1,357.75
2016-12-04,657.32,382.91
2016-12-05,719.8,387.47
2016-12-06,710.56,468.97
2016-12-07,560.58,434.46
2016-12-08,488.47,349.98
2016-12-09,670.57,470.13
2016-12-10,315.11,279.74
2016-12-11,441.74,304.67
2016-12-12,554.88,359.16
2016-12-13,629.8,435.26
2016-12-14,457.51,329.0
2016-12-15,455.63,369.76
2016-12-16,634.25,405.7
2016-12-17,580.99,428.28
2016-12-18,550.98,411.4
2016-12-19,600.84,375.6
2016-12-20,415.5,293.71
2016-12-21,353.63,312.55
2016-12-22,564.52,371.26
2016-12-23,717.97,552.71
2016-12-24,629.36,601.8
2016-12-25,397.04,330.96
2016-12-26,398.95,247.69
2016-12-27,475.17,339.97
2016-12-28,696.79,400.36
2016-12-29,587.55,445.33
2016-12-30,349.99,305.66
2016-12-31,343.5,307.67
2017-01-01,336.35,319.37
2017-01-02,531.69,328.58
2017-01-03,543.72,346.45
2017-01-04,443.28,322.56
2017-01-05,494.13,333.38
2017-01-06,343.59,275.75
2017-01-07,188.59,181.96
2017-01-08,303.16,197.33
2017-01-09,414.99,231.31
2017-01-10,415.87,188.95
2017-01-11,517.54,246.96
2017-01-12,667.59,351.15
2017-01-13,622.22,390.7
2017-01-14,585.955,591.17
2017-01-15,549.69,282.94
2017-01-16,416.69,253.84
2017-01-17,310.94,190.41
2017-01-18,388.02,266.09
2017-01-19,336.39,204.67
2017-01-20,280.66,229.33
2017-01-21,363.48,257.22333333333336
2017-01-22,446.3,285.1166666666667
2017-01-23,529.12,313.01
2017-01-24,541.1,410.92
2017-01-25,478.15,387.1
2017-01-26,202.02,173.32
2017-01-27,81.36,85.13
2017-01-28,161.23,186.02
2017-01-29,186.8,214.76
2017-01-30,342.71,314.71
2017-01-31,442.36,321.6
2017-02-01,358.54,267.72
2017-02-02,647.64,380.23
2017-02-03,680.89,410.73
2017-02-04,393.97,335.72
2017-02-05,305.32,267.61
2017-02-06,544.71,338.22
2017-02-07,343.7,202.51
2017-02-08,529.25,300.7
2017-02-09,434.84,291.09
2017-02-10,383.0,281.81
2017-02-11,483.38,259.29
2017-02-12,330.47,283.4
2017-02-13,349.65,278.83
2017-02-14,461.57,309.51
2017-02-15,513.71,302.44
2017-02-16,397.4,288.49
2017-02-17,391.58,259.04
2017-02-18,448.69,256.39
2017-02-19,430.05,239.79
2017-02-20,528.53,369.44
2017-02-21,413.98,312.28
2017-02-22,323.77,286.22
2017-02-23,229.97,262.88
2017-02-24,253.35333333333327,255.27
2017-02-25,276.7366666666667,247.66000000000005
2017-02-26,300.12,240.05
2017-02-27,344.88,272.49
2017-02-28,554.72,422.51
2017-03-01,467.65,356.88
2017-03-02,368.76,290.9
2017-03-03,224.8,217.88
2017-03-04,230.88,231.02
2017-03-05,285.78,251.63
2017-03-06,321.47,242.28
2017-03-07,440.57,281.82
2017-03-08,298.28,232.16
2017-03-09,255.54,175.22
2017-03-10,212.8,129.14
2017-03-11,170.06,127.67
2017-03-12,246.4,164.25
2017-03-13,277.66,167.64
2017-03-14,626.71,202.42
2017-03-15,621.82,251.24
2017-03-16,599.84,286.14
2017-03-17,448.73,254.5
2017-03-18,415.92,248.04
2017-03-19,630.02,271.14
2017-03-20,557.72,290.76
2017-03-21,650.39,308.67
2017-03-22,597.06,338.99
2017-03-23,507.46,
2017-03-24,396.26,
2017-03-25,373.11,
2017-03-26,355.36,
2017-03-27,297.39,
2017-03-28,381.48,
2017-03-29,426.17,
2017-03-30,285.72,
2017-03-31,411.1,
2017-04-01,440.37,
2017-04-02,312.22,
2017-04-03,298.85,
2017-04-04,391.01,
2017-04-05,306.72,
2017-04-06,341.99,
2017-04-07,642.45,
2017-04-08,620.47,
2017-04-09,292.62,
2017-04-10,365.89,
2017-04-11,375.42,243.64
2017-04-12,423.56,247.07
2017-04-13,596.33,330.15
2017-04-14,564.93,351.96
2017-04-15,482.15,356.94
2017-04-16,643.59,355.84
2017-04-17,490.0,372.99
2017-04-18,563.28,384.05
2017-04-19,671.78,327.29
2017-04-20,587.43,323.46
2017-04-21,545.81,425.12
2017-04-22,499.165,346.08500000000004
2017-04-23,452.52,267.05
2017-04-24,413.12,253.11
2017-04-25,483.5,292.32
2017-04-26,357.68,134.08
2017-04-27,429.87,212.19
2017-04-28,456.4,203.76
2017-04-29,490.32,237.52
2017-04-30,318.61,208.48
2017-05-01,294.73,203.49
2017-05-02,579.31,269.06
2017-05-03,566.72,337.81
2017-05-04,450.71,276.65
2017-05-05,552.37,446.41
2017-05-06,554.47,320.0
2017-05-07,610.52,325.86
2017-05-08,552.4,365.97
2017-05-09,465.81,288.28
2017-05-10,278.46,171.27
2017-05-11,384.46,219.12
2017-05-12,675.87,508.62
2017-05-13,511.03,271.11
2017-05-14,462.23,252.74
2017-05-15,526.02,268.93
2017-05-16,449.56,317.78
2017-05-17,324.24,155.67
2017-05-18,326.24,253.95
2017-05-19,445.23,216.44
2017-05-20,490.1,259.41
2017-05-21,620.71,410.51
2017-05-22,495.65,308.14
2017-05-23,728.68,240.77
2017-05-24,620.375,224.24
2017-05-25,512.07,201.92
2017-05-26,384.47,217.75
2017-05-27,362.46,261.02
2017-05-28,147.16,88.77
2017-05-29,153.52,87.64
2017-05-30,246.14,103.1
2017-05-31,176.57,98.66
2017-06-01,391.58,144.35
2017-06-02,548.0,255.41
2017-06-03,610.78,269.06
2017-06-04,647.22,342.75
2017-06-05,476.78,235.94
2017-06-06,518.41,251.44
2017-06-07,331.88,134.3
2017-06-08,,
2017-06-09,,
2017-06-10,,
2017-06-11,,
2017-06-12,,
2017-06-13,,
2017-06-14,,
2017-06-15,,
2017-06-16,,
2017-06-17,,
2017-06-18,,
2017-06-19,,
2017-06-20,,
2017-06-21,,
2017-06-22,,
2017-06-23,,
2017-06-24,,
2017-06-25,,
2017-06-26,,
2017-06-27,,
2017-06-28,,
2017-06-29,,
2017-06-30,,
2017-07-01,,
2017-07-02,,
2017-07-03,,
2017-07-04,,
2017-07-05,,
2017-07-06,,
2017-07-07,,
2017-07-08,,
2017-07-09,,
2017-07-10,,
2017-07-11,,
2017-07-12,,
2017-07-13,,
2017-07-14,,
2017-07-15,,
2017-07-16,,
2017-07-17,,
2017-07-18,,
2017-07-19,,
2017-07-20,,
2017-07-21,,
2017-07-22,,
2017-07-23,,
2017-07-24,,
2017-07-25,,
2017-07-26,,
2017-07-27,,
2017-07-28,,
2017-07-29,,
2017-07-30,,
2017-07-31,,
2017-08-01,,
2017-08-02,,
2017-08-03,,
2017-08-04,,
2017-08-05,,
2017-08-06,,
2017-08-07,,
2017-08-08,,
2017-08-09,,
2017-08-10,,
2017-08-11,,
2017-08-12,,
2017-08-13,,
2017-08-14,,
2017-08-15,,
2017-08-16,,
2017-08-17,,
2017-08-18,,
2017-08-19,,
2017-08-20,,
2017-08-21,,
2017-08-22,,
2017-08-23,,
2017-08-24,,
2017-08-25,,
2017-08-26,,
2017-08-27,,
2017-08-28,,
2017-08-29,,
2017-08-30,,
2017-08-31,,
2017-09-01,,
2017-09-02,,
2017-09-03,,
2017-09-04,,
2017-09-05,,
2017-09-06,,
2017-09-07,,
2017-09-08,,
2017-09-09,,
2017-09-10,,
2017-09-11,,
2017-09-12,,
2017-09-13,,
2017-09-14,,
2017-09-15,,
2017-09-16,,
2017-09-17,,
2017-09-18,,
2017-09-19,,
2017-09-20,,
2017-09-21,,
2017-09-22,,
2017-09-23,,
2017-09-24,,
2017-09-25,,
2017-09-26,,
2017-09-27,,
2017-09-28,,
2017-09-29,,
2017-09-30,,
2017-10-01,,
2017-10-02,,
2017-10-03,,
2017-10-04,,
2017-10-05,,
2017-10-06,,
2017-10-07,,
2017-10-08,,
2017-10-09,,
2017-10-10,,
2017-10-11,,
2017-10-12,,
2017-10-13,,
2017-10-14,,
2017-10-15,,
2017-10-16,,
2017-10-17,,
2017-10-18,,
2017-10-19,,
2017-10-20,,
2017-10-21,,
2017-10-22,,
2017-10-23,666.33,388.62
2017-10-24,613.71,415.26
2017-10-25,562.53,351.67
2017-10-26,458.15,288.08
2017-10-27,438.96,341.0
2017-10-28,522.92,347.0
2017-10-29,455.67,353.0
2017-10-30,525.18,573.46
2017-10-31,548.5,404.24
2017-11-01,310.99,354.88
2017-11-02,329.0,324.88
2017-11-03,304.13,282.95
2017-11-04,491.87,399.87
2017-11-05,595.86,411.92
2017-11-06,569.92,387.12
2017-11-07,440.0,710.75
2017-11-08,403.0,888.83
2017-11-09,366.0,730.94
2017-11-10,329.0,626.88
2017-11-11,,610.26
2017-11-12,,705.0
2017-11-13,,622.79
2017-11-14,,473.92
2017-11-15,282.8,389.29
2017-11-16,340.67,374.58
2017-11-17,304.09,275.48
2017-11-18,341.25,249.27
2017-11-19,271.0,244.21
2017-11-20,304.25,341.08
2017-11-21,324.67,348.33
2017-11-22,296.25,345.88
2017-11-23,274.33,378.0
2017-11-24,385.7333333333333,361.5
2017-11-25,497.1366666666666,409.42
2017-11-26,608.54,447.13
2017-11-27,616.62,460.71
2017-11-28,544.54,453.75
2017-11-29,507.11,469.29
2017-11-30,565.13,470.96
2017-12-01,594.72,432.12
2017-12-02,715.43,450.75
2017-12-03,653.2,529.62
2017-12-04,682.67,568.62
2017-12-05,615.85,515.29
2017-12-06,314.08,292.67
2017-12-07,296.75,249.0
2017-12-08,381.65,291.04
2017-12-09,627.0,356.54
2017-12-10,652.4,442.88
2017-12-11,626.85,378.04
2017-12-12,206.58,166.42
2017-12-13,336.62,231.33
2017-12-14,320.83,224.04
2017-12-15,344.22,254.44
2017-12-16,334.36,224.685
2017-12-17,324.5,194.93
2017-12-18,343.96,219.83
2017-12-19,465.0,329.25
2017-12-20,698.68,503.08
2017-12-21,660.0,543.04
2017-12-22,391.3,319.38
2017-12-23,315.35,261.75
2017-12-24,655.26,409.62
2017-12-25,595.29,448.96
2017-12-26,576.0,379.83
2017-12-27,569.94,399.96
2017-12-28,578.14,477.25
2017-12-29,586.35,443.12
2017-12-30,655.95,484.83
2017-12-31,735.05,468.18
2018-01-01,570.11,565.38
2018-01-02,538.43,565.5
2018-01-03,481.54,406.25
2018-01-04,574.92,320.17
2018-01-05,429.54,402.33
2018-01-06,587.65,385.79
2018-01-07,471.04,323.3
2018-01-08,474.1,315.83
2018-01-09,623.19,375.12
2018-01-10,492.13,321.5
2018-01-11,405.83,285.88
2018-01-12,451.04,356.71
2018-01-13,470.64,400.79
2018-01-14,577.45,347.29
2018-01-15,545.62,383.25
2018-01-16,350.38,330.62
2018-01-17,434.57,426.79
2018-01-18,714.55,477.21
2018-01-19,570.5,464.75
2018-01-20,358.42,407.56
2018-01-21,391.11,349.27
2018-01-22,525.16,476.46
2018-01-23,335.67,284.47
2018-01-24,236.53,235.42
2018-01-25,312.25,184.0
2018-01-26,290.33,236.75
2018-01-27,394.54,352.21
2018-01-28,398.04,353.0
2018-01-29,448.17,334.25
2018-01-30,303.92,281.67
2018-01-31,308.88,273.5
2018-02-01,451.58,322.46
2018-02-02,334.96,327.96
2018-02-03,253.58,245.32
2018-02-04,278.45,233.23
2018-02-05,421.25,276.93
2018-02-06,335.75,274.96
2018-02-07,285.58,257.42
2018-02-08,497.84,349.86
2018-02-09,530.64,397.04
2018-02-10,531.6,420.12
2018-02-11,385.29,342.5
2018-02-12,152.96,154.62
2018-02-13,232.9,167.0
2018-02-14,218.58,170.58
2018-02-15,216.57,202.21
2018-02-16,286.47,230.21
2018-02-17,351.25,253.58
2018-02-18,339.99,244.38
2018-02-19,514.93,287.38
2018-02-20,588.76,356.88
2018-02-21,508.09,386.17
2018-02-22,485.96,349.21
2018-02-23,527.71,363.38
2018-02-24,435.54,365.96
2018-02-25,320.83,217.46
2018-02-26,253.38,209.21
2018-02-27,261.75,183.17
2018-02-28,379.67,278.17
2018-03-01,436.71,274.0
2018-03-02,369.12,251.83
2018-03-03,242.33,207.62
2018-03-04,261.62,192.17
2018-03-05,238.08,187.67
2018-03-06,248.58,178.92
2018-03-07,237.88,197.25
2018-03-08,534.71,255.42
2018-03-09,383.86,263.21
2018-03-10,227.88,167.5
2018-03-11,220.1,186.04
2018-03-12,271.87333333333333,229.58
2018-03-13,323.64666666666665,272.75
2018-03-14,375.42,321.29
2018-03-15,447.53,324.08
2018-03-16,398.75,236.54
2018-03-17,265.75,228.71
2018-03-18,326.89,135.0
2018-03-19,388.03,197.88
2018-03-20,449.17,247.25
2018-03-21,383.5,271.5
2018-03-22,258.96,152.12
2018-03-23,195.88,139.25
2018-03-24,270.91,184.04
2018-03-25,286.14,184.83
2018-03-26,284.71,212.42
2018-03-27,466.19,253.08
2018-03-28,436.81,240.0
2018-03-29,331.48,206.33
2018-03-30,399.42,245.17
2018-03-31,297.25,275.33
2018-04-01,195.08,172.83
2018-04-02,277.42,199.79
2018-04-03,266.44,235.62
2018-04-04,347.12,253.62
2018-04-05,456.41,324.58
2018-04-06,288.67,218.78
2018-04-07,166.21,129.33
2018-04-08,159.13,126.96
2018-04-09,141.5,143.78
2018-04-10,303.83,263.42
2018-04-11,151.75,124.2
2018-04-12,272.75,152.8733333333333
2018-04-13,422.77,181.54666666666668
2018-04-14,323.56,210.22
2018-04-15,296.6,290.92
2018-04-16,502.47,337.25
2018-04-17,441.45,257.46
2018-04-18,337.96,295.38
2018-04-19,379.67,294.71
2018-04-20,391.18,388.27
2018-04-21,553.35,520.73
2018-04-22,272.54,207.88
2018-04-23,269.62,260.25
2018-04-24,328.67,280.21
2018-04-25,553.67,287.17
2018-04-26,489.71,400.12
2018-04-27,363.58,331.5
2018-04-28,340.5,319.5
2018-04-29,283.33,256.88
2018-04-30,267.09,186.25
2018-05-01,192.42,169.71
2018-05-02,192.68,179.13
2018-05-03,180.25,148.33
2018-05-04,141.04,131.71
2018-05-05,273.96,188.71
2018-05-06,427.71,260.33
2018-05-07,494.5,292.46
2018-05-08,263.04,161.22
2018-05-09,394.29,161.83
2018-05-10,391.25,190.33
2018-05-11,430.17,270.25
2018-05-12,485.74,332.38
2018-05-13,249.09,185.17
2018-05-14,151.08,124.83
2018-05-15,175.88,159.38
2018-05-16,287.04,216.5
2018-05-17,317.92,243.46
2018-05-18,305.83,217.67
2018-05-19,451.33,246.25
2018-05-20,348.43,197.67
2018-05-21,244.75,199.25
2018-05-22,302.79,223.88
2018-05-23,442.88,292.83
2018-05-24,391.5,261.67
2018-05-25,376.83,207.33
2018-05-26,315.61,249.26
2018-05-27,357.29,291.2
2018-05-28,295.38,294.46
2018-05-29,291.0,273.62
2018-05-30,274.79,256.29
2018-05-31,263.79,206.54
2018-06-01,225.75,205.74
2018-06-02,152.04,125.56
2018-06-03,141.75,144.93
2018-06-04,178.01,165.12
2018-06-05,158.67,162.25
2018-06-06,170.29,216.59
2018-06-07,177.91,156.58
2018-06-08,215.25,198.25
2018-06-09,126.68,131.74
2018-06-10,316.64,145.79
2018-06-11,341.29,218.38
2018-06-12,533.29,451.88
2018-06-13,955.6,790.5
2018-06-14,909.92,713.75
2018-06-15,661.93,545.89
2018-06-16,624.82,487.33
2018-06-17,334.33,300.62
2018-06-18,256.42,163.87
2018-06-19,204.78,158.33
2018-06-20,275.89,222.34
2018-06-21,342.98,249.21
2018-06-22,396.14,241.54
2018-06-23,312.75,259.54
2018-06-24,215.71,189.19
2018-06-25,78.83,177.84
2018-06-26,275.5,54.91
2018-06-27,229.0,117.07
2018-06-28,,57.02
2018-06-29,,77.35
2018-06-30,,91.11
2018-07-01,,86.23
2018-07-02,,97.69
2018-07-03,,112.43
2018-07-04,,122.66
2018-07-05,,166.99
2018-07-06,,182.09
2018-07-07,,173.83
2018-07-08,,177.51
2018-07-09,,181.76
2018-07-10,,120.25
2018-07-11,,110.38
2018-07-12,,136.12
2018-07-13,,68.46
2018-07-14,,77.92
2018-07-15,,57.57
2018-07-16,,74.25
2018-07-17,,76.93
2018-07-18,,90.76
2018-07-19,,79.67
2018-07-20,,120.96
2018-07-21,,100.8
2018-07-22,,40.78
2018-07-23,,61.69
2018-07-24,,80.05
2018-07-25,,67.86
2018-07-26,,48.0
2018-07-27,,33.21
2018-07-28,,58.98
2018-07-29,,110.05
2018-07-30,,118.16
2018-07-31,,157.55
2018-08-01,,187.23
2018-08-02,,272.05
2018-08-03,,257.39
2018-08-04,,290.25
2018-08-05,,257.65
2018-08-06,,153.02
2018-08-07,,111.71
2018-08-08,,92.35
2018-08-09,,94.14
2018-08-10,,109.36
2018-08-11,,100.06
2018-08-12,224.0,74.76
2018-08-13,167.37,95.57
2018-08-14,202.22,126.03
2018-08-15,172.21,119.56
2018-08-16,149.8,88.61
2018-08-17,122.86,86.31
2018-08-18,109.56,78.64
2018-08-19,167.27,92.11
2018-08-20,201.32,135.48
2018-08-21,108.5,70.71
2018-08-22,104.62,79.27
2018-08-23,92.5,66.93
2018-08-24,166.31,91.89
2018-08-25,164.45,94.11
2018-08-26,184.3,88.23
2018-08-27,90.27,67.09
2018-08-28,89.05,64.34
2018-08-29,91.97,58.2
2018-08-30,175.21,97.0
2018-08-31,246.31,163.57
2018-09-01,117.31,122.76
2018-09-02,132.71,89.69
2018-09-03,113.75,84.84
2018-09-04,175.47,89.82
2018-09-05,179.71,101.24
2018-09-06,238.12,135.15
2018-09-07,144.96,88.51
2018-09-08,101.07,84.41
2018-09-09,67.23,47.16
2018-09-10,134.84,67.69
2018-09-11,160.86,85.44
2018-09-12,201.12,136.57
2018-09-13,212.51,154.51
2018-09-14,182.62,132.36
2018-09-15,227.45,132.83
2018-09-16,198.48,140.26
2018-09-17,235.34,184.75
2018-09-18,224.88,207.97
2018-09-19,277.89,213.74
2018-09-20,,220.08
2018-09-21,,106.79
2018-09-22,,53.05
2018-09-23,,61.59
2018-09-24,51.25,36.34
2018-09-25,61.18,53.94
2018-09-26,188.36,112.08
2018-09-27,350.43,187.89
2018-09-28,493.9,202.58
2018-09-29,390.62,219.62
2018-09-30,202.86,161.43
2018-10-01,207.75,215.15
2018-10-02,241.98,197.74
2018-10-03,291.12,157.99
2018-10-04,327.29,234.2
2018-10-05,380.19,285.15
2018-10-06,340.01,247.74
2018-10-07,356.57,259.64
2018-10-08,400.24,334.68
2018-10-09,317.16,292.7
2018-10-10,338.12,223.12
2018-10-11,245.57,206.94
2018-10-12,232.98,218.46
2018-10-13,440.86,358.0
2018-10-14,317.99,373.215
2018-10-15,384.12,388.43
2018-10-16,541.09,322.85
2018-10-17,487.19,342.09
2018-10-18,404.0,306.69
2018-10-19,444.84,300.88
2018-10-20,436.67,333.0
2018-10-21,396.25,317.64
2018-10-22,375.09,289.76
2018-10-23,455.79,356.99
2018-10-24,566.33,385.78
2018-10-25,490.05,391.36
2018-10-26,603.48,394.06
2018-10-27,614.8,405.65
2018-10-28,536.1,404.97
2018-10-29,646.23,471.8
2018-10-30,685.67,485.61
2018-10-31,578.17,418.71
2018-11-01,596.99,405.62
2018-11-02,423.45,373.29
2018-11-03,319.12,310.09
2018-11-04,206.53,170.3
2018-11-05,602.64,497.7
2018-11-06,378.44,324.85
2018-11-07,401.76,343.18
2018-11-08,589.98,547.56
2018-11-09,551.43,378.92
2018-11-10,601.07,562.33
2018-11-11,580.33,429.22
2018-11-12,620.11,493.89
2018-11-13,535.08,426.6
2018-11-14,292.01,221.66
2018-11-15,217.82,179.81
2018-11-16,297.68,247.92
2018-11-17,401.42,266.41
2018-11-18,444.52,272.6
2018-11-19,352.86,294.45
2018-11-20,474.24,375.59
2018-11-21,506.24,373.47
2018-11-22,448.4,298.86
2018-11-23,432.07,313.41
2018-11-24,314.61,259.84
2018-11-25,471.08,257.57
2018-11-26,539.29,388.12
2018-11-27,533.77,345.04
2018-11-28,479.64,353.08
2018-11-29,568.78,356.96
2018-11-30,507.5,323.99
2018-12-01,437.11,349.61
2018-12-02,554.99,333.64
2018-12-03,527.86,411.36
2018-12-04,615.7,414.26
2018-12-05,511.64,380.04
2018-12-06,575.62,410.79
2018-12-07,517.2,390.22
2018-12-08,506.47,413.51
2018-12-09,535.93,486.21
2018-12-10,520.51,526.65
2018-12-11,567.64,504.28
2018-12-12,379.03,312.57
2018-12-13,190.79,199.7
2018-12-14,210.69,241.15
2018-12-15,232.46,228.82
2018-12-16,334.67,283.71
2018-12-17,361.79,380.03
2018-12-18,413.43,343.9
2018-12-19,440.08,366.43
2018-12-20,568.59,418.24
2018-12-21,488.87,420.16
2018-12-22,615.98,536.05
2018-12-23,668.56,547.12
2018-12-24,566.44,590.22
2018-12-25,438.67,425.72
2018-12-26,484.42,329.6
2018-12-27,548.65,411.05
2018-12-28,417.77,385.43
2018-12-29,545.17,349.66
2018-12-30,616.14,537.79
2018-12-31,550.45,521.47
2019-01-01,559.76,504.27
2019-01-02,615.05,509.48
2019-01-03,605.67,481.54
2019-01-04,423.98,418.75
2019-01-05,354.61,441.71
2019-01-06,277.67,268.2
2019-01-07,303.92,268.37
2019-01-08,245.64,237.9
2019-01-09,266.78,243.11
2019-01-10,380.41,351.42
2019-01-11,509.22,432.08
2019-01-12,576.83,554.27
2019-01-13,468.49,368.4
2019-01-14,196.16,197.56
2019-01-15,256.08,241.19
2019-01-16,511.7,481.55
2019-01-17,597.3,591.17
2019-01-18,437.78,405.4
2019-01-19,587.43,456.94
2019-01-20,604.08,439.99
2019-01-21,345.76,279.3
2019-01-22,73.04,84.36
2019-01-23,258.54,230.76
2019-01-24,269.18,257.15
2019-01-25,154.76,
2019-01-26,185.38,
2019-01-27,239.9,
2019-01-28,234.93,
2019-01-29,288.99,
2019-01-30,464.68,
2019-01-31,452.68,
2019-02-01,307.06,
2019-02-02,341.55,
2019-02-03,285.93,
2019-02-04,403.85,
2019-02-05,714.04,
2019-02-06,301.37,208.71
2019-02-07,,101.91
2019-02-08,,159.68
2019-02-09,,184.02
2019-02-10,,308.95
2019-02-11,,390.59
2019-02-12,,460.02
2019-02-13,,383.03
2019-02-14,,418.8
2019-02-15,245.98,349.98
2019-02-16,239.12,187.07
2019-02-17,261.64,177.75
2019-02-18,264.24,147.73
2019-02-19,284.34,247.01
2019-02-20,220.76,223.98
2019-02-21,223.42,191.3
2019-02-22,289.74,181.4
2019-02-23,167.06,149.52
2019-02-24,212.58,198.35
2019-02-25,233.29,200.43
2019-02-26,164.65,118.11
2019-02-27,157.27,103.59
2019-02-28,322.41,180.9
2019-03-01,267.9,225.32
2019-03-02,248.28,220.51
2019-03-03,135.47,175.16
2019-03-04,323.94,129.81
2019-03-05,228.82,145.75
2019-03-06,310.42,189.65
2019-03-07,401.03,232.27
2019-03-08,335.47,209.07
2019-03-09,228.33,174.7
2019-03-10,238.82,169.85
2019-03-11,251.05,185.52
2019-03-12,161.27,129.92
2019-03-13,288.71,252.98
2019-03-14,297.45,227.1
2019-03-15,173.22,167.43
2019-03-16,178.24,151.86
2019-03-17,239.82,191.43
2019-03-18,257.41,223.22
2019-03-19,297.26,245.03
2019-03-20,269.4,230.92
2019-03-21,221.72,231.58
2019-03-22,159.55,126.86
2019-03-23,213.26,141.19
2019-03-24,180.93,132.15
2019-03-25,204.57,147.28
2019-03-26,208.4,174.57
2019-03-27,280.09,175.53
2019-03-28,402.54,239.53
2019-03-29,432.01,244.04
2019-03-30,362.78,216.01
2019-03-31,240.25,172.06
2019-04-01,203.5,176.21
2019-04-02,285.07,238.24
2019-04-03,270.89,244.57
2019-04-04,374.83,276.23
2019-04-05,445.12,294.47
2019-04-06,399.71,329.36
2019-04-07,363.49,303.99
2019-04-08,355.72,274.44
2019-04-09,273.36,214.5
2019-04-10,430.66,239.42
2019-04-11,277.72,220.61
2019-04-12,287.01,235.47
2019-04-13,241.56,184.03
2019-04-14,199.31,172.88
2019-04-15,238.74,244.4
2019-04-16,229.17,161.36
2019-04-17,121.85,52.49
2019-04-18,138.29,91.67
2019-04-19,235.25,163.31
2019-04-20,276.56,224.7
2019-04-21,330.62,202.31
2019-04-22,339.19,266.72
2019-04-23,397.65,278.52
2019-04-24,343.8,264.8
2019-04-25,311.51,284.49
2019-04-26,300.71,264.41
2019-04-27,325.01,352.21
2019-04-28,293.52,271.82
2019-04-29,302.0,289.26
2019-04-30,330.84,266.71
2019-05-01,377.27,325.11
2019-05-02,308.22,272.43
2019-05-03,182.48,141.12
2019-05-04,251.45,223.1
2019-05-05,284.98,208.88
2019-05-06,406.33,268.79
2019-05-07,459.87,397.15
2019-05-08,561.33,404.55
2019-05-09,493.35,405.51
2019-05-10,369.41,276.71
2019-05-11,382.39,294.25
2019-05-12,437.58,426.58
2019-05-13,456.31,330.12
2019-05-14,231.92,115.66
2019-05-15,232.08,217.15
2019-05-16,225.08,219.94
2019-05-17,365.04,253.26
2019-05-18,105.28,92.59
2019-05-19,172.39,160.28
2019-05-20,231.78,196.81
2019-05-21,177.9,186.44
2019-05-22,199.4,202.84
2019-05-23,208.4,197.36
2019-05-24,120.81,125.26
2019-05-25,115.1,132.08
2019-05-26,110.88,134.18
2019-05-27,196.49,149.75
2019-05-28,255.75,159.65
2019-05-29,288.92,187.04
2019-05-30,353.38,243.05
2019-05-31,431.96,292.73
2019-06-01,384.05,259.33
2019-06-02,240.72,205.65
2019-06-03,344.75,283.52
2019-06-04,180.2,152.92
2019-06-05,228.23,194.7
2019-06-06,302.17,210.46
2019-06-07,160.16,136.27
2019-06-08,233.2,184.66
2019-06-09,420.01,237.82
2019-06-10,374.86,225.13
2019-06-11,553.46,460.64
2019-06-12,251.39,231.56
2019-06-13,227.44,185.75
2019-06-14,245.54,167.91
2019-06-15,378.84,253.02
2019-06-16,234.38,157.41
2019-06-17,206.72,120.78
2019-06-18,181.18,93.54
2019-06-19,347.41,210.75
2019-06-20,161.09,83.14
2019-06-21,217.46,152.16
2019-06-22,223.73,155.54
2019-06-23,140.89,108.38
2019-06-24,90.69,104.33
2019-06-25,127.34,111.27
2019-06-26,214.19,160.19
2019-06-27,295.28,243.22
2019-06-28,315.14,286.52
2019-06-29,344.44,273.89
2019-06-30,341.25,276.76
2019-07-01,260.46,178.58
2019-07-02,289.02,237.45
2019-07-03,119.29,105.6
2019-07-04,106.7,99.88
2019-07-05,154.26,98.97
2019-07-06,86.71,74.26
2019-07-07,115.75,89.84
2019-07-08,177.27,136.17
2019-07-09,153.56,144.08
2019-07-10,423.44,286.68
2019-07-11,441.71,360.77
2019-07-12,472.27,380.2
2019-07-13,463.16,351.04
2019-07-14,318.61,302.72
2019-07-15,149.0,177.73
2019-07-16,109.76,83.7
2019-07-17,103.99,65.03
2019-07-18,124.8,75.23
2019-07-19,239.77,140.59
2019-07-20,146.99,125.46
2019-07-21,155.78,111.08
2019-07-22,171.5,124.19
2019-07-23,239.76,159.55
2019-07-24,245.14,152.75
2019-07-25,97.03,54.18
2019-07-26,65.73,55.35
2019-07-27,52.27,48.58
2019-07-28,54.0,47.48
2019-07-29,71.35,58.71
2019-07-30,90.3,76.7
2019-07-31,81.8,71.07
2019-08-01,91.69,69.34
2019-08-02,98.42,78.92
2019-08-03,97.88,89.11
2019-08-04,119.34,99.1
2019-08-05,116.42,94.6
2019-08-06,74.04,60.65
2019-08-07,115.56,77.45
2019-08-08,87.84,57.68
2019-08-09,70.79,54.39
2019-08-10,62.48,39.5
2019-08-11,54.17,51.83
2019-08-12,88.46,48.16
2019-08-13,86.09,50.05
2019-08-14,86.93,65.36
2019-08-15,82.94,65.16
2019-08-16,57.7,32.03
2019-08-17,26.36,22.06
2019-08-18,50.97,10.42
2019-08-19,173.96,88.29
2019-08-20,191.64,104.75
2019-08-21,220.59,140.21
2019-08-22,220.76,118.99
2019-08-23,240.84,122.08
2019-08-24,246.34,133.21
2019-08-25,84.82,65.52
2019-08-26,91.01,53.39
2019-08-27,170.11,81.79
2019-08-28,118.5,81.62
2019-08-29,111.97,75.0
2019-08-30,139.1,90.61
2019-08-31,189.28,122.21
2019-09-01,93.48,83.08
2019-09-02,141.76,102.0
2019-09-03,201.91,167.33
2019-09-04,191.38,168.39
2019-09-05,102.18,84.45
2019-09-06,102.69,87.73
2019-09-07,107.72,76.94
2019-09-08,125.9,101.03
2019-09-09,219.73,154.02
2019-09-10,216.55,163.49
2019-09-11,202.95,206.8
2019-09-12,132.17,143.29
2019-09-13,82.47,76.83
2019-09-14,82.72,64.46
2019-09-15,89.8,71.62
2019-09-16,180.23,134.33
2019-09-17,204.22,140.34
2019-09-18,100.1,87.48
2019-09-19,62.22,56.39
2019-09-20,111.94,84.06
2019-09-21,109.97,93.27
2019-09-22,83.98,58.84
2019-09-23,94.94,71.25
2019-09-24,119.12,86.74
2019-09-25,107.92,69.48
2019-09-26,73.71,57.68
2019-09-27,68.09,43.94
2019-09-28,73.71,59.23
2019-09-29,47.49,40.18
2019-09-30,74.29,59.57
2019-10-01,86.74,72.51
2019-10-02,132.3,105.48
2019-10-03,219.44,139.77
2019-10-04,158.32,100.49
2019-10-05,161.73,132.64
2019-10-06,200.84,152.56
2019-10-07,186.99,139.82
2019-10-08,155.86,131.66
2019-10-09,221.86,185.28
2019-10-10,273.98,191.2
2019-10-11,294.97,202.25
2019-10-12,297.61,203.25
2019-10-13,363.1,246.74
2019-10-14,334.91,265.64
2019-10-15,392.26,272.28
2019-10-16,330.06,275.94
2019-10-17,262.09,229.49
2019-10-18,259.89,187.35
2019-10-19,252.68,191.72
2019-10-20,261.4,206.92
2019-10-21,276.16,220.5
2019-10-22,285.73,221.17
2019-10-23,411.29,267.21
2019-10-24,495.96,324.42
2019-10-25,368.09,261.66
2019-10-26,431.8,308.62
2019-10-27,479.75,300.42
2019-10-28,543.34,461.25
2019-10-29,612.75,446.39
2019-10-30,625.95,438.83
2019-10-31,675.08,452.94
2019-11-01,702.12,538.83
2019-11-02,553.72,405.04
2019-11-03,735.56,632.36
2019-11-04,494.98,294.29
2019-11-05,384.51,255.88
2019-11-06,266.96,191.16
2019-11-07,338.66,284.53
2019-11-08,367.09,248.04
2019-11-09,235.62,218.18
2019-11-10,384.53,275.16
2019-11-11,493.66,359.85
2019-11-12,607.72,493.95
2019-11-13,574.31,530.54
2019-11-14,617.24,517.9
2019-11-15,595.73,575.43
2019-11-16,329.22,275.25
2019-11-17,190.82,162.55
2019-11-18,239.97,176.79
2019-11-19,326.99,211.58
2019-11-20,486.73,285.48
2019-11-21,533.72,334.4
2019-11-22,473.9,324.49
2019-11-23,304.11,252.61
2019-11-24,229.0,175.9
2019-11-25,255.4,242.85
2019-11-26,254.44,213.75
2019-11-27,168.05,131.84
2019-11-28,75.78,60.77
2019-11-29,139.08,100.25
2019-11-30,257.86,153.92
2019-12-01,275.47,180.54
2019-12-02,320.17,226.29
2019-12-03,347.49,249.75
2019-12-04,389.29,272.59
2019-12-05,527.4,376.9
2019-12-06,396.05,366.12
2019-12-07,462.18,400.19
2019-12-08,498.77,344.37
2019-12-09,432.41,334.49
2019-12-10,478.01,402.54
2019-12-11,550.62,410.08
2019-12-12,461.17,388.17
2019-12-13,130.12,115.42
2019-12-14,145.0,123.21
2019-12-15,205.52,141.21
2019-12-16,174.23,126.94
2019-12-17,176.22,138.09
2019-12-18,273.74,230.62
2019-12-19,428.22,354.58
2019-12-20,672.93,392.08
2019-12-21,435.52,336.09
2019-12-22,226.86,189.09
2019-12-23,272.05,262.48
2019-12-24,475.71,422.24
2019-12-25,289.57,259.03
2019-12-26,325.45,310.75
2019-12-27,420.56,360.42
2019-12-28,495.26,479.39
2019-12-29,519.86,552.32
2019-12-30,512.43,500.18
2019-12-31,329.83,336.78
2020-01-01,459.31,556.68
2020-01-02,483.45,533.56
2020-01-03,475.85,357.5
2020-01-04,366.52,278.42
2020-01-05,314.42,241.88
2020-01-06,293.3,243.52
2020-01-07,220.69,154.49
2020-01-08,167.3,138.14
2020-01-09,213.09,130.01
2020-01-10,312.0,202.52
2020-01-11,357.62,246.56
2020-01-12,337.56,388.8
2020-01-13,317.5,332.29
2020-01-14,224.21,156.24
2020-01-15,194.67,184.14
2020-01-16,207.25,197.84
2020-01-17,154.47,135.12
2020-01-18,337.58,193.68
2020-01-19,263.5,180.66
2020-01-20,299.53,216.44
2020-01-21,401.19,322.92
2020-01-22,378.11,316.39
2020-01-23,177.01,135.33
2020-01-24,232.02,147.32
2020-01-25,362.11,257.44
2020-01-26,514.18,302.4
2020-01-27,475.45,311.32
2020-01-28,153.18,145.0
2020-01-29,171.92,105.99
2020-01-30,185.53,150.77
2020-01-31,227.0,188.78
2020-02-01,275.37,250.53
2020-02-02,225.74,229.1
2020-02-03,322.99,277.47
2020-02-04,426.1,415.68
2020-02-05,307.28,270.78
2020-02-06,267.52,232.6
2020-02-07,295.12,273.18
2020-02-08,296.04,274.75
2020-02-09,288.65,258.07
2020-02-10,372.01,352.78
2020-02-11,401.67,356.05
2020-02-12,363.6,338.83
2020-02-13,231.08,208.76
2020-02-14,199.83,227.49
2020-02-15,237.32,204.77
2020-02-16,286.2,251.01
2020-02-17,381.77,306.94
2020-02-18,287.72,294.88
2020-02-19,405.12,248.3
2020-02-20,232.23,222.29
2020-02-21,102.93,92.3
2020-02-22,154.95,137.46
2020-02-23,218.61,172.67
2020-02-24,165.49,141.35
2020-02-25,226.24,227.03
2020-02-26,289.4,276.79
2020-02-27,202.98,175.99
2020-02-28,161.64,144.94
2020-02-29,122.49,100.16
2020-03-01,154.69,91.2
2020-03-02,330.01,184.21
2020-03-03,253.53,182.8
2020-03-04,221.61,169.72
2020-03-05,90.67,59.3
2020-03-06,41.88,36.28
2020-03-07,96.44,90.4
2020-03-08,227.43,122.55
2020-03-09,172.24,136.92
2020-03-10,354.5,155.27
2020-03-11,122.23,98.64
2020-03-12,177.42,142.36
2020-03-13,224.78,188.84
2020-03-14,85.54,76.11
2020-03-15,146.82,109.76
2020-03-16,230.52,131.43
2020-03-17,225.49,146.4
2020-03-18,205.29,154.78
2020-03-19,276.79,172.32
2020-03-20,259.42,185.19
2020-03-21,261.56,154.2
2020-03-22,167.03,128.75
2020-03-23,111.65,105.75
2020-03-24,156.91,91.04
2020-03-25,74.33,58.58
2020-03-26,67.49,67.17
2020-03-27,42.36,46.82
2020-03-28,38.91,29.67
2020-03-29,64.82,53.73
2020-03-30,64.18,62.62
2020-03-31,77.23,59.03
2020-04-01,74.57,56.11
2020-04-02,69.41,62.1
2020-04-03,70.15,66.96
2020-04-04,77.15,87.95
2020-04-05,119.18,91.18
2020-04-06,192.56,118.05
2020-04-07,67.55,94.53
2020-04-08,78.68,79.53
2020-04-09,,76.26
2020-04-10,,120.9
2020-04-11,,109.11
2020-04-12,,88.44
2020-04-13,,156.39
2020-04-14,,116.06
2020-04-15,,203.39
2020-04-16,,172.43
2020-04-17,,70.49
2020-04-18,,67.83
2020-04-19,108.96,75.25
2020-04-20,127.23,99.88
2020-04-21,96.55,69.96
2020-04-22,136.02,139.75
2020-04-23,123.25,162.0
2020-04-24,128.53,131.07999999999998
2020-04-25,111.77,100.16
2020-04-26,95.01,88.94
2020-04-27,78.25,40.21
2020-04-28,79.68,69.22
2020-04-29,119.61,91.98
2020-04-30,88.65,87.03
2020-05-01,,101.41
2020-05-02,,78.08
2020-05-03,,61.57
2020-05-04,,50.05
2020-05-05,,75.5
2020-05-06,,124.05
2020-05-07,,59.34
2020-05-08,,77.58
2020-05-09,,84.71
2020-05-10,,77.31
2020-05-11,,66.58
2020-05-12,,65.56
2020-05-13,,112.27
2020-05-14,,84.2
2020-05-15,123.25,79.52
2020-05-16,130.0,107.64
2020-05-17,166.58,136.12
2020-05-18,153.9,149.55
2020-05-19,151.57,147.42
2020-05-20,87.6,107.36
2020-05-21,90.62,117.5
2020-05-22,168.06,138.79
2020-05-23,156.05,146.94
2020-05-24,142.04,115.19
2020-05-25,104.74,118.6
2020-05-26,125.86,139.7
2020-05-27,105.25,112.08
2020-05-28,170.14,171.94
2020-05-29,52.99,53.16
2020-05-30,38.82,44.68
2020-05-31,37.62,33.53
2020-06-01,80.02,77.45
2020-06-02,92.17,81.52
2020-06-03,106.48,91.49
2020-06-04,129.32,99.58
2020-06-05,76.81,58.71
2020-06-06,59.47,58.28
2020-06-07,75.33,74.02
2020-06-08,92.39,84.91
2020-06-09,113.43,121.46
2020-06-10,130.33,116.73
2020-06-11,114.21,117.68
2020-06-12,119.89,126.2
2020-06-13,117.6,109.77
2020-06-14,140.28,130.04
2020-06-15,98.36,94.95
2020-06-16,88.59,92.03
2020-06-17,80.29,71.88
2020-06-18,80.86,82.5
2020-06-19,146.98,184.54
2020-06-20,115.6,98.33
2020-06-21,84.92,81.33
2020-06-22,60.0,64.04
2020-06-23,44.94,49.79
2020-06-24,55.08,50.46
2020-06-25,77.3,56.17
2020-06-26,96.67,84.71
2020-06-27,127.3,120.25
2020-06-28,250.11,256.83
2020-06-29,159.95,134.58
2020-06-30,75.04,70.21
2020-07-01,108.0,114.0
