Date,DL002,DL031,KA009
2015-01-01,,,20.36
2015-01-02,,,23.74
2015-01-03,,,4.32
2015-01-04,,,0.87
2015-01-05,,,31.38
2015-01-06,,,26.35
2015-01-07,,,22.73
2015-01-08,,,38.67
2015-01-09,,,23.48
2015-01-10,,,34.17
2015-01-11,,,29.74
2015-01-12,,,41.39
2015-01-13,,,35.34
2015-01-14,,,39.82
2015-01-15,,,21.43
2015-01-16,,,10.27
2015-01-17,,,11.05
2015-01-18,,,14.23
2015-01-19,,,13.47
2015-01-20,,,7.29
2015-01-21,,,5.07
2015-01-22,,,3.65
2015-01-23,,,10.06
2015-01-24,,,14.88
2015-01-25,,,15.42
2015-01-26,,,16.63
2015-01-27,,,18.57
2015-01-28,,,16.15
2015-01-29,,,16.4
2015-01-30,,,13.32
2015-01-31,,,7.77
2015-02-01,,,7.48
2015-02-02,,,11.33
2015-02-03,,,11.78
2015-02-04,,,11.88
2015-02-05,,,11.11
2015-02-06,,,11.71
2015-02-07,,,12.88
2015-02-08,,,8.84
2015-02-09,,,13.61
2015-02-10,,,13.04
2015-02-11,,,12.44
2015-02-12,,,26.22
2015-02-13,,,19.31
2015-02-14,,,17.14
2015-02-15,,,11.14
2015-02-16,,,10.67
2015-02-17,,,4.66
2015-02-18,,,6.34
2015-02-19,,,19.81
2015-02-20,,,31.1
2015-02-21,,,12.5
2015-02-22,,,13.56
2015-02-23,,,15.44
2015-02-24,,,17.21
2015-02-25,,,21.85
2015-02-26,,,17.22
2015-02-27,,,20.09
2015-02-28,,,17.43
2015-03-01,,,15.23
2015-03-02,,,33.23
2015-03-03,,,30.4
2015-03-04,,,12.44
2015-03-05,,,6.9
2015-03-06,,,6.3
2015-03-07,,,6.46
2015-03-08,,,11.83
2015-03-09,,,23.32
2015-03-10,,,21.54
2015-03-11,,,30.29
2015-03-12,,,23.55
2015-03-13,,,13.57
2015-03-14,,,1.12
2015-03-15,,,3.79
2015-03-16,,,4.81
2015-03-17,,,21.65
2015-03-18,,,20.82
2015-03-19,,,29.11
2015-03-20,,,27.2
2015-03-21,,,28.02
2015-03-22,,,23.19
2015-03-23,,,27.76
2015-03-24,,,35.1
2015-03-25,,,27.13
2015-03-26,,,34.71
2015-03-27,,,30.96
2015-03-28,,,28.74
2015-03-29,,,21.5
2015-03-30,,,26.96
2015-03-31,,,27.52
2015-04-01,,,31.37
2015-04-02,,,43.09
2015-04-03,,,26.04
2015-04-04,25.72,27.03,40.71
2015-04-05,31.85,30.27,26.22
2015-04-06,28.5875,27.01,22.34
2015-04-07,25.325000000000003,23.75,17.78
2015-04-08,22.062500000000004,20.49,24.2
2015-04-09,18.8,17.23,29.83
2015-04-10,21.82,25.64,23.17
2015-04-11,33.35,29.66,30.95
2015-04-12,34.84,33.14,34.85
2015-04-13,40.04,36.01,34.3
2015-04-14,31.6,30.19,27.48
2015-04-15,32.78,30.83,15.15
2015-04-16,29.86,24.92,16.61
2015-04-17,21.39,26.43,38.54
2015-04-18,20.28,25.08,21.02
2015-04-19,35.76,27.99,21.93
2015-04-20,34.46,28.1,24.78
2015-04-21,31.23,24.72,17.34
2015-04-22,17.64,17.95,5.42
2015-04-23,36.36,21.3,18.77
2015-04-24,45.26,27.81,35.77
2015-04-25,48.62,32.14,17.93
2015-04-26,28.66,31.03,15.8
2015-04-27,27.91,29.93,13.92
2015-04-28,21.55,26.25,11.62
2015-04-29,19.08,28.54,11.4
2015-04-30,22.09,29.83,10.15
2015-05-01,19.0,27.0,6.09
2015-05-02,21.44,28.77,21.03
2015-05-03,27.97,34.96,14.62
2015-05-04,29.35,35.65,18.09
2015-05-05,41.2,36.83,5.94
2015-05-06,38.05,28.63,10.23
2015-05-07,30.86,22.22,15.4
2015-05-08,25.08,19.23,14.93
2015-05-09,30.16,17.15,17.12
2015-05-10,31.67,5.5,14.21
2015-05-11,36.55,11.92,15.84
2015-05-12,35.54,32.68,15.13
2015-05-13,33.26,16.84,14.66
2015-05-14,37.6,1.0,14.28
2015-05-15,35.4,10.11,18.55
2015-05-16,1.0,20.78,24.08
2015-05-17,1.0,28.79,14.2
2015-05-18,7.93,31.24,13.27
2015-05-19,14.86,39.1,17.26
2015-05-20,42.23,38.91,15.5
2015-05-21,50.99,33.17,13.64
2015-05-22,28.77,7.69,12.62
2015-05-23,29.86,11.86,11.58
2015-05-24,28.05,17.06,5.01
2015-05-25,39.04,17.64,3.25
2015-05-26,30.78,11.0,0.28
2015-05-27,18.9,8.6,2.77
2015-05-28,40.78,16.71,4.91
2015-05-29,44.54,19.6,4.88
2015-05-30,48.06,16.06,5.61
2015-05-31,36.415,13.34,2.89
2015-06-01,24.77,12.81,2.34
2015-06-02,39.42,24.51,2.31
2015-06-03,50.88,33.31,2.21
2015-06-04,48.49,30.03,1.93
2015-06-05,47.67666666666667,48.94,18.87
2015-06-06,46.86333333333334,15.47,30.36
2015-06-07,46.05,35.13,28.0
2015-06-08,58.52,23.76,23.12
2015-06-09,37.6,12.72,25.86
2015-06-10,64.04,13.03,21.15
2015-06-11,49.665000000000006,13.04,20.88
2015-06-12,35.29,13.6,5.29
2015-06-13,47.54,15.64,7.02
2015-06-14,70.94,25.51,7.86
2015-06-15,75.25,36.3,8.92
2015-06-16,81.57,41.32,9.22
2015-06-17,70.88,27.25,7.0
2015-06-18,87.52,42.19,8.31
2015-06-19,63.38,34.75,8.08
2015-06-20,29.86,26.3,7.31
2015-06-21,51.13,26.36,6.89
2015-06-22,40.7,33.11,27.31
2015-06-23,31.12,38.01,10.32
2015-06-24,90.77,37.29,8.75
2015-06-25,45.42,25.52,7.95
2015-06-26,48.08,20.2,7.5
2015-06-27,44.8,18.83,6.4
2015-06-28,47.18,16.37,6.3
2015-06-29,44.79,20.45,7.68
2015-06-30,38.24,13.98,8.47
2015-07-01,32.18,13.89,6.34
2015-07-02,35.21,11.06,6.42
2015-07-03,30.8,13.84,5.96
2015-07-04,28.91,16.15,5.76
2015-07-05,27.34,15.23,4.74
2015-07-06,30.97,15.89,26.67
2015-07-07,32.17,16.61,10.45
2015-07-08,39.09,20.23,34.37
2015-07-09,43.23,26.17,19.3
2015-07-10,47.55,24.42,21.54
2015-07-11,36.69,14.17,20.9
2015-07-12,49.74666666666666,11.25,10.15
2015-07-13,62.80333333333333,11.06,10.8
2015-07-14,75.86,23.34,10.17
2015-07-15,63.07,16.14,6.08
2015-07-16,51.77,14.34,10.88
2015-07-17,53.16,31.88,9.89
2015-07-18,50.67,23.7,11.23
2015-07-19,49.57,41.99,10.88
2015-07-20,82.1,31.46,10.46
2015-07-21,58.83,27.7,10.76
2015-07-22,51.07,29.1,9.67
2015-07-23,41.62,27.9,10.06
2015-07-24,37.65,32.14,9.15
2015-07-25,36.76,33.24,10.06
2015-07-26,32.36,30.28,8.39
2015-07-27,32.22,23.38,8.42
2015-07-28,38.39,21.2,9.14
2015-07-29,39.63,19.56,29.6
2015-07-30,35.06,23.21,11.73
2015-07-31,29.93,19.51,11.91
2015-08-01,27.35,19.58,10.3
2015-08-02,30.67,21.15,9.26
2015-08-03,48.91,24.08,10.08
2015-08-04,38.16,26.29,10.75
2015-08-05,48.23,27.82,10.66
2015-08-06,41.1,37.92,33.49
2015-08-07,45.34,32.01,26.16
2015-08-08,51.07,37.63,23.31
2015-08-09,35.16,30.94,18.3
2015-08-10,39.73,27.84,23.95
2015-08-11,50.44,39.63,24.12
2015-08-12,51.29,32.16,22.52
2015-08-13,41.32,41.43,22.0
2015-08-14,45.83,40.71,23.64
2015-08-15,35.71,32.82,18.87
2015-08-16,37.8,28.6,23.05
2015-08-17,28.52,28.14,50.58
2015-08-18,31.56,33.3,38.79
2015-08-19,25.01,22.85,39.19
2015-08-20,19.84,17.4,30.68
2015-08-21,20.87,19.52,33.06
2015-08-22,47.1,25.34,24.16
2015-08-23,20.94,26.23,23.28
2015-08-24,24.14,20.68,27.77
2015-08-25,24.01,21.17,17.67
2015-08-26,19.38,21.79,15.18
2015-08-27,31.39,25.86,35.39
2015-08-28,44.64,33.54,26.37
2015-08-29,42.17,27.18,33.75
2015-08-30,30.55,28.18,26.46
2015-08-31,25.01,20.19,33.9
2015-09-01,20.63,18.72,33.29
2015-09-02,22.54,16.55,26.12
2015-09-03,22.63,16.33,31.79
2015-09-04,30.76,20.6,37.51
2015-09-05,34.98,28.02,54.9
2015-09-06,25.02,24.475,26.75
2015-09-07,24.76,20.93,32.04
2015-09-08,29.18,30.52,37.31
2015-09-09,23.18,22.44,36.19
2015-09-10,24.17,25.28,36.3
2015-09-11,29.01,29.87,34.24
2015-09-12,35.18,41.62,30.49
2015-09-13,34.72,41.34,21.98
2015-09-14,37.76,45.59,31.7
2015-09-15,38.71,43.76,23.78
2015-09-16,42.5,46.22,24.19
2015-09-17,49.01,44.26,19.64
2015-09-18,43.28,35.28,23.94
2015-09-19,50.17,37.84,24.56
2015-09-20,53.4,37.52,20.84
2015-09-21,37.46,20.21,36.84
2015-09-22,34.26,11.15,35.72
2015-09-23,28.17,9.8,37.81
2015-09-24,27.09,13.85,34.28
2015-09-25,40.0,22.31,30.44
2015-09-26,51.23,34.55,22.01
2015-09-27,49.94,25.25,45.07
2015-09-28,39.29,15.95,76.12
2015-09-29,35.32,23.13,41.39
2015-09-30,28.08,35.39,29.39
2015-10-01,30.89,33.92,30.38
2015-10-02,38.26,41.86,26.74
2015-10-03,39.12,33.76,19.73
2015-10-04,56.96,55.35,23.54
2015-10-05,72.05,48.32,31.01
2015-10-06,77.25,54.55,24.52
2015-10-07,55.88,56.98,24.3
2015-10-08,43.58,47.79,27.54
2015-10-09,44.76,36.16,26.87
2015-10-10,58.1,37.2,27.22
2015-10-11,66.61,35.51,33.5
2015-10-12,68.36,38.08,32.02
2015-10-13,58.59,40.14,38.88
2015-10-14,42.76,30.94,39.7
2015-10-15,50.39,33.03,44.56
2015-10-16,65.7,42.38,42.06
2015-10-17,57.27,39.695,27.48
2015-10-18,48.84,37.01,35.87
2015-10-19,46.65,43.49,21.37
2015-10-20,61.74,43.23,5.65
2015-10-21,53.88,43.26,20.88
2015-10-22,24.9,25.06,33.92
2015-10-23,36.99,33.49,33.78
2015-10-24,46.59,38.65,34.86
2015-10-25,38.62,38.25,29.89
2015-10-26,27.78,29.69,37.44
2015-10-27,31.35,37.15,51.9
2015-10-28,23.95,29.43,26.15
2015-10-29,21.7,33.56,44.06
2015-10-30,22.94,40.59,31.65
2015-10-31,25.815,50.05,49.74
2015-11-01,28.69,59.51,18.44
2015-11-02,27.45,70.82,23.29
2015-11-03,38.68,71.79,34.87
2015-11-04,79.45,77.35,27.02
2015-11-05,73.97,61.44,61.87
2015-11-06,67.99,60.69,32.2
2015-11-07,92.56,96.0,27.73
2015-11-08,63.22,75.13,21.44
2015-11-09,70.53,74.52,18.46
2015-11-10,95.17,92.34,12.63
2015-11-11,67.79,65.96,22.21
2015-11-12,47.23,57.57,21.57
2015-11-13,35.77,65.18,27.79
2015-11-14,13.87,61.71,21.94
2015-11-15,7.32,63.34,22.705
2015-11-16,45.26,73.92,23.47
2015-11-17,59.78,49.73,24.235000000000003
2015-11-18,84.34,49.04,25.0
2015-11-19,94.58,61.89,41.96
2015-11-20,106.75,74.2,23.93
2015-11-21,130.08,69.52,21.28
2015-11-22,120.21,66.32,13.92
2015-11-23,122.35,70.4,24.04
2015-11-24,93.81,67.0,26.98
2015-11-25,34.49,44.15,32.75
2015-11-26,15.8,52.76,55.4
2015-11-27,57.57,58.12,32.33
2015-11-28,96.52,71.52,32.75
2015-11-29,90.22,79.0,19.08
2015-11-30,117.01,85.39,21.4
2015-12-01,94.74,56.22,21.81
2015-12-02,78.63,50.81,22.0
2015-12-03,90.86,50.69,37.08
2015-12-04,71.39,40.45,52.45
2015-12-05,107.93,59.12,51.77
2015-12-06,112.23,60.11,41.62
2015-12-07,227.49,55.24,46.07
2015-12-08,266.32,54.26,45.43
2015-12-09,117.2,53.98,46.15
2015-12-10,76.99,54.59,51.46
2015-12-11,79.42,62.05,26.38
2015-12-12,82.09,55.82,20.93
2015-12-13,57.49,42.94,12.64
2015-12-14,61.4,53.9,11.98
2015-12-15,,,14.1
2015-12-16,,,20.54
2015-12-17,,,22.39
2015-12-18,,,29.2
2015-12-19,,,21.95
2015-12-20,,,26.04
2015-12-21,,,30.54
2015-12-22,102.94,106.3,34.27
2015-12-23,145.94,117.38,36.34
2015-12-24,70.37,58.99,44.44
2015-12-25,81.66,55.03,24.77
2015-12-26,81.3,67.8,18.88
2015-12-27,93.05,78.29,14.76
2015-12-28,91.11,64.93,41.98
2015-12-29,90.12,70.03,24.83
2015-12-30,125.76,86.85,21.42
2015-12-31,113.91,86.93,26.49
2016-01-01,120.35,107.15,14.68
2016-01-02,100.56,89.12,16.05
2016-01-03,100.05,96.75,16.37
2016-01-04,126.73,113.92,14.18
2016-01-05,134.77,97.5,16.97
2016-01-06,139.56,103.43,16.71
2016-01-07,151.3,142.95,26.13
2016-01-08,152.11,105.93,22.84
2016-01-09,76.97,62.63,21.32
2016-01-10,90.76,60.73,11.01
2016-01-11,110.92,70.62,10.72
2016-01-12,109.08,65.47,12.27
2016-01-13,99.19,81.86,12.06
2016-01-14,88.41,61.25,19.63
2016-01-15,76.86,52.59,17.869999999999997
2016-01-16,62.5,44.62,16.11
2016-01-17,57.28,47.65,10.83
2016-01-18,77.38,62.66,16.09
2016-01-19,79.1,62.43,20.9
2016-01-20,64.33,50.69,28.94
2016-01-21,53.2,43.28,43.57
2016-01-22,63.16,62.63,26.58
2016-01-23,78.57,72.75,16.27
2016-01-24,95.565,61.83,14.08
2016-01-25,112.56,44.12,19.55
2016-01-26,89.15,62.84,17.79
2016-01-27,94.94,64.81,20.6
2016-01-28,90.09,69.62,53.81
2016-01-29,108.08,79.27,22.43
2016-01-30,122.45,85.97,20.22
2016-01-31,100.995,62.1,33.27
2016-02-01,79.54,44.58,30.23
2016-02-02,58.08500000000001,40.07,27.39
2016-02-03,36.63,35.47,23.28
2016-02-04,34.62,37.1,22.79
2016-02-05,44.89,48.03,21.72
2016-02-06,71.38,51.11,19.25
2016-02-07,73.06,51.97,19.97
2016-02-08,60.6,44.15,18.87
2016-02-09,66.16,44.98,20.89
2016-02-10,82.76,42.22,20.63
2016-02-11,76.72,36.07,17.12
2016-02-12,61.91,36.87,19.85
2016-02-13,49.8,40.23,17.34
2016-02-14,46.79,37.4,15.09
2016-02-15,47.97,36.62,40.86
2016-02-16,41.05,34.16,27.19
2016-02-17,46.69,40.21,24.05
2016-02-18,75.6,59.23,24.9
2016-02-19,97.64,64.55,25.75
2016-02-20,115.23,88.49,29.92
2016-02-21,41.14,44.63,29.87
2016-02-22,35.71,30.38,29.34
2016-02-23,48.485,29.99,30.6
2016-02-24,61.26,38.0,28.79
2016-02-25,65.23,34.92,27.07
2016-02-26,67.41,26.99,24.1
2016-02-27,69.59,51.95,5.47
2016-02-28,71.77000000000001,55.91,4.09
2016-02-29,73.95,56.05,3.83
2016-03-01,87.73,55.98,13.53
2016-03-02,74.24,52.63,22.47
2016-03-03,77.1,50.43,22.73
2016-03-04,86.73,45.04,21.95
2016-03-05,85.32,31.51,23.49
2016-03-06,83.91,41.63,23.84
2016-03-07,71.04,53.99,23.77
2016-03-08,51.27,44.36,23.93
2016-03-09,47.51,35.91,33.25
2016-03-10,64.9,43.19,31.23
2016-03-11,,31.1,33.7
2016-03-12,,29.55333333333333,26.04
2016-03-13,,28.006666666666668,21.27
2016-03-14,,26.46,23.37
2016-03-15,,38.24,24.7
2016-03-16,38.89,27.62,36.52
2016-03-17,44.19,30.45,29.15
2016-03-18,54.37333333333333,35.89,26.55
2016-03-19,64.55666666666666,46.65,29.65
2016-03-20,74.74,55.7,27.35
2016-03-21,46.27,30.54,32.86
2016-03-22,24.01,22.14,32.7
2016-03-23,27.21,28.07,29.53
2016-03-24,60.175,46.45,24.5
2016-03-25,93.14,49.77,22.9
2016-03-26,48.34,38.76,32.86
2016-03-27,39.18,27.98,42.56
2016-03-28,30.02,29.51,50.0
2016-03-29,37.48,30.94,24.05
2016-03-30,41.55,26.78,22.67
2016-03-31,49.99,37.96,23.75
2016-04-01,58.42999999999999,40.696666666666665,23.19
2016-04-02,66.86999999999999,43.43333333333333,29.64
2016-04-03,75.31,46.17,19.18
2016-04-04,73.64,41.42,45.69
2016-04-05,56.365,24.26,22.62
2016-04-06,39.09,29.97,28.88
2016-04-07,58.82,38.51,23.17
2016-04-08,36.54,25.48,19.5
2016-04-09,37.44,31.15,18.87
2016-04-10,42.71,28.47,16.4
2016-04-11,54.86,29.65,20.63
2016-04-12,36.99,25.81,17.27
2016-04-13,31.53,24.24,30.91
2016-04-14,31.65,25.72,25.67
2016-04-15,53.12,32.75,26.03
2016-04-16,50.62,29.2,26.81
2016-04-17,48.12,25.65,24.31
2016-04-18,51.26,27.9,25.84
2016-04-19,45.52,34.26,25.01
2016-04-20,40.26,24.1,25.6
2016-04-21,35.49,16.36,22.65
2016-04-22,31.89,22.87,26.41
2016-04-23,28.29,25.42,27.43
2016-04-24,24.69,25.86,20.86
2016-04-25,34.98,21.98,25.49
2016-04-26,61.61,26.07,24.94
2016-04-27,88.48,34.91,19.65
2016-04-28,73.03,33.7,18.06
2016-04-29,48.1,27.5,17.12
2016-04-30,58.2025,29.135,17.48
2016-05-01,68.305,30.77,16.11
2016-05-02,78.40750000000001,32.404999999999994,19.71
2016-05-03,88.51,34.04,20.1
2016-05-04,73.97,64.69,16.71
2016-05-05,64.96,50.51,17.66
2016-05-06,45.72,36.63,16.79
2016-05-07,59.79,42.49,17.82
2016-05-08,61.54,53.44,16.68
2016-05-09,70.54,63.39,16.5
2016-05-10,54.92,45.39,16.75
2016-05-11,89.76,47.92,16.13
2016-05-12,113.55,66.52,19.08
2016-05-13,104.14,40.71,23.06
2016-05-14,94.12,38.17,22.026666666666667
2016-05-15,98.51,43.59,20.993333333333336
2016-05-16,58.69,30.69,19.96
2016-05-17,56.58,26.72,11.28
2016-05-18,49.67,24.99,36.19
2016-05-19,85.71,44.45,7.22
2016-05-20,76.74,59.98,7.84
2016-05-21,67.43,54.66,8.66
2016-05-22,,42.12,9.56
2016-05-23,,41.42,9.71
2016-05-24,,37.61,10.37
2016-05-25,,53.91,24.05
2016-05-26,,47.16,21.54
2016-05-27,,41.27,21.52
2016-05-28,,27.45,21.36
2016-05-29,,30.5,17.98
2016-05-30,61.99,40.34,30.8
2016-05-31,66.69,46.48,56.94
2016-06-01,45.32,35.74,75.14
2016-06-02,55.1,30.6,29.71
2016-06-03,74.91,37.34,
2016-06-04,71.81,49.2,
2016-06-05,89.26,49.64,
2016-06-06,44.09,39.14,
2016-06-07,40.92,33.36,
2016-06-08,39.91,27.86,
2016-06-09,45.7,29.0,
2016-06-10,36.8,26.4,
2016-06-11,57.16,27.04,
2016-06-12,49.87,27.89,
2016-06-13,51.23,28.66,
2016-06-14,54.11,28.29,
2016-06-15,71.28,33.7,
2016-06-16,51.22,30.52,
2016-06-17,50.91,20.95,38.77
2016-06-18,52.67,47.31,34.41
2016-06-19,79.2,34.54,31.78
2016-06-20,48.78,33.31,37.12
2016-06-21,43.53,45.93,36.79
2016-06-22,42.03,27.29,32.55
2016-06-23,35.87,26.71,32.35
2016-06-24,45.7,31.5,30.59
2016-06-25,65.96,35.93,34.79666666666667
2016-06-26,49.14,34.97,39.00333333333333
2016-06-27,46.38,34.01,43.21
2016-06-28,43.96,27.79,45.56
2016-06-29,45.1,28.42,44.18
2016-06-30,51.49,25.84,37.66
2016-07-01,69.74,25.47,41.94
2016-07-02,56.13,37.13,35.09
2016-07-03,53.72,27.36,29.15
2016-07-04,54.04,24.58,32.37
2016-07-05,82.04,32.28,31.94
2016-07-06,86.89,38.15,32.42
2016-07-07,59.15,30.22,35.53
2016-07-08,71.88,29.33,28.85
2016-07-09,64.68,33.2,28.08
2016-07-10,64.13,27.85,25.57
2016-07-11,68.58,26.42,24.14
2016-07-12,53.42,25.62,17.58
2016-07-13,66.54,28.73,14.47
2016-07-14,61.045,35.47,18.34
2016-07-15,55.55,19.51,15.33
2016-07-16,53.48,40.05,14.03
2016-07-17,54.49,28.79,12.73
2016-07-18,47.75,25.38,15.8
2016-07-19,52.64,34.3,18.58
2016-07-20,69.02,30.07,14.64
2016-07-21,56.71,27.18,11.35
2016-07-22,61.23,30.11,17.94
2016-07-23,57.5,35.87,13.175
2016-07-24,58.94,32.14,8.41
2016-07-25,76.94,41.06,8.36
2016-07-26,74.68,48.55,10.29
2016-07-27,47.85,39.34,15.69
2016-07-28,44.19,35.51,15.8
2016-07-29,50.62,33.8,10.82
2016-07-30,40.42,32.28,13.48
2016-07-31,47.78,31.11,21.24
2016-08-01,43.47,29.03,2.09
2016-08-02,42.77,26.22,0.15
2016-08-03,38.19,23.37,0.68
2016-08-04,46.66,27.85,0.33
2016-08-05,39.2,31.72,
2016-08-06,42.26,33.41,
2016-08-07,32.81,24.24,
2016-08-08,32.95,26.66,
2016-08-09,32.34,20.15,
2016-08-10,33.14,26.57,
2016-08-11,24.13,25.12,40.48
2016-08-12,26.26,15.98,40.88
2016-08-13,39.26,25.46,40.67
2016-08-14,44.36,23.73,40.59
2016-08-15,39.52,18.1,40.86
2016-08-16,37.37,17.97,40.69
2016-08-17,32.16,19.24,40.91
2016-08-18,44.19,24.06,40.66
2016-08-19,39.88,20.28,40.69
2016-08-20,30.01,25.72,40.31
2016-08-21,24.36,21.27,40.82
2016-08-22,27.02,19.79,40.19
2016-08-23,30.24,23.93,40.51
2016-08-24,33.29,20.69,40.31
2016-08-25,39.72,25.45,41.23
2016-08-26,66.31,26.09,40.74
2016-08-27,50.74,27.005000000000003,40.27
2016-08-28,35.17,27.92,39.99
2016-08-29,36.3,24.43,40.64
2016-08-30,46.28,22.41,40.42
2016-08-31,38.41,18.57,40.41
2016-09-01,27.6,15.83,40.49
2016-09-02,38.92,18.37,40.36
2016-09-03,30.08,17.64,40.4
2016-09-04,27.3,19.18,40.42
2016-09-05,23.46,15.71,40.48
2016-09-06,21.69,14.62,40.36
2016-09-07,19.76,14.54,40.83
2016-09-08,24.17,15.49,40.73
2016-09-09,27.19,15.92,72.77
2016-09-10,24.66,17.02,104.81
2016-09-11,24.66,16.05,43.84
2016-09-12,28.74,15.82,43.545
2016-09-13,36.82,19.88,43.25
2016-09-14,26.99,20.68,43.42
2016-09-15,31.36,31.22,39.83
2016-09-16,35.22,24.58,13.14
2016-09-17,38.14,27.35,5.14
2016-09-18,39.02,24.83,14.97
2016-09-19,34.56,43.58,24.8
2016-09-20,35.18666666666667,33.86,30.77
2016-09-21,35.81333333333333,35.54,55.78
2016-09-22,36.44,25.41,35.92
2016-09-23,36.19,22.99,120.07
2016-09-24,34.7,22.12,84.68
2016-09-25,33.04,23.0,67.135
2016-09-26,41.83,29.1,49.59
2016-09-27,39.65,24.12,38.935
2016-09-28,60.63,34.36,28.28
2016-09-29,53.03,32.93,36.38
2016-09-30,43.63,28.42,55.12
2016-10-01,62.13,31.78,55.14
2016-10-02,41.68,31.83,55.23
2016-10-03,51.93,36.66,55.31999999999999
2016-10-04,59.48,41.66,55.41
2016-10-05,61.81,40.31,56.1
2016-10-06,74.65,45.44,55.42
2016-10-07,59.11,39.06,55.17
2016-10-08,52.17,36.53,38.9
2016-10-09,53.13,38.34,15.05
2016-10-10,55.81,30.84,15.09
2016-10-11,44.23,33.32,15.11
2016-10-12,40.33,27.6,15.12
2016-10-13,38.39,22.95,15.12
2016-10-14,37.84,24.94,15.13
2016-10-15,42.02,30.64,15.02
2016-10-16,42.65,31.36,14.735
2016-10-17,45.11,33.16,14.45
2016-10-18,49.64,33.53,14.91
2016-10-19,52.23,34.88,15.025
2016-10-20,63.92,30.59,15.14
2016-10-21,64.34,28.48,19.99
2016-10-22,64.75,30.38,39.56
2016-10-23,53.29,32.56,24.4
2016-10-24,44.71,30.49,23.24
2016-10-25,49.51,31.62,33.13
2016-10-26,61.23,36.64,40.67
2016-10-27,63.38,56.29,37.52
2016-10-28,64.58,76.86,34.9
2016-10-29,75.89,108.1,35.3
2016-10-30,96.19,109.15,41.04
2016-10-31,112.82,99.9,38.42
2016-11-01,124.38,86.43,37.58
2016-11-02,147.34,102.7,36.28
2016-11-03,146.22,106.3,37.76
2016-11-04,152.53,77.8,36.05
2016-11-05,141.54,90.01,28.78
2016-11-06,148.5,95.8,27.28
2016-11-07,114.13,55.23,29.92
2016-11-08,85.74,68.77,29.57
2016-11-09,78.89,72.97,28.86
2016-11-10,95.61,81.11,27.67
2016-11-11,112.67,93.92,29.6
2016-11-12,111.92,84.19,30.49
2016-11-13,100.93,74.62,39.82
2016-11-14,86.8,58.55,31.52
2016-11-15,86.57,49.41,14.03
2016-11-16,82.54,47.36,24.15
2016-11-17,62.46,39.08,34.63
2016-11-18,64.7,41.24,24.55
2016-11-19,83.3,44.91,24.89
2016-11-20,130.31,50.84,27.955
2016-11-21,136.15,44.25,31.02
2016-11-22,112.6,32.95,39.39
2016-11-23,84.07,37.23,39.88
2016-11-24,95.74,35.34,19.16
2016-11-25,47.32,26.25,17.7
2016-11-26,38.66,24.57,17.32
2016-11-27,44.73,25.41,17.2
2016-11-28,37.86,27.77,27.25
2016-11-29,86.38,46.44,27.55
2016-11-30,133.51,78.39,26.58
2016-12-01,134.35,74.99,27.97
2016-12-02,128.15,66.33,30.0
2016-12-03,89.57,37.45,37.49
2016-12-04,124.42,33.23,28.44
2016-12-05,9.83,34.76,29.23
2016-12-06,81.06,47.48,27.6
2016-12-07,86.44,43.11,26.04
2016-12-08,85.94,31.99,26.6
2016-12-09,38.85,52.57,24.42
2016-12-10,8.96,58.53,24.0
2016-12-11,0.13,54.58,32.37
2016-12-12,66.6,49.08,28.36
2016-12-13,0.92,49.32,37.1
2016-12-14,4.113333333333333,48.95,25.14
2016-12-15,7.306666666666667,46.19,27.42
2016-12-16,10.5,40.79,36.2
2016-12-17,112.42,52.37,23.44
2016-12-18,105.44,50.43,28.81
2016-12-19,110.36,49.4,20.01
2016-12-20,86.81,40.08,18.42
2016-12-21,74.56,33.63,16.41
2016-12-22,90.37,38.82,17.54
2016-12-23,135.3,69.43,17.39
2016-12-24,131.89,86.0,18.3
2016-12-25,101.99,73.9,17.31
2016-12-26,84.09,59.56,17.08
2016-12-27,72.77,53.88,16.9
2016-12-28,93.98,50.38,17.07
2016-12-29,137.49,70.18,16.91
2016-12-30,95.9,61.1,17.46
2016-12-31,89.8,56.34,17.59
2017-01-01,92.26,55.84,17.605
2017-01-02,100.81,53.56,17.62
2017-01-03,107.42,53.06,19.41
2017-01-04,116.02,47.22,24.85
2017-01-05,114.88,47.1,25.09
2017-01-06,112.1,48.65,24.47
2017-01-07,65.94,47.5,25.17
2017-01-08,50.14,40.24,25.52
2017-01-09,53.78,40.1,24.41
2017-01-10,43.19,30.69,24.92
2017-01-11,44.8,34.37,25.29
2017-01-12,61.51,44.35,26.47
2017-01-13,62.1,49.76,26.04
2017-01-14,67.47,63.8,24.76
2017-01-15,72.84,39.78,23.31
2017-01-16,78.21,47.97,23.82
2017-01-17,56.35,38.34,23.88
2017-01-18,53.95666666666667,45.73,22.76
2017-01-19,51.56333333333334,45.63,23.03
2017-01-20,49.17,43.9,24.05
2017-01-21,56.99,44.44,23.84
2017-01-22,64.81,44.98,23.035
2017-01-23,72.63,45.52,22.23
2017-01-24,81.09,55.68,23.95
2017-01-25,106.95,55.88,23.3
2017-01-26,84.32,49.8,24.99
2017-01-27,57.25,31.18,27.95
2017-01-28,46.67,28.66,26.906666666666663
2017-01-29,43.39,29.36,25.863333333333333
2017-01-30,55.31,37.89,24.82
2017-01-31,74.43,43.03,24.8
2017-02-01,74.72,36.48,23.83
2017-02-02,91.08,39.95,22.26
2017-02-03,101.96,42.13,22.29
2017-02-04,108.74,42.34,22.38
2017-02-05,77.67,35.62,20.54
2017-02-06,78.73,33.44,21.39
2017-02-07,49.31,24.96,20.74
2017-02-08,50.49,26.98,20.2
2017-02-09,55.87,33.08,21.68
2017-02-10,51.98,36.72,20.99
2017-02-11,49.74,26.06,21.44
2017-02-12,54.17,30.72,22.83
2017-02-13,55.8,32.99,23.08
2017-02-14,66.37,34.72,28.08
2017-02-15,77.51,34.88,24.68
2017-02-16,76.01,39.09,23.65
2017-02-17,82.95,38.14,22.85
2017-02-18,92.71,40.5,22.95
2017-02-19,99.11,39.68,22.5
2017-02-20,96.15,33.04,22.25
2017-02-21,112.76,34.68,21.94
2017-02-22,80.13,25.89,21.67
2017-02-23,69.07,29.69,22.22
2017-02-24,61.62333333333333,24.973333333333333,21.92
2017-02-25,54.17666666666666,20.256666666666664,22.93
2017-02-26,46.73,15.54,24.05
2017-02-27,59.62,19.0,22.87
2017-02-28,79.15,27.69,22.97
2017-03-01,84.04,29.14,107.53
2017-03-02,85.07,32.42,24.18
2017-03-03,61.43,19.58,26.25
2017-03-04,54.97,19.83,26.53
2017-03-05,45.46,19.05,27.95
2017-03-06,45.2,15.07,31.01
2017-03-07,48.46,17.11,34.12
2017-03-08,44.55,18.3,30.12
2017-03-09,,22.16,35.13
2017-03-10,,20.3,42.48
2017-03-11,,13.12,28.2
2017-03-12,,14.84,26.09
2017-03-13,,14.87,30.64
2017-03-14,,16.05,34.32
2017-03-15,,16.26,33.53
2017-03-16,,14.35,26.96
2017-03-17,,17.06,27.37
2017-03-18,,16.9,25.99
2017-03-19,,19.68,25.66
2017-03-20,,21.11,26.78
2017-03-21,,17.26,26.49
2017-03-22,,18.66,23.98
2017-03-23,,,24.06
2017-03-24,180.37,,20.33
2017-03-25,81.56,,20.79
2017-03-26,75.12,,22.33
2017-03-27,76.77,,22.04
2017-03-28,82.09,,25.2
2017-03-29,83.11,,28.76
2017-03-30,84.17,,25.74
2017-03-31,86.74,,22.44
2017-04-01,85.56,,24.02
2017-04-02,85.34,,28.54
2017-04-03,76.61,,26.81
2017-04-04,81.05,,25.66
2017-04-05,81.16,,27.27
2017-04-06,72.62,,27.92
2017-04-07,56.22,,28.02
2017-04-08,48.8,,26.68
2017-04-09,46.7,,25.78
2017-04-10,45.06,,29.59
2017-04-11,50.47,10.42,28.14
2017-04-12,57.0,21.43,26.435
2017-04-13,96.36,4.72,24.73
2017-04-14,77.04,8.51,24.12
2017-04-15,94.83,13.33,24.52
2017-04-16,85.97999999999999,13.17,28.035
2017-04-17,77.13,14.12,31.55
2017-04-18,67.35,13.87,28.01
2017-04-19,57.57,8.54,31.93
2017-04-20,60.54,9.71,28.87
2017-04-21,62.26,14.66,35.77
2017-04-22,47.71,12.195,30.19
2017-04-23,33.16,9.73,27.92
2017-04-24,41.67,9.84,27.52
2017-04-25,36.6,9.24,28.23
2017-04-26,44.43,11.27,27.58
2017-04-27,50.69,10.59,28.45
2017-04-28,45.39,9.46,27.29
2017-04-29,47.75,9.56,28.89
2017-04-30,43.01,11.57,27.355
2017-05-01,39.36,10.96,25.82
2017-05-02,56.48,13.9,26.1
2017-05-03,59.69,16.73,28.37
2017-05-04,55.39,14.71,22.96
2017-05-05,49.43,15.06,31.0
2017-05-06,58.71,15.32,31.4
2017-05-07,66.51,17.14,22.61
2017-05-08,69.68,15.89,29.12
2017-05-09,59.96,13.9,30.32
2017-05-10,59.67,16.22,31.83
2017-05-11,47.86,14.07,22.39
2017-05-12,48.66,13.18,11.61
2017-05-13,54.37,15.23,11.24
2017-05-14,44.82,13.19,18.05
2017-05-15,7.9,11.28,18.34
2017-05-16,13.9,11.82,17.72
2017-05-17,29.526666666666667,12.09,18.17
2017-05-18,45.153333333333336,13.57,15.07
2017-05-19,60.78,14.98,18.85
2017-05-20,50.13,11.74,23.79
2017-05-21,63.05500000000001,13.02,23.65
2017-05-22,75.98,17.3,23.78
2017-05-23,96.32,14.3,24.31
2017-05-24,94.09,16.24,23.85
2017-05-25,91.86,14.99,23.75
2017-05-26,78.44,16.13,23.65
2017-05-27,72.4,14.81,23.57
2017-05-28,69.09,15.79,23.46
2017-05-29,65.96,17.17,23.67
2017-05-30,77.76,24.29,23.64
2017-05-31,88.31,35.09,23.73
2017-06-01,74.83,46.9,23.75
2017-06-02,79.75,39.83,23.66
2017-06-03,89.1,35.16,23.86
2017-06-04,90.02,27.83,23.805
2017-06-05,74.7,25.4,23.75
2017-06-06,74.2,22.55,23.64
2017-06-07,86.55,22.4,23.83
2017-06-08,,,23.61
2017-06-09,,,23.79
2017-06-10,,,23.65
2017-06-11,,,23.52
2017-06-12,,,23.68
2017-06-13,,,23.7
2017-06-14,,,23.66
2017-06-15,,,23.69
2017-06-16,,,23.91
2017-06-17,,,23.92
2017-06-18,,,23.74
2017-06-19,,,23.76
2017-06-20,,,23.87
2017-06-21,,,23.87
2017-06-22,,,23.97
2017-06-23,,,23.86
2017-06-24,,,35.99
2017-06-25,,,31.68
2017-06-26,,,31.96
2017-06-27,,,31.97
2017-06-28,,,32.02
2017-06-29,,,32.05
2017-06-30,,,31.99
2017-07-01,,,31.77
2017-07-02,,,90.01
2017-07-03,,,104.87
2017-07-04,,,
2017-07-05,,,
2017-07-06,,,
2017-07-07,,,
2017-07-08,,,29.43
2017-07-09,,,32.09
2017-07-10,,,32.39
2017-07-11,,,30.96
2017-07-12,,,27.05
2017-07-13,,,27.1
2017-07-14,,,26.36
2017-07-15,,,26.88
2017-07-16,,,26.78
2017-07-17,,,26.87
2017-07-18,,,26.88
2017-07-19,,,27.04
2017-07-20,,,26.84
2017-07-21,,,26.79
2017-07-22,,,27.12
2017-07-23,,,26.75
2017-07-24,,,26.97
2017-07-25,,,27.22
2017-07-26,,,26.72
2017-07-27,,,27.03
2017-07-28,,,26.46
2017-07-29,,,26.99
2017-07-30,,,26.87
2017-07-31,,,26.22
2017-08-01,,,24.62
2017-08-02,,,24.78
2017-08-03,,,24.54
2017-08-04,,,24.15
2017-08-05,,,24.57
2017-08-06,,,24.46
2017-08-07,,,24.53
2017-08-08,,,24.43
2017-08-09,,,24.68
2017-08-10,,,24.56
2017-08-11,,,24.42
2017-08-12,,,23.93
2017-08-13,,,23.44
2017-08-14,,,22.95
2017-08-15,,,24.17
2017-08-16,,,24.61
2017-08-17,,,24.71
2017-08-18,,,24.69
2017-08-19,,,24.52
2017-08-20,,,24.3
2017-08-21,,,24.48
2017-08-22,,,24.4
2017-08-23,,,24.3
2017-08-24,,,24.49
2017-08-25,,,24.22
2017-08-26,,,25.06
2017-08-27,,,24.2
2017-08-28,,,24.36
2017-08-29,,,24.61
2017-08-30,,,24.58
2017-08-31,,,24.78
2017-09-01,,,24.45
2017-09-02,,,24.44
2017-09-03,,,24.2
2017-09-04,,,24.42
2017-09-05,,,24.44
2017-09-06,,,24.13
2017-09-07,,,24.37
2017-09-08,,,24.37
2017-09-09,,,24.34
2017-09-10,,,24.65333333333333
2017-09-11,,,24.966666666666665
2017-09-12,,,25.28
2017-09-13,,,24.62
2017-09-14,,,24.2
2017-09-15,,,25.08
2017-09-16,,,24.21
2017-09-17,,,23.37
2017-09-18,,,23.92
2017-09-19,,,23.97
2017-09-20,,,24.05
2017-09-21,,,24.04
2017-09-22,,,24.05
2017-09-23,,,24.15
2017-09-24,,,24.18
2017-09-25,,,23.77
2017-09-26,,,23.87
2017-09-27,,,22.64
2017-09-28,,,21.83
2017-09-29,,,23.84
2017-09-30,,,23.87
2017-10-01,,,23.86
2017-10-02,,,23.89
2017-10-03,,,23.95
2017-10-04,,,23.88
2017-10-05,,,24.02
2017-10-06,,,24.05
2017-10-07,,,25.33
2017-10-08,,,26.27
2017-10-09,,,26.53
2017-10-10,,,26.4
2017-10-11,,,26.24
2017-10-12,,,26.64
2017-10-13,,,26.23
2017-10-14,,,26.16
2017-10-15,,,26.03
2017-10-16,96.16,32.68,26.29
2017-10-17,96.18,34.54,26.83
2017-10-18,98.08,33.39,26.76
2017-10-19,97.99,43.66,26.71
2017-10-20,102.06,39.08,26.81
2017-10-21,123.32,45.05,26.51
2017-10-22,92.84,36.76,26.26
2017-10-23,85.77,35.99,26.38
2017-10-24,105.43,37.25,26.59
2017-10-25,106.13,39.64,26.4
2017-10-26,120.95,36.46,26.39
2017-10-27,86.07,41.36,26.4
2017-10-28,91.64,38.54,26.62
2017-10-29,95.47,40.56,26.6
2017-10-30,102.11,43.54,26.61
2017-10-31,107.51,41.2,26.65
2017-11-01,63.78,38.88,26.39
2017-11-02,88.88,45.46,26.14
2017-11-03,67.76,40.36,26.64
2017-11-04,82.23,45.56,26.61
2017-11-05,99.35,41.5,26.44
2017-11-06,106.55,39.89,26.93
2017-11-07,134.82,50.87,26.82
2017-11-08,145.74,58.01,26.82
2017-11-09,97.98,48.6,26.77
2017-11-10,110.46,49.01,25.71
2017-11-11,110.2,52.81,26.5
2017-11-12,100.48,66.22,26.38
2017-11-13,110.06,59.09,26.54
2017-11-14,91.37,61.71,26.59
2017-11-15,70.9,49.83,26.72
2017-11-16,83.83,49.51,26.88
2017-11-17,76.83,43.28,26.65
2017-11-18,65.76,44.56,26.87
2017-11-19,57.9,33.43,26.56
2017-11-20,51.07,34.6,26.43
2017-11-21,58.71,30.01,26.4
2017-11-22,66.74,28.87,26.84
2017-11-23,66.58,30.05,27.21
2017-11-24,81.04,29.52,26.78
2017-11-25,88.4,34.62,
2017-11-26,96.21,36.63,
2017-11-27,109.74,40.1,
2017-11-28,115.62,35.37,
2017-11-29,129.08,41.49,
2017-11-30,109.71,45.56,
2017-12-01,105.82,41.79,
2017-12-02,119.6,42.88,
2017-12-03,118.87,51.65,
2017-12-04,124.01,56.28,
2017-12-05,70.48,59.09,
2017-12-06,70.4,39.74,25.89
2017-12-07,51.78,31.27,37.81
2017-12-08,54.87,32.75,68.36
2017-12-09,74.35,37.39,30.02
2017-12-10,91.06,46.74,42.43
2017-12-11,112.6,48.09,37.61
2017-12-12,105.23,51.84,54.97
2017-12-13,82.29,48.53,87.2
2017-12-14,81.28,43.73,56.03
2017-12-15,58.71,41.06,28.03
2017-12-16,59.24,34.36,37.28
2017-12-17,59.77,27.66,46.53
2017-12-18,68.93,34.82,55.78
2017-12-19,92.05,39.93,65.03
2017-12-20,135.91,53.71,57.13
2017-12-21,121.06,60.02,49.98
2017-12-22,80.46,40.7,37.0
2017-12-23,68.23,33.26,80.1
2017-12-24,120.57,37.46,84.26
2017-12-25,109.33,43.02,72.53
2017-12-26,114.36,41.43,37.01
2017-12-27,142.92,35.86,9.77
2017-12-28,152.26,38.79,10.45
2017-12-29,137.77,47.47,9.6
2017-12-30,151.86,48.98,8.98
2017-12-31,146.8,47.69,
2018-01-01,118.12,50.67,
2018-01-02,79.54,51.88,
2018-01-03,72.41,44.29,
2018-01-04,74.1,44.06,
2018-01-05,61.19,45.45,
2018-01-06,94.01,45.5,
2018-01-07,88.15,40.11,
2018-01-08,82.91,33.23,
2018-01-09,113.51,36.38,
2018-01-10,79.1,33.79,45.45
2018-01-11,86.28,31.01,48.27
2018-01-12,93.86,36.75,42.34
2018-01-13,119.81,38.96,41.38
2018-01-14,86.72,39.12,36.21
2018-01-15,79.14,42.19,33.68
2018-01-16,65.49,32.98,36.95
2018-01-17,89.09,40.95,36.51
2018-01-18,106.93,44.11,34.11
2018-01-19,149.39,42.97,36.27
2018-01-20,119.48,37.13,40.27
2018-01-21,77.98,27.37,45.24
2018-01-22,120.51,32.25,50.22
2018-01-23,89.41,44.65,57.58
2018-01-24,65.72,38.33,68.02
2018-01-25,28.03,32.72,64.75
2018-01-26,52.98,33.38,57.65
2018-01-27,39.26,32.47,57.83
2018-01-28,49.96,26.85,58.16
2018-01-29,33.52,21.56,60.91
2018-01-30,45.52,29.18,70.16
2018-01-31,41.08,22.76,73.36
2018-02-01,38.2,18.17,81.64
2018-02-02,47.45,16.45,75.97
2018-02-03,40.14,13.46,75.86
2018-02-04,36.99,12.76,60.26
2018-02-05,34.97,26.54,74.39
2018-02-06,41.4,43.49,83.02
2018-02-07,29.23,42.24,89.31
2018-02-08,26.18,36.53,94.19
2018-02-09,29.65,43.68,98.39
2018-02-10,25.75,40.37,90.65
2018-02-11,45.89,33.71,62.54
2018-02-12,33.26,33.94,
2018-02-13,45.59,28.96,
2018-02-14,37.21,27.52,
2018-02-15,38.19,30.53,
2018-02-16,35.71,38.19,
2018-02-17,39.35,39.32,
2018-02-18,36.52,38.46,
2018-02-19,35.17,33.12,
2018-02-20,37.61,39.77,
2018-02-21,42.16,36.01,
2018-02-22,41.91,41.25,
2018-02-23,56.09,43.92,
2018-02-24,41.21,49.63,
2018-02-25,48.29,33.81,
2018-02-26,37.93,34.93,
2018-02-27,34.82,29.22,
2018-02-28,45.71,42.81,
2018-03-01,34.36,43.3,
2018-03-02,35.39,36.7,
2018-03-03,41.4,43.25,
2018-03-04,33.26,36.14,
2018-03-05,30.62,35.76,
2018-03-06,31.73,33.52,
2018-03-07,27.96,33.05,
2018-03-08,33.33,30.63,
2018-03-09,43.97,29.78,
2018-03-10,31.55,31.58,
2018-03-11,35.56,33.57,
2018-03-12,37.41,32.58,
2018-03-13,39.260000000000005,34.38,
2018-03-14,41.11,30.77,
2018-03-15,44.52,34.76,
2018-03-16,42.25,33.78,
2018-03-17,33.75,32.17,
2018-03-18,37.85,24.33,
2018-03-19,41.95,27.8,
2018-03-20,46.05,30.81,
2018-03-21,52.86,34.46,
2018-03-22,38.14,32.37,
2018-03-23,30.96,29.51,
2018-03-24,28.43,31.56,
2018-03-25,35.3,30.76,
2018-03-26,30.02,29.78,
2018-03-27,32.4,27.07,
2018-03-28,37.18,28.55,
2018-03-29,31.98,28.92,
2018-03-30,37.81,29.1,
2018-03-31,28.98,33.91,
2018-04-01,20.15,41.07,
2018-04-02,28.96,41.38,
2018-04-03,26.56,39.86,
2018-04-04,43.93,35.94,
2018-04-05,53.66,39.62,
2018-04-06,49.03,36.65,
2018-04-07,28.23,35.53,
2018-04-08,20.48,35.49,
2018-04-09,28.63,36.58,
2018-04-10,20.18,46.67,
2018-04-11,14.11,35.17,
2018-04-12,18.88,32.31,
2018-04-13,23.34,29.450000000000003,
2018-04-14,24.54,26.59,
2018-04-15,29.58,37.07,
2018-04-16,43.54,32.2,
2018-04-17,27.01,25.48,
2018-04-18,29.88,27.79,
2018-04-19,27.93,35.49,
2018-04-20,35.18,35.23,
2018-04-21,25.02,33.37,
2018-04-22,13.35,27.14,
2018-04-23,16.2,25.38,
2018-04-24,29.24,27.05,
2018-04-25,22.79,28.22,
2018-04-26,32.22,37.02,
2018-04-27,11.38,42.94,
2018-04-28,12.8,41.22,
2018-04-29,18.7,43.06,
2018-04-30,22.2,52.05,
2018-05-01,5.37,48.37,
2018-05-02,10.14,41.06,
2018-05-03,11.0,31.85,
2018-05-04,7.97,34.59,
2018-05-05,19.35,33.9,
2018-05-06,26.31,33.47,
2018-05-07,26.71,32.46,
2018-05-08,23.08,29.05,
2018-05-09,31.05,28.59,
2018-05-10,29.41,38.68,
2018-05-11,28.08,40.16,
2018-05-12,17.9,45.9,
2018-05-13,9.34,46.46,
2018-05-14,8.83,34.78,
2018-05-15,5.91,41.46,
2018-05-16,12.7,35.15,
2018-05-17,21.99,27.66,
2018-05-18,32.03,34.01,
2018-05-19,35.48,38.37,
2018-05-20,28.34,33.72,
2018-05-21,23.71,27.5,
2018-05-22,20.2,31.84,
2018-05-23,24.41,43.06,
2018-05-24,35.01,40.78,
2018-05-25,26.86,32.29,
2018-05-26,26.49,34.99,
2018-05-27,23.56,38.48,
2018-05-28,42.94,37.33,
2018-05-29,23.06,40.63,
2018-05-30,12.56,62.06,
2018-05-31,15.9,51.83,
2018-06-01,5.6,55.65,
2018-06-02,5.23,43.09,
2018-06-03,10.22,52.78,
2018-06-04,5.36,51.68,
2018-06-05,5.1,51.23,
2018-06-06,21.76,49.35,
2018-06-07,14.14,31.69,
2018-06-08,5.9,58.84,18.55
2018-06-09,4.87,53.39,
2018-06-10,18.88,53.89,
2018-06-11,12.84,44.31,
2018-06-12,8.47,44.61,
2018-06-13,20.87,37.4,
2018-06-14,30.49,27.82,
2018-06-15,13.89,24.54,54.13
2018-06-16,9.93,26.58,65.66
2018-06-17,5.93,29.03,65.85
2018-06-18,8.57,24.4,52.88
2018-06-19,8.74,22.68,39.88
2018-06-20,18.11,23.98,39.82
2018-06-21,20.25,26.52,39.87
2018-06-22,23.54,27.97,40.19
2018-06-23,21.78,38.7,43.21
2018-06-24,24.71,43.05,43.75
2018-06-25,5.93,40.26,43.32
2018-06-26,,36.79,42.98
2018-06-27,,45.92,42.71
2018-06-28,,57.78,42.01
2018-06-29,,56.56,42.49
2018-06-30,,48.89,43.05
2018-07-01,,44.6,43.45
2018-07-02,,37.31,43.18
2018-07-03,,34.03,42.43
2018-07-04,,36.49,42.77
2018-07-05,,44.02,42.54
2018-07-06,,46.63,39.95
2018-07-07,,38.7,40.12
2018-07-08,,70.32,40.24
2018-07-09,,71.06,40.42
2018-07-10,,52.01,40.38
2018-07-11,,34.43,40.45
2018-07-12,,28.22,40.5
2018-07-13,,26.96,40.34
2018-07-14,,27.93,40.37
2018-07-15,,26.4,40.31
2018-07-16,,27.61,40.23
2018-07-17,,29.69,39.41
2018-07-18,,29.29,38.39
2018-07-19,,30.46,38.46
2018-07-20,,30.38,38.68
2018-07-21,,36.9,38.82
2018-07-22,,31.13,38.84
2018-07-23,,36.17,45.78
2018-07-24,,20.285,58.25
2018-07-25,,4.4,45.05
2018-07-26,,12.35,23.77
2018-07-27,,17.33,17.44
2018-07-28,,6.76,21.39
2018-07-29,,6.85,29.2
2018-07-30,,7.32,33.11
2018-07-31,,6.8,31.37
2018-08-01,,13.16,31.83
2018-08-02,,16.89,33.06
2018-08-03,,15.49,29.64
2018-08-04,,26.84,23.22
2018-08-05,,9.75,24.81
2018-08-06,,11.21,23.69
2018-08-07,,12.62,24.15
2018-08-08,,12.93,23.57
2018-08-09,,17.48,23.59
2018-08-10,,16.71,23.77
2018-08-11,,12.29,24.1
2018-08-12,2.5,16.45,24.0
2018-08-13,19.72,35.9,23.47
2018-08-14,14.41,39.01,23.56
2018-08-15,11.98,40.11,24.19
2018-08-16,9.5,39.86,26.49
2018-08-17,6.49,19.67,31.68
2018-08-18,6.49,22.67,31.59
2018-08-19,4.72,17.79,26.31
2018-08-20,12.59,20.96,27.48
2018-08-21,31.37,18.01,30.61
2018-08-22,35.51,15.54,28.89
2018-08-23,27.68,13.75,31.15
2018-08-24,22.47,14.17,29.36
2018-08-25,29.73,9.7,29.77
2018-08-26,31.82,8.31,29.53
2018-08-27,18.76,9.7,29.33
2018-08-28,13.28,16.89,28.86
2018-08-29,17.88,9.44,29.57
2018-08-30,30.45,7.23,30.27
2018-08-31,27.79,8.07,32.03
2018-09-01,19.39333333333333,9.52,27.47
2018-09-02,10.996666666666664,10.72,15.74
2018-09-03,2.6,9.97,14.37
2018-09-04,50.53,7.88,13.68
2018-09-05,42.05,7.01,12.5
2018-09-06,42.66,7.7,12.38
2018-09-07,41.6,8.69,12.2
2018-09-08,39.16,7.54,12.23
2018-09-09,30.7,6.54,12.35
2018-09-10,31.59,6.19,12.43
2018-09-11,27.74,6.59,12.03
2018-09-12,30.46,6.77,12.55
2018-09-13,29.14,5.98,12.21
2018-09-14,30.39,5.82,12.16
2018-09-15,36.8,7.14,12.74
2018-09-16,36.24,11.49,14.58
2018-09-17,42.85,6.73,12.3
2018-09-18,35.26,7.26,12.31
2018-09-19,46.11,9.67,11.81
2018-09-20,,19.3,12.11
2018-09-21,,25.48,11.85
2018-09-22,,21.78,11.54
2018-09-23,,21.41,11.94
2018-09-24,29.09,38.58,12.94
2018-09-25,33.2,26.91,14.19
2018-09-26,38.77,22.72,13.61
2018-09-27,49.31,29.13,13.99
2018-09-28,67.27,35.39,14.95
2018-09-29,69.96,37.95,14.43
2018-09-30,58.09,39.17,15.38
2018-10-01,61.62,34.85,14.88
2018-10-02,79.12,41.5,14.47
2018-10-03,67.56,36.29,15.44
2018-10-04,67.46,45.03,16.23
2018-10-05,79.01,55.43,15.38
2018-10-06,59.03,42.67,14.78
2018-10-07,53.65,42.97,14.56
2018-10-08,57.69,50.62,14.92
2018-10-09,48.44,48.62,13.44
2018-10-10,44.86,47.44,13.38
2018-10-11,42.26,37.5,12.64
2018-10-12,42.06,27.49,12.21
2018-10-13,62.88,32.27,11.38
2018-10-14,52.35,28.08,12.99
2018-10-15,62.08,31.49,13.15
2018-10-16,85.51,39.22,13.65
2018-10-17,66.96,38.78,12.96
2018-10-18,71.43,39.65,14.28
2018-10-19,64.19,44.06,14.37
2018-10-20,48.01,51.93,14.04
2018-10-21,49.81,49.52,13.87
2018-10-22,44.79,47.35,12.6
2018-10-23,45.55,36.79,12.72
2018-10-24,89.0,47.03,13.93
2018-10-25,36.31,41.6,24.94
2018-10-26,55.19,33.76,51.57
2018-10-27,78.45,30.61,40.18
2018-10-28,77.06,29.56,43.55
2018-10-29,75.93,30.65,38.17
2018-10-30,88.19,31.08,44.1
2018-10-31,108.18,29.49,48.59
2018-11-01,72.32,34.21,33.88
2018-11-02,72.93,33.26,30.71
2018-11-03,59.88,35.89,31.19
2018-11-04,34.43,36.14,31.78
2018-11-05,45.57,48.93,31.82
2018-11-06,28.24,27.03,34.85
2018-11-07,23.67,22.83,35.33
2018-11-08,39.81,27.99,33.28
2018-11-09,33.04,32.96,34.49
2018-11-10,36.66,42.61,39.6
2018-11-11,43.37,58.32,38.19
2018-11-12,82.86,62.14,38.65
2018-11-13,116.03,63.68,38.69
2018-11-14,104.24,56.94,42.3
2018-11-15,87.57,51.38,41.26
2018-11-16,88.65,38.85,34.02
2018-11-17,129.94,33.76,31.01
2018-11-18,134.82,38.52,27.74
2018-11-19,132.15,44.63,29.02
2018-11-20,136.9,50.88,33.61
2018-11-21,124.22,45.83,34.42
2018-11-22,129.4,31.89,30.37
2018-11-23,124.33,37.82,32.02
2018-11-24,119.36,32.04,33.3
2018-11-25,130.64,33.25,36.4
2018-11-26,135.64,42.27,37.18
2018-11-27,136.72,44.03,156.6
2018-11-28,137.8,45.5,44.37
2018-11-29,135.65,44.58,43.8
2018-11-30,132.44,39.9,43.19
2018-12-01,129.97,35.54,46.53
2018-12-02,126.04,34.87,43.63
2018-12-03,131.58,37.58,40.68
2018-12-04,135.43,40.03,42.45
2018-12-05,69.21,40.32,42.57
2018-12-06,88.62,40.05,41.75
2018-12-07,88.0,41.43,41.16
2018-12-08,77.71,42.09,37.16
2018-12-09,79.98,42.78,42.25
2018-12-10,87.15,45.37,47.34
2018-12-11,83.08,45.18,43.83
2018-12-12,71.25,43.43,43.73
2018-12-13,54.28,35.32,37.59
2018-12-14,58.36,34.61,39.65
2018-12-15,61.75,33.97,41.79
2018-12-16,72.28,35.21,37.48
2018-12-17,76.46,38.63,43.27
2018-12-18,80.18,40.11,48.19
2018-12-19,74.41,38.31,42.75
2018-12-20,87.8,38.61,39.44
2018-12-21,66.7,44.89,39.62
2018-12-22,103.0,44.95,41.21
2018-12-23,121.39,47.14,32.25
2018-12-24,110.86,43.91,32.85
2018-12-25,96.97,41.64,34.92
2018-12-26,78.38,34.08,37.42
2018-12-27,87.43,29.44,31.98
2018-12-28,82.08,29.9,35.62
2018-12-29,78.15,24.53,34.43
2018-12-30,102.1,25.37,32.75
2018-12-31,95.18,22.32,40.63
2019-01-01,94.74,22.45,46.26
2019-01-02,106.65,27.56,59.63
2019-01-03,94.58,29.94,105.49
2019-01-04,89.48,28.71,81.02
2019-01-05,79.62,32.68,42.39
2019-01-06,79.56,37.3,41.66
2019-01-07,88.07,36.9,62.52
2019-01-08,67.79,31.24,67.9
2019-01-09,59.83,26.89,73.94
2019-01-10,62.9,24.12,77.48
2019-01-11,82.12,30.43,81.7
2019-01-12,100.41,31.16,80.1
2019-01-13,107.6,36.11,79.47
2019-01-14,59.15,26.01,83.56
2019-01-15,51.32,24.85,78.37
2019-01-16,74.74,30.75,83.92
2019-01-17,83.29,32.22,69.78
2019-01-18,68.095,28.12,26.46
2019-01-19,52.9,25.74,31.43
2019-01-20,103.4,29.85,25.79
2019-01-21,88.24,32.66,31.1
2019-01-22,43.06,25.12,32.01
2019-01-23,49.58,22.77,30.76
2019-01-24,50.64,23.37,26.64
2019-01-25,47.65,23.46,24.06
2019-01-26,49.15,19.54,23.55
2019-01-27,49.42,18.45,21.39
2019-01-28,49.1,17.41,21.03
2019-01-29,33.21,18.62,22.49
2019-01-30,17.25,21.55,22.02
2019-01-31,32.22,25.66,24.09
2019-02-01,27.69,30.78,26.29
2019-02-02,23.16,26.15,25.88
2019-02-03,24.52,24.14,23.83
2019-02-04,50.61,22.46,23.75
2019-02-05,84.74,23.33,22.66
2019-02-06,81.21,28.58,27.56
2019-02-07,44.86,24.0,32.68
2019-02-08,34.64,20.0,30.54
2019-02-09,31.31,19.05,32.61
2019-02-10,38.82,20.01,28.08
2019-02-11,48.15,21.0,27.4
2019-02-12,58.25,23.35,30.03
2019-02-13,61.14,26.63,31.14
2019-02-14,57.51,31.88,31.63
2019-02-15,40.07,32.03,29.84
2019-02-16,34.55,30.66,29.51
2019-02-17,32.81,24.35,29.91
2019-02-18,36.45,26.98,34.13
2019-02-19,45.82,30.11,31.16
2019-02-20,42.8,34.19,28.5
2019-02-21,33.69,25.84,27.88
2019-02-22,42.94,32.72,44.32
2019-02-23,22.97,20.59,33.38
2019-02-24,26.1,22.46,33.39
2019-02-25,32.04,27.39,37.47
2019-02-26,32.31,27.54,35.84
2019-02-27,25.8,25.99,31.55
2019-02-28,30.29,22.6,34.4
2019-03-01,31.38,22.7,36.22
2019-03-02,41.14,32.63,28.48
2019-03-03,33.82,32.085,29.28
2019-03-04,44.85,31.54,28.01
2019-03-05,31.59,24.72,28.76
2019-03-06,32.54,22.82,29.41
2019-03-07,38.91,23.7,39.11
2019-03-08,38.62,26.02,37.81
2019-03-09,32.74,27.45,33.64
2019-03-10,28.23,25.84,28.17
2019-03-11,31.98,27.28,28.85
2019-03-12,27.92,26.26,29.82
2019-03-13,25.26,25.72,34.28
2019-03-14,36.57,28.49,33.94
2019-03-15,29.1,29.15,34.23
2019-03-16,26.82,21.22,34.58
2019-03-17,31.38,21.25,35.82
2019-03-18,34.02,19.49,32.99
2019-03-19,38.08,21.28,31.36
2019-03-20,43.44,21.95,30.06
2019-03-21,47.6,26.98,30.14
2019-03-22,28.32,20.85,31.23
2019-03-23,27.95,19.78,32.4
2019-03-24,30.77,19.71,28.77
2019-03-25,41.47,21.27,29.89
2019-03-26,41.52,19.79,30.74
2019-03-27,44.28,19.14,32.23
2019-03-28,64.55,19.95,33.43
2019-03-29,74.12,25.05,33.09
2019-03-30,65.29,27.93,38.85
2019-03-31,43.9,24.88,31.53
2019-04-01,33.82,20.33,33.93
2019-04-02,45.07,20.3,32.37
2019-04-03,53.41,21.43,30.06
2019-04-04,69.21,23.22,29.56
2019-04-05,59.24,25.31,29.14
2019-04-06,60.06,24.76,28.19
2019-04-07,65.35,30.29,27.52
2019-04-08,63.05,27.26,28.15
2019-04-09,52.28,26.14,26.95
2019-04-10,65.28,24.99,28.52
2019-04-11,48.75,24.3,28.46
2019-04-12,45.6,23.53,28.62
2019-04-13,41.02,31.02,27.43
2019-04-14,36.78,24.62,26.2
2019-04-15,34.49,24.57,29.8
2019-04-16,43.26,26.59,28.81
2019-04-17,30.02,24.09,28.04
2019-04-18,29.89,22.8,26.04
2019-04-19,36.1,24.18,28.77
2019-04-20,40.59,23.52,26.96
2019-04-21,48.76,22.89,27.1
2019-04-22,55.44,31.63,28.9
2019-04-23,67.94,31.14,28.33
2019-04-24,58.56,35.68,30.61
2019-04-25,58.16,36.31,31.84
2019-04-26,45.15,31.1,31.83
2019-04-27,37.74,27.63,29.58
2019-04-28,34.3,25.22,30.13
2019-04-29,36.47,24.04,28.06
2019-04-30,40.86,25.42,28.19
2019-05-01,45.35,32.7,25.18
2019-05-02,36.98,33.73,26.15
2019-05-03,29.25,30.1,26.43
2019-05-04,38.21,44.33,26.84
2019-05-05,31.16,27.45,26.54
2019-05-06,24.11,29.42,27.02
2019-05-07,32.23,30.99,25.36
2019-05-08,40.26,31.25,32.25
2019-05-09,29.76,30.28,39.14
2019-05-10,33.16,26.65,37.83
2019-05-11,41.43,32.25,25.82
2019-05-12,38.73,31.89,24.8
2019-05-13,52.52,31.76,31.14
2019-05-14,52.53,27.41,27.02
2019-05-15,58.37,31.92,28.36
2019-05-16,72.47,34.72,32.78
2019-05-17,69.04,32.16,35.93
2019-05-18,72.17,35.09,44.27
2019-05-19,63.77,30.57,35.42
2019-05-20,68.94,29.7,38.03
2019-05-21,58.45,22.94,34.16
2019-05-22,52.79,24.4,36.12
2019-05-23,66.46,26.83,38.72
2019-05-24,65.56,39.67,35.03
2019-05-25,49.39,30.13,32.8
2019-05-26,43.79,24.23,30.61
2019-05-27,44.7,22.24,36.95
2019-05-28,38.76,21.85,34.81
2019-05-29,42.5,21.93,33.44
2019-05-30,48.32,25.35,31.16
2019-05-31,47.84,23.35,31.85
2019-06-01,68.6,29.11,28.28
2019-06-02,62.96,33.57,20.07
2019-06-03,46.51,32.4,22.1
2019-06-04,35.03,27.44,23.58
2019-06-05,35.15,25.88,23.685
2019-06-06,48.73,42.19,23.79
2019-06-07,42.52,30.13,26.47
2019-06-08,47.72,30.45,26.7
2019-06-09,71.73,28.9,24.61
2019-06-10,65.68,37.3,25.27
2019-06-11,60.23,26.44,35.98
2019-06-12,56.89,28.52,41.52
2019-06-13,38.05,24.76,35.4
2019-06-14,35.71,20.81,34.66
2019-06-15,34.8,21.09,34.51
2019-06-16,43.09,19.5,32.41
2019-06-17,41.57,21.47,37.76
2019-06-18,40.28,21.96,40.42
2019-06-19,56.62,27.08,30.03
2019-06-20,45.12,26.65,29.96
2019-06-21,43.95,27.96,31.91
2019-06-22,44.49,27.33,31.62
2019-06-23,39.9,29.58,30.14
2019-06-24,29.18,25.39,31.74
2019-06-25,31.88,24.22,32.99
2019-06-26,38.0,23.24,31.96
2019-06-27,46.83,27.69,27.07
2019-06-28,50.65,24.02,22.77
2019-06-29,36.4,21.15,21.24
2019-06-30,39.63,20.01,20.91
2019-07-01,38.65,20.32,21.24
2019-07-02,32.49,18.52,23.31
2019-07-03,27.77,26.27,21.55
2019-07-04,23.3,26.42,24.09
2019-07-05,39.54,28.48,23.43
2019-07-06,29.01,26.78,23.29
2019-07-07,49.11,24.85,22.456666666666667
2019-07-08,47.4,26.09,21.62333333333333
2019-07-09,44.05,24.33,20.79
2019-07-10,39.06,25.22,22.17
2019-07-11,54.31,20.72,21.62
2019-07-12,55.02,20.6,22.19
2019-07-13,30.05,20.43,21.94
2019-07-14,38.18,17.29,20.86
2019-07-15,32.91,21.59,21.2
2019-07-16,31.48,24.1,22.81
2019-07-17,18.71,22.12,23.33
2019-07-18,12.3,20.75,24.38
2019-07-19,27.04,21.29,24.44
2019-07-20,46.43,22.99,22.61
2019-07-21,27.66,25.25,20.8
2019-07-22,63.21,27.47,20.24
2019-07-23,43.16,31.02,22.48
2019-07-24,43.61,31.69,23.76
2019-07-25,45.94,27.34,24.11
2019-07-26,77.92,27.17,23.64
2019-07-27,65.65,27.67,21.67
2019-07-28,17.97,26.91,20.74
2019-07-29,26.2,27.87,21.41
2019-07-30,40.99,28.27,22.29
2019-07-31,41.02,28.5,20.35
2019-08-01,44.56,27.54,18.5
2019-08-02,45.61,27.63,20.96
2019-08-03,35.09,24.61,20.04
2019-08-04,25.23,24.7,21.04
2019-08-05,34.14,27.74,22.04
2019-08-06,66.65,29.76,21.85
2019-08-07,46.11,25.34,22.56
2019-08-08,76.29,24.67,22.19
2019-08-09,74.51,19.7,22.06
2019-08-10,61.85666666666667,22.46,23.34
2019-08-11,49.20333333333333,21.74,20.03
2019-08-12,36.55,23.46,23.65
2019-08-13,48.56,23.99,24.28
2019-08-14,51.08,21.2,23.93
2019-08-15,47.21,21.53,21.5
2019-08-16,78.77,19.08,23.86
2019-08-17,42.5,20.14,25.88
2019-08-18,31.9,21.91,29.8
2019-08-19,58.83,18.26,28.02
2019-08-20,71.02,21.25,26.42
2019-08-21,60.01,22.39,23.07
2019-08-22,68.09,22.05,22.17
2019-08-23,54.1,22.03,21.04
2019-08-24,55.44,22.73,20.15
2019-08-25,70.51,20.94,19.02
2019-08-26,58.85,18.56,18.6
2019-08-27,55.59,17.28,18.81
2019-08-28,63.5,17.39,20.22
2019-08-29,63.06,19.9,20.45
2019-08-30,54.47,26.16,21.51
2019-08-31,52.25,27.04,23.19
2019-09-01,33.02,25.85,21.68
2019-09-02,33.01,23.77,19.09
2019-09-03,22.18,23.79,20.3
2019-09-04,31.97,26.21,22.68
2019-09-05,40.23,22.69,18.97
2019-09-06,56.45,26.45,19.68
2019-09-07,36.5,28.75,19.94
2019-09-08,33.2,24.38,18.1
2019-09-09,20.99,23.62,16.26
2019-09-10,36.98,23.3,22.99
2019-09-11,33.92,25.67,
2019-09-12,11.44,24.46,
2019-09-13,8.48,23.51,
2019-09-14,10.56,18.92,
2019-09-15,26.87,18.75,
2019-09-16,18.03,19.25,23.91
2019-09-17,48.12,20.05,24.69
2019-09-18,49.34,19.03,23.19
2019-09-19,35.91,18.07,22.44
2019-09-20,33.72,16.91,22.08
2019-09-21,30.98,17.77,23.1
2019-09-22,33.47,16.94,28.05
2019-09-23,32.83,16.65,33.55
2019-09-24,27.41,16.71,27.47
2019-09-25,26.84,18.24,25.29
2019-09-26,16.5,15.92,22.77
2019-09-27,23.07,1.14,24.12
2019-09-28,22.35,2.3,23.38
2019-09-29,18.72,5.0,23.01
2019-09-30,20.11,5.27,23.09
2019-10-01,27.67,0.17,23.65
2019-10-02,17.3,0.14,24.36
2019-10-03,34.96,0.31,24.51
2019-10-04,30.72,11.29,24.62
2019-10-05,32.76,20.23,28.64
2019-10-06,57.37,22.22,21.59
2019-10-07,68.08,21.9,22.45
2019-10-08,50.17,19.63,21.01
2019-10-09,44.83,21.02,26.5
2019-10-10,39.49,24.0,28.69
2019-10-11,40.13,25.0,32.32
2019-10-12,66.96,29.06,27.37
2019-10-13,65.02,24.02,25.22
2019-10-14,62.33,24.94,33.68
2019-10-15,61.21,29.01,29.31
2019-10-16,59.92,35.28,25.63
2019-10-17,60.53,30.22,27.35
2019-10-18,65.87,29.04,24.52
2019-10-19,61.83,17.69,24.02
2019-10-20,65.45,12.51,23.29
2019-10-21,66.98,11.96,26.7
2019-10-22,66.75,11.23,25.54
2019-10-23,76.0,17.89,23.79
2019-10-24,87.11,29.44,19.59
2019-10-25,67.07,19.56,20.56
2019-10-26,87.89,15.87,18.87
2019-10-27,92.22,16.51,19.99
2019-10-28,96.78,13.19,21.36
2019-10-29,118.37,23.57,22.34
2019-10-30,115.5,22.17,24.64
2019-10-31,119.79,22.68,25.42
2019-11-01,110.05,26.65,21.21
2019-11-02,101.97,23.75,23.6
2019-11-03,99.49,32.98,22.56
2019-11-04,74.41,19.36,26.12
2019-11-05,67.49,18.2,26.05
2019-11-06,71.7,13.89,23.33
2019-11-07,88.5,7.65,24.19
2019-11-08,85.79,5.66,24.36
2019-11-09,79.52,14.82,23.8
2019-11-10,78.09,16.16,23.2
2019-11-11,80.26,17.95,24.78
2019-11-12,74.72,24.81,22.34
2019-11-13,70.27,33.01,21.62
2019-11-14,83.87,41.39,21.86
2019-11-15,103.89,39.65,24.75
2019-11-16,75.13,18.81,23.96
2019-11-17,57.99,11.09,21.4
2019-11-18,60.62,5.55,22.63
2019-11-19,68.54,5.26,23.18
2019-11-20,72.32,6.68,23.18
2019-11-21,79.99,23.38,26.45
2019-11-22,68.92,16.81,22.6
2019-11-23,67.25,13.45,21.77
2019-11-24,70.1,14.63,20.09
2019-11-25,67.11,18.57,20.74
2019-11-26,66.92,21.78,20.26
2019-11-27,67.63,16.45,23.88
2019-11-28,58.05,8.56,24.81
2019-11-29,55.24,14.06,21.85
2019-11-30,67.35,19.95,20.92
2019-12-01,73.15,17.76,20.69
2019-12-02,73.73,19.56,21.79
2019-12-03,79.97,19.8,21.82
2019-12-04,85.01,21.67,20.64
2019-12-05,107.27,30.01,19.99
2019-12-06,107.87,32.56,19.67
2019-12-07,109.03,32.53,20.47
2019-12-08,101.2,29.19,20.17
2019-12-09,92.8,22.84,20.25
2019-12-10,98.97,20.09,19.4
2019-12-11,99.78,27.3,20.95
2019-12-12,113.27,33.1,19.39
2019-12-13,132.96,23.76,19.58
2019-12-14,135.7,19.02,19.64
2019-12-15,121.27,20.42,18.76
2019-12-16,106.84,20.96,19.87
2019-12-17,125.16,28.74,19.42
2019-12-18,129.8,28.72,20.0
2019-12-19,122.19,20.97,20.27
2019-12-20,127.82,27.78,20.61
2019-12-21,127.17,44.17,19.5
2019-12-22,120.05,26.94,18.38
2019-12-23,94.13,37.4,19.18
2019-12-24,118.1,37.75,19.59
2019-12-25,129.5,34.64,20.39
2019-12-26,134.02,35.81,21.16
2019-12-27,124.01,32.51,21.35
2019-12-28,121.82,19.56,19.68
2019-12-29,123.75,5.62,18.68
2019-12-30,74.16,56.44,18.9
2019-12-31,54.54,20.34,19.62
2020-01-01,58.89,22.43,19.32
2020-01-02,51.92,17.24,20.43
2020-01-03,56.13,13.3,20.33
2020-01-04,56.93,18.95,21.45
2020-01-05,45.49,23.72,20.55
2020-01-06,45.33,22.64,20.01
2020-01-07,37.25,25.77,20.18
2020-01-08,32.09,29.56,19.7
2020-01-09,19.28,15.83,20.32
2020-01-10,16.71,15.22,19.0
2020-01-11,21.37,16.16,17.77
2020-01-12,46.79,17.96,18.09
2020-01-13,68.81,13.23,20.04
2020-01-14,62.31,14.59,19.57
2020-01-15,50.95,19.07,17.6
2020-01-16,48.58,21.53,18.29
2020-01-17,39.44,17.56,19.0
2020-01-18,40.59,16.99,18.07
2020-01-19,44.42,19.01,18.02
2020-01-20,44.05,17.8,19.78
2020-01-21,67.84,21.09,18.02
2020-01-22,35.91,17.2,17.97
2020-01-23,26.43,7.75,17.85
2020-01-24,11.67,8.09,19.02
2020-01-25,13.4,12.58,18.95
2020-01-26,26.72,25.81,17.81
2020-01-27,40.75,27.03,17.92
2020-01-28,34.32,17.13,17.48
2020-01-29,23.55,6.33,18.6
2020-01-30,15.38,17.51,18.64
2020-01-31,15.91,13.94,17.79
2020-02-01,31.17,10.37,17.05
2020-02-02,35.82,10.68,16.56
2020-02-03,43.18,13.31,16.47
2020-02-04,48.31,13.77,15.92
2020-02-05,41.71,17.51,16.76
2020-02-06,39.52,12.24,16.65
2020-02-07,34.41,8.34,16.82
2020-02-08,36.2,15.01,17.42
2020-02-09,28.08,15.16,15.47
2020-02-10,32.16,16.03,15.37
2020-02-11,22.09,17.22,14.89
2020-02-12,29.29,32.84,15.12
2020-02-13,38.01,19.63,15.41
2020-02-14,36.17,14.87,15.35
2020-02-15,30.63,13.08,19.25
2020-02-16,38.68,18.84,13.67
2020-02-17,39.22,20.81,14.25
2020-02-18,42.09,18.74,14.55
2020-02-19,51.71,15.65,14.61
2020-02-20,33.63,21.44,14.91
2020-02-21,27.48,19.02,14.36
2020-02-22,24.98,13.69,14.46
2020-02-23,32.03,15.97,13.91
2020-02-24,25.34,14.32,14.39
2020-02-25,31.18,18.45,15.03
2020-02-26,40.26,14.03,15.21
2020-02-27,46.17,18.01,15.1
2020-02-28,38.86,17.73,14.84
2020-02-29,31.37,14.51,15.16
2020-03-01,31.82,12.6,14.21
2020-03-02,33.95,11.53,16.06
2020-03-03,42.4,12.97,15.65
2020-03-04,38.22,15.53,18.57
2020-03-05,26.76,13.37,16.67
2020-03-06,17.47,11.38,15.57
2020-03-07,10.49,10.4,15.78
2020-03-08,25.97,9.83,15.35
2020-03-09,23.16,6.14,15.79
2020-03-10,30.54,15.72,14.52
2020-03-11,27.5,16.29,13.28
2020-03-12,24.01,14.26,12.81
2020-03-13,21.55,14.25,12.53
2020-03-14,20.82,19.93,12.62
2020-03-15,21.34,19.82,12.23
2020-03-16,24.2,20.72,13.15
2020-03-17,29.28,20.98,12.44
2020-03-18,30.4,20.54,12.44
2020-03-19,34.09,25.22,12.68
2020-03-20,32.09,23.06,13.98
2020-03-21,35.96,24.16,14.01
2020-03-22,30.96,26.01,11.6
2020-03-23,24.42,22.58,14.61
2020-03-24,25.98,23.29,13.55
2020-03-25,30.04,25.89,12.06
2020-03-26,24.83,23.22,11.82
2020-03-27,21.23,20.41,11.48
2020-03-28,20.37,17.98,10.07
2020-03-29,17.29,16.32,9.9
2020-03-30,16.44,18.09,10.16
2020-03-31,16.52,16.13,10.06
2020-04-01,16.83,18.74,9.78
2020-04-02,16.14,17.28,10.14
2020-04-03,16.31,15.77,10.17
2020-04-04,32.74,17.25,10.37
2020-04-05,30.66,21.22,11.22
2020-04-06,,22.32,11.22
2020-04-07,,20.24,14.95
2020-04-08,,16.7,14.69
2020-04-09,,18.42,13.84
2020-04-10,,21.94,12.1
2020-04-11,,23.98,12.93
2020-04-12,,22.08,12.06
2020-04-13,,25.0,11.46
2020-04-14,,23.53,10.52
2020-04-15,,26.61,10.74
2020-04-16,,29.29,11.14
2020-04-17,,22.85,12.8
2020-04-18,,24.56,12.54
2020-04-19,64.81,26.53,12.29
2020-04-20,45.9,31.6,12.05
2020-04-21,56.82,25.99,11.5
2020-04-22,64.99,25.52,12.45
2020-04-23,60.23,26.14,13.72
2020-04-24,57.62,28.6,14.83
2020-04-25,49.91,22.6,15.54
2020-04-26,54.46,27.14,16.06
2020-04-27,50.61,29.41,16.59
2020-04-28,87.99,29.99,14.82
2020-04-29,,34.52,12.61
2020-04-30,,34.14,12.45
2020-05-01,,37.98,12.17
2020-05-02,,36.34,12.03
2020-05-03,,35.57,12.45
2020-05-04,,34.82,12.87
2020-05-05,,31.2,13.29
2020-05-06,,29.45,13.71
2020-05-07,,24.39,19.46
2020-05-08,,28.41,17.425
2020-05-09,,32.32,15.39
2020-05-10,,31.19,13.355
2020-05-11,,28.57,11.32
2020-05-12,,33.73,11.29
2020-05-13,,34.25,10.69
2020-05-14,,31.63,11.24
2020-05-15,31.39,26.21,11.38
2020-05-16,32.71,23.15,11.29
2020-05-17,32.11,23.06,10.61
2020-05-18,38.49,23.15,11.05
2020-05-19,59.25,20.64,11.23
2020-05-20,53.49,18.57,10.68
2020-05-21,51.89,17.01,11.02
2020-05-22,20.83,19.36,10.92
2020-05-23,29.84,21.29,10.58
2020-05-24,23.04,19.94,10.19
2020-05-25,19.67,19.72,11.49
2020-05-26,20.05,13.35,12.93
2020-05-27,20.4,13.26,14.44
2020-05-28,21.11,18.97,13.99
2020-05-29,21.51,17.99,14.87
2020-05-30,23.37,27.89,15.57
2020-05-31,21.09,32.2,11.83
2020-06-01,21.29,26.82,11.09
2020-06-02,24.42,28.21,11.09
2020-06-03,25.47,34.15,11.31
2020-06-04,53.68,43.21,11.24
2020-06-05,36.4,29.91,11.57
2020-06-06,23.57,29.49,12.0
2020-06-07,30.18,25.54,10.87
2020-06-08,35.7,25.18,10.67
2020-06-09,35.42,31.12,10.85
2020-06-10,31.14,31.03,10.99
2020-06-11,25.87,33.27,10.95
2020-06-12,46.2,30.26,10.39
2020-06-13,57.1,26.64,10.56
2020-06-14,59.22,19.82,9.31
2020-06-15,49.7,23.33,9.95
2020-06-16,45.15,19.88,10.11
2020-06-17,46.54,13.96,10.17
2020-06-18,41.72,10.82,10.34
2020-06-19,34.56,14.61,10.38
2020-06-20,20.49,15.4,10.36
2020-06-21,22.58,13.01,9.67
2020-06-22,21.21,32.18,10.1
2020-06-23,17.81,20.98,11.37
2020-06-24,14.67,20.38,11.91
2020-06-25,11.73,14.22,11.11
2020-06-26,12.19,16.36,12.13
2020-06-27,15.18,32.21,11.67
2020-06-28,20.34,24.98,10.17
2020-06-29,14.01,20.43,10.1
2020-06-30,23.95,15.64,10.98
2020-07-01,23.12,11.5,10.55
