Date,DL002,DL021,DL031,KA003,TN001,UP012,UP014
2015-01-01,,2.67,,10.73,3.86,34.17,14.04
2015-01-02,,2.87,,22.77,3.82,35.0,12.92
2015-01-03,,2.0,,12.03,3.9,31.88,12.92
2015-01-04,,4.25,,17.7,3.8,29.9,12.92
2015-01-05,,7.35,,12.72,3.83,28.27,12.92
2015-01-06,,4.68,,13.82,3.91,28.38,14.01
2015-01-07,,2.17,,16.98,3.84,28.36,16.51
2015-01-08,,1.42,,17.35,40.62,28.58,12.75
2015-01-09,,3.56,,16.27,15.9,30.22,13.24
2015-01-10,,6.44,,25.01,3.88,32.69,22.49
2015-01-11,,7.0,,16.07,3.84,32.78,22.24
2015-01-12,,10.0,,16.41,3.79,33.41,19.97
2015-01-13,,4.9,,10.34,3.84,33.3,22.1
2015-01-14,,3.81,,16.47,3.86,33.18,108.92
2015-01-15,,3.61,,19.35,3.84,33.35,173.37
2015-01-16,,4.31,,16.02,3.8,33.54,65.64
2015-01-17,,7.56,,14.33,8.92,33.47,34.57
2015-01-18,,10.37,,22.48,76.66,33.46,13.77
2015-01-19,,10.11,,23.34,22.7,33.49,28.92
2015-01-20,,10.54,,103.68,42.28,36.97,30.54
2015-01-21,,11.06,,72.815,39.8,25.41,26.12
2015-01-22,,2.48,,41.95,22.16,25.44,41.67
2015-01-23,,8.58,,17.78,60.51,24.8,55.96
2015-01-24,,6.79,,14.72,57.62,25.77,62.13
2015-01-25,,23.1,,16.27,19.53,26.51,65.13
2015-01-26,,26.8,,21.35,19.46,26.36,41.87
2015-01-27,,30.5,,27.37,19.4,27.44,35.46
2015-01-28,,13.94,,17.05,19.52,26.0,52.96
2015-01-29,,13.75,,18.78,19.56,25.613333333333333,56.81
2015-01-30,,13.94,,19.51,23.46,25.226666666666667,57.77
2015-01-31,,17.31,,23.21,27.37,24.84,58.01
2015-02-01,,12.04,,20.75,27.46,26.47,40.66
2015-02-02,,18.74,,19.75,27.41,26.04,49.35
2015-02-03,,28.85,,20.64,27.41,27.32,43.29
2015-02-04,,9.65,,18.62,27.39,26.26,32.56
2015-02-05,,13.65,,16.06,27.46,26.55,33.19
2015-02-06,,26.04,,13.76,27.43,25.6,65.71
2015-02-07,,35.22,,20.96,27.47,26.62,44.05
2015-02-08,,87.5,,22.81,27.25,26.75,27.4
2015-02-09,,27.12,,31.01,27.54,27.0,41.22
2015-02-10,,16.88,,39.86,27.28,27.18,51.4
2015-02-11,,21.75,,32.19,27.38,26.99,58.23
2015-02-12,,20.9,,44.15,27.55,27.11,52.18
2015-02-13,,19.02,,37.79,27.51,26.5,62.88
2015-02-14,,13.6,,31.76,27.53,10.88,48.1
2015-02-15,,27.44,,45.16,27.52,10.58,67.47
2015-02-16,,20.02,,49.3,27.52,10.89,53.49
2015-02-17,,29.77,,44.34,38.04,11.02,44.46
2015-02-18,,17.0,,28.85,9.8,11.09,50.21
2015-02-19,,18.65,,31.69,12.74,11.23,44.94
2015-02-20,,23.4,,33.43,30.8,10.9,30.28
2015-02-21,,14.08,,39.2,27.5,11.68,43.89
2015-02-22,,12.83,,54.18,27.48,11.18,46.23
2015-02-23,,25.265,,53.97,27.52,11.26,35.17
2015-02-24,,37.7,,40.55,27.52,11.4,32.97
2015-02-25,,20.48,,51.91,27.24,11.41,27.46
2015-02-26,,20.6,,65.41,27.49,11.27,28.223333333333333
2015-02-27,,25.21,,66.49,27.45,11.22,28.986666666666665
2015-02-28,,34.77,,62.61,27.34,11.3,29.75
2015-03-01,,15.08,,51.37,27.42,10.67,20.43
2015-03-02,,19.12,,58.97,38.44,10.7,11.51
2015-03-03,,10.83,,43.5,21.36,10.79,22.61
2015-03-04,,21.04,,61.8,26.47,10.91,36.63
2015-03-05,,39.5,,45.01,40.84,10.67,43.83
2015-03-06,,16.92,,31.55,24.755000000000003,10.89,52.78
2015-03-07,,16.75,,36.67,8.67,11.08,42.34
2015-03-08,,8.67,,45.87,5.85,11.14,33.04
2015-03-09,,16.73,,36.7,93.25,11.34,42.87
2015-03-10,,16.88,,41.81,23.45,10.89,51.92
2015-03-11,,16.96,,35.98,27.42,10.89,59.07
2015-03-12,,23.35,,37.65,27.66,11.11,54.37
2015-03-13,,30.58,,43.46,27.57,11.42,52.12
2015-03-14,,12.35,,49.53,27.51,10.82,39.63
2015-03-15,,19.33,,48.26,27.52,10.88,15.81
2015-03-16,,28.64,,47.74,27.71,10.95,36.2
2015-03-17,,11.52,,49.86,27.82,11.26,25.47
2015-03-18,,16.62,,49.27,27.54,11.05,85.36
2015-03-19,,15.85,,56.32,27.52,11.14,117.35
2015-03-20,,14.62,,43.25,27.57,11.27,122.32
2015-03-21,,16.29,,52.96,27.57,11.49,115.2
2015-03-22,,19.77,,71.85,27.55,11.61,74.725
2015-03-23,,14.86,,72.84,27.56,11.66,34.25
2015-03-24,,16.0,,64.12,27.59,11.77,39.26
2015-03-25,,24.69,,82.34,27.59,11.97,41.42
2015-03-26,,22.65,,67.21,27.62,12.0,41.49
2015-03-27,,24.83,,51.93,27.64,12.04,41.37
2015-03-28,,21.0,,44.65,27.68,11.93,41.59
2015-03-29,,11.33,,56.31,27.69,11.8,41.74
2015-03-30,,18.27,,49.52,27.57,11.13,41.7
2015-03-31,,33.29,,47.67,27.62,11.27,41.72
2015-04-01,,23.37,,48.25,27.54,11.8,42.77
2015-04-02,,25.48,,53.26,27.65,11.99,43.09
2015-04-03,,24.23,,57.75,27.6,11.85,42.12
2015-04-04,26.37,46.83,60.73,76.36,27.57,11.49,41.37
2015-04-05,23.77,34.504999999999995,73.6,65.62,27.58,11.53,41.65
2015-04-06,20.42,22.18,63.175,54.31,27.92,11.68,41.57
2015-04-07,17.069999999999997,29.15,52.75,60.42,27.65,11.64,41.55
2015-04-08,13.719999999999995,19.23,42.325,49.55,27.61,11.83,41.79
2015-04-09,10.37,20.4,31.9,42.63,27.81,11.88,41.4
2015-04-10,13.68,18.3,42.9,44.47,28.06,11.98,40.2
2015-04-11,13.31,46.75,40.78,53.91,27.64,12.2,39.71
2015-04-12,11.19,23.73,56.71,44.53,27.57,11.48,40.45
2015-04-13,15.28,74.08,61.07,39.03,27.08,11.09,33.72
2015-04-14,12.18,50.12,54.67,57.7,27.62,11.41,35.63333333333333
2015-04-15,9.82,30.47,60.66,77.05,28.02,11.57,37.54666666666667
2015-04-16,12.95,16.59,53.66,96.88,27.1,11.92,39.46
2015-04-17,19.46,14.85,47.71,97.2,27.79,11.6,39.6
2015-04-18,19.43,16.4,38.19,101.63,27.81,12.82,39.64
2015-04-19,15.18,17.42,38.68,81.34,27.86,12.36,39.36
2015-04-20,16.63,24.69,33.99,37.22,27.82,12.14,37.81
2015-04-21,17.5,18.5,29.98,34.74,27.79,12.25,44.16
2015-04-22,14.22,22.1,22.16,32.79,27.76,12.39,38.64
2015-04-23,16.24,30.38,25.77,15.88,27.59,12.43,46.02
2015-04-24,20.98,35.92,27.25,109.66,27.91,12.27,40.18
2015-04-25,21.58,28.26,36.35,157.2,,11.38,37.83
2015-04-26,25.03,40.1,40.77,123.32,,11.68,38.31
2015-04-27,21.08,44.15,43.5,65.38,,12.19,40.05
2015-04-28,16.51,57.86,39.77,57.59,,11.85,37.82
2015-04-29,18.27,45.06,40.23,27.11,,12.02,39.8
2015-04-30,22.29,41.6,35.88,51.81,,12.17,50.44
2015-05-01,15.32,48.02,34.97,26.93,,12.28,43.83
2015-05-02,17.89,38.56,35.77,16.83,,12.51,56.32
2015-05-03,15.39,33.92,31.76,17.81,,12.48,80.6
2015-05-04,11.3,35.67,30.48,21.39,,12.53,65.68
2015-05-05,13.82,34.13,28.66,36.56,,12.68,20.07
2015-05-06,12.11,21.35,20.08,80.02,28.49,12.77,27.22
2015-05-07,12.66,18.12,15.14,31.73,28.71,13.0,74.64
2015-05-08,14.01,15.65,18.17,88.24,27.06,20.05,64.7
2015-05-09,11.82,11.04,23.45,39.61,29.8,32.24,64.98
2015-05-10,13.35,27.75,21.75,32.11,28.04,32.26,52.51
2015-05-11,12.59,41.15,30.12,14.0,27.49,32.13,62.7
2015-05-12,13.11,29.92,40.16,15.17,32.21,31.49,72.63
2015-05-13,14.12,14.42,53.39,7.96,35.2,31.45,48.48
2015-05-14,10.12,16.65,49.9,12.14,35.4,31.7,56.39
2015-05-15,27.51,19.31,47.61,12.14,36.01,31.85,86.85
2015-05-16,65.01,36.0,47.09,8.48,34.91,30.73,83.41
2015-05-17,38.34,56.0,38.7,21.44,35.65,31.94,76.42
2015-05-18,45.27,51.1,32.08,32.76,35.28,31.6,92.87
2015-05-19,39.87,49.55,39.61,37.13,37.03,31.41,81.45
2015-05-20,30.33,33.69,38.6,36.42,51.66,32.11,10.07
2015-05-21,25.5,20.12,28.32,25.96,63.93,32.44,1.73
2015-05-22,30.54,18.15,20.58,28.02,63.38,32.51,12.31
2015-05-23,25.48,17.88,18.19,22.59,65.69,31.46,27.28
2015-05-24,55.56,30.48,22.07,23.52,59.22,33.1,27.29
2015-05-25,29.24,15.76,21.34,21.85,63.18,32.54,27.04
2015-05-26,28.19,16.42,15.9,23.36,62.41,32.83,27.04
2015-05-27,72.92,41.65,16.98,27.83,61.99,32.95,27.08
2015-05-28,36.63,25.65,27.4,42.06,62.54,32.73,27.19
2015-05-29,34.19,23.33,29.24,31.65,64.21,31.9,27.22
2015-05-30,36.22,21.67,26.7,54.35,64.19,31.78,25.39
2015-05-31,37.94,23.19,24.88,22.32,64.36,32.48,25.68
2015-06-01,39.66,34.21,33.56,68.17,61.87,32.3,53.73
2015-06-02,43.48,25.65,42.01,54.65,63.69,32.39,55.47
2015-06-03,22.24,15.79,46.73,46.8,63.87,32.57,55.34
2015-06-04,31.34,26.6,44.02,29.64,63.62,31.32,55.79
2015-06-05,27.19333333333333,25.4,51.82,27.39,63.67,32.23,55.22
2015-06-06,23.046666666666663,26.42,28.39,20.75,62.13,32.56,55.98
2015-06-07,18.9,52.16,39.88,19.63,63.64,32.63,53.65
2015-06-08,29.85,11.11,20.84,17.13,64.03,32.84,55.27
2015-06-09,12.4,45.33,26.83,20.96,61.3,32.8,53.08
2015-06-10,3.18,26.0,38.24,24.49,64.65,32.82,53.28
2015-06-11,4.775,41.49,35.86,15.75,60.8,32.99,55.21
2015-06-12,6.37,49.86,35.67,20.52,63.73,32.08,54.44
2015-06-13,14.33,47.22,45.21,19.08,64.24,,55.64
2015-06-14,35.11,82.86500000000001,67.76,20.38,64.52,,55.76
2015-06-15,21.23,118.51,59.47,34.42,63.34,,54.35
2015-06-16,38.17,42.56,54.16,13.24,62.23,,56.31
2015-06-17,41.18,77.48,47.64,13.5,61.2,,57.49
2015-06-18,30.41,87.1,44.11,16.42,61.41,,57.06
2015-06-19,14.46,103.62,43.77,11.12,61.47,,60.81
2015-06-20,36.59,94.37,47.78,8.62,61.83,,57.42
2015-06-21,34.13,60.57,55.77,10.31,62.57,,56.98
2015-06-22,46.86,38.36,57.78,10.68,63.84,,56.85
2015-06-23,53.06,54.99,58.57,10.97,65.8,,56.85
2015-06-24,89.86,32.65,68.23,21.62,61.3,,57.24
2015-06-25,57.33,21.96,78.05,11.83,63.99,21.48,51.29
2015-06-26,72.97,19.98,60.15,13.27,53.84,22.06,27.01
2015-06-27,56.86,20.34,50.92,15.2,40.41,21.83,26.91
2015-06-28,52.92,25.06,46.54,15.42,39.56,22.08,26.94
2015-06-29,72.17,31.93,55.75,10.29,41.04,21.04,27.72
2015-06-30,77.18,61.99,57.8,6.61,41.07,21.25,28.04
2015-07-01,83.12,34.34,55.16,6.45,40.83,21.11,28.46
2015-07-02,72.58,42.99,45.17,11.01,40.96,21.52,30.47
2015-07-03,57.68,24.93,48.83,8.37,43.27,21.24,30.23
2015-07-04,53.67,22.78,58.77,9.72,42.86,21.93,30.6
2015-07-05,71.36,10.69,41.13,7.89,41.21,22.6,30.78
2015-07-06,74.28,11.28,70.08,8.96,41.19,22.88,29.27
2015-07-07,69.03,27.8,77.67,9.3,41.17,23.84,28.32
2015-07-08,40.67,16.59,71.33,7.27,40.07,23.26,27.16
2015-07-09,16.07,9.73,74.22,7.56,40.63,22.71,26.65
2015-07-10,22.66,5.0,83.18,5.4,40.78,23.72,26.29
2015-07-11,63.93,3.61,86.66,5.06,39.74,22.77,27.86
2015-07-12,46.77666666666667,2.22,85.44,9.66,44.16,33.815,32.42
2015-07-13,29.62333333333334,6.09,70.44,10.42,45.61,44.86,36.98
2015-07-14,12.47,1.58,67.47,7.82,40.39,22.29,36.72
2015-07-15,9.32,12.48,56.83,5.49,40.6,22.34,36.73
2015-07-16,28.43,47.54,56.38,8.06,44.46,22.34,36.33
2015-07-17,22.63,42.81,71.34,8.48,44.61,22.29,36.47
2015-07-18,31.05,15.14,76.0,10.27,45.77,23.18,36.19
2015-07-19,32.95,41.97,70.83,9.43,43.99,24.54,35.86
2015-07-20,16.02,55.553333333333335,74.04,8.67,45.32,23.62,36.67
2015-07-21,18.4,69.13666666666667,65.96,3.62,45.18,22.26,35.62
2015-07-22,10.95,82.72,63.59,3.54,40.66,22.34,36.42
2015-07-23,12.08,77.51,64.09,5.13,44.8,22.52,35.55
2015-07-24,11.63,61.34,64.2,6.49,44.93,26.76,36.04
2015-07-25,10.33,63.68,65.3,9.61,45.19,16.64,35.59
2015-07-26,12.18,53.3,69.31,8.9,41.92,16.49,35.05
2015-07-27,13.41,58.23,66.97,8.78,46.82,15.32,33.43
2015-07-28,14.54,48.7,65.11,7.16,44.25,16.98,36.03
2015-07-29,13.3,30.83,67.9,5.82,45.01,15.05,46.31
2015-07-30,12.01,15.54,67.1,5.42,42.04,15.07,40.08
2015-07-31,10.32,17.65,70.35,3.53,41.46,16.15,44.49
2015-08-01,11.41,18.99,69.93,3.38,33.39,19.87,49.17
2015-08-02,20.77,26.53,68.19,4.83,3.92,19.46,47.51
2015-08-03,23.54,25.95,64.07,5.74,4.16,20.15,51.11
2015-08-04,64.24,31.61,62.67,5.24,4.24,20.22,43.51
2015-08-05,44.84,30.82,73.61,3.0,4.45,19.47,35.05
2015-08-06,62.1,38.76,75.75,7.21,4.38,20.62,31.31
2015-08-07,39.54,44.22,77.49,3.29,4.27,19.38,15.72
2015-08-08,51.91,31.93,80.02,3.98,4.44,19.38,7.88
2015-08-09,18.92,12.17,82.99,4.73,4.29,19.62,1.83
2015-08-10,46.46,17.49,67.23,6.23,4.22,19.87,1.54
2015-08-11,47.09,,81.76,9.86,4.1,18.42,6.23
2015-08-12,23.02,,71.67,6.76,4.08,20.27,12.46
2015-08-13,21.73,,69.56,6.11,4.16,19.79,13.23
2015-08-14,37.1,,71.02,5.86,4.09,19.8,
2015-08-15,13.81,,79.01,10.04,4.11,20.69,
2015-08-16,19.1,,78.69,7.48,4.08,18.66,
2015-08-17,18.09,,72.65,5.93,4.1,19.63,
2015-08-18,9.6,,72.65,3.75,4.17,19.79,
2015-08-19,10.11,,66.95,4.3,4.06,21.1,
2015-08-20,10.93,,62.49,3.41,4.05,20.57,
2015-08-21,11.21,,66.8,3.44,4.09,21.76,
2015-08-22,9.5,,63.66,3.35,4.05,19.81,
2015-08-23,12.05,,66.27,3.86,4.15,19.74,
2015-08-24,11.04,,67.56,4.72,4.06,20.14,
2015-08-25,11.8,,59.27,6.26,4.05,21.09,
2015-08-26,10.8,,59.29,7.65,4.04,19.86,
2015-08-27,27.36,27.12,59.34,4.84,4.01,19.74,83.03
2015-08-28,20.69,53.5,63.16,4.19,4.02,19.07,95.69
2015-08-29,14.87,41.49,57.62,12.64,4.06,19.2,63.28
2015-08-30,13.44,29.48,56.32,12.65,4.0,20.67,59.98
2015-08-31,14.05,41.95,53.59,17.22,12.27,20.32,62.02
2015-09-01,16.72,35.63,50.87,13.62,23.44,20.15,64.02
2015-09-02,15.92,42.95,49.72,11.57,23.45,20.11,58.96
2015-09-03,19.6,40.06,49.56,14.5,23.31,19.88,48.72
2015-09-04,19.32,61.08,46.41,10.98,23.23,20.08,46.61
2015-09-05,16.5,63.84,55.55,38.49,23.32,20.25,32.64
2015-09-06,26.88,75.76,48.8,29.85,23.29,20.39,18.5
2015-09-07,19.74,71.05,42.05,21.21,23.03,20.32,10.15
2015-09-08,22.53,79.01,51.67,12.62,23.31,20.28,2.59
2015-09-09,27.28,100.27,46.41,5.34,23.18,20.06,6.84
2015-09-10,23.11,95.5,47.52,5.01,23.41,20.01,17.22
2015-09-11,21.98,67.44,52.3,5.48,23.4,18.43,15.05
2015-09-12,13.56,103.635,56.01,17.12,23.35,19.36,5.38
2015-09-13,38.82,139.83,57.11,13.22,23.21,19.71,2.38
2015-09-14,50.31,83.96,53.44,12.68,23.27,19.31,3.68
2015-09-15,19.24,121.18,54.81,5.72,23.33,18.92,21.7
2015-09-16,37.9,59.54,54.94,14.33,23.26,19.55,54.84
2015-09-17,40.54,57.84,56.85,10.45,23.29,19.14,89.95
2015-09-18,14.34,31.55,63.12,21.33,23.25,26.44,91.02
2015-09-19,37.06,29.97,72.04,10.94,23.02,19.64,98.88
2015-09-20,40.12,39.76,65.34,11.51,22.925,19.2,41.77
2015-09-21,39.15,54.16,62.94,15.34,22.83,19.47,8.3
2015-09-22,26.77,38.18,65.26,20.63,22.09,,14.26
2015-09-23,29.69,45.46,63.27,21.96,15.96,,18.51
2015-09-24,33.81,35.6,53.88,16.37,11.28,,31.76
2015-09-25,31.96,32.65,49.65,49.22,18.14,,32.62
2015-09-26,32.5,24.21,56.94,9.51,41.29,,32.05
2015-09-27,49.98,49.09,57.6,12.01,47.17,,32.05
2015-09-28,32.8,46.82,56.72,18.48,32.97,,31.91
2015-09-29,38.86,50.7,56.94,20.18,27.43,,31.63
2015-09-30,46.19,54.58,47.37,14.05,34.27,,36.79
2015-10-01,37.52,51.17,51.24,12.61,24.41,,40.12
2015-10-02,41.49,60.34,53.53,15.795,18.14,,40.06
2015-10-03,34.44,65.07,54.28,18.98,23.02,18.25,40.06
2015-10-04,57.82,46.66,52.5,12.67,21.85,34.65,40.17
2015-10-05,60.02,31.85,49.09,10.81,26.19,44.85,40.22
2015-10-06,45.12,26.09,50.36,15.74,32.66,48.86,40.06
2015-10-07,33.34,34.66,57.69,11.29,21.0,46.48,36.69
2015-10-08,33.15,31.09,42.11,12.96,25.21,36.18,33.31999999999999
2015-10-09,24.04,21.32,50.17,14.01,16.91,45.53,29.949999999999992
2015-10-10,20.31,14.75,46.6,10.22,24.86,41.17,26.58
2015-10-11,31.06,15.69,46.72,9.49,17.12,46.06,32.96
2015-10-12,30.81,14.62,53.44,8.84,21.47,42.14,21.45
2015-10-13,20.67,34.64,59.59,9.81,26.27,44.71,54.82
2015-10-14,24.9,37.27,57.12,11.44,25.67,35.78,61.78
2015-10-15,35.91,50.19,58.09,11.97,21.47,44.33,49.61
2015-10-16,41.35,53.28,57.11,11.33,28.03,20.13,61.22
2015-10-17,44.64,53.89,51.39,13.38,41.55,43.38,67.16
2015-10-18,47.93,71.73,45.67,8.33,21.96,57.7,89.7
2015-10-19,45.51,58.74,56.82,6.43,23.24,59.84,74.3
2015-10-20,53.69,49.37,53.84,13.06,25.82,51.25,88.04
2015-10-21,28.28,60.93,51.63,14.4,24.8,46.75,79.88
2015-10-22,38.25,54.01,39.1,33.92,33.55,39.37,84.21
2015-10-23,27.88,50.89,48.65,42.29,27.31,42.16,66.76
2015-10-24,41.3,56.02,50.09,41.37,20.35,43.46,90.05
2015-10-25,51.51,78.75,47.29,43.11,27.97,25.26,76.91
2015-10-26,47.33,56.0,49.4,32.67,23.82,24.71,86.06
2015-10-27,24.85,38.49,52.69,32.4,22.14,19.78,88.22
2015-10-28,34.68,45.2,52.84,26.35,22.67,6.38,35.17
2015-10-29,44.56,55.88,55.43,15.59,28.64,16.38,37.06
2015-10-30,41.35,75.99,64.61,17.27,29.52,18.16,47.47
2015-10-31,36.95666666666667,53.94,57.455,14.45,28.46,17.75,55.73
2015-11-01,32.56333333333334,57.13,50.3,11.56,29.37,21.47,70.71
2015-11-02,28.17,71.34,62.73,12.65,40.69,23.3,62.03
2015-11-03,38.15,33.42,60.81,11.62,32.46,22.64,68.35
2015-11-04,55.7,34.12,63.19,19.13,29.29,24.56,83.38
2015-11-05,56.14,16.09,65.44,10.93,28.22,28.6,74.35
2015-11-06,22.59,7.59,62.76,8.07,27.61,16.68,57.4
2015-11-07,25.03,7.65,63.56,17.98,39.03,17.71,63.61
2015-11-08,23.48,17.54,58.59,23.72,53.18,20.5,62.54
2015-11-09,60.41,24.95,63.39,32.86,52.92,19.62,71.53
2015-11-10,31.34,20.39,64.35,41.66,102.34,20.36,68.17
2015-11-11,28.47,14.53,52.64,23.3,61.3,29.86,80.19
2015-11-12,24.73,20.59,52.35,18.98,24.28,37.81,92.84
2015-11-13,20.9,17.5,55.88,34.32,38.55,40.82,92.86
2015-11-14,20.65,13.59,57.51,31.35,42.08,39.46,84.19
2015-11-15,25.71,19.82,57.66,34.8,48.24,38.13,88.85
2015-11-16,22.7,26.05,62.47,35.48,93.15,33.09,67.2
2015-11-17,28.03,20.24,49.53,26.98,126.86,28.1,57.27
2015-11-18,25.25,18.71,48.04,18.48,63.83,40.21,71.68
2015-11-19,37.58,19.58,54.84,9.98,13.02,38.24,42.06
2015-11-20,39.04,21.17,60.42,4.56,13.41,37.62,61.27
2015-11-21,29.94,19.31,60.34,4.403333333333333,20.51,33.82,81.67
2015-11-22,33.95,28.39,60.37,4.246666666666667,30.69,27.39,69.61
2015-11-23,41.53,37.59,61.82,4.09,34.74,25.45,62.36
2015-11-24,45.34,16.77,58.91,7.77,14.78,15.67,52.58
2015-11-25,25.04,14.3,50.31,14.63,22.74,37.37,55.57
2015-11-26,22.5,8.79,53.49,14.8,41.65,26.6,58.56
2015-11-27,20.22,10.29,56.86,25.57,31.62,28.16,61.55
2015-11-28,26.4,9.0,75.28,29.1,34.28,42.32,55.99
2015-11-29,32.87,8.44,65.78,29.03,34.37,29.88,49.48
2015-11-30,41.73,36.08,76.19,8.84,27.81,28.36,49.85
2015-12-01,14.0,36.77,71.62,9.89,22.18,23.08,47.32
2015-12-02,14.9,16.09,63.96,8.15,24.49,21.34,23.57
2015-12-03,14.59,10.16,64.99,9.51,35.62,34.82,55.53
2015-12-04,19.95,16.2,62.26,21.38,31.485,42.47,59.15
2015-12-05,43.01,18.74,63.38,26.44,27.35,31.65,56.79
2015-12-06,31.88,16.9,61.38,43.98,23.215000000000003,30.1,57.06
2015-12-07,29.81,13.88,73.3,27.26,19.08,22.03,51.33
2015-12-08,54.2,15.49,70.57,19.1,32.87,28.13,62.42
2015-12-09,33.89,15.03,73.25,6.32,34.14,27.2,67.47
2015-12-10,27.81,15.48,69.09,3.36,29.26,33.06,72.21
2015-12-11,14.79,8.58,71.19,2.3,30.5,25.38,53.92
2015-12-12,12.06,1.32,82.72,2.33,31.38,19.77,52.94
2015-12-13,16.11,10.08,60.85,2.16,48.04,25.44,57.02
2015-12-14,12.24,20.56,67.19,1.87,30.58,24.57,58.63
2015-12-15,,25.23,,1.83,32.94,38.79,58.47
2015-12-16,,38.16,,6.68,24.3,44.46,65.72
2015-12-17,,29.89,,17.03,23.28,34.45,64.36
2015-12-18,,20.82,,17.28,22.48,30.63,52.61
2015-12-19,,33.06,,17.37,17.58,41.65,65.99
2015-12-20,,28.37,,20.05,20.15,33.92,77.52
2015-12-21,,23.24,,21.95,15.23,36.37,75.37
2015-12-22,21.91,15.71,57.87,20.0,17.72,31.68,82.29
2015-12-23,13.14,9.64,70.53,24.06,19.3,26.28,67.48
2015-12-24,20.02,14.89,48.38,36.04,12.16,29.65,52.09
2015-12-25,16.83,22.3,55.2,40.78,12.69,42.7,54.57
2015-12-26,18.18,29.91,54.1,41.39,23.4,42.41,66.74
2015-12-27,16.81,37.91,54.72,59.62,39.39,39.01,54.1
2015-12-28,20.79,26.47,50.41,59.5,37.11,41.2,54.95
2015-12-29,18.28,27.02,53.75,31.55,13.33,40.84,60.23
2015-12-30,13.49,25.83,59.96,31.0,21.97,33.47,71.28
2015-12-31,13.94,18.73,61.33,36.94,25.77,21.04,80.6
2016-01-01,14.36,17.14,66.12,55.96,34.57,22.98,70.13
2016-01-02,18.4,17.31,63.96,34.06,34.406666666666666,23.05,60.56
2016-01-03,16.27,16.43,65.22,47.62,34.24333333333333,32.72,67.37
2016-01-04,26.42,8.03,72.3,50.62,34.08,33.13,95.66
2016-01-05,31.8,21.99,65.07,36.94,23.0,25.8,137.8
2016-01-06,28.47,22.21,69.99,45.98,32.05,26.8,114.92
2016-01-07,27.33,21.41,73.7,23.19,21.0,29.63,155.18
2016-01-08,12.08,14.01,78.16,8.59,25.29,14.62,102.19
2016-01-09,13.95,31.53,66.67,10.66,16.25,35.7,46.63
2016-01-10,14.58,34.4,63.72,14.39,23.68,45.34,54.72
2016-01-11,43.46,59.78,66.04,19.51,33.67,26.21,50.58
2016-01-12,32.65,47.93,61.04,21.45,26.69,27.12,49.29
2016-01-13,14.86,23.95,70.95,24.48,25.69,32.46,53.33
2016-01-14,10.57,22.15,73.53,22.94,35.64,27.53,48.57
2016-01-15,10.59,11.17,75.95,25.71,35.2,22.04,47.39
2016-01-16,13.49,13.55,69.74,22.72,56.91,21.4,39.95
2016-01-17,15.15,16.04,66.67,17.73,43.61,28.17,45.56
2016-01-18,14.03,31.12,71.85,20.92,37.89,20.82,51.34
2016-01-19,9.61,22.72,79.44,23.09,20.49,4.94,29.7
2016-01-20,10.58,12.5,75.54,17.64,35.78,24.34,35.9
2016-01-21,11.53,14.03,69.08,20.57,34.59,21.88,28.37
2016-01-22,13.32,19.98,75.54,22.0,24.84,38.43,54.96
2016-01-23,15.45,28.86,70.71,11.02,33.66,15.14,27.42
2016-01-24,10.67,10.96,79.1,15.4,66.77,23.27,34.54
2016-01-25,10.63,20.39,67.18,18.12,31.55,26.07,53.32
2016-01-26,12.52,25.82,70.66,26.95,25.89,29.62,65.52
2016-01-27,14.89,40.15,65.89,17.6,27.8,30.4,60.22
2016-01-28,10.39,22.08,63.15,17.21,24.84,28.49,60.75
2016-01-29,10.66,39.565,65.34,26.32,19.92,29.39,65.45
2016-01-30,20.86,57.05,68.19,23.31,16.69,27.05,51.49
2016-01-31,18.31,10.41,62.98,23.3,35.73,29.0,47.12
2016-02-01,15.759999999999998,14.92,59.96,17.17,24.34,27.72,46.82
2016-02-02,13.209999999999996,14.77,53.28,15.86,22.26,36.08,68.02
2016-02-03,10.66,15.12,52.15,25.77,24.31,57.08,86.25
2016-02-04,31.37,15.6,51.7,28.21,24.09,48.57,69.93
2016-02-05,26.64,28.6,54.51,31.13,25.91,60.75,67.88
2016-02-06,23.88,26.94,61.6,32.4,16.84,54.73,74.01
2016-02-07,17.39,12.16,66.69,37.66,17.38,60.92,49.59
2016-02-08,17.59,19.11,65.49,31.18,19.62,35.8,73.35
2016-02-09,21.48,48.73,65.71,35.63,26.76,47.77,61.56
2016-02-10,16.34,45.86,62.49,49.77,30.52,46.45,76.14
2016-02-11,23.19,53.45,54.03,58.94,32.9,42.43,58.38
2016-02-12,22.37,30.51,46.82,67.3,36.37,40.8,59.44
2016-02-13,16.73,33.71,53.2,63.27,27.02,40.96,49.19
2016-02-14,21.62,2.5,56.92,57.1,26.99,45.81,67.84
2016-02-15,19.29,59.18,53.25,37.83,25.46,50.53,61.07
2016-02-16,17.54,51.22,48.8,31.32,34.65,56.55,61.32
2016-02-17,19.26,29.65,47.33,25.02,41.53,50.24,64.82
2016-02-18,9.28,2.63,65.47,29.33,39.38,62.02,68.52
2016-02-19,9.15,21.51,60.92,42.53,64.38,51.61,57.84
2016-02-20,12.73,24.61,67.1,36.37,106.46,44.49,50.12
2016-02-21,47.24,43.42,58.76,49.63,101.09,56.47,46.49
2016-02-22,48.51,53.86,46.87,38.32,102.68,68.45,64.56
2016-02-23,26.695,53.54,43.6,42.23,66.62,68.01,71.46
2016-02-24,4.88,105.62,50.45,59.43,81.16,52.43,55.34
2016-02-25,55.11,63.29,52.36,64.9,81.01,68.65,72.82
2016-02-26,50.6275,67.14,51.09,37.26,35.83,56.24,62.02
2016-02-27,46.145,45.38,55.15,30.33,12.0,38.44,50.06
2016-02-28,41.6625,54.58,61.34,29.08,30.11,50.91,69.14
2016-02-29,37.18,48.51,62.43,39.28,47.45,52.25,60.41
2016-03-01,23.77,21.33,60.76,37.68,44.65,70.0,84.60499999999999
2016-03-02,13.64,,55.64,31.99,44.53,81.42,108.8
2016-03-03,23.83,,53.58,49.42,41.94,50.98,69.85
2016-03-04,0.1,,46.95,42.21,44.74,39.01,69.36
2016-03-05,7.1,,47.94,38.54,57.75,65.63,71.32
2016-03-06,14.1,,62.95,49.65,66.54,56.63,58.77
2016-03-07,17.08,63.18,58.55,45.07,60.3,51.51,84.14
2016-03-08,20.21,42.03,54.84,49.67,69.3,55.79,52.27
2016-03-09,39.21,34.31,53.27,38.62,52.84,68.6,78.08
2016-03-10,17.04,36.32,53.61,35.52,18.79,80.18,85.1
2016-03-11,,28.48,69.17,40.0,17.26,66.35,84.7
2016-03-12,,31.91,62.50666666666667,58.17,23.37,41.52,53.86
2016-03-13,,66.25,55.84333333333333,68.09,29.73,59.62,51.6
2016-03-14,,50.5,49.18,77.42,29.89,47.49,50.16
2016-03-15,,33.65,59.66,47.78,29.34,41.95,41.41
2016-03-16,35.5,38.15,37.68,98.66,33.47,55.8,58.89
2016-03-17,41.24,47.19,45.06,39.82,27.8,61.9,60.23
2016-03-18,38.04666666666667,54.58,48.43,35.81,25.21,67.81,54.13
2016-03-19,34.85333333333333,39.26,56.26,33.32,15.64,48.55,45.2
2016-03-20,31.66,51.87,56.32,45.045,22.22,52.59,59.25
2016-03-21,29.4,53.99,38.27,56.77,20.69,63.04,72.49
2016-03-22,73.86,66.82,30.12,43.14,28.5,74.78,74.17
2016-03-23,43.45,53.59,37.24,49.68,22.34,94.04,90.45
2016-03-24,34.735,69.495,44.08,46.87,20.34,94.08,99.02
2016-03-25,26.02,85.4,45.88,55.02,26.8,60.7,81.9
2016-03-26,13.13,24.81,50.71,57.03,25.99,59.54,78.38
2016-03-27,20.68,48.32,41.66,89.88,39.09,63.66,57.13
2016-03-28,28.23,52.55,39.6,48.81,35.21,58.72,72.19
2016-03-29,17.14,73.97,38.09,40.43,24.39,72.44,81.29
2016-03-30,28.31,45.81,26.73,35.06,19.86,76.71,99.23
2016-03-31,26.0775,40.97,44.29,44.42,24.81,75.81,74.36
2016-04-01,23.845,39.12,41.88,38.74,21.09,71.23,77.15
2016-04-02,21.6125,37.11,39.470000000000006,34.73,20.33,79.62,66.89666666666668
2016-04-03,19.38,44.99,37.06,34.38,23.25,76.31,56.64333333333334
2016-04-04,18.57,32.22,21.95,26.66,24.11,58.3,46.39
2016-04-05,28.435,47.52,22.73,29.98,28.5,59.19,42.29
2016-04-06,38.3,57.81,26.29,43.57,29.45,60.26,60.93
2016-04-07,17.68,44.72,34.61,67.46,25.49,45.77,52.74
2016-04-08,23.17,57.6,30.97,58.76,16.31,60.25,56.08
2016-04-09,28.18,52.67,29.97,53.57,36.41,68.4,71.86
2016-04-10,22.7,56.89,24.42,62.4,49.05,70.69,68.08
2016-04-11,18.16,54.07,30.62,58.82,47.01,65.29,87.49
2016-04-12,23.75,62.4,30.49,74.34,32.25,88.37,83.06
2016-04-13,24.78,56.22,26.76,60.73,44.42,89.4,77.54
2016-04-14,24.66,50.86,26.45,109.97,65.18,77.22,72.64
2016-04-15,22.06,48.86,26.45,76.46,44.04,64.73,62.0
2016-04-16,18.273333333333333,35.97,24.175,67.25,27.47,81.22,70.26
2016-04-17,14.486666666666666,31.16,21.9,77.75,25.86,44.91,53.3
2016-04-18,10.7,37.01,26.59,49.33,21.14,42.88,17.03
2016-04-19,15.68,50.2,29.94,50.77,29.36,54.48,51.22
2016-04-20,17.15,83.29,23.72,62.54,26.74,71.56,64.91
2016-04-21,31.13,119.79,21.26,65.97,40.2,83.39,78.18
2016-04-22,62.02666666666666,79.63,25.0,48.47,47.59,72.2,73.02
2016-04-23,92.92333333333332,91.48,24.66,49.78,52.58,78.66,78.87
2016-04-24,123.82,95.1,21.29,47.44,56.94,94.52,93.83
2016-04-25,65.67,84.64,17.49,47.77,46.28,75.45,79.7
2016-04-26,54.55,61.64,23.82,56.94,35.44,85.05,66.38
2016-04-27,60.45,80.62,27.21,43.48,29.07,77.04,71.07
2016-04-28,47.11,70.46,21.67,39.29,18.64,67.14,74.69
2016-04-29,43.09,76.85,20.41,47.83,26.58,49.02,69.75
2016-04-30,39.47,59.71,21.355,53.75,24.01,45.67,62.35
2016-05-01,35.849999999999994,74.25,22.3,74.38,39.49,71.67,90.24
2016-05-02,32.22999999999999,70.42,23.245,68.49,41.38,78.98,78.99
2016-05-03,28.61,102.25,24.19,46.14,36.78,54.55,30.0
2016-05-04,13.8,76.74,31.23,45.77,33.83,68.79,53.66
2016-05-05,15.14,95.62,41.68,40.96,24.02,48.58,58.52
2016-05-06,16.55,104.41,35.72,95.21,40.45,58.71,50.53
2016-05-07,27.43,101.54,33.85,53.32,42.61,83.57,69.85
2016-05-08,22.57,95.2,36.46,52.09,26.96,91.33,
2016-05-09,23.63,119.79,39.36,58.13,22.02,49.59,
2016-05-10,20.98,69.6,35.78,50.62,22.31,,
2016-05-11,26.86,93.97,44.67,45.59,29.92,,
2016-05-12,25.61,121.18,41.45,54.95,40.17,,149.19
2016-05-13,41.79,103.56,29.22,70.86,37.09,,
2016-05-14,39.05,100.04,30.05,53.86,35.65,,
2016-05-15,26.66,79.21,27.48,41.46,46.46,,
2016-05-16,22.22,74.11,23.21,22.93,66.01,,
2016-05-17,29.49,,20.88,20.18,41.71,,
2016-05-18,60.8,,22.94,20.14,25.17,,
2016-05-19,22.39,,34.07,32.59,41.09,,
2016-05-20,23.24,,43.08,30.79,52.74,,
2016-05-21,22.92,,44.41,29.76,49.88,,
2016-05-22,,,43.86,27.96,60.88,,
2016-05-23,,,48.16,32.6,57.69,,
2016-05-24,,1.4,53.04,31.86,60.28,,
2016-05-25,,1.645,51.45,,52.95,,
2016-05-26,,1.89,46.1,,37.89,71.84,35.92
2016-05-27,,17.13,33.87,,55.57,59.97,24.32
2016-05-28,,2.64,30.98,,66.15,68.75,32.51
2016-05-29,,5.9750000000000005,45.39,,57.48,63.69,26.81
2016-05-30,36.07,9.31,65.98,,52.78,63.14,29.77
2016-05-31,29.08,3.53,53.78,,68.42,39.08,21.09
2016-06-01,41.84,2.165,41.55,,57.07,44.16,26.22
2016-06-02,36.34,0.8,32.82,,40.93,,24.82
2016-06-03,73.73,,36.74,,,,61.81
2016-06-04,70.05,,38.13,,,,15.95
2016-06-05,26.27,,45.67,,,,56.86
2016-06-06,30.15,,40.16,,,,48.36
2016-06-07,28.54,,46.01,,,,52.59
2016-06-08,17.44,,37.8,,,,47.24
2016-06-09,22.96,,40.35,,,93.33,29.25
2016-06-10,20.34,,35.91,,,76.04,57.09
2016-06-11,27.19,,45.64,,,56.49,5.34
2016-06-12,18.0,,37.68,,,40.36,6.32
2016-06-13,18.13,,42.11,,,45.91,29.42
2016-06-14,17.45,,57.32,,22.98,54.4,69.39
2016-06-15,15.78,26.9,53.54,,34.4,25.06,37.73
2016-06-16,20.78,26.54,52.23,,40.72,19.25,37.62
2016-06-17,28.61,33.49,48.73,14.93,38.96,25.29,53.73
2016-06-18,17.46,50.64,50.24,9.69,40.3,23.84,45.99
2016-06-19,6.42,69.55,52.88,11.99,62.15,21.71,46.23
2016-06-20,8.41,68.89,65.83,10.92,58.47,17.23,46.2
2016-06-21,9.53,55.13,65.12,21.395,46.48,8.5,36.16
2016-06-22,22.68,36.61,53.87,31.87,40.09,4.82,23.99
2016-06-23,19.48,29.66,58.58,53.33,26.23,6.04,41.81
2016-06-24,24.42,25.66,48.51,65.62,18.24,18.25,36.1225
2016-06-25,14.78,25.05,54.81,58.83666666666667,24.426666666666662,24.47,30.435
2016-06-26,14.6,24.44,54.855,52.05333333333334,30.613333333333333,30.69,24.7475
2016-06-27,14.62,23.83,54.9,45.27,36.8,36.91,19.06
2016-06-28,39.35,30.66,70.14,38.45,27.24,26.27,38.44
2016-06-29,16.5,24.0,57.8,39.09,23.25,18.23,20.58
2016-06-30,16.07,42.38,54.25,39.53,21.27,22.41,25.84
2016-07-01,12.24,22.26,69.97,44.86,10.53,17.76,13.81
2016-07-02,33.37,19.56,72.38,51.84,23.26,28.62,9.3
2016-07-03,33.39,23.85,72.62,42.29,28.26,22.23,14.71
2016-07-04,45.95,25.87,73.81,33.37,16.25,18.01,18.29
2016-07-05,23.1,25.42,65.7,35.67,16.89,28.91,8.88
2016-07-06,16.25,38.34,65.26,,21.62,43.71,2.94
2016-07-07,14.28,33.23,62.46,,2.46,26.15,2.72
2016-07-08,12.71,20.28,69.22,,15.4,33.39,3.14
2016-07-09,13.89,27.26,71.0,,15.43,40.97,5.1
2016-07-10,12.77,33.76,63.23,,16.17,41.45,3.49
2016-07-11,10.69,24.28,69.39,,10.79,19.32,2.35
2016-07-12,9.25,14.76,76.35,,28.11,34.54,3.41
2016-07-13,26.76,4.2,75.23,,31.32,49.76,3.32
2016-07-14,20.44,3.13,75.62,,50.74,41.75,4.84
2016-07-15,14.12,5.78,77.68,,47.6,55.0,6.31
2016-07-16,13.73,26.36,83.19,,43.06,33.47,12.14
2016-07-17,13.46,17.32,77.56,,46.2,21.51,4.17
2016-07-18,14.37,15.13,78.41,,33.47,27.42,16.46
2016-07-19,21.3,7.54,65.46,,11.63,19.15,25.75
2016-07-20,20.89,19.35,60.89,31.06,14.18,26.48,19.0
2016-07-21,22.37,22.28,56.8,,4.49,55.01,15.93
2016-07-22,32.23,46.22,55.69,,9.07,40.82,19.22
2016-07-23,18.85,41.85,73.33,,7.92,30.67,18.82
2016-07-24,34.03,59.87,74.42,,11.99,43.26,18.55
2016-07-25,28.39,31.86,68.86,43.27,16.060000000000002,29.99,20.31
2016-07-26,28.21,28.01,74.25,,20.130000000000003,35.83,21.35
2016-07-27,24.98,14.26,79.96,,24.2,42.83,53.33
2016-07-28,35.59,55.45,77.54,,38.65,31.85,38.11
2016-07-29,48.78,26.4,85.45,,15.84,25.12,40.925
2016-07-30,28.55,23.35,85.23,,9.82,33.24,43.74
2016-07-31,43.97,27.46,79.54,,1.8,19.31,40.955
2016-08-01,22.42,30.46,79.77,,9.89,27.67,38.17
2016-08-02,,31.8,74.19,,12.2,23.11,38.85
2016-08-03,,39.27,62.78,,9.83,27.98,46.17
2016-08-04,,29.21,59.96,,6.06,42.26,37.75
2016-08-05,,48.2,59.24,,11.5,43.59,24.63
2016-08-06,,35.44,69.82,,13.18,50.48,47.29
2016-08-07,,42.59,62.27,,25.7,,
2016-08-08,,40.21,61.57,,21.64,,
2016-08-09,,44.39,70.95,,24.72,,
2016-08-10,,31.29,72.58,,22.7,,
2016-08-11,,26.67,81.41,32.72,28.39,37.42,8.55
2016-08-12,,17.92,79.86,16.55,39.58,40.72,14.29
2016-08-13,,26.16,76.67,18.87,30.3,42.07,29.74
2016-08-14,,27.39,79.29,19.82,21.5,43.09,23.93
2016-08-15,,28.62,68.14,21.54,19.43,37.48,16.42
2016-08-16,,29.85,65.81,20.49,17.34,47.17,30.99
2016-08-17,,22.12,66.82,20.28,15.92,44.41,24.25
2016-08-18,45.59,9.61,73.89,21.74,30.19,41.87,17.49
2016-08-19,20.66,27.05,66.54,26.26,39.25,12.67,33.03
2016-08-20,23.48,18.21,63.42,26.14,34.75,27.96,26.65
2016-08-21,24.62,22.47,65.02,28.1,45.39,20.05,23.27
2016-08-22,24.54,21.74,63.51,22.79,41.85,13.78,16.44
2016-08-23,24.95,16.34,65.22,25.25,48.31,19.45,16.02
2016-08-24,26.99,17.17,69.19,23.74,42.36,27.24,11.43
2016-08-25,30.48,14.46,71.39,26.6,11.53,71.16,16.91
2016-08-26,26.85,9.59,69.44,25.06,9.59,54.86,15.23
2016-08-27,22.325000000000003,26.55,64.36,25.17,8.52,67.83,23.19
2016-08-28,17.8,23.93,59.28,34.16,17.99,59.98,10.26
2016-08-29,19.6,27.73,74.09,28.48,11.75,46.43,9.43
2016-08-30,17.29,26.89,78.05,21.22,18.77,28.67,9.61
2016-08-31,13.99,15.06,81.03,20.34,14.84,56.28,5.6
2016-09-01,18.4,34.88,79.77,21.4,24.39,55.5,18.51
2016-09-02,19.38,38.0,71.64,22.36,25.21,52.71,12.42
2016-09-03,34.81,34.85,63.43,24.83,15.71,73.62,13.82
2016-09-04,36.41,23.77,63.66,22.29,28.07,68.55,16.81
2016-09-05,31.56,34.44,60.39,23.62,20.01,56.62,17.43
2016-09-06,33.06,31.126666666666665,59.05,22.96,31.4,55.23,23.47
2016-09-07,32.88,27.813333333333333,58.06,24.81,19.59,48.38,22.52
2016-09-08,31.72,24.5,55.54,29.82,33.61,59.68,25.19
2016-09-09,34.42,22.71,56.71,22.77,48.29,60.63,32.01
2016-09-10,32.47,24.03,54.83,28.99,15.54,57.5,30.4
2016-09-11,31.83,27.07,54.77,22.02,17.06,62.36,33.75
2016-09-12,35.58,33.49,55.58,31.99,5.91,73.14,26.67
2016-09-13,39.39,39.66,59.74,44.94,11.4,40.91,12.17
2016-09-14,40.01,46.73,68.39,36.66,15.29,37.7,11.99
2016-09-15,40.26,35.25,64.2,39.12,13.59,37.57,13.86
2016-09-16,35.36,54.64,58.96,22.05,20.49,30.73,19.21
2016-09-17,31.93,56.71,62.38,36.26,8.76,31.56,14.64
2016-09-18,30.33,38.42,60.5,16.27,9.97,29.843333333333334,13.6
2016-09-19,48.55,46.45,59.38,19.1,18.2,28.12666666666667,20.33
2016-09-20,39.98,,56.79,16.09,22.08,26.41,22.11
2016-09-21,31.41,,60.72,17.18,25.96,33.85,16.46
2016-09-22,22.84,,66.93,22.04,29.84,29.16,16.13
2016-09-23,34.04,,62.13,16.37,33.72,20.68,14.36
2016-09-24,20.17,,55.6,10.98,38.43,29.95,16.64
2016-09-25,26.99,,62.41,10.45,36.73,15.27,15.07
2016-09-26,31.21,,63.51,13.28,39.31,9.97,17.4
2016-09-27,20.21,,61.68,14.12,46.34,17.06,18.16
2016-09-28,42.67,,50.19,14.51,50.13,13.87,21.8
2016-09-29,24.01,,60.94,15.05,35.26,13.33,19.67
2016-09-30,23.55,,59.41,31.09,33.94,20.59,29.23
2016-10-01,39.34,,62.06,,52.92,23.35,31.48
2016-10-02,23.33,,63.34,,34.015,17.59,33.62
2016-10-03,38.52,,61.38,,15.11,15.19,31.09
2016-10-04,45.39,,68.44,,23.06,23.13,26.26
2016-10-05,50.92,,73.3,,35.81,22.51,19.43
2016-10-06,53.74,,67.43,,43.57,28.78,28.43
2016-10-07,26.26,,64.19,,32.88,25.62,27.2
2016-10-08,29.64,,60.34,23.0,46.76,23.38,24.99
2016-10-09,66.62,,60.51,15.26,39.59,19.02,30.26
2016-10-10,31.45,,52.73,14.68,31.28,17.67,13.27
2016-10-11,33.48,,54.28,15.67,28.41,18.48,29.54
2016-10-12,33.27,,46.23,15.17,49.57,21.87,51.4
2016-10-13,29.57,,41.78,12.04,49.08,16.36,48.07
2016-10-14,32.65,,43.44,13.14,63.32,20.0,70.88
2016-10-15,49.47,,47.7,21.95,55.5,22.99,69.13
2016-10-16,42.76,,47.47,23.11,58.43,17.27,60.79
2016-10-17,48.08,,46.07,4.68,61.2,32.28,75.65
2016-10-18,55.05,,46.05,23.21,69.64,76.79,76.38
2016-10-19,35.72,,46.49,41.74,72.0,25.89,47.56
2016-10-20,20.74,,43.89,23.58,8.36,7.39,46.55
2016-10-21,22.52,,41.6,23.86,79.47,9.12,35.21
2016-10-22,20.44,,44.32,10.54,65.42,8.27,37.25
2016-10-23,26.33,,43.6,31.08,63.2,8.28,38.24
2016-10-24,25.06,,43.91,22.16,61.0,15.86,45.48
2016-10-25,17.3,,47.57,22.28,52.22,27.54,37.88
2016-10-26,21.35,,50.48,25.13,49.15,27.42,46.26
2016-10-27,34.49,,51.08,29.54,62.24,30.86,56.05
2016-10-28,33.67,,48.49,44.86,50.72,39.77,43.19
2016-10-29,82.64,,56.23,45.04,52.28,66.35,40.84
2016-10-30,79.32,,62.13,23.8,25.71,24.66,33.05
2016-10-31,70.27,,65.52,21.69,10.23,11.95,39.4
2016-11-01,28.68,,59.49,16.2,10.94,11.68,39.35
2016-11-02,21.35,,63.17,26.39,4.38,12.01,32.49
2016-11-03,24.0,,63.48,25.26,7.28,7.42,26.42
2016-11-04,43.96,36.71,58.86,30.68,20.63,6.61,26.47
2016-11-05,37.71,15.53,63.91,34.67,44.96,16.67,44.09
2016-11-06,31.62,17.82,66.73,37.6,51.61,20.77,40.86
2016-11-07,22.36,21.17,56.45,36.94,32.83,18.17,27.96
2016-11-08,24.13,30.15,50.71,37.14,42.53,36.22,61.33
2016-11-09,26.48,25.74,49.45,46.92,53.12,21.04,54.43
2016-11-10,33.23,32.38,54.16,62.56,60.63,26.55,56.0
2016-11-11,44.8,43.85,61.43,71.14,56.87,31.25,45.35
2016-11-12,37.04,16.9,62.82,77.53,41.55,40.34,39.15
2016-11-13,75.5,35.27,58.41,57.77,27.37,51.37,40.87
2016-11-14,53.26,53.64,59.26,14.2,5.6,56.08,43.75
2016-11-15,33.99,24.85,53.27,15.65,5.94,60.51,41.84
2016-11-16,30.63,24.29,51.82,22.33,33.85,62.38,50.06
2016-11-17,37.56,26.66,48.47,48.83,72.89,64.375,75.67
2016-11-18,31.46,26.57,52.37,56.67,54.3,66.37,80.53
2016-11-19,51.46,39.27,55.57,45.24,56.87,67.13,61.06
2016-11-20,49.95,48.05,63.08,49.29,43.66,49.01,41.23
2016-11-21,49.76,39.98,61.67,44.48,38.81,62.39,50.67
2016-11-22,21.0,28.3,47.22,16.37,46.65,107.07,60.1
2016-11-23,23.53,36.16,55.06,33.28,56.6,104.44,52.61
2016-11-24,22.38,32.59,50.38,46.95,43.74,115.33,53.21
2016-11-25,39.46,43.62,37.11,43.76,55.7,126.28,81.67
2016-11-26,38.27,46.31,35.25,38.04,40.86,59.49,56.46
2016-11-27,32.54,45.38,39.05,35.33,51.78,43.03,63.91
2016-11-28,28.14,38.42,41.79,26.27,38.11,43.23,62.62
2016-11-29,28.46,39.27,54.65,31.34,29.57,24.28,16.48
2016-11-30,15.02,35.22,77.72,28.52,43.63,29.22,28.26
2016-12-01,30.73,26.72,78.92,39.83,41.61,24.88,15.75
2016-12-02,16.0,11.12,77.54,20.83,25.3,15.82,11.34
2016-12-03,18.1,22.86,63.62,11.42,10.34,26.16,13.33
2016-12-04,16.45,27.73,57.77,8.61,4.59,25.25,23.75
2016-12-05,14.93,24.99,54.87,9.8,31.59,29.93,17.07
2016-12-06,23.28,26.16,67.22,15.37,49.83,40.16,12.15
2016-12-07,55.85,29.97,75.68,20.32,19.72,42.57,15.41
2016-12-08,12.68,21.19,74.18,16.42,23.28,24.37,3.87
2016-12-09,15.03,28.8,71.1,13.5,34.87,37.62,18.35
2016-12-10,11.33,24.51,77.79,6.73,59.52,29.24,14.48
2016-12-11,12.9,24.85,74.28,8.43,62.12,45.9,27.05
2016-12-12,13.8,13.62,65.19,22.58,46.57,29.18,11.23
2016-12-13,16.65,16.56,63.16,18.31,,43.74,26.96
2016-12-14,17.23,18.78,64.6,22.5,,35.58,25.45
2016-12-15,17.21,23.95,62.8,12.13,,52.58,37.43
2016-12-16,16.17,23.36,61.5,7.08,,40.66,26.27
2016-12-17,11.12,21.28,67.64,13.37,,38.26,31.02
2016-12-18,10.03,27.96,64.9,26.23,,43.96,39.79
2016-12-19,10.51,21.94,63.13,25.9,,60.23,45.12
2016-12-20,8.85,36.09,58.5,18.88,,74.24,49.22
2016-12-21,8.97,38.67,53.69,16.53,,66.34,42.0
2016-12-22,10.28,43.6,58.69,28.61,,64.75,49.62
2016-12-23,15.94,48.42,70.65,37.75,,35.84,39.63
2016-12-24,15.77,36.59,72.31,11.26,,51.99,29.3
2016-12-25,10.81,26.66,79.5,52.62,,41.32,38.47
2016-12-26,10.61,25.26,69.92,34.44,,20.31,47.64
2016-12-27,10.12,,66.0,23.74,,48.79,54.88
2016-12-28,15.48,,62.22,17.27,,21.03,42.16
2016-12-29,35.83,,74.34,25.23333333333333,,33.18,42.36
2016-12-30,9.93,,78.01,33.196666666666665,39.59,12.77,35.47
2016-12-31,10.61,,78.13,41.16,21.42,15.653333333333334,38.03
2017-01-01,21.19,,75.11,25.9,19.33,18.53666666666667,21.3
2017-01-02,23.11,,72.61,29.95,15.18,21.42,25.18
2017-01-03,11.74,,74.07,31.55,17.92,15.5,24.66
2017-01-04,13.2,,69.05,39.09,19.77,14.34,29.03
2017-01-05,13.45,,70.45,35.78,29.9,13.24,27.37
2017-01-06,16.11,,71.98,39.95,34.23,13.73,22.39
2017-01-07,12.38,,83.12,43.82,56.37,20.96,29.08
2017-01-08,17.49,,72.68,39.25,82.71,12.28,21.48
2017-01-09,17.96,25.1,73.45,38.14,61.87,13.0,23.96
2017-01-10,26.98,23.87,57.25,59.48,30.96,17.38,66.65
2017-01-11,25.65,9.14,54.96,56.92,41.83,27.89,78.37
2017-01-12,20.71,15.54,60.26,52.42,31.82,53.41,72.21
2017-01-13,21.22,18.79,59.26,50.8,29.88,35.27,68.76
2017-01-14,30.285,17.66,78.54,63.14,46.92,24.9,55.89
2017-01-15,39.35,24.61,37.67,58.37,48.59,22.78,52.71
2017-01-16,20.17,17.08,64.34,53.3,47.77,19.19,51.75
2017-01-17,19.6,16.8,72.22,,49.91,17.34,45.75
2017-01-18,18.62,16.15,67.86,,37.5,12.78,38.07
2017-01-19,21.17,17.76,64.35,,43.31,42.4,47.94
2017-01-20,25.94,21.22,63.16,,36.56,55.53,65.07
2017-01-21,24.706666666666667,18.33,59.8,,46.12,53.33,63.83
2017-01-22,23.473333333333333,19.1,56.44,,49.79,54.29,91.5
2017-01-23,22.24,17.05,53.08,,48.57,62.18,60.33
2017-01-24,17.87,28.96,66.96,51.39,54.72,65.03,61.13
2017-01-25,23.81,28.63,69.3,49.67,68.4,46.46,45.22
2017-01-26,12.75,11.75,79.85,47.81,48.16,59.05,48.21
2017-01-27,11.95,18.77,77.44,19.01,15.93,62.48,43.26
2017-01-28,13.92,18.2,78.48,20.22,11.14,39.95,35.51
2017-01-29,16.62,25.76,75.81,17.63,9.38,52.61,49.24
2017-01-30,16.81,18.73,73.88,34.35,18.32,39.52,34.84
2017-01-31,16.42,19.78,70.53,47.14,39.08,59.16,38.83
2017-02-01,15.71,17.0,71.54,39.53,28.68,85.21,47.37
2017-02-02,18.74,25.31,66.28,72.53,28.39,59.41,39.34
2017-02-03,21.36,27.73,67.98,50.44,27.27,83.63,50.01
2017-02-04,13.44,44.77,73.48,60.82,39.87,91.15,48.48
2017-02-05,13.54,51.21,69.29,58.61,39.5,92.83,51.2
2017-02-06,14.06,24.51,67.06,60.34,36.86,75.23,57.81
2017-02-07,16.65,35.59,56.14,65.58,46.22,96.06,79.75
2017-02-08,15.44,27.29,60.1,64.64,37.86,97.62,78.93
2017-02-09,15.11,35.15,60.09,12.28,43.21,112.84,82.07
2017-02-10,15.19,30.07,60.09,13.96,37.69,117.14,87.24
2017-02-11,15.39,32.89,56.01,41.88,29.51,120.85,75.67
2017-02-12,15.51,51.35,46.6,43.53,39.34,112.65,55.79
2017-02-13,11.92,40.59,58.12,,23.36,113.88,71.01
2017-02-14,11.32,37.79,56.72,,46.81,118.93,93.35
2017-02-15,10.33,31.4,54.02,,43.83,125.13,75.88
2017-02-16,9.42,34.0,51.3,,63.2,121.49,65.87
2017-02-17,9.59,32.65,55.02,,62.53,93.78,26.22
2017-02-18,9.96,21.78,58.98,,40.78,94.06,41.195
2017-02-19,10.54,28.97,60.56,,37.49,107.45,56.17
2017-02-20,27.79,30.16,47.84,,36.87,110.71,71.14500000000001
2017-02-21,10.83,29.4,60.91,,33.87,87.84,86.12
2017-02-22,22.14,39.59,53.31,66.01,25.89,115.88,93.79
2017-02-23,10.04,42.02,53.22,45.32,20.3,142.23,103.4
2017-02-24,9.823333333333332,55.11,46.34333333333333,21.94,14.13,159.26,111.85
2017-02-25,9.606666666666666,55.2,39.46666666666667,19.64,18.29,107.43,86.02
2017-02-26,9.39,50.66,32.59,34.75,18.06,59.75,70.07
2017-02-27,9.8,51.43,43.21,25.64,19.94,59.59,77.82
2017-02-28,29.68,37.49,56.29,27.08,27.15,52.93,68.93
2017-03-01,45.6,45.02,46.82,32.88,54.36,45.79,50.38
2017-03-02,19.71,32.54,59.12,22.95,35.08,35.25,46.19
2017-03-03,12.53,40.39,42.47,22.65,41.66,48.25,72.76
2017-03-04,13.83,26.73,43.36,13.85,11.6,50.87,73.97
2017-03-05,14.87,40.51,40.25,20.8,13.06,76.81,94.55
2017-03-06,13.54,41.09,37.4,19.79,12.59,59.11,92.19
2017-03-07,20.94,39.85,42.51,25.64,9.91,34.62,69.6
2017-03-08,17.49,45.77,42.78,29.59,9.11,29.26,44.44
2017-03-09,9.4,33.83,58.12,16.07,6.85,32.17,66.68
2017-03-10,22.485,34.24,60.77,29.37,13.3,49.71,59.09
2017-03-11,35.57,42.2,54.96,26.56,31.65,43.48,42.65
2017-03-12,39.58,35.78,53.11,30.11,28.07,49.39,22.32
2017-03-13,14.67,43.41,44.51,19.9,23.97,58.4,60.355
2017-03-14,20.8,36.3,47.87,11.13,16.7,67.52,98.39
2017-03-15,15.65,33.73,46.66,8.93,10.8,62.82,80.69
2017-03-16,16.19,35.92,43.59,28.92,13.35,62.05,76.72
2017-03-17,12.6,32.42,52.79,47.72,21.35,55.98,69.3
2017-03-18,12.18,43.47,44.61,66.57,31.85,60.82,72.52
2017-03-19,16.43,30.74,48.33,57.26,35.43,67.09,68.22
2017-03-20,13.9,30.97,47.88,60.19,34.4,66.99,47.68
2017-03-21,13.6,30.78,41.45,42.51,28.81,85.13,76.16
2017-03-22,14.56,10.98,53.79,36.22,25.43,57.74,58.24
2017-03-23,19.32,67.26,,42.18,33.27,87.05,69.98
2017-03-24,14.29,25.77,,43.89,37.74,92.2,61.82
2017-03-25,12.19,32.34,,52.37,34.13,72.37,54.57
2017-03-26,12.21,34.06,,68.34,29.09,90.18,69.51
2017-03-27,11.86,35.11,,45.77,28.02,99.67,85.4
2017-03-28,12.3,25.31,,40.7,16.24,86.58,56.4
2017-03-29,13.86,16.85,,52.94,15.58,76.63,47.72
2017-03-30,12.07,19.81,,47.33,20.26,77.36,53.03
2017-03-31,12.72,32.5,,53.42,14.06,73.14,62.17
2017-04-01,11.83,35.03,,61.72,13.8,70.54,49.71
2017-04-02,11.31,58.15,,66.27,19.82,85.51,64.59
2017-04-03,10.88,54.96,,68.42,38.56,84.51,62.42
2017-04-04,23.57,40.34,,72.54,23.51,72.93,69.58
2017-04-05,26.28,33.44,,69.06,21.86,83.63,77.65
2017-04-06,12.17,49.15,,66.84,21.17,91.56,78.39
2017-04-07,22.4,51.72,,68.4,30.17,91.84,95.35
2017-04-08,14.59,58.45,,45.04,25.51,86.47,106.16
2017-04-09,20.24,84.71,,37.96,26.34,107.08,132.21
2017-04-10,30.73,79.05,,60.0,38.21,108.88,124.11
2017-04-11,33.32,62.75,20.63,60.0,40.63,114.82,117.72
2017-04-12,27.34,46.16,26.98,17.79,17.3,43.97,88.03
2017-04-13,35.26,5.64,26.5,75.93,24.36,117.98,71.47
2017-04-14,56.91,,29.71,63.27,19.26,119.7,110.36
2017-04-15,28.25,,28.75,60.39,23.92,114.27,119.17
2017-04-16,52.32,,27.86,66.23,39.32,114.72,127.98
2017-04-17,36.05,,34.81,83.69,52.16,114.02,136.79
2017-04-18,27.62,,29.68,91.3,42.61,115.47,122.54
2017-04-19,45.62,,18.42,81.46,31.95,112.3,99.91
2017-04-20,51.11,,28.07,47.22,29.14,99.26,72.67
2017-04-21,74.54,,39.18,54.16,45.42,112.9,101.78
2017-04-22,67.065,,31.325,24.41,53.37,102.17,67.32
2017-04-23,59.59,,23.47,7.03,51.13,93.76,50.97
2017-04-24,56.7,,28.51,21.33,39.09,92.66,96.6
2017-04-25,74.87,,25.98,27.0,33.19,97.86,104.16
2017-04-26,50.96,,26.23,48.16,32.11,59.34,103.49
2017-04-27,58.87,,26.7,27.84,28.98,85.37,106.86
2017-04-28,40.28,,27.03,61.69,39.2,100.67,111.52
2017-04-29,56.16,,29.11,43.66,20.36,,96.8
2017-04-30,84.71,,30.88,22.75,43.9,,127.74
2017-05-01,58.2,,27.51,39.36,34.38,,108.83
2017-05-02,99.58,,28.32,24.89,24.3,,96.07
2017-05-03,57.44,,30.12,21.17,19.53,,62.12
2017-05-04,60.54,,31.35,17.45,18.54,,90.9
2017-05-05,73.36,,28.01,6.19,20.81,,105.68
2017-05-06,60.22,,30.49,17.855,25.06,,91.64
2017-05-07,57.42,,29.24,29.52,21.04,,83.13
2017-05-08,63.27,,24.97,52.55,33.65,142.58,107.0
2017-05-09,60.19,,27.79,33.71,40.3,100.22,127.5
2017-05-10,85.06,,38.32,25.26,62.21,63.38,99.52
2017-05-11,104.26,,32.78,36.74,25.64,7.72,91.84
2017-05-12,105.62,,31.4,10.9,21.21,10.0,74.48
2017-05-13,108.75,,31.37,18.96,27.28,10.92,67.27
2017-05-14,57.79,,24.38,16.82,47.07,6.31,10.96
2017-05-15,46.83,,22.68,38.46,81.71,6.43,39.46
2017-05-16,79.73,,25.27,34.53,72.36,7.73,34.98
2017-05-17,72.53,,35.66,45.09,48.88,6.66,11.35
2017-05-18,99.82,,34.07,13.13,63.11,12.36,82.07
2017-05-19,55.45,,35.2,21.6,61.8,7.02,17.78
2017-05-20,62.23,,31.1,21.87,74.87,12.26,20.13
2017-05-21,60.84,,42.08,23.31,71.02,9.62,51.54
2017-05-22,24.55,,55.81,13.76,46.83,8.19,34.09
2017-05-23,43.21,,42.29,20.05,64.78,5.73,25.59
2017-05-24,39.515,,39.1,26.67,41.86,13.28,26.39
2017-05-25,35.82,,30.42,16.72,55.31,65.47,27.99
2017-05-26,78.23,,29.57,11.46,50.56,67.69,19.66
2017-05-27,69.0,,37.44,18.34,57.04,60.87,18.53
2017-05-28,63.14,,50.87,12.12,60.64,37.35,17.4
2017-05-29,39.36,,58.65,9.02,29.6,40.31,10.24
2017-05-30,58.79,,49.14,9.85,32.19,50.48,10.466666666666669
2017-05-31,40.61,,61.29,9.92,33.55,46.76,10.693333333333332
2017-06-01,80.94,,52.22,10.13,45.19,45.74,10.92
2017-06-02,52.37,,39.17,8.69,39.97,52.24,13.17
2017-06-03,53.94,,31.18,8.19,43.42,67.18,25.87
2017-06-04,38.04,,21.91,7.55,59.32,64.86,22.92
2017-06-05,15.97,,25.42,8.38,33.1,41.48,11.81
2017-06-06,20.74,,32.09,7.92,25.05,7.85,10.97
2017-06-07,27.45,,51.54,10.29,17.67,6.87,9.84
2017-06-08,,,,14.64,11.65,25.66,9.65
2017-06-09,,,,19.12,14.69,48.73,8.84
2017-06-10,,,,19.88,15.64,55.4,12.65
2017-06-11,,,,19.08,17.26,51.08,
2017-06-12,,,,19.47,20.7,54.38,
2017-06-13,,,,19.68,28.07,33.68,
2017-06-14,,,,21.06,34.87,,
2017-06-15,,,,20.85,35.61,,
2017-06-16,,,,18.43,31.69,,19.38
2017-06-17,,,,20.06,31.69,,27.63
2017-06-18,,,,9.1,37.9,,31.87
2017-06-19,,,,10.17,29.2,69.77,23.25
2017-06-20,,,,7.75,26.21,59.45,17.86
2017-06-21,,,,13.04,38.32,16.63,22.54
2017-06-22,,,,8.43,26.43,14.09,25.01
2017-06-23,,,,13.82,27.92,13.29,24.84
2017-06-24,,,,10.04,24.3,17.0,26.92
2017-06-25,,,,7.84,20.75,12.51,24.92
2017-06-26,,,,8.44,23.89,15.06,20.69
2017-06-27,,,,8.39,24.61,15.83,20.05
2017-06-28,,,,8.99,20.31,12.18,21.07
2017-06-29,,,,9.92,14.01,16.66,19.32
2017-06-30,,,,10.32,26.18,39.67,18.52
2017-07-01,,,,11.34,24.55,26.58,11.58
2017-07-02,,,,10.47,34.7,30.39,12.27
2017-07-03,,,,10.21,26.47,31.73,19.97
2017-07-04,,,,9.67,10.34,31.65,12.88
2017-07-05,,,,8.98,23.07,33.02,12.72
2017-07-06,,,,9.26,24.43,14.95,14.05
2017-07-07,,,,12.39,29.22,14.67,12.23
2017-07-08,,,,9.39,14.07,12.8,14.48
2017-07-09,,,,9.34,25.97,15.15,12.79
2017-07-10,,,,10.61,28.01,14.62,10.66
2017-07-11,,,,12.44,23.74,14.06,12.12
2017-07-12,,,,18.42,15.57,15.51,11.2
2017-07-13,,,,24.82,17.01,21.25,14.38
2017-07-14,,,,47.62,19.64,24.71,11.94
2017-07-15,,,,47.14,22.59,17.18,12.68
2017-07-16,,,,23.82,18.16,23.17,10.42
2017-07-17,,,,44.94,17.79,18.82,11.42
2017-07-18,,,,27.09,18.01,15.85,14.37
2017-07-19,,,,30.16,20.05,8.85,14.02
2017-07-20,,,,54.5,24.56,7.21,12.18
2017-07-21,,,,41.97,20.82,9.21,10.38
2017-07-22,,,,53.85,21.32,9.92,11.06
2017-07-23,,,,24.37,27.78,16.47,13.43
2017-07-24,,,,42.69,22.76,14.73,10.57
2017-07-25,,,,50.04,19.56,10.6,11.07
2017-07-26,,,,51.12,19.21,8.52,13.15
2017-07-27,,,,55.9,23.46,12.72,14.22
2017-07-28,,,,51.05,36.31,13.36,14.02
2017-07-29,,,,56.82,22.94,11.45,9.24
2017-07-30,,,,23.6,32.14,10.34,11.72
2017-07-31,,,,45.36,30.77,11.26,9.31
2017-08-01,,,,54.93,45.06,12.99,8.7
2017-08-02,,,,41.25,30.2,10.63,7.71
2017-08-03,,,,39.16,29.56,11.05,5.61
2017-08-04,,,,25.85,23.14,49.89,8.69
2017-08-05,,,,30.04,31.21,179.82,7.6
2017-08-06,,,,6.06,50.34,180.25,10.16
2017-08-07,,,,54.59,15.12,27.18,8.28
2017-08-08,,,,48.17,43.31,9.24,7.41
2017-08-09,,,,33.6,39.0,8.13,6.32
2017-08-10,,,,9.71,13.38,6.37,6.26
2017-08-11,,,,16.65,27.68,10.02,6.07
2017-08-12,,,,18.87,18.79,8.59,11.79
2017-08-13,,,,23.74,19.55,6.22,11.57
2017-08-14,,,,26.54,18.83,7.42,10.78
2017-08-15,,,,7.35,14.91,7.46,11.91
2017-08-16,,,,20.51,19.78,5.55,8.58
2017-08-17,,,,21.86,14.83,4.9,15.0
2017-08-18,,,,21.39,14.8375,3.95,6.81
2017-08-19,,,,20.13,14.845,5.960000000000001,11.1
2017-08-20,,,,11.17,14.8525,7.970000000000001,8.87
2017-08-21,,,,16.04,14.86,9.98,14.82
2017-08-22,,,,20.89,13.04,8.29,20.02
2017-08-23,,,,27.15,14.83,6.57,10.18
2017-08-24,,,,21.84,13.46,9.13,14.94
2017-08-25,,,,19.86,13.89,11.39,11.69
2017-08-26,,,,19.83,16.03,9.25,15.29
2017-08-27,,,,7.65,17.52,10.07,17.04
2017-08-28,,,,13.12,28.73,9.23,20.79
2017-08-29,,,,14.98,33.28,11.89,23.96
2017-08-30,,,,16.33,29.77,22.56,30.97
2017-08-31,,,,24.66,40.89,14.09,24.62
2017-09-01,,,,13.48,35.94,12.57,23.64
2017-09-02,,,,15.86,33.32,12.96,23.44
2017-09-03,,,,29.74,45.44,12.95,18.87
2017-09-04,,,,23.83,52.5,12.39,18.78
2017-09-05,,,,23.99,57.04,12.05,17.41
2017-09-06,,,,27.63,50.32,12.08,24.29
2017-09-07,,,,12.5,33.91,12.43,18.74
2017-09-08,,,,34.54,19.78,11.65,34.18
2017-09-09,,,,15.06,23.26,12.51,38.13
2017-09-10,,,,9.66,33.22,13.33,55.66
2017-09-11,,,,9.5,33.73,12.45,39.94
2017-09-12,,,,11.3,32.25,13.93,44.87
2017-09-13,,,,12.87,13.16,18.26,40.02
2017-09-14,,,,28.38,33.18,14.32,26.91
2017-09-15,,,,18.53,19.31,30.02,31.32
2017-09-16,,,,14.39,27.23,30.01,34.27
2017-09-17,,,,5.9,17.7,29.99,33.18
2017-09-18,,,,6.18,19.6,23.31,31.17
2017-09-19,,,,19.64,20.92,4.48,32.84
2017-09-20,,,,25.61,25.78,5.2,28.26
2017-09-21,,,,24.16,28.07,6.13,25.59
2017-09-22,,,,28.96,30.08,9.69,20.18
2017-09-23,,,,41.31,42.39,11.25,14.57
2017-09-24,,,,29.38,37.77,10.26,26.46
2017-09-25,,,,24.14,27.56,10.75,28.52
2017-09-26,,33.1,,27.37,32.34,11.58,32.57
2017-09-27,,19.85,,7.85,21.74,11.44,40.86
2017-09-28,,38.95,,21.6,22.01,13.36,47.54
2017-09-29,,,,8.95,30.37,15.18,43.88
2017-09-30,,,,29.89,35.78,18.72,40.57
2017-10-01,,,,21.92,23.47,16.36,38.75
2017-10-02,,,,34.02,31.28,16.98,31.89
2017-10-03,,,,29.93,30.05,13.28,25.03
2017-10-04,,29.32,,30.31,16.24,21.66,19.18
2017-10-05,,38.51,,10.53,33.99,19.26,15.51
2017-10-06,,40.03,,28.31,29.66,22.47,18.39
2017-10-07,,31.03,,21.99,24.72,27.32,23.64
2017-10-08,,33.86,,35.86,35.85,26.75,30.46
2017-10-09,,25.48,,20.43,35.88,23.35,16.07
2017-10-10,,16.35,,45.08,28.71,28.75,17.27
2017-10-11,,15.69,,34.99,40.74,20.69,16.4
2017-10-12,,13.95,,22.7,33.92,29.91,14.39
2017-10-13,,24.34,,14.59,11.17,22.94,19.92
2017-10-14,,36.48,,9.9,24.98,30.85,31.36
2017-10-15,,15.87,,13.39,17.31,36.74,43.01
2017-10-16,15.62,17.89,,15.03,9.19,24.57,41.74
2017-10-17,16.52,26.38,,17.23,6.88,11.94,41.2
2017-10-18,19.9,41.9,,27.54,26.01,16.84,28.67
2017-10-19,30.74,35.29,,34.64,49.71,16.47,18.02
2017-10-20,63.12,38.59,,38.72,39.31,13.39,15.55
2017-10-21,43.23,30.71,,34.89,46.68,16.42,14.64
2017-10-22,39.45,32.5,,28.1,44.44,21.1,50.32
2017-10-23,44.78,37.14,48.65,33.95,66.78,19.63,54.6
2017-10-24,36.94,28.21,52.26,27.3,35.69,16.6,36.57
2017-10-25,41.75,31.93,39.095,20.57,25.7,21.01,42.93
2017-10-26,64.34,35.29,25.93,12.69,14.58,20.28,44.04
2017-10-27,29.17,38.48,38.76,19.69,19.97,21.46,44.59
2017-10-28,42.63,42.59,33.379999999999995,32.07,20.15,22.09,36.69
2017-10-29,61.66,46.09,28.0,36.67,29.74,32.41,51.83
2017-10-30,60.4,38.34,72.09,32.74,9.72,33.73,41.87
2017-10-31,53.28,30.36,65.57,47.84,25.12,46.77,51.99
2017-11-01,20.72,36.36,49.79,43.92,11.94,41.4,32.65
2017-11-02,32.85,39.29,67.8,44.38,28.38,45.84,49.17
2017-11-03,87.71,38.78,50.32,52.18,33.54,48.18,45.2
2017-11-04,82.96,37.33,72.73,43.23,24.78,49.49,39.97
2017-11-05,105.74,31.28,68.25,17.19,18.16,47.32,45.84
2017-11-06,78.23,21.85,65.93,6.75,14.23,39.92,39.1
2017-11-07,56.7,18.41,68.22,7.02,13.54,52.0,40.18
2017-11-08,66.04,32.26,72.27,13.74,22.89,75.36,39.04
2017-11-09,67.15,24.96,67.41,30.46,36.48,79.86,32.39
2017-11-10,96.01,28.0,64.81,24.08,21.91,67.62,33.26
2017-11-11,100.84,24.3,68.01,30.86,37.66,76.99,44.6
2017-11-12,80.38,29.74,70.81,14.76,44.62,66.54,55.21
2017-11-13,61.24,30.52,70.86,43.16,33.31,46.58,44.89
2017-11-14,16.23,36.57,68.39,37.68,18.52,34.08,37.91
2017-11-15,15.86,32.15,65.0,39.31,24.02,39.66,35.3
2017-11-16,36.92,26.78,66.23,34.31,35.06,24.75,34.11
2017-11-17,17.76,23.39,62.5,37.48,39.0,33.46,41.41
2017-11-18,20.61,20.84,55.49,19.28,20.36,38.96,46.68
2017-11-19,19.18,31.26,50.56,15.11,13.91,40.48,38.54
2017-11-20,17.1,25.39,50.61,17.27,12.92,49.06,67.69
2017-11-21,36.29,10.94,50.7,3.14,10.06,58.7,80.73
2017-11-22,32.54,25.11,45.95,15.6,26.75,52.38,71.08
2017-11-23,28.05,27.55,45.43,28.57,38.16,47.91,61.65
2017-11-24,33.24,25.15,44.49,29.13,24.59,46.06,59.75
2017-11-25,30.65,26.66,48.4,38.5,44.45,40.97,63.83
2017-11-26,42.08,26.02,47.49,35.73,39.68,47.83,71.92
2017-11-27,23.14,25.66,52.24,24.36,20.27,53.7,72.06
2017-11-28,33.25,20.36,53.11,22.54,30.11,46.51,56.3
2017-11-29,103.58,25.88,60.66,23.71,25.99,27.94,40.07
2017-11-30,70.3,48.74,62.55,19.73,21.52,25.65,37.41
2017-12-01,58.35,24.65,57.29,4.11,37.7,28.5,29.68
2017-12-02,72.43,23.05,59.87,4.61,42.02,26.47,36.8
2017-12-03,64.29,28.01,63.82,8.9,31.4,24.68,32.38
2017-12-04,58.43,23.08,63.49,24.47,25.69,25.98,29.94
2017-12-05,39.75,17.83,59.07,12.45,25.75,23.28,35.69
2017-12-06,25.35,20.78,43.24,,31.1,41.26,43.2
2017-12-07,26.1,24.12,34.26,,34.72,39.39,47.77
2017-12-08,24.88,28.15,38.43,,48.52,43.6,70.84
2017-12-09,35.18,25.68,49.47,,49.39,36.02,41.955
2017-12-10,48.93,25.39,58.73,,53.0,28.34,13.07
2017-12-11,47.95,19.29,64.43,,58.39,27.66,35.77
2017-12-12,30.48,14.89,78.22,,27.83,22.32,28.05
2017-12-13,27.26,16.07,74.6,,21.17,22.84,34.73
2017-12-14,24.72,19.29,74.31,,14.46,23.49,22.09
2017-12-15,23.99,15.93,70.64,,24.63,24.16,30.125
2017-12-16,26.35,17.99,55.56,,37.1,41.95,38.16
2017-12-17,28.71,22.25,40.48,,62.69,32.91,48.09
2017-12-18,21.08,24.18,47.71,,55.81,26.99,35.6
2017-12-19,16.56,17.8,55.9,,46.99,17.18,33.52
2017-12-20,23.01,14.05,65.89,,39.92,15.17,29.24
2017-12-21,23.5,17.53,65.61,,21.32,29.965,24.96
2017-12-22,16.67,18.09,57.09,,22.47,44.76,33.75
2017-12-23,18.93,21.69,56.05,,24.8,30.18,35.07
2017-12-24,21.61,23.9,64.61,,26.7,19.02,26.9
2017-12-25,19.34,17.81,67.83,,24.68,12.73,17.27
2017-12-26,20.27,17.84,66.35,,38.75,24.65,31.84
2017-12-27,23.5,15.46,62.23,,51.25,23.6,30.12
2017-12-28,19.88,10.5,63.27,52.72,38.06,15.8,22.92
2017-12-29,18.56,18.08,65.46,17.18,33.37,11.22,12.62
2017-12-30,17.1,15.04,68.21,33.48,23.87,8.96,13.35
2017-12-31,20.34,14.31,70.78,32.36,31.34,19.68,29.17
2018-01-01,27.36,12.1,74.5,25.89,31.1,19.15,23.36
2018-01-02,33.24,14.72,75.63,24.78,20.93,20.61,26.9
2018-01-03,28.08,14.2,74.28,35.27,29.61,13.95,14.29
2018-01-04,36.36,17.88,75.38,46.62,46.37,25.51,30.69
2018-01-05,28.37,16.19,74.53,51.89,25.12,9.71,14.07
2018-01-06,23.15,15.32,69.0,59.57,42.96,18.62,25.91
2018-01-07,15.42,17.23,64.42,62.13,52.51,15.94,17.1
2018-01-08,15.25,19.24,58.69,76.84,54.81,15.66,20.39
2018-01-09,15.99,18.1,62.12,69.35,50.7,9.81,17.25
2018-01-10,18.56,20.79,57.26,39.43,15.94,13.78,16.51
2018-01-11,19.34,20.83,55.45,17.92,29.14,15.93,24.58
2018-01-12,21.18,18.12,55.39,21.4,44.34,9.55,21.98
2018-01-13,20.02,17.98,59.56,22.28,24.78,17.06,28.36
2018-01-14,22.37,19.1,55.9,32.71,36.55,25.07,34.53
2018-01-15,21.7,19.69,59.85,39.4,42.82,24.4,28.61
2018-01-16,25.99,28.52,51.63,36.86,42.39,33.4,39.98
2018-01-17,23.74,27.48,69.67,40.95,27.37,8.73,23.9
2018-01-18,24.51,26.85,66.47,43.13,39.4,17.7,33.54
2018-01-19,22.34,18.19,66.71,47.97,49.53,14.26,26.44
2018-01-20,18.43,20.34,76.24,56.22,49.88,9.94,22.34
2018-01-21,60.77,24.67,42.04,59.4,57.22,3.2,37.98
2018-01-22,51.54,31.67,64.03,59.86,36.75,24.09,35.31
2018-01-23,15.14,20.76,72.76,47.96,40.35,27.76,27.81
2018-01-24,27.18,15.96,76.23,35.53,28.1,25.53,36.22
2018-01-25,21.15333333333333,16.6,79.4,47.16,43.14,20.15,18.21
2018-01-26,15.126666666666663,15.96,76.66,52.61,54.25,24.51,27.28
2018-01-27,9.1,18.34,69.17,51.44,44.05,22.32,26.56
2018-01-28,8.1,13.29,67.29,56.16,54.91,23.45,28.55
2018-01-29,3.7,21.07,64.11,49.16,53.39,23.35,18.12
2018-01-30,17.026666666666667,25.78,52.27,48.6,48.19,30.48,38.18
2018-01-31,30.35333333333333,29.38,57.39,40.78,54.08,33.86,42.92
2018-02-01,43.68,23.34,51.81,31.55,40.48,27.55,33.13
2018-02-02,4.75,22.75,61.64,35.13,50.01,22.03,34.35
2018-02-03,6.55,32.3,52.75,39.3,39.69,18.18,32.55
2018-02-04,1.2,31.1,50.94,45.25,47.9,30.29,57.1
2018-02-05,22.45,26.24,47.95,38.68,41.48,34.33,64.38
2018-02-06,23.45,17.18,46.8,35.02,26.72,26.86,46.77
2018-02-07,39.39,20.93,47.4,23.32,17.58,22.84,33.58
2018-02-08,17.03,15.2,54.07,20.07,20.71,27.66,51.63
2018-02-09,15.11,21.62,55.14,18.2,17.14,31.69,57.02
2018-02-10,18.49,32.63,56.01,19.06,32.69,28.65,46.69
2018-02-11,22.27,34.31,54.53,22.72,24.21,19.0,22.51
2018-02-12,17.75,37.96,65.22,23.76,31.75,16.67,34.94
2018-02-13,24.53,26.37,68.11,36.9,33.32,12.28,39.46
2018-02-14,19.79,30.09,56.21,29.08,40.89,3.98,20.08
2018-02-15,22.4,31.4,56.21,25.5,40.86,,
2018-02-16,22.68,30.3,60.71,26.94,43.53,,
2018-02-17,20.03,31.55,58.48,36.02,48.9,,
2018-02-18,20.43,36.33,56.06,37.14,58.56,,
2018-02-19,18.7,26.1,53.19,41.05,40.99,,
2018-02-20,20.82,23.16,52.95,46.15,44.67,,
2018-02-21,39.61,28.27,53.61,46.36,34.72,,
2018-02-22,16.01,9.57,56.43,43.74,34.12,,
2018-02-23,18.74,9.09,56.56,47.11,30.6,,
2018-02-24,25.27,32.52,55.68,26.69,27.18,,
2018-02-25,23.59,28.28,52.23,30.69,23.73,,
2018-02-26,19.7,27.52,56.84,23.26,21.67,,
2018-02-27,16.01,22.6,54.86,24.88,16.715,,
2018-02-28,19.69,16.08,59.8,23.74,11.76,,
2018-03-01,13.47,10.85,54.95,26.41,52.15,,
2018-03-02,31.28,12.18,53.28,38.97,40.83,,
2018-03-03,19.98,10.06,50.38,37.14,48.63,,
2018-03-04,22.0,9.98,48.46,40.01,35.98,,
2018-03-05,20.35,20.98,50.81,31.18,26.79,,
2018-03-06,26.5,25.62,49.92,25.73,27.87,,
2018-03-07,24.39,26.43,50.2,37.25,36.69,,
2018-03-08,35.37,34.02,52.17,32.04,40.7,,
2018-03-09,28.92,26.32,49.94,35.73,55.64,,
2018-03-10,24.8,24.18,44.62,14.78,35.64,,
2018-03-11,25.6,25.62,47.9,32.18,39.33,,
2018-03-12,27.706666666666667,23.17,44.84,33.44,18.09,,
2018-03-13,29.813333333333333,24.28,43.27,14.05,18.25,70.08,
2018-03-14,31.92,22.21,37.83,33.11,16.36,,
2018-03-15,30.5,21.15,43.66,22.85,14.71,,26.07
2018-03-16,31.32,27.06,45.78,23.81,17.15,,
2018-03-17,23.4,28.44,47.2,19.58,16.67,,
2018-03-18,42.73,35.33,25.08,5.17,21.98,,
2018-03-19,62.06,34.9,38.0,39.67,26.43,,
2018-03-20,81.39,32.71,40.21,32.53,23.27,,
2018-03-21,45.22,22.82,42.71,26.67,22.49,,
2018-03-22,27.69,15.78,48.15,,29.07,,39.2
2018-03-23,31.18,28.39,46.35,,32.27,,
2018-03-24,30.78,31.24,43.72,,40.02,,
2018-03-25,41.98,33.25,42.98,,29.63,,
2018-03-26,27.89,35.52,40.69,,23.37,,
2018-03-27,29.46,29.56,33.23,,15.62,102.47,
2018-03-28,44.94,30.91,33.48,,19.42,,
2018-03-29,36.05,31.95,32.66,,24.15,,
2018-03-30,15.64,34.55,31.69,,29.63,,
2018-03-31,33.66,46.16,40.14,,42.15,,
2018-04-01,51.68,57.76,37.77,,43.24,,
2018-04-02,57.0,47.69,39.92,,44.33,,
2018-04-03,45.0,48.5,37.6,,43.92,28.36,
2018-04-04,51.93,52.3,37.58,,43.51,,
2018-04-05,61.42,34.66,39.47,,,,
2018-04-06,32.73,36.85,40.26,,,,
2018-04-07,44.04,36.12,44.33,,,,
2018-04-08,41.3,38.39,41.66,,,,
2018-04-09,28.51,23.06,58.1,,,,
2018-04-10,63.46,37.24,51.09,,22.98,,
2018-04-11,21.07,33.75,56.83,,24.86,,
2018-04-12,36.42,30.12,45.21666666666666,,26.74,,
2018-04-13,55.16,30.45,33.603333333333325,,28.62,,
2018-04-14,69.31,26.49,21.99,,26.57,,
2018-04-15,42.47,33.38,36.83,,24.52,,
2018-04-16,54.51,38.69,37.13,,22.47,,
2018-04-17,45.65,22.59,30.67,,36.82,,
2018-04-18,52.81,25.99,23.1,,46.05,,
2018-04-19,44.6,30.53,26.5,,23.87,,
2018-04-20,29.01,28.46,22.81,,9.67,,45.32
2018-04-21,35.67,34.08,26.02,,33.73,,
2018-04-22,47.74,42.52,21.68,,31.44,,
2018-04-23,54.34,41.48,20.07,,31.835,,
2018-04-24,38.67,37.38,21.14,,32.230000000000004,,
2018-04-25,25.05,26.4,23.27,,32.62500000000001,,
2018-04-26,67.25,38.06,22.57,,33.02,,
2018-04-27,19.48,40.3,38.17,,26.505000000000003,,
2018-04-28,32.13,55.84,36.5,,19.99,,
2018-04-29,35.67,55.19,39.11,,49.42,,
2018-04-30,25.63,42.86,42.75,,78.85,,
2018-05-01,10.02,45.53,45.64,,65.285,,
2018-05-02,24.29,47.52,46.26,,51.72,,
2018-05-03,26.05,34.02,45.55,,38.196666666666665,,
2018-05-04,21.24,47.53,47.54,,24.67333333333333,,
2018-05-05,43.53,45.54,38.46,,11.15,,
2018-05-06,35.31,31.73,38.65,,42.345000000000006,,
2018-05-07,53.21,34.32,34.97,,73.54,,
2018-05-08,39.39,44.65,34.1,,65.44500000000001,,
2018-05-09,38.83,43.51,45.48,,57.35,,
2018-05-10,39.83,36.52,41.99,,44.86,,
2018-05-11,43.64,42.56,33.82,,32.37,,
2018-05-12,35.9,57.16,38.32,,,,
2018-05-13,20.73,48.9,44.23,,,,
2018-05-14,37.09,48.37,44.43,,,,
2018-05-15,31.09,53.88,44.36,,,,
2018-05-16,30.28,38.59,33.2,,26.21,,
2018-05-17,56.23,54.29,26.79,,,,
2018-05-18,51.0,45.54,29.7,,,,
2018-05-19,49.84,35.51,36.05,,,,
2018-05-20,35.71,40.29,25.52,,,,
2018-05-21,45.39,50.96,15.35,,,,
2018-05-22,39.28,56.29,18.15,,,,
2018-05-23,74.05,46.87,28.53,,,,
2018-05-24,41.11,43.02,26.46,,25.7,,8.79
2018-05-25,62.18,36.06,22.15,,31.87,,
2018-05-26,36.23,37.85,21.29,3.01,51.04,,
2018-05-27,43.26,31.83,32.08,4.07,48.66666666666666,,
2018-05-28,35.87,69.91,20.76,4.86,46.29333333333333,,
2018-05-29,31.2,40.49,29.98,19.17,43.92,,
2018-05-30,23.19,42.77,38.01,22.95,,,
2018-05-31,18.4,30.5,36.0,18.29,,,
2018-06-01,16.09,36.03,41.63,22.77,,,
2018-06-02,26.89,38.406666666666666,41.27,22.85,,6.66,
2018-06-03,14.21,40.78333333333333,38.8,3.77,,,
2018-06-04,15.68,43.16,41.86,10.49,,,
2018-06-05,19.26,27.13,40.82,15.9,,,
2018-06-06,23.62,34.61,50.37,5.46,32.56,,
2018-06-07,21.82,27.6,44.82,9.44,26.82,,
2018-06-08,19.03,22.82,46.91,5.39,,,54.79
2018-06-09,17.26,25.55,60.72,11.14,,,
2018-06-10,31.93,32.66,56.01,10.72,,,
2018-06-11,22.9,29.49,46.12,9.55,,,
2018-06-12,18.21,16.81,37.48,13.11,,38.51,
2018-06-13,19.15,14.85,31.66,12.54,50.3,20.39,
2018-06-14,22.98,21.44,29.78,15.6,55.685,17.57,37.1
2018-06-15,21.7,29.65,30.29,20.32,61.07,13.52,17.38
2018-06-16,17.33,31.71,38.69,13.14,51.38,12.1,14.67
2018-06-17,21.36,43.28,49.42,5.11,41.69,19.22,12.62
2018-06-18,26.26,44.4,43.95,11.02,32.0,13.34,23.26
2018-06-19,24.95,61.1,41.69,14.71,22.31,16.19,19.01
2018-06-20,46.91,66.76,37.76,22.59,,24.8,23.24
2018-06-21,29.28,79.7,38.92,24.29,,29.73,27.23
2018-06-22,47.47,66.34,36.52,29.37,,29.29,28.94
2018-06-23,23.64,56.3,36.59,18.56,,31.27,31.14
2018-06-24,40.32,53.99,33.06,11.4,,32.27,26.71
2018-06-25,7.27,41.54,45.38,13.87,14.14,29.26,26.05
2018-06-26,18.24,43.23,48.61,17.73,,23.94,29.48
2018-06-27,10.73,60.2,62.14,14.08,,22.91,20.16
2018-06-28,,58.85,72.07,13.78,,16.96,35.23
2018-06-29,,21.92,71.29,15.87,,18.71,27.62
2018-06-30,,21.87,67.77,4.31,,23.32,10.87
2018-07-01,,20.62,62.75,4.61,,14.51,41.89
2018-07-02,,29.81,58.07,17.1,72.99,15.48,20.04
2018-07-03,,38.31,63.71,17.37,,26.07,47.92
2018-07-04,,31.98,60.04,15.93,,22.84,60.92
2018-07-05,,38.26,59.1,19.5,,22.27,19.92
2018-07-06,,39.11,51.82,15.63,,27.85,14.12
2018-07-07,,60.28,49.44,15.43,14.48,36.71,8.06
2018-07-08,,66.45,47.66,15.14,,30.19,1.84
2018-07-09,,62.52,52.72,11.84,,27.41,7.26
2018-07-10,,58.58,58.63,12.66,,26.19,18.08
2018-07-11,,45.17,63.86,9.35,,21.3,33.61
2018-07-12,,50.15,58.9,7.11,,15.28,6.94
2018-07-13,,28.61,71.99,15.13,,16.43,4.32
2018-07-14,,25.69,73.95,15.27,,12.53,3.32
2018-07-15,,32.49,67.47,14.76,14.96,19.81,9.36
2018-07-16,,22.92,74.42,10.15,,21.75,8.47
2018-07-17,,30.7,64.3,15.7,,18.87,19.87
2018-07-18,,30.18,63.36,16.69,,22.04,29.74
2018-07-19,,35.12,63.83,18.09,,24.29,19.1
2018-07-20,,36.07,73.61,24.04,,22.6,9.27
2018-07-21,,28.59,75.05,22.03,13.77,18.15,12.19
2018-07-22,,24.37,79.06,20.24,,17.71,5.51
2018-07-23,,24.37,68.04,16.73,,14.06,3.53
2018-07-24,,27.17,61.65,10.86,,19.22,4.45
2018-07-25,,20.23,74.41,9.86,,16.4,13.12
2018-07-26,,16.87,83.11,10.83,,19.59,6.25
2018-07-27,,22.53,84.3,12.86,,31.96,2.74
2018-07-28,,20.78,80.34,15.91,64.31,34.4,2.02
2018-07-29,,20.47,71.12,13.89,,26.76,6.27
2018-07-30,,19.74,70.14,12.15,,29.22,5.29
2018-07-31,,24.99,66.62,11.7,,35.18,9.29
2018-08-01,,22.24,65.62,13.1,,36.58,2.72
2018-08-02,,16.57,57.59,15.2,14.08,33.22,15.75
2018-08-03,,17.38,55.47,11.22,65.47,30.48,2.34
2018-08-04,,16.82,54.04,13.5,,25.27,4.99
2018-08-05,,12.45,64.53,14.19,,21.13,4.73
2018-08-06,,16.61,76.29,15.02,,28.41,5.68
2018-08-07,,30.51,75.62,11.32,,31.5,5.57
2018-08-08,,28.53,72.82,7.5,,31.66,6.04
2018-08-09,,40.92,63.04,11.5,,33.37,10.0
2018-08-10,,29.43,71.87,11.53,23.12,25.11,15.58
2018-08-11,,26.96,65.49,11.02,,21.17,22.64
2018-08-12,18.4,19.33,67.96,12.65,,16.24,2.23
2018-08-13,22.98,27.8,67.84,11.52,,13.69,2.43
2018-08-14,45.18,25.91,64.74,13.18,,13.12,5.56
2018-08-15,24.0,17.87,65.4,5.77,,10.87,4.53
2018-08-16,45.27,16.33,69.29,9.08,,10.34,5.56
2018-08-17,40.52,14.28,66.65,5.04,,10.12,4.08
2018-08-18,39.43,26.47,68.89,4.47,,8.19,2.14
2018-08-19,33.01,46.32,78.44,5.06,,9.48,3.7
2018-08-20,57.32,44.58,72.72,7.68,27.59,12.96,2.8
2018-08-21,32.36,34.4,65.72,18.12,47.955,16.84,1.71
2018-08-22,26.45,27.08,67.32,18.16,68.32,19.95,19.84
2018-08-23,12.62,13.54,75.59,16.94,,15.5,8.2
2018-08-24,11.43,17.16,70.45,12.56,,12.43,10.47
2018-08-25,18.99,18.19,65.74,12.8,,10.69,8.2
2018-08-26,31.62,22.86,61.93,15.97,,11.93,6.33
2018-08-27,54.49,29.42,72.34,12.61,31.56,16.05,9.33
2018-08-28,49.32,21.64,80.35,14.66,30.62,14.08,7.18
2018-08-29,23.25,18.1,78.0,6.61,30.24,9.92,4.52
2018-08-30,29.54,21.89,72.48,13.5,32.27,8.86,8.45
2018-08-31,31.96,20.04,68.23,14.41,26.41,9.26,12.05
2018-09-01,23.13,12.41,80.17,18.1,24.22,9.94,21.53
2018-09-02,43.52,22.12,81.29,16.79,29.99,11.06,23.48
2018-09-03,51.85,20.22,82.7,19.53,43.82,10.96,15.29
2018-09-04,41.73,26.54,81.69,20.34,48.17,12.47,9.31
2018-09-05,27.78,22.79,76.58,18.38,40.23,14.38,17.37
2018-09-06,31.06,21.82,71.23,18.38,37.41,23.46,15.12
2018-09-07,52.1,27.58,77.84,19.04,31.5,27.4,16.78
2018-09-08,40.31,23.52,75.41,18.17,30.17,23.36,17.36
2018-09-09,34.05,26.68,72.66,25.5,40.37,22.41,18.43
2018-09-10,42.71,27.68,73.76,13.4,35.39,15.7,14.54
2018-09-11,33.73,18.69,70.43,27.04,31.67,12.75,18.77
2018-09-12,29.83,19.12,65.89,35.18,31.6,13.45,24.27
2018-09-13,28.77,18.29,60.35,22.64,39.57,17.43,18.52
2018-09-14,32.76,16.4,59.76,20.06,38.75,19.59,23.0
2018-09-15,33.44,23.36,58.36,22.31,31.02,20.08,26.64
2018-09-16,31.41,30.98,60.94,23.07,28.0,22.76,26.12
2018-09-17,23.88,39.79,61.56,20.815,32.14,16.97,10.18
2018-09-18,18.74,46.8,58.47,18.56,14.77,20.22,17.26
2018-09-19,21.36,51.92,58.87,18.07,14.34,19.11,10.15
2018-09-20,,69.08,58.99,19.46,14.5,21.01,12.01
2018-09-21,,38.06,61.85,19.32,14.85,11.53,8.04
2018-09-22,,25.43,79.36,22.85,14.53,11.53,9.71
2018-09-23,,35.6,76.65,11.35,14.7,19.63,8.72
2018-09-24,13.03,24.93,83.58,33.51,24.6,16.09,12.96
2018-09-25,10.47,23.1,81.79,22.86,17.12,22.18,7.7
2018-09-26,19.77,26.31,71.44,11.32,14.4,31.84,10.63
2018-09-27,21.4,29.82,70.31,14.68,14.85,35.34,11.52
2018-09-28,23.22,28.42,64.94,4.25,13.93,40.71,14.65
2018-09-29,25.91,41.41,61.9,3.51,14.45,41.86,16.2
2018-09-30,22.15,41.68,62.06,6.32,14.42,45.72,18.63
2018-10-01,27.1,47.21,61.5,40.05,16.13,48.28,36.81
2018-10-02,29.96,38.46,60.87,26.84,14.53,49.89,36.63
2018-10-03,32.82,38.32,54.28,20.4,13.34,51.79,31.5
2018-10-04,56.41,57.75,58.8,7.82,13.74,9.89,24.76
2018-10-05,39.3,66.84,61.35,28.61,13.94,6.72,28.97
2018-10-06,24.9,38.96,57.46,21.17,15.0,32.35,30.94
2018-10-07,29.81,50.54,56.54,30.78,14.95,31.82,28.97
2018-10-08,56.68,60.42,59.23,4.8,15.81,35.37,27.8
2018-10-09,62.47,72.95,57.98,10.32,19.62,56.78,27.09
2018-10-10,44.76,62.28,60.81,21.37,21.54,48.61,24.24
2018-10-11,42.17,50.73,57.26,24.13,40.07,49.78,20.93
2018-10-12,27.86,57.45,51.33,20.36,36.32,22.67,17.91
2018-10-13,15.96,53.07,56.94,20.25,35.3,29.98,19.12
2018-10-14,13.95,44.26,52.02,22.4,43.03,44.98,36.32
2018-10-15,17.68,58.89,55.12,9.07,39.04,43.58,36.16
2018-10-16,55.76,61.8,59.61,5.11,22.37,35.9,31.85
2018-10-17,39.58,39.87,55.22,10.42,16.94,44.05,43.88
2018-10-18,69.19,47.82,61.21,9.55,19.58,35.85,32.58
2018-10-19,44.37,65.93,54.72,8.02,16.67,39.28,11.45
2018-10-20,27.25,59.71,51.69,13.82,25.81,36.57,14.96
2018-10-21,25.88,52.34,53.05,16.21,24.42,34.63,13.62
2018-10-22,20.78,37.68,50.23,20.4,23.68,34.9,12.52
2018-10-23,23.33,37.82,47.68,14.5,26.55,24.12,16.02
2018-10-24,74.46,54.23,56.32,12.07,21.03,21.63,24.04
2018-10-25,68.19,66.1,59.84,11.55,26.16,20.54,16.36
2018-10-26,41.54,55.54,62.1,20.68,31.38,22.58,19.12
2018-10-27,25.35,51.04,63.78,37.65,40.86,14.19,20.12
2018-10-28,19.32,48.1,62.0,40.91,63.79,15.06,15.64
2018-10-29,22.68,39.7,62.26,42.78,67.13,15.86,17.51
2018-10-30,22.62,47.02,64.05,31.09,24.5,15.61,30.13
2018-10-31,23.28,47.26,66.17,20.86,17.73,18.17,23.81
2018-11-01,19.09,49.16,66.25,19.94,20.9,22.5,30.96
2018-11-02,25.51,56.09,63.5,9.33,25.76,26.92,31.99
2018-11-03,20.45,52.47,58.67,11.2,26.4,21.04,33.45
2018-11-04,19.73,61.84,52.93,17.43,28.97,26.76,37.79
2018-11-05,9.51,27.85,63.65,15.65,26.84,21.89,35.0
2018-11-06,13.95,38.11,44.73,12.71,22.5,33.48,47.43
2018-11-07,18.68,41.72,43.76,24.77,23.6,26.94,52.85
2018-11-08,13.93,33.11,61.85,13.4,19.57,20.77,23.94
2018-11-09,14.79,33.49,63.98,20.99,25.01,33.61,27.94
2018-11-10,20.9,33.6,69.32,33.19,27.26,27.47,26.73
2018-11-11,18.16,43.68,65.36,36.46,33.53,26.49,18.98
2018-11-12,15.45,38.74,67.32,23.79,38.34,25.51,18.0
2018-11-13,18.91,25.94,69.65,20.85,45.47,22.26,17.57
2018-11-14,26.49,29.1,69.36,19.71,35.48,21.55,15.97
2018-11-15,32.54,30.07,68.69,13.49,22.18,17.3,14.85
2018-11-16,25.35,39.37,57.82,14.62,19.84,33.18,22.89
2018-11-17,22.72,28.29,58.47,21.63,18.32,41.31,26.76
2018-11-18,32.71,40.39,63.07,8.61,16.37,37.31,24.77
2018-11-19,45.49,61.9,56.77,5.71,20.7,30.2,25.79
2018-11-20,31.43,37.32,65.46,8.34,23.17,21.94,22.32
2018-11-21,23.62,30.05,60.65,13.91,16.21,20.69,24.01
2018-11-22,27.59,25.31,52.72,10.12,16.21,19.82,24.97
2018-11-23,24.15,23.72,52.91,8.92,33.13,27.09,39.88
2018-11-24,23.66,31.39,49.13,14.67,36.47,32.77,33.89
2018-11-25,24.25,29.3,53.47,30.31,42.12,25.65,26.47
2018-11-26,24.24,30.13,64.28,41.09,47.25,21.4,19.08
2018-11-27,21.68,22.29,66.26,50.81,43.02,18.95,15.91
2018-11-28,58.32,24.89,69.21,39.18,35.41,13.84,13.87
2018-11-29,24.41,22.63,67.96,21.66,32.61,11.54,15.81
2018-11-30,19.37,22.56,63.08,22.14,27.51,21.28,23.94
2018-12-01,19.12,24.31,60.81,29.27,29.39,15.27,22.0
2018-12-02,40.1,27.33,62.09,32.92,32.38,14.82,17.29
2018-12-03,23.53,19.44,62.52,21.24,25.51,15.88,22.82
2018-12-04,44.32,19.25,65.47,7.39,17.26,12.16,21.24
2018-12-05,20.58,18.12,65.54,5.82,16.36,16.22,25.42
2018-12-06,56.54,27.88,67.73,8.05,20.28,18.7,22.84
2018-12-07,28.65,20.19,67.86,9.5,35.75,16.35,24.52
2018-12-08,30.18,22.25,67.1,20.27,40.3,20.02,29.61
2018-12-09,40.03,25.58,67.4,44.21,45.38,17.21,18.73
2018-12-10,66.54,38.74,72.2,35.27,33.21,21.53,17.13
2018-12-11,57.85,22.36,73.93,37.05,29.55,14.51,15.16
2018-12-12,53.26,49.87,70.6,33.6,24.24,9.02,11.39
2018-12-13,33.71,14.93,67.67,26.46,17.64,9.7,11.48
2018-12-14,26.13,16.56,68.8,29.71,19.55,9.74,13.94
2018-12-15,23.15,16.99,66.4,32.8,25.18,9.19,19.17
2018-12-16,25.37,20.61,62.22,66.36,20.71,10.29,21.78
2018-12-17,25.02,17.67,64.69,34.31,25.02,10.29,25.99
2018-12-18,24.69,16.59,54.9,21.2,19.38,9.28,26.52
2018-12-19,20.22,25.63,60.96,30.3,16.23,15.48,45.94
2018-12-20,20.46,23.75,63.8,40.25,15.56,12.38,43.48
2018-12-21,17.65,22.49,64.81,38.04,13.72,14.62,55.36
2018-12-22,32.19,26.66,66.03,28.39,15.5,14.33,50.78
2018-12-23,68.55,31.91,70.31,32.95,13.45,10.47,47.24
2018-12-24,37.01,23.74,68.72,25.99,18.65,5.8,44.99
2018-12-25,14.1,17.46,69.21,32.86,27.28,9.495,43.82
2018-12-26,14.75,21.4,63.12,29.5,33.38,13.19,48.18
2018-12-27,25.0,16.8,62.65,28.5,33.53,9.13,53.17
2018-12-28,14.8,13.02,64.64,35.05,23.25,17.55,62.01
2018-12-29,13.87,16.16,60.47,41.51,23.15,19.46,62.54
2018-12-30,14.03,19.49,62.79,58.84,29.92,10.47,63.39
2018-12-31,17.94,12.11,62.11,45.38,50.45,12.91,59.05
2019-01-01,23.41,15.52,62.91,42.84,51.86,9.31,59.56
2019-01-02,40.88,24.71,68.81,33.79,38.24,8.48,48.96
2019-01-03,23.93,12.09,68.89,29.35,36.17,12.46,45.15
2019-01-04,20.85,7.57,72.73,23.1,32.95,7.04,52.21
2019-01-05,26.61,24.17,67.74,25.89,38.58,8.12,44.7
2019-01-06,32.07,21.89,72.87,33.91,35.13,9.13,54.61
2019-01-07,20.74,12.21,72.4,31.01,22.74,6.69,42.36
2019-01-08,17.82,14.71,61.19,27.36,27.76,6.01,47.65
2019-01-09,14.26,19.28,55.66,28.49,38.19,9.04,55.1
2019-01-10,13.64,19.39,52.99,28.06,27.92,11.75,68.9
2019-01-11,18.05,16.78,54.54,26.52,44.29,4.81,33.47
2019-01-12,26.01,24.11,71.71,29.23,36.3,5.42,43.17
2019-01-13,26.53,21.2,53.34,24.14,24.08,5.8,42.66
2019-01-14,12.01,24.96,56.38,26.28,45.02,8.14,32.52
2019-01-15,10.49,21.66,57.17,30.34,43.4,8.07,38.65
2019-01-16,12.55,19.95,65.5,28.41,21.78,6.9,45.2
2019-01-17,11.66,23.48,66.67,26.94,41.93,5.33,30.47
2019-01-18,10.22,16.22,67.55,30.26,44.62,6.36,40.6
2019-01-19,13.36,16.5,62.65,25.56,37.93,7.39,44.3
2019-01-20,53.18,28.57,62.78,33.88,41.95,7.6,50.35
2019-01-21,14.32,20.92,69.73,25.71,26.07,10.48,46.7
2019-01-22,18.39,24.24,78.77,24.73,33.41,11.53,61.61
2019-01-23,15.09,8.96,76.49,24.9,35.85,7.41,39.13
2019-01-24,24.27,22.62,72.37,23.54,38.07,5.7,33.36
2019-01-25,12.43,24.71,67.93,21.85,16.12,5.27,17.5
2019-01-26,14.87,29.23,58.51,23.93,17.08,4.92,24.86
2019-01-27,14.46,20.44,61.33,23.33,23.47,5.49,35.22
2019-01-28,14.68,22.98,56.08,26.19,23.95,6.56,42.77
2019-01-29,16.04,22.46,54.91,23.14,22.46,7.87,52.96
2019-01-30,21.51,19.89,56.48,22.75,28.03,6.5,36.4
2019-01-31,32.3,28.01,59.51,26.43,31.41,9.59,17.58
2019-02-01,41.23,14.35,64.01,30.27,40.01,6.65,21.76
2019-02-02,18.58,16.39,77.78,27.66,44.07,5.61,21.89
2019-02-03,19.35,12.9,77.84,29.16,37.99,6.08,19.01
2019-02-04,22.17,13.59,70.72,30.42,43.35,6.24,18.3
2019-02-05,61.71,32.28,67.52,28.57,51.44,5.8,17.63
2019-02-06,25.14,22.83,72.64,26.28,53.03,6.7,7.41
2019-02-07,24.44,27.99,80.06,21.74,37.65,7.88,12.5
2019-02-08,21.9,20.93,64.18,21.74,30.61,10.29,15.31
2019-02-09,25.52,23.9,60.2,20.74,16.26,15.87,21.25
2019-02-10,21.02,17.87,63.38,,16.43,17.66,23.44
2019-02-11,27.2,19.3,64.06,,19.38,19.94,24.47
2019-02-12,32.71,31.46,67.11,,41.86,17.84,20.93
2019-02-13,41.03,31.99,64.11,,58.29,13.59,20.4
2019-02-14,23.15,26.42,72.33,,43.21,20.13,11.0
2019-02-15,34.03,17.64,67.0,,22.97,20.47,16.3
2019-02-16,10.59,18.82,75.09,,19.81,21.49,18.46
2019-02-17,13.99,7.74,68.99,,18.18,25.44,17.84
2019-02-18,22.4,31.45,47.75,,13.58,28.18,23.16
2019-02-19,30.68,24.22,71.19,,11.2,25.46,20.21
2019-02-20,26.79,18.41,73.94,,12.81,19.76,15.86
2019-02-21,23.5,29.39,63.32,,14.94,19.35,14.27
2019-02-22,18.61,21.37,69.31,,29.56,23.13,22.7
2019-02-23,21.66,32.86,47.25,,40.96,34.16,27.84
2019-02-24,15.56,34.78,53.8,,26.09,28.89,28.81
2019-02-25,23.45,39.95,60.14,,19.72,24.66,21.61
2019-02-26,27.82,23.36,61.9,,12.97,29.85,31.02
2019-02-27,13.07,31.98,69.9,,12.52,25.35,27.31
2019-02-28,13.8,30.69,60.7,28.16,13.85,24.53,26.475
2019-03-01,12.41,33.76,55.59,23.42,12.12,25.76,25.64
2019-03-02,11.61,18.1,70.13,20.69,13.61,30.83,20.63
2019-03-03,24.15,32.08,65.14,21.39,16.25,19.02,15.5
2019-03-04,20.61,26.46,60.15,17.7,16.53,17.03,17.1
2019-03-05,11.93,27.31,64.21,35.46,21.59,18.24,21.39
2019-03-06,8.9,32.57,56.94,26.45,19.29,23.1,28.43
2019-03-07,8.95,33.4,55.02,27.98,22.9,21.59,32.13
2019-03-08,10.08,37.32,53.89,15.83,19.21,15.84,38.32
2019-03-09,11.54,29.46,50.37,25.36,29.61,16.95,32.13
2019-03-10,20.91,42.2,64.85,17.65,13.72,16.73,39.62
2019-03-11,31.05,39.4,47.48,19.52,11.89,27.41,28.91
2019-03-12,15.26,33.83,49.45,34.25,24.51,32.29,31.43
2019-03-13,17.6,35.45,52.46,32.02,19.26,31.9,29.03
2019-03-14,10.04,18.7,62.09,40.35,27.38,36.32,24.02
2019-03-15,17.78,26.64,58.33,40.89,28.76,34.21,34.71
2019-03-16,18.63,42.82,50.57,36.2,22.35,34.87,33.82
2019-03-17,16.8,41.42,48.64,32.49,28.63,35.79,37.39
2019-03-18,16.63,41.33,42.04,26.69,21.6,40.105,33.58
2019-03-19,12.05,34.37,48.66,28.17,15.46,44.42,33.86
2019-03-20,23.63,34.91,39.29,20.31,16.9,47.72,28.82
2019-03-21,37.65,49.84,46.35,21.85,21.9,56.99,28.48
2019-03-22,25.88,50.3,38.45,23.79,17.62,54.74,35.06
2019-03-23,31.64,52.54,38.91,24.19,17.66,57.26,43.93
2019-03-24,21.2,45.73,42.32,23.62,15.92,27.48,29.34
2019-03-25,12.03,36.48,50.05,9.39,12.18,7.3,36.39
2019-03-26,15.95,43.02,50.24,18.58,13.58,9.33,27.05
2019-03-27,18.08,44.9,42.26,19.88,17.08,13.09,35.78
2019-03-28,20.5,48.18,44.14,26.03,22.52,9.98,33.57
2019-03-29,19.81,44.56,48.56,22.85,23.63,21.32,31.39
2019-03-30,37.15,42.3,44.33,22.91,30.07,34.13,36.94
2019-03-31,24.28,49.54,35.7,14.62,30.55,16.14,31.52
2019-04-01,26.38,55.2,32.52,13.87,21.75,44.74,39.67
2019-04-02,27.93,57.47,34.95,14.24,26.36,36.78,33.91
2019-04-03,20.11,54.89,35.7,19.62,13.36,38.29,43.08
2019-04-04,42.2,62.61,40.37,18.73,10.3,40.65,35.33
2019-04-05,55.94,52.99,40.12,28.51,8.79,46.37,32.51
2019-04-06,29.61,41.31,32.5,35.35,10.76,34.52,22.95
2019-04-07,102.68,40.1,50.3,28.03,12.15,33.94,24.92
2019-04-08,36.84,45.42,46.64,24.41,10.32,36.31,29.0
2019-04-09,42.3,65.82,42.59,20.79,11.18,33.09,32.83
2019-04-10,30.74,42.8,40.85,9.21,10.44,36.03,33.92
2019-04-11,36.8,41.06,32.52,7.51,11.54,44.77,36.61
2019-04-12,23.05,49.6,34.65,11.45,11.72,37.99,24.29
2019-04-13,26.02,41.46,32.22,9.5,25.67,31.64,38.06
2019-04-14,24.53,36.69,30.48,15.74,11.48,35.24,44.98
2019-04-15,22.94,34.0,28.44,29.04,16.66,32.36,39.17
2019-04-16,30.48,42.88,50.48,45.79,13.64,26.86,24.16
2019-04-17,27.22,45.1,56.29,28.27,16.71,30.7,20.09
2019-04-18,42.72,44.79,49.11,33.79,16.08,34.4,38.37
2019-04-19,34.16,34.08,42.13,6.29,13.64,38.58,37.56
2019-04-20,44.58,43.1,37.89,12.546666666666669,16.79,39.75,42.26
2019-04-21,33.09,43.44,33.58,18.80333333333333,29.07,40.37,39.63
2019-04-22,59.05,40.1,37.72,25.06,19.12,43.69,43.9
2019-04-23,41.77,34.31,39.04,41.53,13.12,55.59,33.23
2019-04-24,33.19,51.07,33.83,25.4,14.17,48.96,39.31
2019-04-25,50.07,56.8,35.84,32.64,18.05,46.33,41.76
2019-04-26,44.17,30.62,29.13,27.5,15.85,32.89,27.01
2019-04-27,42.05,33.94,21.78,60.57,11.01,36.14,28.99
2019-04-28,43.02,34.38,17.97,42.49,14.17,37.38,29.9
2019-04-29,40.62,35.61,21.56,44.46,14.73,31.95,30.37
2019-04-30,62.88,33.58,15.14,70.57,20.81,43.38,43.72
2019-05-01,78.34,40.36,27.25,64.03,24.07,37.99,17.03
2019-05-02,54.7,40.56,29.64,60.4,21.87,42.95,14.01
2019-05-03,70.51,41.25,35.55,37.45,19.51,32.92,14.36
2019-05-04,36.29,27.78,36.82,58.17,25.17,33.22,18.67
2019-05-05,66.81,29.01,17.21,59.03,22.95,42.16,59.92
2019-05-06,49.7,24.74,21.39,53.34,17.7,44.42,80.27
2019-05-07,39.2,19.6,26.85,53.44,12.7,36.58,66.42
2019-05-08,37.52,14.459999999999996,23.47,44.14,30.07,32.31,60.57
2019-05-09,20.73,9.32,21.12,49.49,,33.99,60.56
2019-05-10,31.41,16.77,19.18,62.68,,29.51,49.26
2019-05-11,47.89,37.78,31.14,39.5,,4.91,51.1
2019-05-12,43.27,37.49,30.57,30.97,,2.77,83.54
2019-05-13,44.27,32.64,31.95,54.93,,2.68,59.61
2019-05-14,31.53,18.93,38.78,63.47,67.2,2.09,67.2
2019-05-15,37.67,15.43,47.41,44.05,46.06,2.26,71.45
2019-05-16,30.74,12.24,41.46,27.16,47.0,3.85,68.94
2019-05-17,32.35,25.92,48.17,28.61,51.93,2.75,66.76
2019-05-18,19.95,36.38,58.08,13.2,47.05,2.74,42.69
2019-05-19,31.74,49.07,39.57,35.05,42.7,3.17,62.54
2019-05-20,31.08,43.7,34.41,28.99,39.25,3.29,68.75
2019-05-21,34.49,45.21,28.91,31.42,42.18,3.62,73.13
2019-05-22,24.51,31.12,37.07,62.2,38.76,2.52,60.83
2019-05-23,28.4,47.11,42.73,24.88,47.79,3.44,54.1
2019-05-24,12.81,23.99,54.32,44.04,44.97,3.04,38.88
2019-05-25,19.14,50.64,39.2,36.82,61.7,3.02,50.62
2019-05-26,31.99,63.72,31.11,24.58,73.42,2.59,65.02
2019-05-27,28.25,60.19,26.42,66.0,53.98,4.02,57.77
2019-05-28,31.77,57.58,21.4,50.91,53.66,3.25,67.01
2019-05-29,33.19,56.83,23.03,58.82,48.6,3.27,77.24
2019-05-30,29.64,43.95,25.44,40.68,74.12,18.5,54.73
2019-05-31,45.0,43.15,20.48,24.66,73.17,42.21,48.96
2019-06-01,32.8,61.72,31.21,33.24,68.05,42.49,62.59
2019-06-02,20.79,61.89,39.64,20.18,72.38,43.01,62.1
2019-06-03,19.72,49.97,41.51,16.06,51.03,42.21,60.37
2019-06-04,34.03,62.91,39.57,24.17,70.31,41.98,58.16
2019-06-05,31.02,55.68,36.11,29.94,71.36,42.18,64.74
2019-06-06,37.87,46.86,31.58,18.61,29.76,42.56,64.32
2019-06-07,41.46,79.29,39.89,7.4,50.92,42.65,52.88
2019-06-08,31.06,46.81,36.74,7.845000000000001,68.91,42.36,61.5
2019-06-09,55.41,70.58,31.04,8.290000000000001,61.13,42.14,67.99
2019-06-10,36.1,57.63,27.08,8.735000000000001,41.77,42.46,56.58
2019-06-11,24.7,33.82,22.18,9.18,49.5,39.28,62.98
2019-06-12,29.24,57.62,34.77,10.97,47.35,31.95,52.4
2019-06-13,36.91,52.19,36.21,9.65,40.33,32.17,50.17
2019-06-14,37.63,57.19,26.27,11.88,41.48,32.27,23.6
2019-06-15,38.85,48.88,23.1,7.29,44.95,41.88,58.14
2019-06-16,28.86,34.59,45.8,15.4,55.24,21.47,44.99
2019-06-17,23.39,29.43,44.81,19.82,29.44,21.95,35.35
2019-06-18,29.95,39.75,57.06,20.91,58.96,46.41,42.96
2019-06-19,49.59,54.23,49.13,14.7,49.24,63.71,29.56
2019-06-20,38.73,70.39,45.6,14.55,30.55,49.7,47.1
2019-06-21,24.58,63.59,43.72,17.09,25.56,61.73,38.16
2019-06-22,44.14,78.49,36.1,14.49,36.48,33.76,36.33
2019-06-23,25.77,64.17,56.5,9.11,44.13,28.38,36.87
2019-06-24,12.08,35.98,55.09,8.78,38.27,32.23,35.44
2019-06-25,32.99,55.88,52.4,6.56,51.63,36.55,41.99
2019-06-26,30.63,34.65,41.75,6.29,27.59,32.28,38.55
2019-06-27,19.39,35.45,41.49,6.57,11.63,55.18,37.1
2019-06-28,14.56,28.6,37.06,5.89,10.18,61.54,60.67
2019-06-29,13.16,29.75,30.68,9.37,20.65,8.94,51.0
2019-06-30,24.2,27.58,33.5,12.01,21.21,23.25,54.04
2019-07-01,26.75,45.39,34.89,7.78,51.53,19.0,64.05
2019-07-02,26.07,65.37,40.73,5.39,49.92,6.81,44.91
2019-07-03,7.0,38.55,51.17,6.58,36.403333333333336,9.0,34.09
2019-07-04,14.52,20.3,57.67,8.56,22.88666666666667,11.65,31.28
2019-07-05,5.86,14.49,71.94,5.88,9.37,14.15,41.09
2019-07-06,5.46,15.48,62.56,5.85,14.93,11.0,25.21
2019-07-07,10.47,11.94,62.46,,23.21,6.84,26.64
2019-07-08,7.69,14.52,59.24,,23.85,12.16,25.71
2019-07-09,11.12,11.29,62.66,,23.41,7.16,19.65
2019-07-10,13.32,12.73,55.75,,17.61,9.53,21.85
2019-07-11,12.64,13.68,46.51,,19.92,14.14,26.06
2019-07-12,17.09,10.59,48.5,,16.66,13.83,23.75
2019-07-13,27.31,14.55,43.98,,17.9,10.61,19.51
2019-07-14,25.92,13.91,47.31,,20.63,11.67,24.8
2019-07-15,26.52,14.04,66.9,,25.97,12.9,26.42
2019-07-16,59.18,21.25,69.75,,23.94,19.99,27.75
2019-07-17,33.38,19.12,74.63,,16.08,19.67,29.22
2019-07-18,8.54,30.3,75.97,,29.49,28.07,28.15
2019-07-19,15.54,46.82,63.87,,19.36,26.09,20.45
2019-07-20,31.4,17.72,68.6,,27.45,39.93,32.11
2019-07-21,24.84,27.6,71.06,,19.09,46.04,10.35
2019-07-22,16.82,36.55,69.98,,8.32,53.06,19.6
2019-07-23,34.98,56.85,63.61,,18.18,41.05,23.25
2019-07-24,23.58,27.24,65.24,,26.21,44.15,23.15
2019-07-25,24.07,18.24,76.77,,22.27,48.87,17.84
2019-07-26,41.72,12.7,68.33,,19.57,48.35,30.21
2019-07-27,32.21,16.5,80.25,,24.36,40.73,20.83
2019-07-28,30.11,15.42,72.46,,47.51,12.54,22.86
2019-07-29,25.68,15.34,64.75,,26.74,13.28,18.42
2019-07-30,27.47,14.37,65.67,,24.45,18.9,14.79
2019-07-31,19.06,20.54,64.13,,30.0,18.94,19.54
2019-08-01,18.47,23.92,61.16,,31.29,19.2,25.12
2019-08-02,24.9,14.17,69.47,,10.72,18.31,34.27
2019-08-03,37.63,13.51,72.97,,10.52,12.37,31.95
2019-08-04,32.18,23.5,75.0,,13.65,13.98,29.96
2019-08-05,22.85,21.59,71.56,,16.78,9.19,32.04
2019-08-06,35.66,13.6,81.56,,10.48,17.28,25.03
2019-08-07,48.67,24.17,71.23,,15.33,18.46,25.45
2019-08-08,29.22,30.33,61.27,,17.52,17.55,29.45
2019-08-09,16.78,17.89,60.99,,18.85,22.94,25.99
2019-08-10,18.32333333333333,19.48,68.12,,25.67,17.52,26.94
2019-08-11,19.866666666666667,19.49,63.36,,26.45,11.42,28.18
2019-08-12,21.41,16.29,71.36,,23.52,16.17,28.5
2019-08-13,23.12,16.01,73.84,,20.48,14.85,26.85
2019-08-14,24.5,25.58,76.62,,23.11,19.26,24.29
2019-08-15,29.36,19.96,71.37,,21.42,21.9,42.44
2019-08-16,18.63,16.32,72.31,,24.54,18.12,16.12
2019-08-17,18.83,12.44,82.92,,8.14,15.63,23.31
2019-08-18,21.4,15.95,87.36,,12.19,20.84,19.47
2019-08-19,22.65,19.06,61.1,,17.69,21.47,21.91
2019-08-20,28.21,23.08,68.98,,16.0,14.91,22.51
2019-08-21,16.29,24.16,64.96,,10.59,13.18,22.92
2019-08-22,13.24,17.87,68.04,,9.85,17.5,21.13
2019-08-23,14.1,21.95,70.11,,11.0,29.74,29.32
2019-08-24,14.63,23.95,72.05,,14.54,55.4,24.37
2019-08-25,12.96,22.5,75.61,,13.2,75.68,23.35
2019-08-26,14.27,20.31,66.34,,18.62,36.41,26.93
2019-08-27,21.75,37.05,62.43,,21.18,23.44,27.06
2019-08-28,18.46,28.99,60.26,,21.25,25.36,29.0
2019-08-29,15.46,28.91,62.12,,15.51,21.22,31.37
2019-08-30,30.16,42.05,62.98,,13.88,15.83,29.36
2019-08-31,19.3,24.89,64.37,,12.45,20.79,28.4
2019-09-01,24.03,16.56,70.15,,9.2,21.32,33.3
2019-09-02,19.51,52.48,65.33,,14.26,14.29,34.69
2019-09-03,17.7,32.59,66.39,,8.07,15.2,28.91
2019-09-04,16.91,38.7,69.51,,9.71,18.02,26.37
2019-09-05,11.54,25.77,68.26,,10.24,19.88,37.28
2019-09-06,13.4,17.59,66.93,,13.51,18.63,35.19
2019-09-07,15.18,21.06,72.23,,12.49,22.24,23.08
2019-09-08,38.84,35.05,69.41,,11.74,15.95,25.43
2019-09-09,24.44,40.18,64.07,,10.91,18.82,20.71
2019-09-10,28.09,38.36,62.09,,20.67,23.91,39.17
2019-09-11,59.88,51.53,63.79,,16.52,23.23,36.85
2019-09-12,20.72,42.16,65.8,,15.81,30.05,23.22
2019-09-13,17.03,33.7,64.44,,19.52,23.87,15.87
2019-09-14,22.76,37.31,64.58,,19.54,31.09,23.82
2019-09-15,25.24,39.21,73.49,,17.55,27.15,17.19
2019-09-16,23.35,34.13,65.36,,14.3,22.7,19.87
2019-09-17,37.94,37.78,64.53,,17.04,22.37,25.14
2019-09-18,25.05,32.53,59.23,,18.9,29.66,32.41
2019-09-19,20.67,25.28,68.01,,18.69,23.92,24.89
2019-09-20,28.76,18.67,65.3,,13.03,19.17,18.11
2019-09-21,26.91,27.02,70.05,,16.14,19.66,18.08
2019-09-22,24.97,20.17,77.4,,14.63,18.09,27.67
2019-09-23,26.52,30.45,69.32,,26.38,25.41,24.03
2019-09-24,38.72,34.95,69.71,,25.46,23.64,15.35
2019-09-25,39.9,38.49,66.44,,11.69,27.24,17.56
2019-09-26,19.97,19.55,66.2,,13.61,36.13,16.67
2019-09-27,23.57,28.34,68.55,,10.75,27.0,19.86
2019-09-28,29.18,29.48,68.54,,10.57,25.93,17.75
2019-09-29,20.66,32.46,71.15,,11.93,23.92,18.87
2019-09-30,20.86,38.38,70.59,,18.32,22.54,18.54
2019-10-01,18.98,25.21,70.21,6.12,21.38,21.51,18.58
2019-10-02,34.3,42.64,66.79,0.71,21.91,21.46,23.11
2019-10-03,69.35,42.46,65.81,1.13,12.56,21.74,17.89
2019-10-04,31.52,34.4,71.29,0.47,13.02,22.64,16.1
2019-10-05,27.68,38.32,60.88,1.3,17.7,27.43,19.16
2019-10-06,30.91,45.69,62.97,0.62,11.4,28.33,21.61
2019-10-07,32.94,44.01,61.76,1.02,19.01,28.72,18.61
2019-10-08,35.72,47.7,58.81,0.87,23.73,30.96,19.4
2019-10-09,59.53,53.96,61.0,3.67,16.91,24.56,18.01
2019-10-10,37.13,60.6,58.51,0.6,11.13,24.2,21.53
2019-10-11,29.79,50.43,59.33,0.84,9.6,26.97,17.13
2019-10-12,22.46,51.47,61.75,1.1,8.07,29.17,17.12
2019-10-13,25.58,47.64,61.58,0.09,11.78,52.4,22.26
2019-10-14,22.16,43.92,64.05,1.56,10.67,24.85,20.0
2019-10-15,49.41,52.09,63.98,0.38,15.82,20.0,17.04
2019-10-16,35.65,63.07,65.0,1.23,10.34,22.07,26.8
2019-10-17,24.54,45.54,61.41,0.72,10.55,21.27,48.57
2019-10-18,21.62,49.46,54.66,0.39,18.04,17.92,21.01
2019-10-19,32.1,58.91,54.94,0.44,10.58,14.49,17.18
2019-10-20,13.65,38.28,56.17,0.53,12.97,15.82,24.67
2019-10-21,17.76,41.78,54.42,0.53,8.48,20.4,34.58
2019-10-22,19.47,31.03,54.07,0.49,10.42,27.06,20.1
2019-10-23,32.05,31.64,53.88,2.336666666666667,21.09,24.68,21.74
2019-10-24,15.36,53.5,62.34,4.183333333333334,17.15,20.47,23.24
2019-10-25,24.39,58.29,61.23,6.03,13.41,25.63,34.87
2019-10-26,14.39,50.2,65.23,5.71,9.03,25.01,25.13
2019-10-27,11.14,34.83,59.19,7.84,10.29,29.36,18.78
2019-10-28,8.43,35.56,59.99,16.43,10.31,24.18,18.17
2019-10-29,9.46,18.11,68.3,5.27,17.17,24.46,16.18
2019-10-30,7.33,22.88,63.52,5.53,9.79,24.53,17.66
2019-10-31,12.97,20.4,66.28,12.93,9.31,24.79,20.3
2019-11-01,24.42,46.39,63.83,21.33,12.05,23.15,18.28
2019-11-02,13.74,13.72,64.43,17.2,15.86,19.57,27.71
2019-11-03,11.95,10.74,69.82,19.38,11.54,22.67,25.93
2019-11-04,13.99,22.59,62.36,28.16,23.24,21.56,27.1
2019-11-05,16.07,27.14,56.77,31.24,33.66,24.17,40.6
2019-11-06,18.49,28.36,55.98,43.74,32.17,24.67,35.63
2019-11-07,15.23,10.31,67.01,55.24,32.02,23.67,38.34
2019-11-08,18.92,26.04,63.77,46.31,38.92,25.92,36.19
2019-11-09,14.28,23.65,57.83,21.72,36.15,23.51,35.62
2019-11-10,17.9,32.14,49.8,28.92,26.39,27.55,26.03
2019-11-11,14.84,32.65,54.84,45.53,30.35,42.89,35.81
2019-11-12,11.96,33.4,60.24,43.59,15.43,53.53,48.94
2019-11-13,11.34,31.91,63.96,49.75,15.87,48.25,38.47
2019-11-14,17.22,33.09,70.62,30.1,13.51,79.96,40.54
2019-11-15,11.48,31.21,64.56,9.65,5.71,80.03,29.84
2019-11-16,9.65,29.41,57.41,13.11,13.0,80.04,31.36
2019-11-17,9.82,26.81,55.65,33.79,21.22,80.02,29.7
2019-11-18,23.53,30.95,61.62,42.99,7.95,80.01,31.33
2019-11-19,33.69,27.07,62.32,23.53,13.82,79.98,24.39
2019-11-20,51.13,31.64,62.58,18.28,15.43,79.99,44.32
2019-11-21,61.07,38.29,64.37,,19.46,79.99,36.44
2019-11-22,37.85,39.78,63.31,,17.28,80.02,26.03
2019-11-23,26.2,21.32,58.82,,12.8,79.96,20.12
2019-11-24,29.68,31.06,58.21,,27.86,80.03,31.54
2019-11-25,32.94,34.11,62.38,,18.0,80.03,17.44
2019-11-26,47.21,44.58,59.77,,22.87,80.0,24.92
2019-11-27,44.18,32.55,60.87,,25.75,80.04,35.04
2019-11-28,48.43,33.0,63.79,,14.96,69.22,47.56
2019-11-29,36.16,21.99,68.55,21.49,12.32,55.31,36.49
2019-11-30,31.16,17.98,74.84,18.43,16.91,45.49,33.48
2019-12-01,30.48,27.83,66.61,17.47,6.51,64.68,43.9
2019-12-02,36.68,25.29,61.87,18.2,7.51,70.47,57.68
2019-12-03,41.04,23.0,50.79,18.58,12.8,78.49,56.7
2019-12-04,42.73,26.91,56.97,18.17,30.94,49.57,53.92
2019-12-05,57.97,39.72,66.56,17.76,40.71,53.89,52.0
2019-12-06,37.93,17.48,69.68,28.21,41.55,29.22,38.9
2019-12-07,51.73,26.14,71.11,20.37,16.76,34.77,28.82
2019-12-08,44.65,19.74,69.77,15.68,21.53,20.11,31.64
2019-12-09,42.16,25.64,60.35,14.6,20.86,10.22,38.74
2019-12-10,44.54,27.78,66.85,28.55,15.19,11.55,14.08
2019-12-11,82.95,29.04,68.59,18.99,14.42,17.59,22.57
2019-12-12,62.84,43.64,68.73,25.68,20.08,4.62,22.76
2019-12-13,63.22,34.05,81.0,29.4,12.59,21.67,18.05
2019-12-14,64.925,17.57,75.04,31.71,9.48,10.48,17.65
2019-12-15,66.63,19.75,76.6,34.08,17.57,7.61,13.76
2019-12-16,64.73,15.23,80.3,32.28,15.73,6.43,16.78
2019-12-17,60.7,17.32,75.2,24.03,24.59,8.08,17.04
2019-12-18,57.64,25.15,72.98,28.81,19.41,10.27,15.62
2019-12-19,54.08,16.72,81.32,20.58,27.85,7.74,12.76
2019-12-20,56.17,7.41,79.54,17.93,33.1,9.46,14.37
2019-12-21,64.59,7.67,78.48,29.05,28.02,7.36,16.29
2019-12-22,65.42,10.39,80.25,37.64,35.15,4.54,14.85
2019-12-23,66.08,13.51,75.73,34.3,23.89,9.79,12.75
2019-12-24,65.18,23.96,75.25,24.84,21.46,10.17,11.87
2019-12-25,67.91,7.71,78.07,24.42,28.07,9.92,11.29
2019-12-26,68.65,7.99,73.96,33.02,18.45,18.81,18.88
2019-12-27,67.46,13.02,71.62,25.56,18.19,45.88,44.16
2019-12-28,65.9,5.99,78.11,23.84,24.63,26.63,39.11
2019-12-29,65.5,15.65,73.07,24.34,26.34,36.51,40.46
2019-12-30,67.99,1.73,84.83,25.92,31.91,34.21,41.32
2019-12-31,64.32,12.48,70.68,29.1,44.58,24.76,40.37
2020-01-01,60.13,21.38,71.3,18.845,19.86,23.4,39.07
2020-01-02,64.91,14.7,70.28,8.59,13.44,14.08,39.0
2020-01-03,66.34,13.12,69.91,14.44,24.04,5.79,37.96
2020-01-04,63.12,13.63,68.52,16.28,30.76,7.95,40.88
2020-01-05,63.1,20.76,63.79,16.04,39.4,1.94,45.87
2020-01-06,66.24,9.34,64.69,8.66,21.84,1.76,41.29
2020-01-07,65.79,17.35,70.57,7.69,20.89,1.22,34.66
2020-01-08,62.49,4.88,84.52,20.06,20.91,19.91,33.29
2020-01-09,64.04,11.96,74.2,18.11,19.77,34.4,38.49
2020-01-10,64.58,14.6,72.01,11.53,21.59,34.67,40.85
2020-01-11,63.87,19.78,62.39,16.24,22.98,37.64,40.62
2020-01-12,64.23,13.7,65.47,17.97,25.15,34.92,40.45
2020-01-13,59.61,16.82,70.81,13.69,29.08,28.31,36.98
2020-01-14,61.33,11.0,75.1,16.52,29.67,49.17,36.75
2020-01-15,60.2,15.01,71.26,14.51,28.9,13.47,33.84
2020-01-16,62.59,7.9,77.19,9.15,28.21,41.12,35.92
2020-01-17,64.92,9.68,79.75,9.76,17.42,38.18,36.43
2020-01-18,37.81,5.43,77.24,5.75,25.59,19.04,34.71
2020-01-19,12.14,7.64,74.92,8.31,16.86,27.01,4.98
2020-01-20,12.08,12.66,78.71,9.26,17.81,26.41,20.75
2020-01-21,11.95,15.62,74.5,7.75,26.28,27.47,38.81
2020-01-22,11.94,12.78,78.58,7.52,30.22,15.33,40.79
2020-01-23,12.28,9.09,56.04,8.45,26.59,24.18,45.0
2020-01-24,13.72,9.7,52.95,8.29,29.39,10.48,48.29
2020-01-25,12.85,22.43,59.22,8.8,27.99,4.76,45.02
2020-01-26,18.18,24.32,64.68,9.13,30.6,4.4,39.4
2020-01-27,19.56,12.57,65.82,9.77,26.76,6.53,38.28
2020-01-28,21.34,25.23,71.12,10.87,30.7,8.27,50.15
2020-01-29,19.08,22.67,67.67,12.74,14.87,6.84,60.01
2020-01-30,22.32,16.53,67.85,14.49,19.61,5.14,52.47
2020-01-31,21.62,18.35,66.5,14.35,45.47,4.39,48.3
2020-02-01,20.43,28.05,65.09,13.77,34.71,4.45,37.7
2020-02-02,23.39,20.87,67.69,12.49,22.51,4.65,38.97
2020-02-03,23.66,23.06,60.82,8.62,17.71,4.2,37.16
2020-02-04,50.38,29.24,63.64,8.0,30.7,4.57,35.21
2020-02-05,27.86,23.63,62.18,10.13,41.55,2.72,38.75
2020-02-06,26.96,28.17,62.52,13.76,46.43,3.1,38.5
2020-02-07,51.11,25.97,63.17,12.28,25.33,5.28,39.12
2020-02-08,29.18,28.9,62.61,11.7,29.03,2.61,43.4
2020-02-09,27.14,28.36,61.39,9.05,30.62,3.62,38.77
2020-02-10,26.67,28.67,64.46,7.04,26.76,5.16,38.93
2020-02-11,27.19,29.85,61.82,6.57,15.755,2.58,38.84
2020-02-12,25.86,31.11,60.69,7.67,4.75,2.9,47.99
2020-02-13,29.25,30.39,52.77,11.79,12.33,4.49,42.42
2020-02-14,37.62,34.48,48.43,17.27,34.44,3.82,39.92
2020-02-15,41.18,35.75,43.92,17.31,27.91,2.96,37.08
2020-02-16,29.74,33.57,51.3,18.42,29.41,3.15,31.83
2020-02-17,25.93,22.38,52.87,17.14,17.18,2.88,36.29
2020-02-18,28.84,28.38,46.14,14.61,17.08,26.21,43.41
2020-02-19,35.31,39.02,54.5,13.16,27.5,31.09,40.2
2020-02-20,15.04,67.46,49.63,8.24,32.2,49.11,44.19
2020-02-21,14.94,43.18,69.79,13.24,15.15,53.22,45.21
2020-02-22,15.81,28.06,67.09,14.47,18.04,34.06,34.61
2020-02-23,13.48,30.46,64.46,23.72,28.99,5.14,37.42
2020-02-24,13.51,26.33,59.98,12.26,23.28,3.71,34.69
2020-02-25,13.61,19.62,59.0,16.59,29.5,4.39,40.4
2020-02-26,13.96,22.7,64.86,10.36,30.69,2.91,36.17
2020-02-27,14.54,35.24,66.52,19.92,18.02,2.42,37.3
2020-02-28,18.12,52.93,63.06,22.73,25.74,19.15,37.63
2020-02-29,35.42,46.32,66.61,27.79,26.06,26.14,42.71
2020-03-01,42.99,43.87,64.36,15.2,52.29,27.47,38.55
2020-03-02,35.77,30.46,67.09,13.855,13.77,22.01,38.65
2020-03-03,21.77,26.37,59.58,12.51,38.1,26.16,38.76
2020-03-04,49.57,41.62,59.93,49.52,24.21,34.17,40.64
2020-03-05,31.65,43.46,63.72,29.67,14.14,27.27,40.03
2020-03-06,29.3,35.22,75.6,19.65,16.64,28.46,40.11
2020-03-07,23.33,37.23,74.96,23.07,35.72,30.31,35.47
2020-03-08,19.76,29.34,63.23,22.82,14.17,25.08,47.38
2020-03-09,22.46,26.8,58.08,23.19,17.93,30.14,29.23
2020-03-10,16.22,58.76,57.18,31.17,36.17,26.23,8.84
2020-03-11,37.16,43.24,60.86,29.71,18.21,25.25,10.95
2020-03-12,25.97,32.03,56.96,24.42,16.23,27.4,30.0
2020-03-13,26.29,32.45,48.99,20.08,18.96,29.88,28.88
2020-03-14,33.45,36.59,72.6,21.63,21.28,21.75,25.97
2020-03-15,33.38,48.88,63.56,30.61,24.2,28.0,31.16
2020-03-16,28.67,36.02,61.26,21.09,11.56,28.31,18.88
2020-03-17,23.33,34.21,58.86,18.76,18.98,33.93,14.14
2020-03-18,23.66,32.65,56.6,21.81,24.05,39.42,11.08
2020-03-19,17.17,39.73,60.01,31.38,15.32,33.45,27.78
2020-03-20,46.72,59.2,57.92,41.21,12.48,27.3,46.6
2020-03-21,27.13,42.62,53.7,40.13,30.8,26.39,42.67
2020-03-22,71.18,57.9,53.23,36.75,22.42,29.61,42.32
2020-03-23,53.8,55.88,51.37,33.07,19.24,32.78,41.64
2020-03-24,51.32,43.33,58.82,23.87,8.58,29.66,39.64
2020-03-25,46.73,31.7,57.51,32.27,11.52,24.88,37.98
2020-03-26,37.51,29.05,57.05,23.79,10.91,23.1,39.57
2020-03-27,35.86,28.38,65.75,28.42,12.18,13.11,31.1
2020-03-28,35.63,24.72,59.86,27.98,11.74,20.77,36.12
2020-03-29,53.49,35.63,51.61,25.65,15.88,25.42,39.36
2020-03-30,66.47,45.99,49.07,28.91,13.2,35.18,37.79
2020-03-31,72.11,50.21,45.65,34.47,13.33,19.3,41.1
2020-04-01,56.14,41.32,47.15,34.75,13.42,6.97,39.16
2020-04-02,66.23,49.96,45.43,37.85,13.85,7.1,40.41
2020-04-03,80.6,60.86,37.96,43.78,12.92,9.73,41.31
2020-04-04,82.07,60.24,43.33,43.2,11.17,10.4,40.42
2020-04-05,76.33,61.44,45.46,40.05,13.27,10.51,36.74
2020-04-06,58.66,55.11,40.08,46.07,11.58,12.28,37.16
2020-04-07,57.94,56.8,40.56,41.09,13.25,7.86,36.69
2020-04-08,63.7,63.39,34.28,48.92,12.19,6.29,35.38
2020-04-09,,67.31,37.01,50.44,11.85,7.27,49.01
2020-04-10,,56.38,46.17,44.86,12.94,12.1,51.22
2020-04-11,,64.02,51.78,40.87,13.81,8.46,44.26
2020-04-12,,64.78,60.01,36.71,12.67,6.28,32.54
2020-04-13,,51.17,43.53,33.28,16.02,7.94,11.07
2020-04-14,,53.89,6.83,30.68,16.34,8.09,20.19
2020-04-15,,49.17,67.36,34.31,16.1,10.34,11.8
2020-04-16,,47.5,60.84,37.62,19.76,8.14,12.13
2020-04-17,,71.47,63.33,26.99,13.85,5.56,6.5
2020-04-18,,73.16,60.8,24.1,12.82,7.69,8.8
2020-04-19,42.24,58.85,39.63,18.46,12.07,7.53,9.86
2020-04-20,65.27,40.73,50.57,18.18,13.96,7.25,11.26
2020-04-21,49.45,66.01,73.45,14.04,15.66,9.17,12.4
2020-04-22,77.56,66.22,48.02,18.25,13.42,8.65,14.95
2020-04-23,78.36,58.65,43.78,19.74,13.44,10.19,15.5
2020-04-24,79.72,57.98,47.8,10.67,14.03,14.0,14.93
2020-04-25,95.95,76.34,63.74,11.09,14.89,12.08,16.81
2020-04-26,86.1,59.65,72.52,15.77,15.55,11.38,17.97
2020-04-27,78.04,64.89,81.82,14.12,12.45,9.35,16.55
2020-04-28,70.25,71.02,77.32,13.39,14.46,8.75,20.23
2020-04-29,106.77,73.63,94.93,12.9,18.88,12.05,15.22
2020-04-30,72.25,64.89,,15.91,21.49,11.69,27.53
2020-05-01,,40.11,,19.43,21.63,16.98,26.68
2020-05-02,,98.24,,18.43,22.22,13.7,29.09
2020-05-03,,65.84,,15.65,19.9,15.93,25.28
2020-05-04,,69.32,,20.07,17.28,8.8,15.26
2020-05-05,,99.58,,22.67,19.38,18.37,13.12
2020-05-06,,77.29,66.09,20.56,28.79,30.0,17.01
2020-05-07,,101.21,91.75,14.41,28.33,32.88,31.53
2020-05-08,,101.07,81.23,13.29,29.25,33.41,34.6
2020-05-09,,108.97,78.13,11.97,15.96,37.84,35.04
2020-05-10,,83.12,57.7,12.58,16.17,35.79,30.36
2020-05-11,,84.86,62.28,13.18,19.05,30.36,30.54
2020-05-12,,93.03,59.7,11.08,19.18,28.72,31.52
2020-05-13,,78.27,60.65,9.1,19.02,24.88,27.3
2020-05-14,,67.85,49.88,12.73,23.68,28.92,6.32
2020-05-15,71.69,69.18,57.97,7.96,20.29,27.47,8.08
2020-05-16,95.85,80.24,67.33,10.96,24.42,34.05,9.16
2020-05-17,106.51,68.29,56.98,12.91,19.95,33.19,11.85
2020-05-18,90.26,63.69,57.24,16.3,17.86,33.57,11.05
2020-05-19,93.74,67.76,56.02,14.45,24.04,34.42,14.34
2020-05-20,111.07,68.73,56.48,13.11,23.55,39.99,10.09
2020-05-21,136.83,57.08,56.42,14.37,45.81,52.95,12.82
2020-05-22,31.23,63.79,48.09,16.72,32.75,66.63,8.89
2020-05-23,91.39,51.3,35.1,22.5,16.3,63.89,7.78
2020-05-24,108.81,60.42,41.8,12.05,18.91,55.42,5.38
2020-05-25,118.23,58.75,48.53,16.27,18.83,56.91,4.55
2020-05-26,81.47,37.21,36.42,18.86,10.67,60.89,16.1
2020-05-27,141.11,77.1,55.29,13.05,15.67,61.27,13.92
2020-05-28,123.58,59.48,45.39,14.63,14.9,64.55,8.38
2020-05-29,98.1,49.29,24.56,18.29,26.23,62.67,7.7
2020-05-30,95.58,63.25,22.44,12.2,39.72,50.43,8.58
2020-05-31,81.21,57.35,20.49,9.51,32.03,52.8,4.64
2020-06-01,112.18,67.15,37.54,6.25,6.87,65.66,6.2
2020-06-02,107.8,64.07,25.28,6.68,20.82,62.23,16.03
2020-06-03,115.68,73.37,37.25,10.23,32.68,60.08,10.9
2020-06-04,79.34,49.31,21.38,9.89,68.71,57.0,15.11
2020-06-05,95.29,49.57,24.25,10.37,34.75,51.38,14.13
2020-06-06,90.37,62.01,25.52,11.3,3.81,46.8,5.59
2020-06-07,100.3,45.41,22.89,8.17,13.58,55.01,5.98
2020-06-08,117.67,53.31,27.95,10.09,17.46,55.41,7.52
2020-06-09,106.99,55.12,27.24,9.99,38.95,59.28,25.26
2020-06-10,83.95,35.41,13.9,9.08,40.78,60.01,45.44
2020-06-11,48.18,20.03,12.5,9.19,71.12,52.59,40.42
2020-06-12,68.46,45.82,12.91,10.01,45.47,53.75,40.11
2020-06-13,69.62,42.19,11.01,9.17,27.38,68.22,40.6
2020-06-14,66.09,44.76,16.03,9.44,31.27,67.75,39.38
2020-06-15,77.66,55.87,21.49,10.97,29.32,68.53,39.96
2020-06-16,85.0,70.32,23.41,10.24,34.91,71.07,40.6
2020-06-17,81.1,62.51,20.12,9.17,23.67,77.77,41.15
2020-06-18,87.35,57.03,21.98,8.79,96.87,75.94,40.67
2020-06-19,90.17,41.44,19.43,8.49,64.94,71.26,45.61
2020-06-20,81.81,39.86,17.43,8.77,82.01,74.84,47.71
2020-06-21,79.25,46.79,14.38,8.0,66.58,65.29,47.68
2020-06-22,99.84,49.59,14.46,7.76,81.06,70.22,46.04
2020-06-23,67.41,35.39,11.28,10.6,82.25,68.25,47.08
2020-06-24,53.86,26.14,11.07,10.43,70.38,61.22,48.27
2020-06-25,48.98,22.14,8.38,12.3,63.66,50.85,47.81
2020-06-26,49.96,13.96,19.03,16.99,55.44,55.33,48.01
2020-06-27,37.43,7.16,8.05,13.25,55.53,72.2,46.35
2020-06-28,35.01,7.09,8.67,16.56,89.62,63.06,48.7
2020-06-29,61.81,16.5,9.26,16.37,67.59,35.74,47.51
2020-06-30,80.42,33.58,9.73,14.04,85.12,34.57,47.04
2020-07-01,77.25,26.95,9.93,8.13,16.56,22.53,49.17
