Date,Ahmedabad,Bengaluru,Chennai,Delhi,Lucknow,Hyderabad,Patna,Gurugram,Visakhapatnam,Amritsar,Jaipur,Thiruvananthapuram,Amaravati
2017-07-01,,92.0,116.0,84.0,89.0,63.0,,126.0,,92.0,55.0,49.0,
2017-07-02,,160.0,109.0,54.0,106.0,66.0,,156.0,,94.0,80.0,39.0,
2017-07-03,,92.0,92.0,49.0,78.0,66.0,,88.0,,91.0,58.0,39.0,
2017-07-04,,85.0,74.0,149.0,61.0,57.0,,219.0,,91.0,78.0,40.0,
2017-07-05,,93.0,63.0,212.0,61.0,58.0,,332.0,,101.0,94.0,60.0,
2017-07-06,,87.0,77.0,85.0,53.0,57.0,,402.0,,88.0,107.0,63.0,
2017-07-07,,97.5,119.0,77.0,58.0,63.0,,404.0,,89.0,118.0,52.0,
2017-07-08,,108.0,94.0,65.0,69.0,66.0,,372.0,,104.0,96.0,54.0,
2017-07-09,,112.0,104.0,108.0,64.0,61.0,,529.0,,98.33333333333331,85.0,53.0,
2017-07-10,,102.0,76.0,78.0,75.0,60.0,,453.0,,92.66666666666666,75.0,47.0,
2017-07-11,,78.0,92.0,59.0,58.0,60.0,,377.0,,87.0,108.0,41.0,
2017-07-12,,67.0,85.0,47.0,43.0,66.0,,576.0,,97.0,134.0,39.0,
2017-07-13,,74.0,96.0,39.0,55.0,58.0,,210.0,,93.0,61.0,48.0,
2017-07-14,,72.0,84.0,40.0,82.0,53.0,,497.0,,100.0,53.0,43.0,
2017-07-15,,82.0,86.0,56.0,96.0,74.0,,399.5,,96.0,67.0,59.0,
2017-07-16,,61.0,99.0,65.0,87.0,86.0,,302.0,,100.0,81.0,52.0,
2017-07-17,,68.0,80.0,71.0,73.0,93.0,,204.5,,97.0,83.0,48.0,
2017-07-18,,68.0,78.0,97.0,78.0,47.0,,107.0,,99.0,75.0,54.0,
2017-07-19,,60.0,73.0,118.0,83.0,46.0,,114.0,,99.0,78.5,47.0,
2017-07-20,,61.0,70.0,116.0,69.0,48.0,,80.0,,110.0,82.0,43.0,
2017-07-21,,111.0,117.0,53.0,83.0,50.0,,69.0,,100.0,86.0,37.0,
2017-07-22,,132.0,131.0,30.0,122.0,55.0,,288.0,,99.0,66.0,41.5,
2017-07-23,,107.0,77.0,37.0,79.0,71.0,,547.0,,101.0,71.75,46.0,
2017-07-24,,109.0,169.0,35.0,80.0,65.0,,449.5,,101.0,77.5,50.5,
2017-07-25,,164.0,203.0,37.0,68.0,55.0,,352.0,,102.0,83.25,55.0,
2017-07-26,,85.0,221.0,32.0,66.0,62.0,,254.5,,102.0,89.0,66.0,
2017-07-27,,83.0,164.0,41.0,149.0,60.0,,157.0,,116.0,86.0,55.0,
2017-07-28,,122.0,85.0,42.0,84.0,56.0,,326.0,,130.0,88.0,46.0,
2017-07-29,,119.0,74.0,47.0,85.0,55.0,,248.0,,144.0,95.0,41.0,
2017-07-30,,94.0,81.0,30.0,78.0,63.0,,482.0,,158.0,97.66666666666669,47.0,
2017-07-31,,89.0,73.0,29.0,64.0,69.0,,277.0,,84.0,100.33333333333334,62.0,
2017-08-01,,136.0,82.0,44.0,57.0,60.0,,72.0,,110.0,103.0,68.0,
2017-08-02,,130.0,144.0,40.0,76.0,61.0,,72.0,,104.0,104.5,62.0,
2017-08-03,,160.0,120.0,49.0,78.0,51.0,,68.0,,,106.0,63.0,
2017-08-04,,55.0,84.0,50.0,125.0,49.0,,68.0,,,115.0,62.0,
2017-08-05,,106.0,149.0,88.0,156.0,67.0,,84.0,,,157.0,59.0,
2017-08-06,,127.0,202.0,99.0,158.0,75.0,,76.0,,,173.0,54.0,
2017-08-07,,176.0,96.0,110.0,126.0,90.0,,80.0,,,161.0,61.0,
2017-08-08,,143.0,96.0,68.0,80.0,83.0,,84.0,,,118.0,63.0,
2017-08-09,,74.0,71.0,73.0,70.0,80.0,,88.0,,,116.0,63.0,
2017-08-10,,50.0,48.0,95.0,146.0,71.0,,92.0,,,103.0,61.0,
2017-08-11,,56.0,61.0,58.0,126.0,65.0,,82.0,,141.0,96.0,64.0,
2017-08-12,,50.0,82.0,45.0,84.0,67.0,,59.0,,177.0,83.0,56.0,
2017-08-13,,67.0,55.0,49.66666666666666,81.0,55.0,,79.0,,215.0,78.0,58.0,
2017-08-14,,82.0,80.0,54.33333333333333,175.0,60.0,,84.0,,139.0,92.0,74.0,
2017-08-15,,70.0,86.0,59.0,134.0,58.0,,69.0,,92.0,116.0,82.0,
2017-08-16,,65.0,101.0,53.0,97.0,63.0,,65.0,,120.0,112.0,58.0,
2017-08-17,,70.0,99.0,66.0,172.0,70.0,,104.0,,146.0,117.0,60.0,
2017-08-18,,64.0,76.0,70.0,129.0,85.0,,143.0,,176.0,112.6,57.0,
2017-08-19,,57.0,79.5,70.0,66.0,65.0,,130.0,,156.0,108.2,56.0,
2017-08-20,,63.0,83.0,63.0,110.0,59.0,,83.0,,85.0,103.79999999999998,55.0,
2017-08-21,,48.0,86.5,42.0,72.0,62.0,,68.0,,94.0,99.39999999999998,58.0,
2017-08-22,,63.0,90.0,47.333333333333336,75.0,60.0,,95.0,,74.0,95.0,54.0,
2017-08-23,,62.0,86.0,52.66666666666667,75.0,62.0,,135.0,,82.0,88.0,54.0,
2017-08-24,,68.0,91.0,58.0,73.0,72.0,,98.0,,101.0,76.0,93.0,
2017-08-25,,172.0,91.0,104.0,76.0,72.0,,176.0,,106.0,88.0,68.0,
2017-08-26,,91.0,81.0,97.8,63.0,55.0,,244.0,,69.0,91.0,62.0,
2017-08-27,,39.0,81.0,91.6,56.0,52.0,,270.0,,82.0,107.0,55.0,
2017-08-28,,47.0,109.0,85.39999999999999,50.0,56.0,,477.0,,94.0,118.0,57.0,
2017-08-29,,57.0,127.0,79.19999999999999,41.0,56.0,,684.0,,67.0,116.5,64.0,
2017-08-30,,56.0,92.0,73.0,55.0,56.0,,891.0,,61.0,115.0,58.0,
2017-08-31,,69.0,93.0,94.0,108.0,60.0,,242.0,,80.0,130.0,60.0,
2017-09-01,,200.0,84.0,91.0,70.0,71.0,,58.0,,70.0,184.0,54.0,
2017-09-02,,135.0,86.0,88.0,72.0,87.0,,57.0,,62.0,233.0,60.0,
2017-09-03,,107.0,93.0,88.0,66.0,64.0,,57.0,,77.0,79.0,52.0,
2017-09-04,,74.0,82.0,89.0,83.0,59.0,,96.0,,92.0,92.0,53.0,
2017-09-05,,79.0,136.0,88.0,73.0,79.0,,88.0,,90.0,105.0,55.0,
2017-09-06,,101.0,104.0,88.0,84.0,86.0,,63.0,,117.0,110.0,52.0,
2017-09-07,,60.0,78.0,88.0,77.0,82.0,,63.0,,118.0,118.0,64.0,
2017-09-08,,75.0,82.0,106.0,96.0,74.0,,78.0,,119.0,119.0,66.0,
2017-09-09,,114.0,84.0,96.0,95.0,72.0,,109.0,,131.0,127.0,65.0,
2017-09-10,,57.0,73.0,118.0,116.0,60.0,,131.0,,142.0,127.0,53.0,
2017-09-11,,68.0,64.0,119.0,171.0,51.0,,142.0,,97.0,111.0,61.0,
2017-09-12,,68.0,68.0,106.0,163.0,55.0,,238.0,,125.0,111.0,58.0,
2017-09-13,,59.0,79.0,115.0,153.0,55.0,,163.0,,159.0,91.0,59.0,
2017-09-14,,63.0,73.0,142.0,173.0,60.0,,199.0,,161.0,102.0,54.0,
2017-09-15,,52.0,77.0,169.0,120.0,56.0,,123.0,,154.0,142.0,60.0,
2017-09-16,,49.0,77.0,110.0,79.0,56.0,,119.0,,136.0,135.0,71.0,
2017-09-17,,40.0,77.0,106.0,76.0,39.0,,123.0,,137.0,149.0,60.0,
2017-09-18,,43.0,67.0,99.0,75.0,53.0,,107.0,,173.0,138.0,69.0,
2017-09-19,,44.0,68.0,109.0,141.0,54.0,,116.0,,202.0,146.0,65.0,
2017-09-20,,52.0,67.0,137.0,61.0,57.0,,148.0,,189.0,164.0,59.0,
2017-09-21,,51.0,71.0,144.0,67.0,59.0,,190.0,,196.0,125.0,55.0,
2017-09-22,,51.0,87.0,92.0,176.0,58.0,,178.0,,198.0,88.0,56.0,
2017-09-23,,76.0,98.0,83.0,59.0,54.0,,226.0,,154.0,84.0,57.0,
2017-09-24,,76.0,137.0,84.0,79.0,95.0,,270.0,,108.0,118.0,55.0,
2017-09-25,,57.0,156.0,104.0,76.0,99.0,,189.0,,170.0,96.0,61.0,
2017-09-26,,65.0,116.0,131.0,89.0,80.0,,229.0,,225.0,112.0,63.0,
2017-09-27,,83.0,104.0,165.0,151.0,107.0,,206.0,,216.0,128.0,57.0,
2017-09-28,,56.0,106.0,176.0,160.0,98.0,,153.0,,199.0,109.0,61.0,
2017-09-29,,58.0,81.0,172.0,140.0,74.0,,191.0,,233.0,139.0,69.0,
2017-09-30,,61.0,78.0,137.0,135.0,70.0,,238.0,,271.0,190.0,57.0,
2017-10-01,,66.0,66.0,131.0,140.0,110.0,,284.0,,232.0,202.0,36.0,
2017-10-02,,69.0,62.0,132.0,115.0,81.5,91.0,247.0,,,114.0,,
2017-10-03,,62.0,58.0,115.0,122.0,53.0,69.0,193.0,,,118.0,,
2017-10-04,,125.0,62.0,151.0,100.0,102.0,77.0,209.0,,,181.0,,
2017-10-05,,126.0,78.0,180.0,95.0,164.0,81.0,196.0,,,168.0,,
2017-10-06,,80.0,68.0,183.0,103.0,102.0,92.75,185.0,,,163.5,,
2017-10-07,,70.0,75.0,193.0,138.0,94.0,104.5,174.0,,,159.0,,
2017-10-08,,104.0,75.0,224.0,188.0,100.0,116.25,164.0,,,195.0,,
2017-10-09,,83.0,77.0,268.0,165.0,111.0,128.0,154.0,,,235.0,,
2017-10-10,,130.0,89.0,253.0,207.0,103.0,84.0,182.0,,,244.0,,
2017-10-11,105.0,79.0,94.0,208.0,200.0,113.0,121.16666666666666,176.0,,,206.0,,
2017-10-12,,71.0,86.0,211.0,182.0,102.0,158.33333333333331,169.0,,,232.0,,
2017-10-13,,61.0,146.0,246.0,259.0,147.0,195.5,166.0,,,254.0,,
2017-10-14,,67.0,90.0,319.0,311.0,123.0,232.66666666666663,161.0,,,275.0,,
2017-10-15,,73.0,83.0,317.0,308.0,97.0,269.8333333333333,165.0,,,238.0,,
2017-10-16,,58.0,77.0,310.0,319.0,125.5,307.0,191.0,,,225.0,,
2017-10-17,,64.0,76.0,313.0,348.0,154.0,,240.0,,,249.0,,
2017-10-18,,98.0,277.0,310.0,354.0,150.0,,269.0,,,250.0,,
2017-10-19,,98.0,431.0,336.0,330.0,151.0,,294.0,,,213.0,,
2017-10-20,,177.0,213.0,497.0,362.0,247.0,,407.0,,463.0,213.0,,
2017-10-21,319.0,129.0,72.0,404.0,265.0,141.0,,368.0,,320.0,276.0,,
2017-10-22,146.0,79.0,70.0,338.0,339.0,121.0,,307.0,,338.0,240.0,,
2017-10-23,80.0,80.0,114.0,327.0,391.0,113.0,,235.0,,395.0,197.0,,
2017-10-24,102.0,94.0,115.0,366.0,353.0,111.0,,314.0,,229.0,142.0,,
2017-10-25,459.0,96.0,100.0,357.0,363.0,117.8,342.0,315.0,,239.0,246.0,,
2017-10-26,1426.0,75.0,68.0,328.0,379.0,124.6,341.0,350.0,,318.0,295.0,,
2017-10-27,1348.0,66.0,70.0,345.0,343.0,131.4,335.0,335.0,,308.0,226.0,,
2017-10-28,1073.0,80.0,83.0,379.0,338.0,138.20000000000002,331.0,328.0,,338.0,226.0,,
2017-10-29,952.0,98.0,113.0,362.0,333.0,145.0,305.0,335.0,,356.0,180.0,,
2017-10-30,871.6,102.0,88.0,340.0,344.0,130.0,296.0,326.0,,341.0,195.0,,
2017-10-31,791.2,120.0,75.0,366.0,237.0,128.0,73.0,337.0,116.0,271.0,233.0,72.0,
2017-11-01,710.8000000000001,141.0,99.0,344.0,312.0,150.0,75.0,353.0,149.0,304.0,256.0,67.0,
2017-11-02,630.4000000000001,120.0,70.0,305.0,323.0,156.0,145.33333333333331,331.0,144.0,314.0,210.0,65.0,
2017-11-03,550.0,159.0,62.0,310.0,354.0,158.0,215.66666666666663,335.0,141.0,317.0,171.0,69.0,
2017-11-04,538.0,125.0,66.0,345.0,369.0,114.0,286.0,337.0,86.0,318.0,211.0,77.0,
2017-11-05,498.0,59.0,58.0,370.0,388.0,91.0,276.0,340.0,82.0,319.0,252.0,67.0,
2017-11-06,517.0,49.0,68.0,377.0,339.0,80.0,289.0,332.0,70.0,321.0,244.0,76.0,
2017-11-07,901.0,68.0,68.0,532.0,362.0,94.0,286.0,360.0,94.0,252.0,275.0,70.0,
2017-11-08,929.0,54.0,74.0,675.0,425.0,105.0,354.0,461.0,85.0,235.0,251.0,83.0,
2017-11-09,850.0,70.0,70.0,677.0,495.0,95.0,430.0,590.0,90.0,248.0,208.0,64.0,
2017-11-10,669.0,75.0,103.0,597.0,503.0,100.0,439.0,522.0,99.0,295.0,257.0,86.0,
2017-11-11,1141.0,77.0,146.0,471.0,463.0,123.0,429.0,460.0,148.0,317.0,275.0,74.0,
2017-11-12,707.0,69.0,163.0,613.0,386.0,123.0,372.0,472.0,150.0,328.0,270.0,72.0,
2017-11-13,1577.0,65.0,110.0,561.0,454.0,111.0,345.0,506.0,130.0,311.0,333.0,102.0,
2017-11-14,1747.0,68.0,91.0,444.0,581.0,111.0,341.0,396.0,93.0,234.0,193.0,100.0,
2017-11-15,1065.0,66.0,68.0,378.0,444.0,104.0,314.0,363.0,85.0,128.0,199.0,97.0,
2017-11-16,195.0,76.0,96.0,357.0,360.0,92.0,250.0,346.0,64.0,131.0,221.0,91.0,
2017-11-17,291.0,81.0,108.0,330.0,361.0,82.0,233.0,338.0,63.0,262.0,276.0,99.0,
2017-11-18,313.0,64.0,82.0,309.0,341.0,106.0,306.0,330.0,58.0,200.0,220.0,114.0,
2017-11-19,333.0,68.0,62.0,297.0,360.0,112.0,310.0,332.0,52.0,206.0,295.0,81.0,
2017-11-20,338.0,62.0,69.0,329.0,324.0,86.0,360.0,332.0,74.0,314.0,280.0,69.0,
2017-11-21,371.0,60.0,61.0,341.0,316.0,106.0,322.0,328.0,62.0,307.0,157.0,63.0,
2017-11-22,463.0,65.0,64.0,348.0,350.0,102.0,335.0,314.0,95.0,318.0,185.0,80.0,
2017-11-23,419.0,87.0,126.0,340.0,344.0,133.0,398.0,305.0,120.0,288.0,153.0,91.0,
2017-11-24,700.0,82.0,158.0,348.0,336.0,149.0,406.0,329.0,161.0,302.0,230.0,87.0,
2017-11-25,1043.0,72.0,184.0,347.0,342.0,140.0,406.0,339.0,174.0,322.0,256.0,162.0,184.0
2017-11-26,1029.0,69.0,136.0,368.0,360.0,147.0,474.0,328.0,175.0,316.0,305.0,230.0,197.0
2017-11-27,1041.0,58.0,87.0,382.0,342.0,166.0,447.0,365.0,153.0,313.0,304.0,103.0,198.0
2017-11-28,1430.0,58.0,71.0,360.0,385.0,171.0,407.0,362.0,158.0,306.0,203.0,83.0,188.0
2017-11-29,765.0,82.0,75.0,359.0,364.0,164.0,431.0,350.0,138.0,317.0,249.0,86.0,173.0
2017-11-30,599.0,68.0,69.0,388.0,411.0,140.0,438.0,328.0,116.0,323.0,249.0,58.0,165.0
2017-12-01,764.0,53.0,57.0,377.0,434.0,139.0,480.0,336.0,122.0,324.0,215.0,57.0,191.0
2017-12-02,330.0,26.0,71.0,356.0,387.0,135.0,550.0,350.0,165.0,296.0,336.0,60.0,191.0
2017-12-03,205.0,54.0,90.0,384.0,389.0,140.0,457.0,338.0,157.0,309.0,234.0,76.0,227.0
2017-12-04,164.0,68.0,86.0,415.0,366.0,144.0,415.0,347.0,162.0,266.0,253.0,86.0,168.0
2017-12-05,187.0,63.0,76.0,404.0,366.0,128.0,446.0,372.0,207.0,227.0,265.0,85.5,198.0
2017-12-06,149.0,83.0,70.0,330.0,369.0,100.0,481.0,325.0,230.0,206.0,218.0,85.0,201.0
2017-12-07,215.0,96.0,143.0,215.0,351.0,122.0,465.0,238.0,195.0,185.0,198.0,84.5,252.0
2017-12-08,284.0,120.0,175.0,220.0,240.0,145.0,407.0,206.0,155.0,298.0,187.0,84.0,310.0
2017-12-09,167.0,148.0,156.0,312.0,310.0,142.0,397.0,305.0,104.0,304.0,197.0,68.0,196.0
2017-12-10,337.0,133.0,163.0,389.0,389.0,120.0,387.0,346.0,148.0,277.0,182.0,85.0,132.0
2017-12-11,696.0,143.0,153.0,406.0,354.0,117.0,366.0,348.0,132.0,162.0,121.0,105.0,147.0
2017-12-12,295.0,86.0,126.0,280.0,339.0,144.0,385.0,236.0,159.0,127.0,93.0,139.0,179.0
2017-12-13,565.0,75.0,93.0,263.0,352.0,143.0,378.0,222.0,169.0,116.0,113.0,83.0,145.0
2017-12-14,400.0,86.0,81.0,276.0,328.0,132.0,314.0,166.0,128.0,126.0,93.0,81.0,115.0
2017-12-15,250.0,122.0,95.0,292.0,328.0,126.0,308.0,202.0,125.0,113.0,88.0,124.0,140.0
2017-12-16,232.0,119.0,107.0,228.0,325.0,133.0,336.0,226.0,155.0,114.0,89.0,87.0,156.0
2017-12-17,174.0,100.0,102.0,195.0,293.0,136.0,365.0,165.0,206.0,133.0,103.0,94.0,225.0
2017-12-18,198.0,108.0,97.0,223.0,341.0,140.0,406.0,193.5,158.0,142.0,153.0,79.0,251.0
2017-12-19,340.0,112.0,91.0,291.0,417.0,138.0,441.0,222.0,131.0,126.0,140.0,125.0,228.0
2017-12-20,355.0,110.0,78.0,378.0,543.0,151.0,416.0,325.0,124.0,230.0,174.0,71.0,223.0
2017-12-21,246.0,131.0,93.0,467.0,486.0,164.0,391.0,343.0,142.0,227.0,130.0,78.0,170.0
2017-12-22,216.0,93.0,109.0,370.0,383.0,195.0,346.0,314.0,164.0,143.0,96.0,68.0,165.0
2017-12-23,306.0,91.0,89.0,253.0,337.0,180.0,364.0,225.0,251.0,122.0,103.0,76.0,159.0
2017-12-24,650.0,70.0,83.0,309.0,339.0,169.0,393.0,320.0,268.0,197.0,147.0,66.0,232.0
2017-12-25,515.0,91.0,88.0,398.0,395.0,163.0,384.0,368.0,292.0,235.0,154.0,76.0,242.0
2017-12-26,529.0,174.0,113.0,372.0,371.0,164.0,375.0,337.0,296.0,315.0,242.0,94.0,274.0
2017-12-27,404.0,99.0,186.0,379.0,425.0,136.0,363.0,354.0,290.0,335.0,194.0,103.0,259.0
2017-12-28,773.0,109.0,148.0,398.0,460.0,132.0,533.0,374.0,203.0,298.0,227.0,129.0,225.0
2017-12-29,763.0,85.0,95.0,399.0,443.0,184.0,438.0,386.0,160.0,233.0,148.0,112.0,177.0
2017-12-30,474.0,77.0,108.0,421.0,362.0,156.0,409.0,372.0,99.0,283.0,174.0,145.0,120.0
2017-12-31,343.0,72.0,77.0,451.0,387.0,138.0,396.0,365.0,129.0,321.0,153.0,118.0,120.0
2018-01-01,278.0,73.0,89.0,462.0,356.0,122.0,371.0,410.0,131.0,331.0,221.0,106.0,120.0
2018-01-02,256.0,86.0,94.0,439.0,320.0,126.0,440.0,495.0,125.0,331.0,206.0,119.0,132.0
2018-01-03,300.0,84.0,105.0,405.0,406.0,163.0,417.5,444.0,132.0,232.0,232.0,99.0,136.0
2018-01-04,532.0,86.0,184.0,394.0,389.0,174.0,395.0,354.0,231.0,212.0,225.0,106.0,182.0
2018-01-05,534.0,95.0,176.0,398.0,398.0,164.0,418.0,371.0,233.0,,177.0,145.0,222.0
2018-01-06,738.0,102.0,158.0,403.0,359.0,158.0,403.0,422.0,231.0,,234.0,155.0,230.0
2018-01-07,622.0,104.0,136.0,384.0,387.0,146.0,388.0,410.0,230.0,,183.0,186.0,224.0
2018-01-08,517.0,93.0,124.0,314.0,431.0,146.0,432.0,328.0,229.0,,164.0,127.0,217.0
2018-01-09,216.0,84.0,121.0,373.0,408.0,160.0,438.0,371.0,150.0,,193.0,137.0,230.0
2018-01-10,316.0,75.0,96.0,366.0,398.0,165.0,379.0,367.0,192.0,,239.0,169.0,229.0
2018-01-11,586.0,76.0,179.0,318.0,393.0,160.0,364.0,311.0,279.0,,211.0,123.0,229.0
2018-01-12,898.0,115.0,156.0,306.0,427.0,155.0,377.0,312.0,305.0,,198.0,157.0,235.0
2018-01-13,421.0,101.0,258.0,370.0,432.0,150.0,405.0,356.0,293.0,237.0,260.0,127.0,214.0
2018-01-14,542.0,118.0,207.0,365.0,420.0,140.0,399.0,344.0,334.0,310.0,171.0,120.0,186.0
2018-01-15,610.0,98.0,147.0,352.0,398.0,143.0,358.0,335.0,320.0,170.0,173.0,162.0,172.0
2018-01-16,716.0,92.0,134.0,278.0,359.0,132.0,353.0,231.0,284.0,152.0,141.0,108.0,138.0
2018-01-17,804.0,98.0,161.0,350.0,363.0,125.0,391.0,300.0,297.0,144.0,116.0,182.0,125.0
2018-01-18,656.0,100.0,129.0,411.0,368.0,129.0,322.0,382.0,189.0,165.0,124.0,163.0,132.0
2018-01-19,1201.0,104.0,164.0,451.0,433.0,129.0,370.0,377.0,180.0,126.0,190.0,120.0,111.0
2018-01-20,898.0,122.0,140.0,351.0,391.0,131.0,266.0,285.0,229.0,129.0,223.0,125.0,137.0
2018-01-21,595.0,103.0,180.0,310.0,355.0,133.0,310.0,264.0,224.0,149.0,189.0,204.0,172.0
2018-01-22,384.0,96.0,167.0,362.0,384.0,142.0,360.0,304.0,200.0,125.0,171.0,183.0,160.0
2018-01-23,332.0,102.0,149.0,343.0,426.0,125.0,367.0,339.0,226.0,123.0,148.0,183.0,163.0
2018-01-24,1155.0,104.0,164.0,286.0,346.0,121.0,359.0,343.0,217.2,115.0,181.0,170.0,165.0
2018-01-25,1355.0,101.0,187.0,267.0,324.0,139.0,300.0,275.0,208.4,127.0,163.0,132.0,139.0
2018-01-26,1367.0,98.0,172.0,263.0,333.0,146.0,280.0,271.0,199.6,118.0,247.0,92.0,176.0
2018-01-27,795.0,104.0,161.0,284.0,344.0,167.0,241.0,322.0,190.79999999999995,132.0,171.0,99.0,162.0
2018-01-28,430.0,109.0,165.0,334.0,357.0,138.0,382.0,348.0,182.0,124.0,167.0,93.0,160.0
2018-01-29,1153.0,94.0,155.0,332.0,373.0,140.0,381.0,375.0,176.0,127.0,154.0,112.0,142.0
2018-01-30,1414.0,99.0,148.0,300.0,344.0,137.0,364.0,309.0,219.0,142.0,219.0,121.0,172.0
2018-01-31,1042.0,109.0,159.0,271.0,295.0,130.0,448.0,292.0,215.0,150.0,208.0,130.0,134.0
2018-02-01,1613.0,94.0,135.0,293.0,324.0,129.0,390.0,302.0,179.0,159.0,177.0,144.0,136.0
2018-02-02,433.0,118.0,167.0,318.0,321.0,125.0,361.0,328.0,172.0,149.0,168.0,132.0,130.0
2018-02-03,692.0,88.0,164.0,277.0,370.0,114.0,342.0,279.0,164.0,168.0,140.0,124.0,111.0
2018-02-04,620.0,87.0,123.0,284.0,370.0,104.0,309.0,257.0,169.0,165.0,132.0,111.0,117.0
2018-02-05,617.0,81.0,79.0,313.0,312.0,111.0,215.0,288.0,162.0,152.0,153.0,100.0,102.0
2018-02-06,590.0,85.0,94.0,324.0,323.0,111.0,168.0,316.0,150.0,130.0,305.0,96.0,108.0
2018-02-07,856.0,79.0,78.0,287.0,322.0,125.0,298.0,273.0,136.0,130.0,291.0,80.0,99.0
2018-02-08,587.0,80.0,78.0,334.0,299.0,114.0,289.0,324.0,116.0,141.0,208.0,66.0,121.0
2018-02-09,1423.0,95.0,107.0,375.0,290.0,108.0,236.0,345.0,112.0,138.0,140.0,80.0,86.0
2018-02-10,1917.0,83.0,113.0,378.0,286.0,113.0,283.0,339.0,99.0,145.0,158.0,71.0,57.0
2018-02-11,471.0,76.0,131.0,350.0,266.0,100.0,309.0,324.0,140.0,147.0,204.0,72.0,107.0
2018-02-12,488.0,74.0,88.0,218.0,267.0,102.0,323.5,263.0,136.0,123.0,140.0,82.0,118.0
2018-02-13,471.0,78.0,130.0,189.0,239.0,94.0,338.0,196.0,144.0,66.0,146.0,92.0,110.0
2018-02-14,172.0,71.0,138.0,217.0,247.0,100.0,302.0,272.0,121.0,58.0,114.0,94.0,114.0
2018-02-15,390.0,71.0,99.0,189.0,301.0,113.0,198.0,266.0,134.0,77.0,156.0,99.0,111.0
2018-02-16,802.0,70.0,119.0,248.0,359.0,110.0,297.0,319.0,137.0,129.0,174.0,82.0,117.0
2018-02-17,1035.0,77.0,113.0,277.0,398.0,108.0,316.0,324.0,169.0,137.0,221.0,88.0,107.0
2018-02-18,1477.0,83.0,133.0,284.0,358.0,116.0,332.0,348.0,136.0,133.0,275.0,105.0,87.0
2018-02-19,2049.0,82.0,150.0,321.0,386.0,111.0,333.0,331.0,148.0,139.0,198.0,107.0,89.0
2018-02-20,1314.0,81.0,118.0,335.0,313.0,103.0,331.0,,174.0,162.0,167.0,105.0,97.0
2018-02-21,1215.0,80.0,146.0,347.0,332.0,107.0,341.0,,156.0,154.0,223.0,112.0,100.0
2018-02-22,1483.0,82.0,118.0,333.0,394.0,114.0,369.0,,160.0,124.0,254.0,96.0,105.0
2018-02-23,1526.0,83.0,95.0,331.0,389.0,123.0,346.0,,157.0,123.0,311.0,94.0,114.0
2018-02-24,1170.6666666666667,81.0,88.0,347.0,382.0,106.0,360.0,,195.0,114.0,180.0,93.0,116.0
2018-02-25,815.3333333333335,69.0,73.0,317.0,348.0,104.0,349.0,,232.0,85.0,148.0,84.0,116.0
2018-02-26,460.0,68.0,76.0,170.0,317.0,118.0,353.0,,182.0,102.0,107.0,80.5,98.0
2018-02-27,700.0,71.0,117.0,167.0,181.0,134.0,304.0,,131.0,119.0,130.0,77.0,116.0
2018-02-28,831.0,81.0,182.0,274.0,202.0,129.0,312.0,,128.0,133.0,154.0,78.0,108.0
2018-03-01,291.0,83.0,234.0,293.0,264.0,124.0,311.0,287.0,142.0,132.0,147.0,70.0,100.0
2018-03-02,132.0,87.0,138.0,300.0,236.0,118.0,349.0,264.0,124.0,79.0,118.0,79.0,92.0
2018-03-03,212.0,92.0,115.0,244.0,202.0,119.0,232.0,231.0,118.0,73.0,111.0,85.0,80.0
2018-03-04,717.0,84.0,113.0,205.0,227.0,122.0,165.0,219.0,115.0,64.0,114.0,98.0,88.0
2018-03-05,525.0,86.0,93.0,180.0,187.0,114.0,263.0,156.0,121.0,69.0,105.0,95.0,83.0
2018-03-06,777.0,87.0,83.0,170.0,250.0,106.0,209.0,149.0,124.0,73.0,98.0,94.0,100.0
2018-03-07,807.0,90.0,113.0,192.0,288.0,108.0,179.0,165.0,115.0,133.0,103.0,97.0,81.0
2018-03-08,520.0,99.0,174.0,262.0,340.0,107.0,286.0,200.0,124.0,132.0,100.0,90.0,112.0
2018-03-09,1171.0,104.0,126.0,316.0,297.0,118.0,265.0,244.0,85.0,112.0,99.0,91.0,113.0
2018-03-10,1332.0,109.0,128.0,207.0,249.0,122.0,286.0,190.0,114.0,91.0,127.0,92.0,105.0
2018-03-11,1260.0,106.0,128.0,179.0,219.0,124.0,234.0,173.0,126.0,110.0,113.0,112.0,88.0
2018-03-12,708.0,92.0,118.0,236.0,247.0,95.0,291.0,199.0,120.0,128.0,118.0,95.0,78.0
2018-03-13,1108.0,76.0,153.0,241.0,247.0,88.0,306.0,201.0,112.0,140.0,133.0,89.0,78.0
2018-03-14,761.0,75.0,74.0,287.0,317.0,103.0,319.0,188.0,117.0,125.0,126.0,69.0,69.0
2018-03-15,541.0,77.0,69.0,314.0,331.0,96.0,342.0,179.0,109.0,119.0,133.0,55.0,60.0
2018-03-16,1274.0,71.0,78.0,269.0,233.0,115.0,344.0,200.0,99.0,88.0,137.0,60.0,51.0
2018-03-17,1241.0,74.0,81.0,218.0,273.0,105.0,247.0,208.0,148.0,93.0,124.0,62.0,61.0
2018-03-18,1210.0,53.0,89.0,177.0,142.0,80.0,203.0,172.0,224.0,112.0,116.0,65.0,90.0
2018-03-19,301.0,61.0,88.0,177.0,196.0,93.0,242.0,122.0,168.0,138.0,113.0,74.0,74.0
2018-03-20,549.0,97.0,108.0,224.0,225.0,103.0,281.0,161.0,105.0,124.0,115.0,78.0,76.0
2018-03-21,414.0,124.0,115.0,302.0,245.0,108.0,309.0,207.0,107.0,106.0,125.0,78.0,84.0
2018-03-22,484.0,135.0,93.0,226.0,273.0,126.0,327.0,189.0,110.0,72.0,146.0,71.0,92.0
2018-03-23,577.0,127.0,94.0,171.0,218.0,128.0,335.0,148.0,121.0,,113.0,68.0,93.0
2018-03-24,862.0,100.0,127.0,183.0,197.0,131.0,225.0,160.0,116.0,,117.0,82.0,88.0
2018-03-25,889.0,98.0,117.0,202.0,198.0,135.0,253.0,151.0,106.0,,139.0,82.0,75.0
2018-03-26,1001.0,100.0,109.0,203.0,151.0,126.0,235.0,156.0,99.0,,121.0,97.0,79.0
2018-03-27,1156.0,87.0,109.0,246.0,137.0,123.0,293.0,182.0,110.0,,172.0,90.0,74.0
2018-03-28,691.0,97.33333333333331,90.0,293.0,214.0,116.0,312.0,191.0,88.0,,140.0,105.0,62.0
2018-03-29,308.0,107.66666666666666,70.0,238.0,271.0,122.0,326.0,168.0,71.0,,131.0,91.0,53.0
2018-03-30,965.0,118.0,69.0,234.0,256.0,120.0,303.0,186.0,73.0,,151.0,104.0,53.0
2018-03-31,1434.0,104.0,75.0,269.0,201.0,110.0,170.0,210.0,82.0,,140.0,130.0,55.0
2018-04-01,579.0,102.0,86.0,217.0,106.0,103.0,143.0,208.0,101.0,,134.0,74.0,52.0
2018-04-02,1034.0,107.0,67.0,217.0,204.0,84.0,161.0,173.0,95.0,,150.0,64.0,55.0
2018-04-03,498.0,98.0,68.0,239.0,300.0,99.0,197.0,148.0,62.0,,181.0,93.0,56.0
2018-04-04,265.0,108.0,71.0,244.0,319.0,101.0,226.0,204.0,70.0,,142.0,137.0,56.0
2018-04-05,740.0,107.0,81.0,329.0,252.0,92.0,157.0,288.0,72.0,,151.0,72.0,52.0
2018-04-06,856.0,108.0,103.0,271.0,153.0,98.0,130.0,220.0,89.0,126.0,145.0,96.5,64.0
2018-04-07,304.0,106.0,84.0,170.0,143.0,93.0,156.0,143.0,95.0,110.0,157.0,121.0,76.0
2018-04-08,657.0,103.0,62.0,142.0,102.0,85.0,241.0,148.0,84.0,112.0,158.0,122.0,76.0
2018-04-09,403.0,93.0,70.0,133.0,146.0,95.0,195.0,145.0,75.0,138.0,127.0,126.0,81.0
2018-04-10,596.0,91.33333333333331,66.0,205.0,126.0,98.0,211.0,153.0,90.0,96.0,129.0,73.0,59.0
2018-04-11,392.0,89.66666666666666,66.0,179.0,132.0,88.0,184.0,159.0,85.0,77.0,116.0,160.0,54.66666666666666
2018-04-12,414.0,88.0,61.0,135.0,97.0,83.0,194.0,141.0,59.0,72.0,100.0,62.0,50.33333333333333
2018-04-13,442.0,65.0,63.0,201.0,91.0,83.0,221.0,145.0,81.0,83.0,97.0,84.0,46.0
2018-04-14,438.0,62.0,61.0,233.0,97.0,79.0,188.0,153.0,54.0,107.0,124.0,61.0,40.0
2018-04-15,561.0,65.0,59.0,240.0,113.0,73.0,282.0,261.0,66.0,128.0,125.0,58.0,33.0
2018-04-16,660.0,61.0,61.0,296.0,180.0,100.0,232.0,323.0,55.0,122.0,130.0,60.0,49.0
2018-04-17,616.0,70.0,62.0,266.0,240.0,99.0,218.0,359.0,78.0,99.0,153.0,62.0,32.0
2018-04-18,855.0,67.0,56.0,216.0,217.0,93.0,202.0,321.8,71.0,85.0,149.0,71.0,37.0
2018-04-19,633.0,81.0,71.0,242.0,162.0,108.0,235.0,284.6,66.0,117.0,140.0,66.0,42.0
2018-04-20,274.0,85.0,65.0,271.0,231.0,117.0,239.0,247.40000000000003,65.0,94.0,202.0,61.0,47.5
2018-04-21,210.0,79.0,66.0,444.0,207.0,122.0,310.0,210.20000000000005,80.0,66.0,434.0,66.0,53.0
2018-04-22,478.0,74.0,55.0,302.0,194.0,117.0,237.0,173.0,76.0,78.0,185.0,58.0,47.0
2018-04-23,465.0,66.0,65.0,197.0,156.0,90.0,189.0,165.0,87.0,94.0,173.0,65.0,57.66666666666666
2018-04-24,836.0,82.0,76.0,242.0,160.0,90.0,163.0,182.0,98.0,119.0,124.0,62.0,68.33333333333333
2018-04-25,1235.0,74.0,78.0,287.0,236.0,104.0,322.0,179.0,86.0,148.0,157.0,60.0,79.0
2018-04-26,525.0,83.0,89.0,329.0,281.0,94.0,197.0,174.0,76.0,119.0,136.0,62.0,63.0
2018-04-27,525.0,103.0,74.0,351.0,226.0,101.0,161.0,166.4,77.0,138.0,176.0,83.0,47.0
2018-04-28,650.0,82.0,62.0,288.0,195.0,94.0,157.0,158.8,49.0,156.0,179.0,70.0,51.0
2018-04-29,219.0,81.0,59.0,259.0,197.0,102.0,151.0,151.20000000000002,60.0,136.0,157.0,78.0,52.0
2018-04-30,328.0,100.0,68.0,221.0,162.0,103.0,173.0,143.60000000000002,67.0,149.0,158.0,65.0,70.0
2018-05-01,351.0,352.0,92.0,173.0,98.0,116.0,111.0,136.0,65.0,157.0,147.0,61.0,88.0
2018-05-02,286.0,114.0,112.0,161.0,108.0,101.0,125.0,126.0,91.0,161.0,168.0,65.0,78.0
2018-05-03,337.0,98.0,111.0,167.0,170.0,98.0,126.0,122.0,87.5,120.0,172.0,65.0,90.0
2018-05-04,249.0,73.0,127.0,146.0,94.0,81.0,133.0,94.0,84.0,104.0,150.0,70.0,43.0
2018-05-05,376.0,144.0,128.0,174.0,126.0,74.0,165.0,105.0,77.0,123.0,160.0,82.0,45.4
2018-05-06,415.0,99.0,77.0,280.0,196.0,83.0,198.0,251.0,70.0,131.0,171.0,58.0,47.8
2018-05-07,228.0,151.0,75.0,243.0,209.0,93.0,235.0,181.0,81.0,95.0,176.0,60.0,50.2
2018-05-08,266.0,113.0,77.0,252.0,353.0,111.0,219.0,208.0,84.0,82.0,250.0,55.0,52.6
2018-05-09,257.0,76.0,94.0,168.0,322.0,112.0,209.0,125.0,102.0,100.0,181.0,67.0,55.0
2018-05-10,409.0,65.0,80.0,218.0,250.0,101.0,206.0,176.0,90.0,178.0,153.0,54.0,53.5
2018-05-11,524.0,59.0,70.0,292.0,324.0,95.0,195.0,290.0,77.0,252.0,137.0,62.0,52.0
2018-05-12,222.0,62.0,74.0,330.0,336.0,96.0,156.0,322.0,119.0,273.0,157.0,54.0,68.0
2018-05-13,332.0,60.0,77.0,285.0,301.0,101.0,131.0,300.0,130.0,153.0,152.0,54.0,84.0
2018-05-14,272.0,69.0,71.0,174.0,476.0,100.0,232.0,148.0,105.5,102.0,255.0,56.0,95.0
2018-05-15,232.0,64.0,79.0,173.0,164.0,87.0,157.0,137.0,81.0,128.0,204.0,64.0,58.0
2018-05-16,247.0,61.0,81.0,194.0,204.0,85.0,143.0,126.0,76.0,127.0,194.0,70.0,91.5
2018-05-17,254.0,65.0,82.0,240.0,301.0,106.0,135.0,214.0,79.0,167.0,181.0,60.0,125.0
2018-05-18,236.0,92.0,70.0,254.0,289.0,89.0,156.0,231.0,69.0,206.0,156.0,56.0,192.0
2018-05-19,273.0,98.0,81.0,270.0,287.0,103.0,165.0,258.0,101.0,149.0,161.0,61.0,136.5
2018-05-20,273.0,80.0,66.0,231.0,318.0,117.0,143.0,165.0,76.0,131.0,172.0,53.0,81.0
2018-05-21,256.0,71.0,64.0,208.0,426.0,132.0,200.0,167.0,75.5,127.0,193.0,74.0,73.0
2018-05-22,217.0,90.0,82.0,207.0,357.0,120.0,214.0,174.0,75.0,252.0,160.0,65.0,65.0
2018-05-23,291.0,117.0,84.0,306.0,257.0,110.0,176.0,274.0,60.0,134.0,199.0,67.0,75.5
2018-05-24,314.0,70.0,73.0,303.0,291.0,104.0,139.0,320.0,47.0,102.0,171.0,67.0,86.0
2018-05-25,355.0,73.0,64.0,260.0,250.0,119.0,167.0,308.0,44.0,114.0,169.0,84.0,62.0
2018-05-26,587.0,76.0,65.0,244.0,242.0,91.0,202.0,289.0,40.0,132.0,174.0,78.0,78.0
2018-05-27,535.0,89.0,79.0,268.0,273.0,83.0,165.0,253.0,38.0,134.0,153.0,69.0,114.0
2018-05-28,366.0,80.0,77.0,276.0,269.0,87.0,181.0,279.0,56.0,225.0,169.0,83.0,103.0
2018-05-29,404.0,67.0,88.0,303.0,246.0,84.0,175.0,323.0,87.0,196.0,170.0,59.0,134.0
2018-05-30,387.6666666666667,60.0,82.0,272.0,214.0,89.0,148.0,296.0,98.0,113.0,146.0,59.0,168.0
2018-05-31,371.33333333333337,73.0,85.0,223.0,174.0,93.0,136.0,242.0,103.0,130.0,138.0,59.0,150.0
2018-06-01,355.0,68.0,98.0,196.0,139.0,110.0,208.0,216.0,107.0,254.0,150.0,66.0,127.0
2018-06-02,338.0,86.0,124.0,183.0,151.0,82.0,152.0,236.0,89.0,200.0,379.0,59.0,106.0
2018-06-03,351.0,88.0,98.0,154.0,179.0,83.0,135.0,132.0,90.0,164.0,265.0,49.0,129.0
2018-06-04,280.0,60.0,83.0,170.0,225.0,89.0,166.0,144.0,107.0,174.0,190.0,58.0,136.0
2018-06-05,297.0,61.0,86.0,160.0,219.0,83.0,163.0,162.0,124.0,164.0,210.0,78.0,155.0
2018-06-06,319.0,63.0,79.0,146.0,175.0,84.0,149.0,146.0,101.0,170.0,189.0,70.0,87.0
2018-06-07,247.0,70.0,66.0,166.0,127.0,69.0,168.0,150.0,82.0,159.0,132.0,64.0,84.0
2018-06-08,321.0,50.0,71.0,180.0,161.0,68.0,115.0,165.0,88.5,148.0,220.0,60.0,85.0
2018-06-09,319.0,52.0,67.0,153.0,108.0,64.0,105.0,182.0,95.0,133.0,160.0,51.0,91.0
2018-06-10,345.0,51.0,73.0,153.0,133.0,52.0,138.0,168.0,81.0,128.0,100.0,44.0,76.0
2018-06-11,492.0,65.0,73.0,186.0,107.0,53.0,113.0,130.0,82.0,135.0,118.0,48.0,60.0
2018-06-12,491.0,50.0,88.0,285.0,125.0,70.0,172.0,283.0,83.0,178.0,169.0,53.0,69.0
2018-06-13,503.0,49.0,88.0,453.0,147.0,84.0,139.0,519.0,105.0,221.0,285.0,59.0,64.0
2018-06-14,523.0,61.0,91.0,522.0,181.0,86.0,171.0,670.0,126.0,732.0,269.0,49.0,98.0
2018-06-15,539.0,83.0,97.0,593.0,240.0,86.0,204.0,531.0,151.0,869.0,264.0,46.0,128.0
2018-06-16,492.0,106.0,114.0,531.0,301.0,67.0,208.0,414.0,158.0,695.0,155.0,54.0,113.0
2018-06-17,513.0,55.0,86.0,384.0,321.0,67.0,171.0,385.0,147.0,222.0,128.0,47.0,87.0
2018-06-18,497.0,69.0,99.0,179.0,279.0,59.0,167.0,329.0,138.25,158.0,161.0,56.0,79.0
2018-06-19,433.0,81.0,90.0,146.0,179.0,50.0,151.0,302.0,129.5,154.0,162.0,66.0,69.0
2018-06-20,484.0,69.0,104.0,175.0,186.0,58.0,142.0,325.0,120.75,143.0,111.0,59.0,78.0
2018-06-21,471.0,64.0,107.0,221.0,228.0,52.0,146.0,393.0,112.0,121.0,160.0,57.0,88.0
2018-06-22,502.0,64.0,107.0,249.0,215.0,56.0,166.0,348.0,92.0,126.0,173.0,66.0,101.0
2018-06-23,495.0,66.0,102.0,228.0,229.0,56.0,159.0,324.0,79.0,145.0,156.0,53.0,80.0
2018-06-24,486.0,64.0,109.0,194.0,157.0,41.0,118.0,283.0,101.0,113.0,132.0,51.0,89.0
2018-06-25,524.0,87.0,101.0,168.0,116.0,41.0,139.0,241.0,97.0,113.0,100.0,44.0,71.0
2018-06-26,556.0,92.0,112.0,128.0,184.0,41.0,117.0,254.0,104.0,189.0,90.0,55.0,68.0
2018-06-27,508.0,60.0,133.0,126.0,136.0,44.0,104.0,99.0,111.0,110.0,94.0,51.0,56.0
2018-06-28,413.0,57.0,127.0,99.0,124.0,46.0,85.0,135.0,84.0,86.0,155.0,51.0,65.0
2018-06-29,421.0,51.0,98.0,90.0,93.0,65.0,104.0,106.0,76.0,47.0,123.0,49.0,66.0
2018-06-30,400.0,66.0,135.0,113.0,83.0,62.0,149.0,86.0,85.0,50.0,135.0,52.0,96.0
2018-07-01,361.0,72.0,150.0,102.0,125.0,60.0,116.0,76.0,79.0,94.0,153.0,48.0,68.0
2018-07-02,385.0,63.0,150.0,111.0,117.0,53.0,97.0,103.0,95.0,96.0,151.0,46.0,76.0
2018-07-03,428.0,63.0,159.0,122.0,111.0,59.0,98.0,102.0,80.0,59.0,94.0,53.0,70.0
2018-07-04,440.0,60.0,93.0,128.0,81.0,71.0,83.0,93.0,90.0,83.0,89.0,56.0,75.0
2018-07-05,510.0,61.0,97.0,130.0,74.0,68.0,89.0,95.0,100.0,71.0,154.0,51.0,73.0
2018-07-06,513.0,65.0,128.0,147.0,110.0,49.0,105.0,114.0,85.0,101.0,155.0,51.0,85.0
2018-07-07,365.0,56.0,135.0,155.0,195.0,59.0,131.0,133.0,87.0,107.0,141.0,53.0,83.0
2018-07-08,336.0,62.0,80.0,176.0,174.0,62.0,111.0,162.0,88.0,95.0,154.0,46.0,73.0
2018-07-09,377.0,66.0,106.0,168.0,132.0,44.0,103.0,216.0,81.0,93.0,157.0,50.0,75.0
2018-07-10,442.0,63.0,103.0,140.0,88.0,48.0,92.0,174.0,91.0,88.0,136.0,65.0,63.0
2018-07-11,421.0,78.0,97.0,111.0,100.0,54.0,99.0,96.0,83.0,81.0,108.0,53.0,62.0
2018-07-12,428.0,56.0,77.0,130.0,89.0,49.0,101.0,115.0,84.0,50.0,142.0,60.0,79.0
2018-07-13,472.0,53.0,84.0,109.0,90.0,37.0,116.0,104.0,68.0,60.0,90.0,65.0,37.0
2018-07-14,478.0,57.0,76.0,96.0,95.0,42.0,100.0,68.0,91.0,56.333333333333336,60.0,50.0,35.0
2018-07-15,422.0,62.0,92.0,92.0,101.0,58.0,98.0,84.0,68.0,52.66666666666667,62.0,42.0,31.0
2018-07-16,347.0,59.0,79.0,95.0,90.0,72.0,84.0,83.0,70.0,49.0,86.0,43.0,29.0
2018-07-17,461.0,60.0,66.0,105.0,84.0,38.0,85.0,103.0,89.0,49.0,67.0,43.0,32.0
2018-07-18,447.0,57.0,69.0,114.0,75.0,33.0,90.0,116.0,82.0,55.0,134.0,44.0,39.0
2018-07-19,486.0,59.0,79.0,106.0,125.0,45.0,102.0,96.0,69.0,61.0,83.0,52.0,48.0
2018-07-20,510.0,52.0,71.0,90.0,94.0,37.0,123.0,92.0,63.0,67.0,81.0,53.0,42.0
2018-07-21,576.0,59.0,70.0,114.0,71.0,41.0,93.0,120.0,67.0,64.0,130.0,57.0,73.0
2018-07-22,485.0,60.0,87.0,87.0,77.0,55.0,82.0,80.0,81.0,54.0,89.0,64.0,59.0
2018-07-23,488.0,65.0,101.0,80.0,76.0,49.0,80.0,84.0,104.0,50.0,57.0,58.0,57.0
2018-07-24,613.0,64.0,87.0,101.0,80.0,54.0,88.0,140.0,127.0,74.0,73.0,56.0,55.0
2018-07-25,577.0,59.0,68.0,90.0,78.0,52.0,76.0,113.0,123.0,54.0,66.0,49.0,86.0
2018-07-26,474.0,65.0,63.0,90.0,77.0,54.0,78.0,87.0,130.0,50.0,114.0,53.0,100.0
2018-07-27,458.0,68.0,63.0,68.0,72.0,54.0,98.0,75.0,125.0,37.5,132.0,50.0,85.0
2018-07-28,428.0,59.0,95.0,71.0,83.0,53.0,92.0,45.0,113.0,25.0,117.0,62.0,57.0
2018-07-29,429.0,66.0,97.0,100.0,99.0,72.0,72.0,68.0,114.0,46.0,115.0,61.0,85.0
2018-07-30,461.0,64.0,78.0,122.0,73.0,87.0,81.0,109.0,118.0,68.0,107.0,58.0,85.0
2018-07-31,450.0,62.0,93.0,135.0,84.0,73.0,86.0,112.0,117.66666666666669,59.0,114.0,64.0,106.0
2018-08-01,453.0,66.0,80.0,155.0,41.0,72.0,83.0,138.0,117.33333333333334,71.0,147.0,70.0,100.0
2018-08-02,459.0,68.0,91.0,215.0,55.0,72.0,90.0,242.0,117.0,62.0,158.0,62.0,68.0
2018-08-03,468.0,72.0,71.0,228.0,75.0,92.0,95.0,307.0,130.0,67.0,165.0,62.0,61.0
2018-08-04,424.0,77.0,79.0,215.0,99.0,90.0,91.0,303.0,142.0,126.0,154.0,67.0,71.0
2018-08-05,366.0,77.0,107.0,234.0,210.0,66.0,112.0,339.0,128.0,100.0,153.0,62.0,77.0
2018-08-06,465.0,67.0,123.0,166.0,204.0,72.0,104.0,271.0,109.0,66.0,129.0,62.0,94.0
2018-08-07,434.0,67.0,96.0,123.0,183.0,54.0,110.0,114.0,106.0,39.0,113.0,63.0,111.0
2018-08-08,470.0,60.0,57.0,108.0,99.0,53.0,90.0,93.0,73.0,37.0,118.0,69.0,47.0
2018-08-09,455.0,58.0,54.0,102.0,80.0,49.0,98.0,75.0,100.0,40.0,93.0,73.0,47.0
2018-08-10,489.0,60.0,63.0,111.0,96.0,48.0,105.0,86.0,107.0,42.0,69.0,66.0,48.0
2018-08-11,431.0,56.0,87.0,106.0,94.0,43.0,153.0,96.0,93.0,42.0,79.0,69.0,49.0
2018-08-12,402.0,57.0,60.0,92.0,77.0,47.0,140.0,118.0,76.0,43.0,79.0,74.0,50.0
2018-08-13,469.0,53.0,60.0,102.0,80.0,42.0,113.0,111.0,78.2,64.0,82.0,81.0,57.0
2018-08-14,476.0,60.0,71.0,122.0,73.0,41.0,122.0,110.0,80.4,44.0,100.0,92.0,60.0
2018-08-15,459.0,59.0,61.0,128.0,122.0,65.0,97.0,196.0,82.60000000000001,49.0,158.0,68.0,52.0
2018-08-16,342.0,52.0,53.0,109.0,55.0,40.0,82.0,96.0,84.80000000000001,54.0,115.0,106.0,54.0
2018-08-17,311.0,48.0,76.0,109.0,60.0,35.0,87.0,89.0,87.0,59.0,61.0,69.0,63.0
2018-08-18,467.0,57.0,126.0,90.0,123.0,44.0,108.0,73.0,72.0,64.0,74.0,81.0,53.0
2018-08-19,429.0,59.0,111.0,100.0,144.0,48.0,113.0,86.0,63.0,40.0,75.0,84.0,56.0
2018-08-20,490.0,53.0,152.0,138.0,69.0,47.0,100.0,144.0,58.5,61.0,74.0,93.0,84.0
2018-08-21,445.0,69.0,148.0,105.0,82.0,34.0,86.0,139.0,54.0,42.0,79.0,108.0,112.0
2018-08-22,499.0,65.0,161.0,91.0,89.0,39.0,91.0,105.0,61.0,41.0,84.0,73.0,75.0
2018-08-23,482.0,63.0,74.0,86.0,97.0,40.0,105.0,72.0,74.0,40.0,69.0,62.0,82.0
2018-08-24,527.0,62.0,71.0,89.0,88.0,48.0,122.0,76.0,72.0,39.0,87.0,69.0,89.0
2018-08-25,556.0,67.0,106.0,100.0,78.0,52.0,105.0,84.0,84.5,50.8,70.0,92.0,76.0
2018-08-26,482.0,70.0,81.0,85.0,163.0,50.0,107.0,75.0,97.0,62.6,75.0,112.0,78.0
2018-08-27,597.0,62.0,70.0,82.0,183.0,48.0,98.0,80.0,109.5,74.39999999999999,100.0,114.0,66.0
2018-08-28,491.0,64.0,62.0,81.0,72.0,48.0,90.0,69.0,122.0,86.19999999999999,157.0,112.0,61.0
2018-08-29,460.0,68.0,58.0,88.0,81.0,53.0,89.0,77.0,118.0,98.0,100.0,57.0,83.0
2018-08-30,510.0,68.0,89.0,97.0,72.0,68.0,123.0,72.0,114.0,86.0,111.0,51.0,87.0
2018-08-31,623.0,64.0,83.0,127.0,57.0,77.0,106.0,133.0,116.0,72.0,127.0,53.0,97.0
2018-09-01,577.0,68.0,65.0,132.0,63.0,70.0,97.0,143.0,108.0,78.0,79.0,61.0,98.0
2018-09-02,440.0,66.0,84.0,116.0,69.0,50.0,93.0,128.75,87.0,65.0,80.0,56.0,99.0
2018-09-03,460.0,63.0,83.0,89.0,61.0,48.0,71.0,114.5,97.0,52.0,60.0,54.0,94.0
2018-09-04,480.0,76.0,87.0,118.0,83.0,50.0,83.0,100.25,107.0,39.0,68.0,58.0,98.0
2018-09-05,500.0,78.0,111.0,108.0,107.0,72.0,98.0,86.0,96.0,53.0,94.0,59.0,102.0
2018-09-06,520.0,66.0,93.0,137.0,101.0,76.0,110.0,123.0,106.0,70.0,122.0,58.0,96.0
2018-09-07,518.0,70.0,108.0,117.0,94.0,82.0,81.0,92.0,118.0,72.0,90.0,58.0,90.0
2018-09-08,524.0,63.0,118.0,105.0,87.0,62.0,85.0,70.0,110.0,40.0,89.0,55.0,106.0
2018-09-09,576.0,64.0,115.0,86.0,90.0,79.0,159.0,56.0,141.0,33.0,59.0,63.0,82.0
2018-09-10,688.0,73.0,68.0,92.0,92.0,86.0,101.0,50.0,129.0,36.0,68.0,63.0,85.0
2018-09-11,521.0,90.0,79.0,91.0,101.0,79.0,89.0,59.0,105.0,45.0,80.0,63.0,88.0
2018-09-12,447.0,91.0,70.0,96.0,96.0,71.0,90.0,62.0,106.0,46.0,90.0,70.0,103.0
2018-09-13,477.0,88.0,86.0,108.0,76.0,78.0,96.0,70.0,121.0,56.0,96.0,68.0,76.0
2018-09-14,481.0,94.0,161.0,113.0,84.0,85.0,100.0,77.0,100.0,77.0,104.0,76.0,68.0
2018-09-15,500.0,77.0,112.0,126.0,100.0,92.0,116.0,133.0,138.0,38.0,103.0,73.0,75.0
2018-09-16,530.0,73.0,97.0,124.0,103.0,101.0,125.0,189.0,154.0,39.0,99.0,62.0,79.66666666666667
2018-09-17,696.0,74.0,96.0,135.0,130.0,85.0,159.0,245.0,96.0,48.0,93.0,50.0,84.33333333333334
2018-09-18,580.0,65.0,92.0,154.0,123.0,68.0,184.0,301.0,100.0,63.0,105.0,55.0,89.0
2018-09-19,546.0,65.0,80.0,157.0,172.0,79.0,191.0,350.0,119.0,76.0,108.0,53.0,79.0
2018-09-20,631.0,79.0,92.0,173.0,173.0,81.0,224.0,346.0,110.0,84.0,120.0,54.0,65.0
2018-09-21,876.0,87.0,109.0,155.0,116.0,91.0,98.0,211.0,102.0,86.0,148.0,55.0,80.0
2018-09-22,493.0,77.0,108.0,76.0,64.0,62.0,79.0,76.0,77.0,52.0,81.0,67.0,81.0
2018-09-23,410.0,87.0,89.0,69.0,82.0,65.0,108.0,85.0,114.0,32.0,54.0,53.0,52.0
2018-09-24,398.0,85.0,111.0,63.0,124.0,62.0,130.0,82.0,78.0,22.0,62.0,52.0,89.0
2018-09-25,457.0,78.0,107.0,63.0,109.0,84.0,155.0,58.0,86.0,20.0,91.0,62.0,59.0
2018-09-26,428.0,85.0,93.0,99.0,93.0,108.0,143.0,79.0,98.0,56.0,135.0,57.0,62.0
2018-09-27,413.0,80.0,111.0,151.0,102.0,95.0,145.0,152.0,99.0,91.0,133.0,66.0,52.0
2018-09-28,680.0,78.0,54.0,200.0,132.0,92.0,147.0,263.0,66.0,94.0,134.0,62.0,56.5
2018-09-29,787.0,75.0,58.0,229.0,224.0,100.0,183.0,320.0,70.0,67.0,174.0,58.0,61.0
2018-09-30,862.0,70.0,157.0,176.0,177.0,118.0,191.0,211.0,104.0,68.0,151.0,57.0,57.0
2018-10-01,951.0,82.0,82.0,148.0,200.0,128.0,166.0,183.0,157.0,100.0,128.0,64.0,49.0
2018-10-02,712.0,67.0,66.0,186.0,191.0,94.0,181.0,199.0,122.0,119.0,125.0,59.0,48.0
2018-10-03,483.0,65.0,63.0,160.0,228.0,72.0,209.0,193.0,107.0,122.0,125.0,67.0,50.66666666666666
2018-10-04,379.0,65.0,66.0,206.0,249.0,79.0,245.0,240.0,117.0,104.0,101.0,72.0,53.33333333333333
2018-10-05,214.0,62.0,75.0,268.0,226.0,84.0,190.0,286.0,130.0,78.0,101.0,54.0,56.0
2018-10-06,508.0,56.0,81.0,237.0,251.0,109.0,197.0,307.0,149.0,83.0,103.0,82.0,80.0
2018-10-07,713.0,62.0,65.0,189.0,270.0,124.0,215.0,254.0,153.0,133.0,118.0,62.0,121.0
2018-10-08,688.0,73.0,69.0,253.0,272.0,130.0,224.0,280.0,107.0,157.0,116.0,78.0,131.5
2018-10-09,844.0,80.0,96.0,269.0,235.0,124.0,299.0,316.0,112.0,106.0,109.0,64.0,142.0
2018-10-10,786.0,93.0,164.0,263.0,233.0,128.0,273.0,284.0,112.0,93.0,121.0,70.0,154.0
2018-10-11,664.0,110.0,147.0,219.0,262.0,120.0,186.0,245.0,106.0,146.0,178.0,71.0,142.0
2018-10-12,914.0,115.0,90.0,163.0,175.0,121.0,109.0,242.0,115.0,129.0,137.0,71.0,130.0
2018-10-13,536.0,167.0,82.0,264.0,109.0,118.0,153.0,295.0,122.0,150.0,130.0,67.0,109.0
2018-10-14,403.0,116.0,65.0,237.0,170.0,108.0,141.0,293.0,114.0,209.0,142.0,61.0,113.0
2018-10-15,427.0,88.0,70.0,253.0,218.0,100.0,221.0,256.0,98.0,203.0,152.0,59.0,91.0
2018-10-16,685.0,90.0,68.0,309.0,292.0,105.0,270.0,295.0,98.0,145.0,195.0,63.0,77.0
2018-10-17,558.0,75.0,77.0,332.0,306.0,83.0,264.0,301.0,80.0,106.0,151.0,64.0,80.0
2018-10-18,487.0,116.0,67.0,330.0,296.0,73.0,301.0,329.0,144.0,118.0,149.0,60.0,91.5
2018-10-19,453.0,81.0,91.0,300.0,294.0,74.0,260.0,317.0,181.0,106.0,151.0,54.0,103.0
2018-10-20,559.0,71.0,110.0,344.0,246.0,105.0,284.0,362.0,168.0,96.0,180.0,69.0,114.5
2018-10-21,1291.0,88.0,124.0,325.0,268.0,119.0,302.0,386.0,199.0,115.0,185.0,47.0,126.0
2018-10-22,1350.0,102.0,218.0,296.0,275.0,125.0,309.0,315.0,236.0,145.0,163.0,68.0,137.5
2018-10-23,1561.0,119.0,170.0,274.0,273.0,133.0,314.0,307.0,288.0,137.0,117.0,58.0,149.0
2018-10-24,906.0,132.0,160.0,354.0,313.0,142.0,301.0,329.0,228.0,152.0,135.0,70.0,133.0
2018-10-25,824.0,110.0,140.0,356.0,355.0,128.0,323.0,347.0,177.0,119.0,139.0,85.0,127.5
2018-10-26,578.0,101.0,144.0,394.0,342.0,107.0,332.0,375.0,152.0,107.0,146.0,101.0,122.0
2018-10-27,161.0,107.0,126.0,396.0,338.0,117.0,325.0,390.0,160.0,124.0,160.0,101.0,133.0
2018-10-28,849.0,108.0,115.0,403.0,344.0,120.0,316.0,393.0,182.0,122.0,186.0,119.0,133.0
2018-10-29,574.0,103.0,158.0,397.0,329.0,110.0,260.0,380.0,118.0,138.0,212.0,87.0,118.0
2018-10-30,509.0,125.0,98.0,456.0,332.0,115.0,302.0,407.0,95.0,144.0,219.0,87.0,118.0
2018-10-31,556.0,107.0,78.0,422.0,311.0,117.0,275.0,400.0,63.0,140.0,218.0,90.0,98.0
2018-11-01,669.0,92.0,83.0,433.0,307.0,106.0,311.0,402.0,47.0,251.0,195.0,74.0,90.33333333333331
2018-11-02,1217.0,84.0,89.0,391.0,340.0,86.0,334.0,382.0,44.0,137.0,194.0,99.0,82.66666666666666
2018-11-03,1033.0,82.0,65.0,353.0,344.0,58.0,314.0,360.0,38.0,112.0,142.0,88.0,75.0
2018-11-04,625.0,74.0,167.0,238.0,321.0,55.0,336.0,288.0,40.0,124.0,169.0,76.0,45.0
2018-11-05,803.0,81.0,85.0,424.0,292.0,64.0,351.0,359.0,44.0,99.0,120.0,87.0,61.0
2018-11-06,741.0,110.0,72.0,411.0,326.0,80.0,336.0,379.0,74.0,74.0,145.0,123.0,86.0
2018-11-07,776.0,97.0,128.0,317.0,332.0,95.0,371.0,279.0,112.0,146.0,141.0,99.0,70.0
2018-11-08,1630.0,144.0,96.0,452.0,485.0,107.0,449.0,366.0,387.0,237.0,250.0,95.0,87.5
2018-11-09,1160.0,94.0,133.0,487.0,430.0,114.0,372.0,420.0,142.0,124.0,243.0,93.0,105.0
2018-11-10,1056.0,96.0,137.0,430.0,412.0,129.0,355.0,386.0,127.0,114.0,258.0,93.0,106.0
2018-11-11,1256.0,105.0,155.0,454.0,367.0,131.0,362.0,375.0,147.0,158.0,175.0,83.0,120.0
2018-11-12,1154.0,113.0,185.0,437.0,355.0,127.0,395.0,321.0,214.0,120.0,164.0,84.0,156.0
2018-11-13,1548.0,143.0,231.0,454.0,394.0,134.0,375.0,339.0,170.0,101.0,202.0,82.0,182.0
2018-11-14,820.0,143.0,210.0,361.0,367.0,139.0,411.0,329.0,170.0,129.0,139.0,94.0,144.0
2018-11-15,688.0,141.0,135.0,251.0,342.0,133.0,369.0,227.0,139.0,122.0,158.0,130.0,117.33333333333331
2018-11-16,595.0,88.0,68.0,302.0,282.0,118.0,329.0,294.0,103.0,115.0,210.0,103.0,90.66666666666666
2018-11-17,1354.0,84.0,71.0,292.0,274.0,76.0,321.0,260.0,131.0,156.0,193.0,88.0,64.0
2018-11-18,1672.0,91.0,78.0,330.0,345.0,57.0,317.0,295.0,107.0,158.0,184.0,93.0,56.0
2018-11-19,1472.0,77.0,70.0,340.0,371.0,53.0,397.0,289.0,86.0,117.0,132.0,78.0,80.0
2018-11-20,1295.0,77.0,72.0,367.0,378.0,86.0,404.0,338.0,96.0,125.0,159.0,74.0,88.0
2018-11-21,1646.0,81.0,65.0,396.0,392.0,129.0,428.0,375.0,,140.0,161.0,75.0,102.0
2018-11-22,1329.0,73.0,60.0,317.0,341.0,131.0,404.0,306.0,,306.0,201.0,84.0,119.4
2018-11-23,530.0,79.0,70.0,356.0,323.0,133.0,377.0,318.0,,134.0,175.0,75.0,136.8
2018-11-24,798.0,144.0,162.0,296.0,308.0,148.0,360.0,284.0,,91.0,157.0,73.0,154.20000000000002
2018-11-25,689.0,142.0,234.0,266.0,294.0,140.0,399.0,272.0,,121.0,220.0,76.0,171.60000000000002
2018-11-26,413.0,124.0,211.0,349.0,366.0,135.0,405.0,314.0,,135.0,176.0,82.0,189.0
2018-11-27,415.0,127.0,141.0,396.0,400.0,138.0,395.0,337.0,,132.0,149.0,149.0,190.0
2018-11-28,228.0,127.0,123.0,363.0,387.0,142.0,326.0,277.0,,127.0,175.0,177.0,215.0
2018-11-29,392.0,119.0,90.0,384.0,326.0,146.0,355.0,295.0,,130.0,198.0,183.0,191.66666666666663
2018-11-30,657.0,94.0,79.0,365.0,347.0,139.0,358.0,275.0,,135.0,159.0,106.0,168.33333333333331
2018-12-01,657.0,86.0,96.0,335.0,361.0,135.0,371.0,267.0,112.0,125.0,180.0,104.0,145.0
2018-12-02,702.0,92.0,74.0,329.0,354.0,137.0,415.0,191.0,130.75,109.0,184.0,95.0,160.0
2018-12-03,488.0,73.0,67.0,356.0,327.0,140.0,395.0,222.0,149.5,101.0,184.0,97.0,130.0
2018-12-04,605.0,75.0,80.0,394.0,361.0,154.0,431.0,299.0,168.25,115.0,154.0,105.0,176.0
2018-12-05,687.0,106.0,86.0,374.0,373.0,146.0,416.0,307.0,187.0,127.0,143.0,106.0,245.0
2018-12-06,714.0,87.0,87.0,385.0,381.0,123.0,420.0,339.0,213.0,139.0,173.0,103.0,227.0
2018-12-07,667.0,90.0,129.0,376.0,362.0,108.0,413.0,369.0,231.0,130.0,163.0,99.0,209.0
2018-12-08,423.0,119.0,221.0,366.0,353.0,132.0,404.0,368.0,252.5,131.0,158.0,100.0,256.0
2018-12-09,417.0,128.0,224.0,389.0,353.0,159.0,427.0,280.0,274.0,144.0,168.0,103.0,266.0
2018-12-10,1158.0,157.0,222.0,431.0,394.0,161.0,424.0,285.0,282.0,131.0,185.0,128.0,276.0
2018-12-11,938.0,180.0,196.0,464.0,381.0,158.0,425.0,377.0,233.0,94.0,162.0,178.0,218.0
2018-12-12,920.0,179.0,195.0,443.0,362.0,153.0,379.0,389.0,176.0,91.0,127.0,220.0,206.0
2018-12-13,336.0,148.0,154.0,264.0,333.0,145.0,392.0,222.0,160.0,90.0,94.0,121.0,193.0
2018-12-14,275.0,103.0,86.0,248.0,269.0,144.0,401.0,189.0,145.0,99.0,88.0,105.0,180.0
2018-12-15,191.0,85.0,149.0,274.0,235.0,157.0,354.0,176.0,171.0,87.0,80.0,108.0,217.0
2018-12-16,172.0,112.0,155.0,295.0,252.0,151.0,334.0,148.0,130.0,102.0,163.0,113.0,211.0
2018-12-17,198.0,146.0,89.0,338.0,317.0,141.0,368.5,172.0,79.0,118.0,109.0,106.0,90.0
2018-12-18,381.0,225.0,148.0,370.0,330.0,67.0,403.0,230.0,61.0,138.0,108.0,116.0,49.0
2018-12-19,800.0,142.0,90.0,370.0,310.0,54.0,311.0,210.0,49.0,160.0,163.0,181.0,46.0
2018-12-20,967.0,130.0,78.0,423.0,349.0,76.0,376.0,288.0,53.0,143.0,205.0,149.0,63.5
2018-12-21,978.0,116.0,81.0,422.0,343.0,104.0,490.0,276.0,75.0,110.0,244.0,134.0,81.0
2018-12-22,1558.0,109.0,82.0,468.0,363.0,127.0,481.0,215.0,91.0,126.0,201.0,118.0,89.0
2018-12-23,1300.0,87.0,109.0,557.0,414.0,151.0,490.0,292.0,158.0,127.0,154.0,142.0,136.0
2018-12-24,355.0,79.0,137.0,577.0,345.0,159.0,404.0,305.0,198.0,149.0,144.0,115.0,199.0
2018-12-25,370.0,103.0,150.0,475.0,338.0,153.0,389.0,362.0,230.0,137.0,135.0,114.0,221.0
2018-12-26,448.0,118.0,217.0,405.0,346.0,136.0,404.0,321.0,291.0,144.0,122.0,108.0,178.0
2018-12-27,1084.0,117.0,182.0,458.0,324.0,126.0,409.0,327.0,276.0,154.0,214.0,117.0,148.5
2018-12-28,1319.0,123.0,160.0,413.0,325.0,131.0,372.0,353.0,255.0,131.0,212.0,139.0,119.0
2018-12-29,379.0,124.0,205.0,420.0,339.0,132.0,376.0,360.0,220.0,200.0,213.0,156.0,153.0
2018-12-30,396.0,127.0,211.0,484.0,388.0,139.0,430.0,423.0,152.0,174.0,238.0,160.0,202.0
2018-12-31,744.0,123.0,150.0,509.0,403.0,134.0,470.0,463.0,215.0,184.0,239.0,146.0,191.0
2019-01-01,1474.0,128.0,212.0,475.0,413.0,132.0,539.0,450.0,278.0,170.0,275.0,180.0,183.0
2019-01-02,1246.0,103.0,158.0,501.0,457.0,133.0,568.0,433.0,298.0,176.0,173.0,124.0,210.0
2019-01-03,1719.0,101.0,167.0,537.0,410.0,141.0,524.0,462.0,319.0,131.0,232.0,128.0,304.0
2019-01-04,1264.0,106.0,192.0,432.0,374.0,142.0,501.0,384.0,315.0,81.0,203.0,124.0,312.0
2019-01-05,1127.0,104.0,116.0,440.0,390.0,148.0,520.0,392.0,299.0,77.0,134.0,104.0,304.0
2019-01-06,908.0,115.0,186.0,371.0,383.0,149.0,477.0,332.0,304.0,70.0,196.0,109.0,306.0
2019-01-07,236.0,120.0,168.0,331.0,246.0,155.0,359.0,279.0,307.0,69.0,179.0,102.0,302.0
2019-01-08,313.0,120.0,108.0,340.0,239.0,151.0,342.0,308.0,296.0,64.0,123.0,108.0,298.0
2019-01-09,471.0,122.0,185.0,321.0,239.0,146.0,313.0,271.0,320.0,75.0,158.0,137.0,274.0
2019-01-10,661.0,120.0,181.0,317.0,270.0,146.0,354.0,210.0,309.0,98.0,141.0,141.0,270.0
2019-01-11,711.0,126.0,199.0,401.0,339.0,153.0,455.0,313.0,279.0,101.0,126.0,127.0,302.0
2019-01-12,854.0,132.0,183.0,482.0,346.0,154.0,424.0,348.0,291.0,118.0,130.0,126.0,257.0
2019-01-13,1258.0,125.0,105.0,464.0,396.0,154.0,447.0,342.0,280.0,83.0,174.0,125.0,212.0
2019-01-14,407.0,111.0,110.0,320.0,347.0,146.0,405.0,275.0,343.0,80.0,144.0,131.0,256.0
2019-01-15,172.0,109.0,115.0,248.0,184.0,147.0,349.0,135.0,281.0,73.0,122.0,132.0,301.0
2019-01-16,116.0,113.0,97.0,383.0,305.0,152.0,333.0,298.0,226.0,133.0,175.0,160.0,274.0
2019-01-17,1302.0,121.0,111.0,515.0,415.0,150.0,449.0,367.0,199.0,135.0,131.0,147.0,262.0
2019-01-18,1275.0,152.0,140.0,437.0,363.0,148.0,482.0,405.0,274.0,131.0,191.0,126.0,287.0
2019-01-19,527.0,122.0,131.0,411.0,310.0,153.0,443.0,349.0,305.0,56.0,243.0,164.0,262.0
2019-01-20,839.0,106.0,102.0,480.0,337.0,155.0,441.0,328.0,307.0,54.0,176.0,159.0,242.0
2019-01-21,1537.0,101.0,98.0,413.0,391.0,132.0,550.0,260.0,313.0,50.0,124.0,176.0,204.0
2019-01-22,547.0,145.0,176.0,174.0,350.0,105.0,525.0,143.0,315.0,48.0,131.0,132.0,230.0
2019-01-23,716.0,156.0,92.0,186.0,331.0,105.0,396.0,153.0,302.0,42.0,99.0,135.0,171.0
2019-01-24,464.0,130.0,99.0,328.0,218.0,112.0,281.0,294.0,281.0,92.0,109.0,164.0,113.0
2019-01-25,302.0,109.0,73.0,188.0,341.0,96.0,345.0,161.0,257.0,142.0,129.0,121.0,96.0
2019-01-26,260.0,102.0,68.0,231.0,208.0,73.0,352.0,170.0,113.0,122.0,89.0,95.0,56.0
2019-01-27,430.0,101.0,70.0,275.0,142.0,72.0,304.0,201.0,101.0,76.0,89.0,94.0,48.0
2019-01-28,477.0,99.0,71.0,301.0,204.0,124.0,219.0,213.0,196.0,90.0,118.0,94.0,91.0
2019-01-29,491.0,83.0,84.0,297.0,214.0,136.0,235.0,194.0,172.0,98.0,130.0,100.0,96.0
2019-01-30,470.0,107.0,120.0,342.0,285.0,108.0,257.0,255.0,160.0,113.0,115.0,90.0,111.0
2019-01-31,847.0,132.0,144.0,397.0,334.0,114.0,375.0,309.0,117.0,83.0,100.0,118.0,143.0
2019-02-01,559.0,109.0,147.0,329.0,329.0,131.0,412.0,258.0,116.0,58.0,102.0,119.0,141.0
2019-02-02,334.0,104.0,99.0,338.0,316.0,118.0,435.0,302.0,205.0,62.0,138.0,107.0,130.0
2019-02-03,346.0,101.0,84.0,323.0,354.0,120.0,366.0,232.0,205.0,84.0,159.0,92.0,149.0
2019-02-04,529.0,81.0,86.0,301.0,283.0,110.0,336.0,205.0,147.0,113.0,182.0,82.0,150.0
2019-02-05,1261.0,92.0,115.0,398.0,280.0,115.0,318.0,234.0,228.0,146.0,151.0,81.0,159.0
2019-02-06,254.0,120.0,149.0,380.0,374.0,130.0,335.0,269.0,272.0,154.0,151.0,86.0,178.0
2019-02-07,308.0,146.0,138.0,233.0,274.0,120.0,379.0,144.0,283.0,98.0,130.0,88.0,159.0
2019-02-08,290.0,113.0,87.0,136.0,132.0,114.0,344.0,123.0,277.0,71.0,127.0,110.0,126.0
2019-02-09,340.0,134.0,77.0,169.0,204.0,128.0,218.0,125.0,165.0,59.0,115.0,104.0,115.0
2019-02-10,492.0,112.0,67.0,277.0,175.0,130.0,208.0,113.0,147.0,126.0,128.0,76.0,136.0
2019-02-11,343.0,80.0,77.0,332.0,189.0,118.0,300.0,310.0,126.0,132.0,115.0,71.0,131.0
2019-02-12,604.0,84.0,126.0,357.0,253.0,122.0,289.0,302.0,114.0,121.0,107.0,78.0,137.0
2019-02-13,1028.0,96.0,200.0,372.0,311.0,130.0,329.0,330.0,122.0,164.0,108.0,96.0,121.0
2019-02-14,755.0,89.0,283.0,350.0,367.0,127.0,342.0,306.0,182.0,119.0,97.0,91.0,157.0
2019-02-15,489.0,103.0,187.0,275.0,304.0,102.0,335.0,186.0,144.0,51.0,115.0,98.0,116.0
2019-02-16,373.0,107.0,87.0,288.0,170.0,91.0,264.0,183.0,115.0,62.0,98.0,96.0,87.0
2019-02-17,914.0,123.0,93.0,247.0,166.0,101.0,186.0,130.0,109.0,99.0,102.0,78.0,58.0
2019-02-18,895.0,116.0,80.0,278.0,161.0,109.0,217.0,171.0,109.0,85.0,112.0,80.0,74.0
2019-02-19,502.0,116.0,78.0,232.0,228.0,123.0,314.0,149.0,84.0,44.0,130.0,65.0,90.0
2019-02-20,834.0,87.0,66.0,305.0,330.0,87.0,330.0,213.0,82.0,79.0,124.0,77.0,61.0
2019-02-21,826.0,85.0,75.0,158.0,271.0,82.0,312.0,111.0,98.0,60.0,130.0,79.0,96.0
2019-02-22,403.0,99.0,104.0,191.0,258.0,94.0,331.0,120.0,103.0,92.0,100.0,78.0,96.0
2019-02-23,253.0,105.0,101.0,116.0,198.0,115.0,279.0,90.0,118.0,78.0,93.0,90.0,126.0
2019-02-24,789.0,110.0,89.0,169.0,139.0,114.0,191.0,103.0,124.0,120.0,113.0,104.0,131.0
2019-02-25,904.0,103.0,105.0,221.0,183.0,100.0,202.0,157.0,137.0,128.0,105.0,95.0,95.0
2019-02-26,467.0,120.0,279.0,144.0,239.0,117.0,311.0,108.0,148.0,96.0,107.0,93.0,62.0
2019-02-27,296.0,115.0,127.0,112.0,196.0,111.0,296.0,86.0,123.0,74.0,85.0,78.0,64.0
2019-02-28,307.0,125.0,100.0,198.0,122.0,112.0,112.0,103.0,98.0,82.0,100.0,84.0,60.0
2019-03-01,350.0,143.0,102.0,222.0,136.0,120.0,130.0,137.0,73.0,109.0,104.0,88.0,101.0
2019-03-02,318.0,107.0,252.0,227.0,274.0,85.0,255.0,155.0,48.0,76.0,103.0,90.0,63.0
2019-03-03,338.0,114.0,128.0,172.0,319.0,68.0,308.0,104.0,63.0,46.0,100.0,85.0,57.0
2019-03-04,276.0,123.0,76.0,217.0,230.0,80.0,266.0,100.0,78.0,48.0,107.0,86.0,54.0
2019-03-05,286.0,118.0,87.0,173.0,228.0,117.0,251.0,100.0,92.0,79.5,102.0,80.0,61.0
2019-03-06,461.0,128.0,111.0,189.0,173.0,136.0,191.0,90.0,102.0,111.0,89.0,66.0,120.0
2019-03-07,824.0,152.0,105.0,228.0,220.0,143.0,189.0,149.0,104.0,135.0,112.0,116.0,105.0
2019-03-08,754.0,167.0,85.0,220.0,288.0,143.0,199.0,154.0,81.0,96.0,98.0,137.0,92.0
2019-03-09,926.0,151.0,90.0,194.0,234.0,122.0,213.0,153.0,80.0,77.0,102.0,106.0,86.0
2019-03-10,280.0,100.0,83.0,157.0,198.0,102.0,316.0,107.0,79.0,99.0,111.0,83.0,56.0
2019-03-11,310.0,91.0,66.0,190.0,222.0,92.0,244.0,136.0,74.0,85.0,96.0,77.0,78.0
2019-03-12,606.0,105.0,89.0,149.0,279.0,97.0,241.0,126.0,105.0,60.0,111.0,99.0,74.0
2019-03-13,632.0,113.0,143.0,168.0,207.0,101.0,218.0,145.0,121.0,114.0,105.0,74.0,97.0
2019-03-14,262.0,118.0,155.0,281.0,218.0,101.0,195.0,245.0,131.0,106.0,108.0,142.0,107.0
2019-03-15,428.0,106.0,100.0,183.0,212.0,104.0,164.0,138.0,130.0,74.0,90.0,88.0,130.0
2019-03-16,625.0,108.0,86.0,143.0,130.0,101.0,173.0,116.0,107.0,71.0,92.0,94.0,110.0
2019-03-17,321.0,115.0,106.0,198.0,149.0,97.0,221.0,144.0,98.0,119.0,109.0,101.0,98.0
2019-03-18,353.0,123.0,86.0,221.0,237.0,93.0,174.0,161.0,98.0,136.0,109.0,88.0,101.0
2019-03-19,1017.0,113.0,87.0,239.0,212.0,85.0,206.0,197.0,100.0,142.0,107.0,80.0,85.0
2019-03-20,876.0,102.0,103.0,234.0,254.0,86.0,205.0,189.0,78.0,86.0,101.0,69.0,85.0
2019-03-21,380.0,120.0,138.0,272.0,270.0,95.0,327.0,243.0,74.0,61.0,121.0,79.0,60.0
2019-03-22,730.0,122.0,102.0,141.0,139.0,87.0,255.0,144.0,91.0,69.0,101.0,94.0,56.0
2019-03-23,998.0,119.0,95.0,131.0,110.0,101.0,188.0,99.0,114.0,82.0,90.0,81.0,67.0
2019-03-24,917.0,120.0,83.0,126.0,134.0,111.0,204.0,103.0,101.0,71.0,101.0,80.0,79.0
2019-03-25,402.0,97.0,83.0,136.0,190.0,107.0,182.0,114.0,99.0,89.0,112.0,79.0,45.0
2019-03-26,404.0,113.0,87.0,162.0,217.0,113.0,134.0,119.0,81.0,95.0,101.0,82.0,53.0
2019-03-27,559.0,129.0,81.0,177.0,172.0,107.0,165.0,127.0,71.0,148.0,110.0,89.0,69.0
2019-03-28,1459.0,148.0,81.0,245.0,215.0,114.0,201.0,193.0,87.0,230.0,128.0,74.0,65.0
2019-03-29,1222.0,149.0,73.0,273.0,304.0,127.0,204.0,230.0,91.0,139.0,142.0,79.0,78.0
2019-03-30,869.0,137.0,81.0,252.0,315.0,132.0,224.0,254.0,103.0,135.0,132.0,82.0,83.0
2019-03-31,471.0,135.0,100.0,198.0,261.0,124.0,192.0,193.0,110.0,83.0,116.0,86.0,64.0
2019-04-01,353.0,126.0,130.0,153.0,137.0,106.0,149.0,114.0,126.0,87.0,109.0,79.0,102.0
2019-04-02,679.0,136.0,126.0,194.0,204.0,114.0,132.0,161.0,108.0,118.0,109.0,80.0,92.0
2019-04-03,688.0,135.0,117.0,208.0,291.0,106.0,188.0,183.0,101.0,139.0,125.0,83.0,58.0
2019-04-04,1044.0,127.0,89.0,260.0,336.0,102.0,178.0,187.0,91.0,110.0,128.0,74.0,76.0
2019-04-05,537.0,130.0,100.0,284.0,315.0,93.0,108.0,260.0,96.0,167.0,144.0,65.0,78.0
2019-04-06,420.0,130.0,101.0,269.0,232.0,89.0,94.0,282.0,86.0,182.0,137.0,61.0,91.0
2019-04-07,534.0,127.0,99.0,315.0,195.0,78.0,140.0,312.0,105.0,122.0,132.0,66.0,124.0
2019-04-08,472.0,125.0,98.0,284.0,153.0,80.0,121.0,320.0,81.0,90.0,457.0,69.0,75.0
2019-04-09,493.0,149.0,112.0,240.0,155.0,91.0,111.0,243.0,80.0,122.0,199.0,70.0,73.0
2019-04-10,566.0,123.0,111.0,263.0,197.0,100.0,133.0,247.0,100.0,114.0,140.0,68.0,101.0
2019-04-11,1121.0,112.0,110.0,196.0,197.0,87.0,136.0,194.0,86.0,97.0,138.0,83.0,64.0
2019-04-12,944.0,130.0,100.0,202.0,278.0,82.0,147.0,220.0,91.0,89.0,258.0,68.0,80.0
2019-04-13,395.0,109.0,79.0,175.0,253.0,91.0,148.0,180.0,96.0,78.0,194.0,72.0,85.0
2019-04-14,406.0,106.0,76.0,150.0,169.0,102.0,171.0,140.0,99.0,93.0,121.0,72.0,80.0
2019-04-15,649.0,111.0,76.0,163.0,150.0,95.0,141.0,166.0,89.0,111.0,124.0,64.0,84.0
2019-04-16,428.0,115.0,70.0,206.0,171.0,104.0,116.0,257.0,110.0,126.0,164.0,65.0,79.0
2019-04-17,392.0,124.0,73.0,102.0,136.0,91.0,98.0,76.0,114.0,65.0,82.0,61.0,91.0
2019-04-18,274.0,127.0,62.0,104.0,115.0,96.0,135.0,58.0,111.0,58.0,86.0,66.0,79.0
2019-04-19,354.0,107.0,66.0,151.0,95.0,94.0,187.0,120.0,88.0,87.0,102.0,63.0,82.0
2019-04-20,419.0,122.0,81.0,199.0,132.0,69.0,224.0,136.0,71.0,101.0,122.0,65.0,45.0
2019-04-21,1205.0,106.0,85.0,225.0,230.0,69.0,189.0,173.0,79.0,124.0,124.0,70.0,41.0
2019-04-22,778.0,107.0,74.0,246.0,258.0,70.0,127.0,201.0,85.0,158.0,119.0,73.0,78.0
2019-04-23,730.0,112.0,74.0,257.0,314.0,96.0,144.0,234.0,72.0,129.0,154.0,70.0,124.0
2019-04-24,608.0,108.0,73.0,232.0,223.0,92.0,167.0,253.0,63.0,149.0,157.0,79.0,73.0
2019-04-25,792.5,126.0,76.0,251.0,218.0,102.0,204.0,313.0,83.0,91.0,135.0,70.0,71.0
2019-04-26,977.0,144.0,75.0,223.0,298.0,108.0,160.0,275.0,116.0,82.0,181.0,69.0,79.0
2019-04-27,1161.5,150.0,69.0,248.0,222.0,124.0,153.0,296.0,113.0,93.0,151.0,69.0,78.0
2019-04-28,1346.0,141.0,71.0,269.0,283.0,112.0,197.0,259.0,102.0,125.0,142.0,64.0,57.0
2019-04-29,1015.0,140.0,75.0,256.0,287.0,103.0,168.0,261.0,85.0,129.0,143.0,70.0,46.0
2019-04-30,255.0,124.0,78.0,257.0,287.0,98.0,167.0,288.0,56.0,124.0,153.0,70.0,58.0
2019-05-01,518.0,111.0,80.0,285.0,322.0,96.0,149.0,309.0,46.0,106.0,156.0,78.0,83.0
2019-05-02,604.0,103.0,78.0,275.0,277.0,111.0,133.0,318.0,50.0,109.0,166.0,76.0,109.0
2019-05-03,315.0,112.0,78.0,202.0,151.0,119.0,84.0,209.0,97.0,97.0,149.0,100.0,148.0
2019-05-04,326.0,120.0,80.0,182.0,141.0,110.0,106.0,147.0,175.0,97.0,124.0,102.0,158.0
2019-05-05,449.0,132.0,79.0,231.0,124.0,106.0,181.0,235.0,160.0,114.0,117.0,96.0,146.0
2019-05-06,455.0,131.0,82.0,267.0,112.0,118.0,186.0,230.0,190.0,147.0,138.0,105.0,133.0
2019-05-07,398.0,113.0,83.0,310.0,121.0,130.0,210.0,297.0,163.0,119.0,134.0,100.0,122.0
2019-05-08,346.0,87.0,75.0,389.0,183.0,133.0,190.0,323.0,166.0,120.0,183.0,76.0,126.0
2019-05-09,291.0,106.0,79.0,390.0,197.0,132.0,202.0,395.0,151.0,147.0,218.0,66.0,131.0
2019-05-10,289.3333333333333,120.0,77.0,333.0,219.0,125.0,223.0,354.0,163.0,198.0,156.0,64.0,124.0
2019-05-11,287.66666666666663,105.0,126.0,266.0,210.0,121.0,200.0,249.0,140.0,244.0,138.0,59.0,106.0
2019-05-12,285.99999999999994,101.0,150.0,352.0,164.0,104.0,210.0,367.0,138.0,116.0,206.0,69.0,106.75
2019-05-13,284.33333333333326,106.0,135.0,376.0,183.0,109.0,151.0,344.0,135.0,174.0,121.0,59.0,107.5
2019-05-14,282.6666666666666,88.0,145.0,217.0,178.0,98.0,186.0,164.0,129.0,99.0,100.0,59.0,108.25
2019-05-15,281.0,96.0,132.0,194.0,198.0,110.0,209.0,173.0,116.0,112.0,184.0,82.0,109.0
2019-05-16,330.0,102.0,107.0,192.0,223.0,93.0,156.0,163.0,111.0,101.0,343.0,112.0,92.0
2019-05-17,356.0,110.0,102.0,257.0,192.0,109.0,147.0,227.0,125.0,99.0,199.0,121.0,88.0
2019-05-18,359.0,121.0,88.0,176.0,167.0,112.0,166.0,119.0,117.0,76.0,169.0,111.0,95.0
2019-05-19,547.0,116.0,83.0,168.0,144.0,134.0,220.0,120.0,127.0,100.0,104.0,54.0,93.0
2019-05-20,813.0,109.0,76.0,216.0,196.0,120.0,212.0,209.0,117.5,102.0,107.0,54.0,104.0
2019-05-21,321.0,109.0,71.0,206.0,189.0,111.0,200.0,192.0,108.0,90.0,105.0,71.0,80.0
2019-05-22,270.0,107.0,80.0,167.0,203.0,109.0,132.0,167.0,115.0,106.0,105.0,67.0,89.5
2019-05-23,323.0,102.0,79.0,228.0,189.0,104.0,166.0,195.0,106.0,108.0,96.0,59.0,99.0
2019-05-24,344.0,92.0,113.0,151.0,150.0,92.0,100.0,132.0,101.0,79.0,97.0,54.0,99.0
2019-05-25,404.0,82.0,124.0,125.0,142.0,112.0,93.0,89.0,109.0,71.0,120.0,62.0,108.0
2019-05-26,558.0,91.0,131.0,135.0,125.0,124.0,166.0,96.0,126.0,77.0,98.0,50.0,99.0
2019-05-27,435.0,92.0,113.0,163.0,160.0,114.0,196.0,120.0,120.0,77.0,111.0,44.0,106.0
2019-05-28,440.0,92.0,132.0,175.0,211.0,112.0,180.0,163.0,106.0,81.0,134.0,66.0,85.0
2019-05-29,374.0,112.0,137.0,191.0,175.0,124.0,167.0,157.0,114.0,100.0,109.0,84.0,83.0
2019-05-30,515.0,98.0,141.0,226.0,231.0,119.0,169.0,240.0,111.0,123.0,103.0,68.0,83.0
2019-05-31,360.0,101.0,156.0,266.0,230.0,105.0,205.0,300.0,103.0,122.0,117.0,70.0,74.0
2019-06-01,467.0,89.0,148.0,300.0,167.0,95.0,112.0,304.0,103.0,121.0,116.0,57.0,103.0
2019-06-02,402.0,100.0,143.0,222.0,176.0,111.0,136.0,250.0,87.0,124.0,121.0,49.0,101.0
2019-06-03,419.0,98.0,161.0,232.0,184.0,91.0,97.0,223.0,97.0,135.0,148.0,46.5,80.0
2019-06-04,408.0,69.0,143.0,212.0,174.0,75.0,128.0,234.0,109.0,148.0,166.0,44.0,107.0
2019-06-05,402.0,78.0,153.0,190.0,195.0,86.0,100.0,208.0,88.0,104.0,175.0,52.0,91.0
2019-06-06,303.0,78.0,132.0,209.0,205.0,103.0,115.0,244.0,117.0,103.0,145.0,47.0,78.0
2019-06-07,354.0,102.0,94.0,192.0,145.0,89.0,121.0,253.0,121.0,79.0,158.0,60.0,65.0
2019-06-08,358.0,76.0,126.0,184.0,104.0,78.0,158.0,214.0,109.0,90.0,154.0,51.0,71.0
2019-06-09,324.0,66.0,119.0,237.0,151.0,88.0,180.0,233.0,119.0,94.0,137.0,44.0,90.0
2019-06-10,360.0,54.0,100.0,230.0,183.0,75.0,155.0,289.0,122.0,98.0,135.0,53.0,78.0
2019-06-11,348.0,50.0,116.0,315.0,173.0,60.0,182.0,348.0,99.0,113.0,125.0,39.0,61.0
2019-06-12,333.0,51.0,119.0,280.0,144.0,48.0,133.0,327.0,119.0,122.0,95.0,,50.0
2019-06-13,321.0,50.0,110.0,189.0,162.0,39.0,184.0,186.0,112.0,101.0,85.0,,42.0
2019-06-14,338.0,59.0,91.0,167.0,202.0,40.0,200.0,150.0,101.0,98.0,88.0,,38.0
2019-06-15,369.0,69.0,89.0,217.0,225.0,55.0,216.0,185.0,122.0,126.0,100.0,,54.0
2019-06-16,397.0,63.0,87.0,205.0,199.0,57.0,172.0,206.0,135.0,106.0,85.0,,75.0
2019-06-17,414.0,61.0,80.0,126.0,113.0,60.0,185.0,104.0,109.0,104.0,101.0,,72.0
2019-06-18,363.0,70.0,108.0,119.0,114.0,60.0,198.0,141.0,100.0,91.0,101.0,,59.0
2019-06-19,371.0,74.0,91.0,173.0,160.0,60.0,142.0,159.0,153.0,153.0,88.0,50.0,77.0
2019-06-20,565.0,67.0,88.0,175.0,138.0,54.0,120.0,177.0,126.0,121.0,78.0,51.0,59.0
2019-06-21,348.0,64.0,92.0,178.0,164.0,65.0,125.0,152.0,86.0,81.0,91.0,51.66666666666666,42.0
2019-06-22,184.0,67.0,96.0,185.0,207.0,60.0,108.0,190.0,104.0,94.0,123.0,52.33333333333333,46.0
2019-06-23,328.0,66.0,109.0,153.0,112.0,60.0,104.0,137.0,98.0,100.0,135.0,52.99999999999999,48.0
2019-06-24,440.0,65.0,101.0,118.0,115.0,62.0,89.0,90.0,75.0,96.0,100.0,53.66666666666666,53.0
2019-06-25,411.0,65.0,129.0,131.0,151.0,62.0,93.0,108.0,60.0,65.0,100.0,54.33333333333332,78.0
2019-06-26,469.0,74.0,179.0,161.0,143.0,60.0,115.0,123.0,73.0,66.0,102.0,55.0,74.0
2019-06-27,436.0,72.0,69.0,169.0,161.0,38.0,111.0,150.0,98.0,100.0,172.0,53.0,70.0
2019-06-28,517.0,72.0,78.0,207.0,199.0,35.0,150.0,182.0,100.0,94.0,168.0,48.0,42.0
2019-06-29,640.0,79.0,106.0,223.0,226.0,35.0,117.0,191.0,105.0,127.0,109.0,49.0,40.0
2019-06-30,465.0,68.0,123.0,234.0,239.0,39.0,93.0,222.0,80.0,126.0,98.0,46.0,46.0
2019-07-01,486.0,65.0,125.0,195.0,124.0,44.0,113.0,173.0,84.0,93.0,102.0,48.0,39.0
2019-07-02,446.0,70.0,73.0,202.0,172.0,36.0,106.0,196.0,88.0,86.0,104.0,46.0,66.0
2019-07-03,426.0,64.0,174.0,162.0,104.0,46.0,91.0,166.0,107.0,98.0,107.0,50.0,68.0
2019-07-04,534.0,65.0,84.0,111.0,94.0,49.0,92.0,74.0,132.0,105.0,87.0,88.0,68.0
2019-07-05,610.0,63.0,134.0,113.0,98.0,46.0,101.0,68.0,110.0,77.0,69.0,52.0,70.0
2019-07-06,491.0,62.0,85.0,99.0,105.0,42.0,93.0,66.0,80.0,73.0,79.0,53.0,72.0
2019-07-07,451.0,69.0,77.0,101.0,107.0,47.0,84.0,72.0,107.0,59.0,66.0,41.0,43.0
2019-07-08,509.0,58.0,88.0,129.0,104.0,36.0,96.0,92.0,128.0,67.0,83.0,37.0,35.0
2019-07-09,491.0,64.0,92.0,131.0,80.0,43.0,101.0,101.0,128.5,69.0,104.0,53.0,37.0
2019-07-10,524.0,68.0,92.0,150.0,90.0,36.0,87.0,129.0,129.0,89.0,109.0,53.0,75.0
2019-07-11,575.0,86.0,76.0,300.0,92.0,40.0,78.0,258.0,108.0,146.0,120.0,62.0,40.0
2019-07-12,490.0,71.0,81.0,294.0,91.0,45.0,79.0,238.0,102.0,110.0,103.0,66.0,70.0
2019-07-13,503.0,62.0,94.0,312.0,95.0,46.0,83.0,197.0,110.0,142.0,95.0,45.0,48.0
2019-07-14,469.0,63.0,80.0,243.0,84.0,36.0,69.0,199.0,106.0,60.0,96.0,44.0,41.0
2019-07-15,455.0,65.0,99.0,180.0,114.0,44.0,91.0,192.0,106.0,51.0,96.0,50.0,48.0
2019-07-16,488.0,65.0,80.0,117.0,78.0,60.0,107.0,135.0,106.0,73.0,119.0,70.0,39.0
2019-07-17,513.0,69.0,77.0,92.0,102.0,68.0,108.0,73.0,143.0,52.0,103.0,55.0,55.0
2019-07-18,466.0,73.0,85.0,98.0,88.0,70.0,106.0,67.0,117.0,53.0,98.0,49.0,53.0
2019-07-19,429.0,66.0,74.0,142.0,103.0,89.0,112.0,80.0,106.0,64.0,68.0,41.0,46.0
2019-07-20,459.0,48.0,84.0,137.0,112.0,64.0,104.0,130.0,89.0,61.0,81.0,49.0,47.0
2019-07-21,385.0,64.0,87.0,123.0,86.0,54.0,100.0,88.0,57.0,60.0,81.0,43.0,45.0
2019-07-22,309.0,57.0,70.0,124.0,81.0,48.0,109.0,108.0,46.0,71.0,80.0,52.0,39.0
2019-07-23,587.0,56.0,73.0,156.0,86.0,48.0,102.0,109.0,49.0,75.0,71.0,51.0,35.0
2019-07-24,482.0,60.0,73.0,165.0,78.0,47.0,85.0,133.0,75.0,79.0,67.0,55.0,35.0
2019-07-25,502.0,64.0,94.0,98.0,72.0,49.0,83.0,64.0,100.0,70.0,61.0,52.0,35.0
2019-07-26,469.0,62.0,85.0,94.0,79.0,50.0,103.0,61.0,78.0,46.0,62.0,57.0,35.0
2019-07-27,413.0,55.0,66.0,85.0,67.0,47.0,108.0,72.0,52.0,55.0,73.0,61.0,65.0
2019-07-28,478.0,62.0,83.0,83.0,95.0,47.0,93.0,45.0,71.0,55.0,58.0,56.0,36.0
2019-07-29,515.0,64.0,77.0,82.0,80.0,42.0,90.0,43.0,53.0,51.0,59.0,70.0,68.0
2019-07-30,461.0,58.0,74.0,90.0,75.0,35.0,95.0,50.0,85.0,48.0,56.0,78.0,28.0
2019-07-31,709.0,58.0,114.0,90.0,91.0,37.0,94.0,58.0,104.0,47.0,72.0,139.0,29.0
2019-08-01,957.0,61.0,105.0,98.0,91.0,41.0,96.0,61.0,113.0,47.0,66.0,46.0,34.0
2019-08-02,685.0,59.0,129.0,95.0,145.0,37.0,102.0,64.0,75.0,42.0,56.0,54.0,68.0
2019-08-03,492.0,56.0,130.0,104.0,108.0,39.0,120.0,72.0,68.0,45.0,62.0,56.0,24.0
2019-08-04,464.0,60.0,126.0,101.0,108.0,36.0,101.0,72.0,83.0,67.0,54.0,45.0,27.0
2019-08-05,477.0,53.0,105.0,108.0,103.0,37.0,106.0,69.0,88.0,59.0,74.0,55.0,31.0
2019-08-06,564.0,48.0,110.0,99.0,86.0,51.0,145.0,71.0,82.0,56.0,66.0,52.0,32.0
2019-08-07,545.0,57.0,65.0,104.0,98.0,46.0,109.0,46.0,52.0,52.0,71.0,55.0,66.0
2019-08-08,530.0,53.0,84.0,99.0,107.0,47.0,110.5,51.0,63.0,61.0,67.0,90.0,27.0
2019-08-09,448.0,55.0,70.0,89.0,94.0,46.0,112.0,54.0,90.0,54.0,54.0,53.0,32.0
2019-08-10,440.0,49.0,74.0,75.0,92.0,45.0,116.0,52.0,98.0,43.0,48.0,59.0,70.0
2019-08-11,452.0,50.0,76.0,83.0,100.0,50.0,116.0,38.0,102.0,53.0,51.0,45.0,76.0
2019-08-12,573.0,52.0,112.0,80.0,103.0,63.0,148.0,48.0,90.0,54.0,62.0,43.0,49.0
2019-08-13,467.0,68.0,80.0,85.0,116.0,72.0,121.0,60.0,101.0,53.0,74.0,54.0,49.66666666666666
2019-08-14,492.0,70.0,106.0,93.0,105.0,75.0,103.0,55.0,108.0,50.0,79.0,50.0,50.33333333333333
2019-08-15,471.0,59.0,105.0,93.0,83.0,58.0,90.0,53.0,113.0,58.0,71.0,51.0,51.0
2019-08-16,505.0,51.0,110.0,73.0,81.0,53.0,96.0,41.0,104.5,50.0,49.0,51.0,49.0
2019-08-17,473.0,61.0,82.0,67.0,60.0,69.0,100.0,55.0,96.0,44.0,55.0,52.0,40.0
2019-08-18,539.0,67.0,69.0,66.0,64.0,89.0,101.0,49.0,113.0,39.0,55.0,52.0,
2019-08-19,627.0,65.0,58.0,99.0,69.0,85.0,122.0,51.0,112.0,45.0,70.0,51.0,
2019-08-20,466.0,74.0,68.0,103.0,80.0,82.0,113.0,85.0,108.0,48.0,81.0,48.0,
2019-08-21,465.0,73.0,77.0,107.0,74.0,75.0,107.0,117.0,112.0,68.0,83.0,42.0,
2019-08-22,462.0,68.0,82.0,125.0,78.0,67.0,126.0,107.0,77.0,77.0,71.0,48.0,
2019-08-23,523.0,65.0,52.0,130.0,72.0,65.0,86.0,96.0,109.0,69.0,76.0,45.0,
2019-08-24,385.0,57.0,48.0,149.0,78.0,51.0,92.0,115.0,97.0,77.0,66.0,49.0,
2019-08-25,360.0,68.0,47.0,107.0,74.0,51.0,93.0,87.0,82.0,80.0,71.0,50.0,
2019-08-26,532.0,63.0,57.0,77.0,66.0,52.0,114.0,53.0,95.0,74.0,61.0,51.0,
2019-08-27,651.0,61.0,48.0,114.0,85.0,65.0,108.0,55.0,108.0,68.0,65.0,53.0,
2019-08-28,434.0,52.0,104.0,119.0,73.0,68.0,92.0,69.0,109.0,84.0,73.0,58.0,92.0
2019-08-29,517.0,49.0,51.0,103.0,93.0,65.0,107.0,73.0,102.0,64.0,68.0,48.0,47.0
2019-08-30,563.0,53.0,101.0,110.0,104.0,54.0,115.0,59.0,,60.0,73.0,55.0,37.0
2019-08-31,464.0,63.0,121.0,123.0,110.0,41.0,144.0,74.0,,70.0,69.0,47.0,
2019-09-01,420.0,61.0,122.0,123.0,103.0,44.0,200.0,72.0,,80.0,75.0,44.0,
2019-09-02,419.0,48.0,108.0,105.0,102.0,38.0,87.0,66.0,,54.0,64.0,51.0,
2019-09-03,447.0,51.0,100.0,131.0,85.0,38.0,155.0,122.0,,79.0,86.0,59.0,
2019-09-04,401.0,51.0,146.0,165.0,73.0,35.0,135.0,156.0,,144.0,83.0,52.0,
2019-09-05,446.0,56.0,70.0,118.0,72.0,32.0,103.0,104.0,,64.0,76.0,55.0,
2019-09-06,432.0,64.0,75.0,96.0,75.0,34.0,138.0,67.0,62.0,55.0,75.0,53.0,
2019-09-07,454.0,63.0,105.0,95.0,73.0,32.0,179.0,60.0,56.0,70.0,74.0,58.0,
2019-09-08,408.0,62.0,76.0,99.0,63.0,33.0,160.0,96.0,64.0,68.0,72.0,54.0,
2019-09-09,381.0,63.0,76.0,107.0,67.0,36.0,181.0,76.0,98.0,70.0,75.0,52.0,
2019-09-10,468.0,67.0,111.0,139.0,74.0,39.0,98.0,118.0,111.0,81.0,108.0,48.0,
2019-09-11,508.25,62.0,150.0,166.0,76.0,50.0,109.0,167.0,104.0,77.0,103.0,44.0,
2019-09-12,548.5,68.0,103.0,158.0,92.0,57.0,98.0,165.0,93.0,79.0,91.0,45.0,
2019-09-13,588.75,67.0,78.0,103.0,95.0,49.0,72.0,89.0,96.0,84.0,83.0,46.0,
2019-09-14,629.0,70.0,81.0,85.0,77.0,48.0,68.0,83.0,107.0,103.0,71.0,49.0,
2019-09-15,793.0,69.0,89.0,83.0,81.0,61.0,94.0,85.0,86.0,85.0,67.0,53.0,
2019-09-16,495.0,67.0,100.0,111.0,69.0,65.0,109.0,91.0,83.0,79.0,80.0,56.0,
2019-09-17,528.0,120.0,96.0,143.0,69.0,65.0,105.0,112.0,91.0,56.0,88.0,57.0,
2019-09-18,570.0,92.0,105.0,117.0,81.0,65.0,102.0,95.0,60.0,75.0,89.0,57.0,
2019-09-19,708.0,82.0,95.0,80.0,72.0,56.0,114.0,82.0,43.0,91.0,81.0,58.0,
2019-09-20,314.0,67.0,120.0,96.0,86.0,53.0,101.0,82.0,53.0,97.0,64.0,56.0,
2019-09-21,386.0,74.0,106.0,112.0,89.0,61.0,109.0,85.0,77.0,90.0,59.0,51.0,
2019-09-22,356.0,81.0,126.0,86.0,81.0,61.0,95.0,62.0,44.0,87.0,54.0,50.0,
2019-09-23,398.0,91.0,135.0,89.0,72.0,65.0,97.0,72.0,42.0,66.0,57.0,58.0,
2019-09-24,476.0,100.0,114.0,103.0,85.0,60.0,97.0,82.0,64.0,61.0,126.0,68.0,
2019-09-25,572.0,81.0,93.0,100.0,92.0,49.0,72.0,83.0,84.0,87.0,78.0,74.0,
2019-09-26,427.0,64.0,99.0,87.0,70.0,53.0,65.0,75.0,106.0,146.0,55.0,80.0,
2019-09-27,466.0,83.0,103.0,78.0,67.0,38.0,70.0,54.0,131.0,96.0,53.0,78.0,
2019-09-28,438.0,99.0,105.0,78.0,54.0,44.0,69.0,59.0,110.0,60.0,54.0,64.0,
2019-09-29,432.0,93.0,116.0,68.0,52.0,63.0,60.0,49.0,89.0,63.0,66.0,76.0,
2019-09-30,322.0,73.0,106.0,75.0,52.0,75.0,70.0,48.0,98.0,48.0,83.0,153.0,
2019-10-01,266.0,88.0,109.0,98.0,65.0,87.0,87.0,76.0,93.0,57.0,80.0,109.0,
2019-10-02,430.0,92.0,122.0,105.0,66.0,72.0,85.0,89.0,97.0,67.0,81.0,63.0,
2019-10-03,528.0,95.0,110.0,140.0,76.0,85.0,94.0,98.0,117.0,84.0,95.0,63.0,
2019-10-04,512.0,104.0,72.0,113.0,91.0,81.0,105.0,97.0,114.33333333333331,55.0,95.0,60.0,
2019-10-05,614.0,107.0,78.0,108.0,104.0,71.0,114.0,86.0,111.66666666666666,60.0,78.0,56.0,
2019-10-06,954.0,85.0,145.0,127.0,126.0,82.0,119.0,96.0,109.0,86.0,88.0,62.0,
2019-10-07,1217.0,88.0,108.0,133.0,146.0,86.0,115.0,91.0,74.0,94.0,106.0,48.0,
2019-10-08,659.0,92.0,141.0,123.0,167.0,95.0,111.0,95.0,114.0,132.0,105.0,57.0,50.0
2019-10-09,1389.0,89.0,114.0,165.0,197.0,92.0,107.0,108.0,97.5,81.0,108.0,55.0,78.0
2019-10-10,1195.0,146.0,92.0,208.0,149.0,80.0,103.0,153.0,81.0,77.0,104.0,67.0,45.0
2019-10-11,615.0,95.0,87.0,243.0,160.0,70.0,107.0,192.0,100.0,154.0,104.0,58.0,43.0
2019-10-12,904.0,90.0,92.0,235.0,162.0,67.0,107.0,172.0,101.0,155.0,106.0,63.0,72.0
2019-10-13,1595.0,72.0,89.0,282.0,160.0,70.0,120.0,188.0,133.0,179.0,125.0,54.0,46.0
2019-10-14,1257.0,73.0,86.0,285.0,208.0,88.0,152.5,241.0,147.0,205.0,128.0,64.0,74.0
2019-10-15,919.0,79.0,75.0,291.0,198.0,98.0,185.0,254.0,75.0,104.0,136.0,67.0,55.0
2019-10-16,1190.0,71.0,64.0,320.0,198.0,98.0,225.0,291.0,83.0,117.0,136.0,71.0,72.0
2019-10-17,956.0,75.0,61.0,300.0,222.0,117.0,299.0,289.0,48.0,95.0,127.0,56.0,51.0
2019-10-18,1124.0,69.0,80.0,265.0,226.0,64.0,313.0,295.0,45.0,94.0,123.0,59.0,43.0
2019-10-19,318.0,71.0,75.0,170.0,210.0,54.0,314.0,165.0,52.0,58.0,109.0,61.0,41.0
2019-10-20,228.0,56.0,73.0,242.0,260.0,63.0,204.0,223.0,64.0,87.0,120.0,56.0,52.0
2019-10-21,225.0,69.0,71.0,254.0,301.0,53.0,237.0,225.0,44.0,110.0,143.0,51.0,72.0
2019-10-22,258.0,69.0,69.0,243.0,288.0,71.0,329.0,232.0,62.0,147.0,149.0,60.0,44.0
2019-10-23,249.0,66.0,81.0,248.0,280.0,78.0,308.0,223.0,74.0,227.0,193.0,60.0,71.0
2019-10-24,270.0,62.0,67.0,335.0,293.0,72.0,330.0,292.0,97.5,179.0,145.0,72.0,40.0
2019-10-25,334.0,65.0,86.0,331.0,235.0,51.0,163.0,308.0,121.0,198.0,163.0,79.0,39.0
2019-10-26,273.0,59.0,121.0,315.0,180.0,52.0,113.0,272.0,93.0,234.0,170.0,58.0,69.0
2019-10-27,199.0,74.0,306.0,354.0,193.0,59.0,160.0,311.0,132.0,212.0,144.0,63.0,49.0
2019-10-28,212.0,88.0,208.0,417.0,356.0,126.0,408.0,396.0,284.0,399.0,355.0,69.0,67.0
2019-10-29,200.0,80.0,83.0,419.0,356.0,94.0,364.0,375.0,60.0,309.0,310.0,77.0,48.0
2019-10-30,305.0,78.0,84.0,452.0,330.0,82.0,364.0,369.0,81.0,247.0,203.0,68.0,48.0
2019-10-31,502.0,68.0,141.0,460.0,364.0,76.0,346.0,374.0,101.0,321.0,143.0,61.0,45.0
2019-11-01,362.0,84.0,133.0,591.0,383.0,54.0,356.0,476.0,163.0,313.0,132.0,62.0,64.0
2019-11-02,275.0,77.0,76.0,473.0,428.0,66.0,425.0,431.0,134.0,313.0,171.0,69.0,49.0
2019-11-03,351.0,89.0,91.0,659.0,431.0,84.0,419.0,607.0,281.0,302.0,247.0,60.0,74.0
2019-11-04,636.0,95.0,222.0,532.0,453.0,96.0,395.0,448.0,307.0,288.0,191.0,59.0,94.0
2019-11-05,346.0,139.0,261.0,385.0,455.0,155.0,416.0,360.0,271.0,261.0,154.0,66.0,122.0
2019-11-06,561.0,169.0,229.0,265.0,353.0,177.0,349.0,221.0,266.0,254.0,139.0,67.0,190.0
2019-11-07,358.0,174.0,273.0,296.0,369.0,155.0,346.0,280.0,275.0,212.0,101.0,65.0,198.0
2019-11-08,316.0,159.0,294.0,346.0,362.0,131.0,367.0,335.0,169.0,54.0,162.0,65.0,174.0
2019-11-09,358.0,116.0,253.0,321.0,332.0,156.0,328.0,316.0,158.0,72.0,220.0,64.0,168.0
2019-11-10,282.0,96.0,230.0,339.0,265.0,169.0,265.0,300.0,111.0,140.0,188.0,63.0,126.0
2019-11-11,289.0,124.0,192.0,376.0,245.0,122.0,282.0,340.0,105.0,160.0,192.0,69.0,77.0
2019-11-12,733.0,96.0,77.0,475.0,307.0,104.0,309.0,425.0,103.0,285.0,209.0,71.0,94.0
2019-11-13,638.0,83.0,76.0,532.0,362.0,123.0,358.0,502.0,98.0,358.0,250.0,95.0,73.0
2019-11-14,415.0,80.0,92.0,537.0,357.0,125.0,396.0,488.0,107.0,334.0,277.0,136.0,101.0
2019-11-15,411.0,77.0,84.0,595.0,342.0,127.0,349.0,548.0,110.0,317.0,248.0,111.0,100.0
2019-11-16,433.0,82.0,57.0,438.0,326.0,141.0,316.0,434.0,109.0,259.0,167.0,156.0,115.0
2019-11-17,632.0,76.0,122.0,273.0,289.0,131.0,319.0,244.0,96.0,110.0,123.0,61.0,127.0
2019-11-18,883.0,72.0,90.0,245.0,187.0,145.0,325.0,142.0,82.0,162.0,104.0,67.0,90.0
2019-11-19,884.0,74.0,63.0,251.0,225.0,165.0,311.0,148.0,105.0,322.0,96.0,72.0,98.0
2019-11-20,552.0,77.0,47.0,315.0,300.0,181.0,334.0,223.0,152.0,235.0,115.0,80.0,162.0
2019-11-21,662.0,86.0,56.0,375.0,330.0,161.0,332.0,318.0,114.0,280.0,120.0,71.0,141.0
2019-11-22,356.0,96.0,60.0,377.0,327.0,161.0,374.0,331.0,106.0,157.0,130.0,76.0,94.0
2019-11-23,477.0,90.0,64.0,334.0,330.0,159.0,403.0,305.0,112.0,85.0,176.0,91.0,97.0
2019-11-24,443.0,79.0,110.0,264.0,292.0,156.0,394.0,234.0,136.0,74.0,145.0,83.0,136.0
2019-11-25,378.0,83.0,86.0,269.0,276.0,163.0,400.0,236.0,181.0,108.0,165.0,76.0,167.0
2019-11-26,441.0,88.0,77.0,284.0,365.0,176.0,422.0,244.0,226.0,113.0,124.0,93.0,174.0
2019-11-27,411.0,89.0,80.0,166.0,373.0,154.0,435.0,123.0,169.0,64.0,109.0,83.0,151.0
2019-11-28,236.0,86.0,63.0,106.0,377.0,146.0,403.0,97.0,111.0,44.0,175.0,80.0,121.0
2019-11-29,212.0,75.0,53.0,89.0,262.0,129.0,378.0,73.0,87.0,47.0,148.0,82.0,78.0
2019-11-30,199.0,75.0,48.0,175.0,178.0,127.0,358.0,103.0,134.0,60.0,118.0,73.0,79.0
2019-12-01,248.0,65.0,60.0,257.0,207.0,127.0,315.0,148.0,102.0,89.0,119.0,61.0,94.0
2019-12-02,192.0,70.0,49.0,299.0,246.0,92.0,334.0,187.0,106.0,145.0,120.0,72.0,98.0
2019-12-03,134.0,76.0,56.0,302.0,275.0,75.0,375.0,265.0,132.0,183.0,120.0,90.0,100.0
2019-12-04,140.0,86.0,71.0,313.0,291.0,144.0,381.0,280.0,125.0,220.0,134.0,96.0,156.0
2019-12-05,197.0,87.0,93.0,389.0,340.0,172.0,404.0,331.0,137.0,147.0,123.0,88.0,160.0
2019-12-06,344.0,103.0,107.0,423.0,362.0,178.0,420.0,381.0,129.0,106.0,138.0,90.0,185.0
2019-12-07,276.0,89.0,76.0,382.0,343.0,186.0,345.0,369.0,92.0,121.0,189.0,90.0,174.0
2019-12-08,293.0,68.0,69.0,404.0,352.0,156.0,324.0,373.0,64.0,123.0,140.0,76.0,79.0
2019-12-09,329.0,70.0,61.0,371.0,308.0,119.0,348.0,350.0,63.0,187.0,127.0,79.0,61.0
2019-12-10,458.0,74.0,56.0,377.0,314.0,117.0,376.0,347.0,91.0,291.0,164.0,88.0,83.0
2019-12-11,538.0,73.0,72.0,430.0,361.0,125.0,397.0,369.0,97.0,245.0,172.0,91.0,86.0
2019-12-12,520.0,77.0,62.0,471.0,348.0,125.0,406.0,391.0,106.0,186.0,162.0,87.0,72.0
2019-12-13,242.0,74.0,52.0,322.0,304.0,85.0,361.0,250.0,105.0,43.0,141.0,91.0,66.0
2019-12-14,157.0,74.0,68.0,179.0,147.0,78.0,312.0,97.0,85.0,59.0,86.0,78.0,64.0
2019-12-15,177.0,68.0,70.0,205.0,126.0,87.0,322.0,144.0,69.0,58.0,86.0,88.0,73.0
2019-12-16,145.0,69.0,59.0,202.0,153.0,96.0,331.0,136.0,76.0,55.0,85.0,92.0,76.0
2019-12-17,237.0,69.0,62.0,178.0,164.0,120.0,340.0,111.0,128.0,74.0,89.0,80.0,96.0
2019-12-18,231.0,82.0,92.0,273.0,170.0,150.0,305.0,168.0,143.0,95.0,136.0,98.0,137.0
2019-12-19,391.0,85.0,83.0,354.0,251.0,147.0,310.0,282.0,153.0,107.0,118.0,90.0,138.0
2019-12-20,712.0,91.0,106.0,452.0,323.0,151.0,362.0,342.0,140.0,171.0,118.0,97.0,188.0
2019-12-21,206.0,95.0,126.0,441.0,366.0,172.0,412.0,352.0,136.0,184.0,129.0,102.0,166.0
2019-12-22,170.0,88.0,134.0,351.0,365.0,166.0,462.0,281.0,137.0,96.0,100.0,97.0,162.0
2019-12-23,113.0,92.0,92.0,321.0,306.0,157.0,443.0,228.0,154.0,108.0,101.0,96.0,147.0
2019-12-24,113.0,89.0,99.0,376.0,315.0,130.0,449.0,303.0,186.0,210.0,108.0,101.0,138.0
2019-12-25,166.0,76.0,99.0,384.0,307.0,131.0,336.0,317.0,224.0,141.0,110.0,99.0,194.0
2019-12-26,216.0,95.0,110.0,340.0,327.0,128.0,288.0,272.0,120.0,91.0,124.0,92.0,114.0
2019-12-27,381.0,98.0,77.0,372.0,326.0,119.0,256.0,334.0,101.0,126.0,145.0,103.0,77.0
2019-12-28,288.0,82.0,65.0,425.0,352.0,130.0,298.0,351.0,110.0,156.0,144.0,89.0,79.0
2019-12-29,398.0,80.0,92.0,455.0,339.0,158.0,331.0,389.0,133.0,193.0,146.0,110.0,133.0
2019-12-30,703.0,93.0,83.0,506.0,320.0,143.0,333.0,423.0,112.5,155.0,182.0,108.0,131.0
2019-12-31,385.0,97.0,84.0,417.0,350.0,107.0,364.0,341.0,92.0,111.0,174.0,92.0,87.0
2020-01-01,216.0,82.0,70.0,492.0,442.0,82.0,364.0,429.0,111.0,184.0,154.0,85.0,96.0
2020-01-02,162.0,81.0,57.0,485.0,361.0,64.0,372.0,419.0,94.0,196.0,153.0,70.0,82.0
2020-01-03,220.0,85.0,74.0,426.0,313.0,64.0,356.0,390.0,97.0,160.0,108.0,72.0,76.0
2020-01-04,254.0,95.0,64.0,366.0,245.0,87.0,205.0,308.0,74.0,221.0,111.0,78.0,47.0
2020-01-05,255.0,118.0,62.0,354.0,210.0,112.0,183.0,326.0,61.0,156.0,138.0,71.0,55.0
2020-01-06,175.0,81.0,61.0,335.0,262.0,125.0,184.0,315.0,72.0,88.0,129.0,75.0,66.0
2020-01-07,285.0,75.0,55.0,285.0,308.0,93.0,306.0,234.0,100.0,58.0,106.0,75.0,109.0
2020-01-08,157.0,93.0,73.0,281.0,344.0,82.0,349.0,198.0,99.0,46.0,113.0,73.0,103.0
2020-01-09,129.0,101.0,79.0,231.0,247.0,84.0,280.0,160.0,153.0,66.0,92.0,74.0,78.0
2020-01-10,129.0,94.0,74.0,255.0,198.0,123.0,220.0,160.0,110.0,103.0,90.0,82.0,70.0
2020-01-11,114.0,78.0,72.0,309.0,281.0,149.0,186.0,242.0,134.0,87.0,112.0,89.0,110.0
2020-01-12,212.0,79.0,83.0,352.0,377.0,140.0,202.0,311.0,181.0,87.0,121.0,83.0,147.0
2020-01-13,368.0,106.0,140.0,381.0,377.0,128.0,223.0,328.0,178.0,74.0,126.0,87.0,177.0
2020-01-14,189.0,121.0,230.0,314.0,323.0,134.0,343.0,244.0,326.0,64.0,108.0,82.0,168.0
2020-01-15,142.0,111.0,168.0,241.0,354.0,119.0,311.0,174.0,258.0,166.0,100.0,97.0,163.0
2020-01-16,152.0,114.0,74.0,286.0,294.0,76.0,346.0,247.0,160.0,85.0,92.0,98.0,108.0
2020-01-17,334.0,106.0,62.0,287.0,122.0,66.0,261.0,259.0,128.0,121.0,99.0,85.0,82.0
2020-01-18,547.0,86.0,65.0,262.0,161.0,69.0,231.0,176.0,79.0,153.0,116.0,68.0,60.0
2020-01-19,375.0,66.0,67.0,290.0,138.0,74.0,206.0,214.0,93.0,111.0,114.0,66.0,58.0
2020-01-20,384.0,81.0,69.0,282.0,191.0,77.0,172.0,175.0,81.0,111.0,136.0,79.0,62.0
2020-01-21,529.0,90.0,85.0,359.0,256.0,84.0,233.0,276.0,51.0,98.0,108.0,65.0,63.0
2020-01-22,449.0,87.0,93.0,378.0,356.0,84.0,286.0,313.0,84.0,63.0,106.0,66.0,63.0
2020-01-23,483.0,82.0,104.0,273.0,249.0,106.0,263.0,193.0,138.0,63.0,97.0,65.0,87.0
2020-01-24,444.2,108.0,123.0,155.0,156.0,125.0,171.0,102.0,156.0,70.0,106.0,66.0,101.0
2020-01-25,405.4,100.0,110.0,251.0,267.0,133.0,224.0,138.0,140.0,108.0,114.0,71.0,98.0
2020-01-26,366.6,97.0,87.0,349.0,303.0,131.0,265.0,289.0,113.0,107.0,159.0,71.0,77.0
2020-01-27,327.79999999999995,98.0,78.0,365.0,337.0,128.0,304.0,280.0,114.0,90.0,115.0,71.0,74.0
2020-01-28,289.0,102.0,85.0,302.0,325.0,107.0,309.0,245.0,115.0,96.0,94.0,77.0,65.0
2020-01-29,204.0,115.0,84.0,218.0,313.0,128.0,279.0,140.0,122.0,55.0,91.0,94.0,59.0
2020-01-30,528.0,112.0,87.0,195.0,195.0,126.0,296.0,112.0,105.0,60.0,88.0,93.0,59.0
2020-01-31,660.0,111.0,78.0,203.0,147.0,141.0,218.0,112.0,122.0,102.0,90.0,98.0,66.0
2020-02-01,483.0,102.0,63.0,244.0,224.0,99.0,204.0,159.0,98.0,127.0,104.0,83.0,52.0
2020-02-02,336.0,94.0,55.0,254.0,216.0,77.0,172.0,144.0,67.0,121.66666666666669,109.0,69.0,47.0
2020-02-03,272.0,79.0,63.0,297.0,239.0,76.0,181.0,174.0,76.0,116.33333333333334,116.0,73.0,48.0
2020-02-04,571.0,82.0,74.0,336.0,307.0,71.0,244.0,216.0,82.0,111.0,108.0,65.0,54.0
2020-02-05,568.0,86.0,94.0,344.0,278.0,70.0,245.0,285.0,112.0,99.0,106.0,69.0,54.0
2020-02-06,387.0,96.0,89.0,277.0,230.0,80.0,226.0,198.0,94.0,121.0,117.0,71.0,47.0
2020-02-07,322.0,96.0,75.0,307.0,309.0,80.0,235.0,245.0,94.0,124.0,114.0,63.0,44.0
2020-02-08,652.0,105.0,64.0,315.0,248.0,79.0,230.0,260.0,61.0,152.0,110.0,70.0,45.0
2020-02-09,215.0,101.0,61.0,310.0,272.0,82.0,218.0,254.0,56.0,282.0,111.0,68.0,51.0
2020-02-10,223.0,103.0,58.0,328.0,275.0,68.0,226.0,275.0,50.0,144.0,150.0,215.0,65.0
2020-02-11,340.0,87.0,69.0,347.0,267.0,75.0,242.0,316.0,84.0,190.0,132.0,84.0,70.0
2020-02-12,475.0,80.0,81.0,343.0,253.0,94.0,231.0,302.0,101.0,133.0,150.0,72.0,86.0
2020-02-13,974.0,84.0,93.0,279.0,244.0,122.0,211.0,190.0,150.0,112.0,163.0,73.0,110.0
2020-02-14,412.0,111.0,118.0,186.0,192.0,146.0,251.0,128.0,159.0,107.0,147.0,83.0,87.0
2020-02-15,480.0,128.0,121.0,174.0,214.0,154.0,176.0,130.0,140.0,106.0,134.0,82.0,103.0
2020-02-16,388.0,120.0,82.0,254.0,209.0,140.0,168.0,182.0,120.0,132.0,133.0,85.0,88.0
2020-02-17,543.0,99.0,72.0,323.0,283.0,126.0,197.0,256.0,110.0,139.0,159.0,108.0,66.0
2020-02-18,1226.0,103.0,85.0,292.0,232.0,116.0,184.0,165.0,111.0,128.0,160.0,100.0,66.0
2020-02-19,1291.0,101.0,84.0,300.0,249.0,112.0,197.0,181.0,95.0,127.0,179.0,98.0,65.0
2020-02-20,493.0,94.0,77.0,253.0,227.0,97.0,251.0,170.0,77.0,124.0,104.0,89.0,77.0
2020-02-21,407.0,90.0,75.0,170.0,198.0,86.0,253.0,145.0,67.0,92.0,132.0,81.0,74.0
2020-02-22,168.0,78.0,76.0,104.0,103.0,72.0,201.0,94.0,92.0,94.0,106.0,92.0,60.0
2020-02-23,219.0,81.0,65.0,221.0,173.0,68.0,158.0,187.0,117.0,101.0,107.0,89.0,82.0
2020-02-24,282.0,82.0,77.0,169.0,222.0,70.0,167.0,144.0,134.0,113.0,102.0,86.0,68.0
2020-02-25,528.0,107.0,81.0,244.0,167.0,86.0,111.0,183.0,90.0,121.0,127.0,89.0,53.0
2020-02-26,983.0,104.0,84.0,303.0,97.0,112.0,116.0,241.0,102.0,134.0,115.0,92.0,78.0
2020-02-27,1262.0,112.0,83.0,270.0,92.0,108.0,149.0,206.0,74.0,127.0,111.0,102.0,73.0
2020-02-28,962.0,98.0,75.0,214.0,116.0,97.0,182.0,160.0,97.0,128.0,116.0,93.0,68.0
2020-02-29,421.0,95.0,72.0,144.0,147.0,91.0,209.0,127.0,119.0,108.0,110.0,126.0,65.0
2020-03-01,475.0,101.0,80.0,105.0,148.0,92.0,194.0,115.0,106.0,76.0,113.0,100.0,67.0
2020-03-02,508.0,103.0,76.0,192.0,136.0,95.0,168.0,136.0,116.5,92.0,95.0,96.0,67.0
2020-03-03,460.0,137.0,96.0,226.0,144.0,97.0,194.0,175.0,127.0,101.0,115.0,100.0,70.0
2020-03-04,246.0,131.0,84.0,200.0,191.0,106.0,214.0,154.0,127.0,118.0,117.0,107.0,66.0
2020-03-05,261.0,117.0,77.0,112.0,182.0,113.0,202.0,104.0,69.0,97.0,88.0,110.0,47.0
2020-03-06,308.0,100.0,61.0,82.0,125.0,100.0,148.0,95.0,51.0,68.0,83.0,76.0,36.0
2020-03-07,359.0,93.0,69.0,77.0,80.0,85.0,136.0,79.0,45.0,59.0,88.0,64.0,35.0
2020-03-08,325.0,91.0,57.0,156.0,91.0,77.0,190.0,115.0,69.0,70.0,92.0,64.0,35.0
2020-03-09,170.0,99.0,65.0,138.0,128.0,70.0,182.0,117.0,82.0,75.0,100.0,68.0,42.0
2020-03-10,116.0,93.0,61.0,186.0,163.0,65.0,232.0,160.0,69.0,96.0,96.0,73.0,35.0
2020-03-11,152.0,95.0,76.0,128.0,165.0,62.0,179.0,114.0,64.0,107.0,90.0,74.0,35.0
2020-03-12,218.0,97.0,65.0,125.0,112.0,78.0,163.0,115.0,61.0,89.5,104.0,74.0,38.0
2020-03-13,302.0,90.0,72.0,170.0,111.0,79.0,163.0,134.0,57.0,72.0,144.0,87.0,35.0
2020-03-14,170.0,86.0,74.0,131.0,74.0,75.0,120.0,118.0,82.0,69.0,199.0,85.0,48.0
2020-03-15,215.0,88.0,79.0,124.0,96.0,82.0,83.0,119.0,97.0,79.0,132.0,60.0,48.0
2020-03-16,222.0,79.0,66.0,148.0,86.0,71.0,125.0,155.0,103.0,95.0,127.0,62.0,48.0
2020-03-17,310.0,77.0,76.0,164.0,134.0,67.0,145.0,181.0,104.0,106.0,133.0,74.0,54.0
2020-03-18,487.0,78.0,92.0,162.0,164.0,67.0,156.0,178.0,105.0,110.0,123.0,67.0,48.0
2020-03-19,988.0,91.0,88.0,191.0,183.0,87.0,163.0,175.0,134.0,107.0,122.0,68.0,51.0
2020-03-20,642.0,100.0,95.0,209.0,252.0,79.0,135.0,176.0,91.0,111.0,116.0,77.0,43.0
2020-03-21,296.0,103.0,80.0,205.0,219.0,84.0,210.0,154.0,66.0,96.0,108.0,71.0,37.0
2020-03-22,180.0,99.0,71.0,198.0,128.0,102.0,205.0,168.0,62.0,93.0,100.0,66.0,39.0
2020-03-23,247.0,85.0,73.0,127.0,122.0,73.0,151.0,124.0,72.0,78.0,90.0,65.0,51.0
2020-03-24,135.0,106.0,57.0,124.0,207.0,66.0,177.0,122.0,98.0,86.0,92.0,57.0,47.0
2020-03-25,195.0,70.0,58.0,92.0,237.0,60.0,166.0,86.0,123.0,64.0,73.0,68.0,101.0
2020-03-26,216.0,61.0,54.0,93.0,108.0,59.0,152.0,65.0,69.0,66.0,57.0,70.0,108.0
2020-03-27,193.0,67.0,59.0,76.0,77.0,65.0,146.0,59.0,91.0,71.0,52.0,74.0,52.0
2020-03-28,160.0,70.0,55.0,51.0,73.0,70.0,122.0,62.0,90.0,54.0,67.0,78.0,61.0
2020-03-29,125.0,66.0,53.0,64.0,64.0,75.0,92.0,68.0,86.0,60.0,71.0,60.0,58.0
2020-03-30,140.0,72.0,50.0,74.0,69.0,72.0,92.0,80.0,69.0,67.0,72.0,52.0,58.0
2020-03-31,145.0,68.0,60.0,81.0,85.0,68.0,106.0,80.0,84.0,69.0,70.0,70.0,69.0
2020-04-01,153.0,64.0,75.0,80.0,116.0,87.0,156.0,81.0,64.0,65.0,79.0,55.0,69.0
2020-04-02,164.0,70.0,74.0,78.0,115.0,88.0,140.0,81.0,73.0,63.0,71.0,61.0,59.0
2020-04-03,173.0,82.0,72.0,84.0,81.0,73.0,120.0,95.0,68.0,61.0,74.0,60.0,59.0
2020-04-04,182.0,74.0,67.0,90.0,71.0,67.0,125.0,93.0,71.0,58.0,76.0,66.0,55.0
2020-04-05,152.0,77.0,66.0,103.0,91.0,66.0,127.0,99.0,54.0,60.0,79.0,60.0,51.0
2020-04-06,145.0,65.0,57.0,134.0,90.0,64.0,140.0,106.0,51.0,,79.0,59.0,39.0
2020-04-07,159.0,62.0,55.0,100.0,75.0,77.0,142.0,94.0,46.0,,80.0,53.0,30.0
2020-04-08,183.0,67.0,55.0,91.0,77.0,56.0,132.0,96.0,37.0,,78.0,61.0,38.0
2020-04-09,168.0,65.0,55.0,89.0,94.0,59.0,144.0,101.0,49.0,,78.0,63.0,52.0
2020-04-10,113.0,76.0,80.0,111.0,81.0,62.0,144.0,105.0,69.0,,76.0,56.0,53.0
2020-04-11,89.0,70.0,60.0,126.0,121.0,55.0,150.0,127.0,51.0,,79.0,55.0,42.0
2020-04-12,101.0,64.0,59.0,102.0,151.0,61.0,160.0,107.0,43.0,45.0,86.0,58.0,44.0
2020-04-13,95.0,72.0,64.0,119.0,93.0,68.0,149.0,114.0,55.0,52.0,83.0,63.0,47.0
2020-04-14,89.0,72.0,65.0,134.0,157.0,74.0,143.0,122.0,68.0,59.0,113.0,66.0,50.0
2020-04-15,88.0,74.0,62.0,152.0,138.0,74.0,158.0,138.0,66.0,68.0,100.0,52.0,51.0
2020-04-16,95.0,66.0,65.0,172.0,160.0,70.0,130.0,157.0,76.0,61.0,93.0,50.0,43.0
2020-04-17,92.0,74.0,65.0,123.0,211.0,74.0,134.0,120.0,74.0,45.0,120.0,62.0,40.0
2020-04-18,96.0,94.0,56.0,102.0,140.0,75.0,140.0,107.0,59.0,43.0,125.0,56.0,41.0
2020-04-19,99.0,67.0,59.0,95.0,125.0,67.0,143.0,109.0,55.0,44.0,110.0,49.0,35.0
2020-04-20,86.0,53.0,59.0,115.0,91.0,58.0,131.0,99.0,47.0,51.0,76.0,46.0,30.0
2020-04-21,87.0,65.0,61.0,102.0,81.0,54.0,119.0,105.0,48.0,47.0,77.0,53.0,26.0
2020-04-22,101.0,71.0,60.0,122.0,84.0,50.0,110.0,120.0,37.0,48.0,85.0,51.0,26.0
2020-04-23,106.0,63.0,56.0,129.0,112.0,53.0,122.0,113.0,36.0,56.0,78.0,50.0,30.0
2020-04-24,110.0,69.0,58.0,143.0,142.0,63.0,118.0,124.0,36.0,68.0,68.0,59.0,31.0
2020-04-25,98.0,66.0,67.0,121.0,120.0,62.0,118.0,121.0,34.333333333333336,74.0,69.0,53.0,43.0
2020-04-26,101.0,61.0,66.0,119.0,95.0,71.0,104.0,113.0,32.66666666666667,60.0,85.0,58.0,56.0
2020-04-27,117.0,59.0,60.0,98.0,69.0,56.0,109.0,103.0,31.0,51.0,74.0,63.0,52.0
2020-04-28,130.0,71.0,68.0,105.0,64.0,56.0,98.0,118.0,47.0,56.0,79.0,60.0,41.0
2020-04-29,122.0,62.0,69.0,123.0,74.0,51.0,111.0,126.0,49.0,72.0,84.0,57.0,43.0
2020-04-30,128.0,61.0,70.0,128.0,83.0,59.0,118.0,141.0,61.0,102.0,132.0,57.0,56.0
2020-05-01,128.0,74.0,71.0,140.0,82.0,67.0,129.0,155.0,56.0,118.0,119.0,54.0,51.0
2020-05-02,131.0,72.0,70.0,127.0,67.0,54.0,140.0,152.0,62.0,118.0,100.0,55.0,60.0
2020-05-03,121.0,71.0,71.0,110.0,63.0,70.0,147.0,126.0,90.0,91.0,107.0,58.0,52.0
2020-05-04,130.0,79.0,66.0,92.0,73.0,77.0,148.0,94.0,65.0,61.0,85.0,55.0,55.0
2020-05-05,143.0,91.0,81.0,117.0,83.0,71.0,149.0,130.0,55.0,77.0,82.0,63.0,58.0
2020-05-06,146.0,85.0,78.0,139.0,64.0,73.0,129.0,143.0,41.0,75.0,75.0,66.0,44.0
2020-05-07,135.0,82.0,73.0,140.0,73.0,59.0,139.0,138.0,51.0,60.0,81.0,59.0,45.0
2020-05-08,127.0,73.0,76.0,138.0,77.0,65.0,171.0,144.0,48.0,71.0,89.0,61.0,43.0
2020-05-09,122.0,76.0,65.0,142.0,103.0,69.0,191.0,166.0,51.0,87.0,112.0,63.0,54.0
2020-05-10,125.0,78.0,69.0,127.0,122.0,65.0,256.0,154.0,46.0,94.0,110.0,63.0,42.0
2020-05-11,125.0,77.0,66.0,113.0,140.0,83.0,138.0,113.0,61.0,75.0,125.0,66.0,43.0
2020-05-12,135.0,82.0,68.0,122.0,106.0,74.0,124.0,133.0,45.0,61.0,91.0,65.0,39.0
2020-05-13,117.0,66.0,69.0,132.0,143.0,64.0,146.0,133.0,49.0,67.0,132.0,47.0,41.0
2020-05-14,127.0,66.0,77.0,154.0,107.0,60.0,176.0,147.0,50.0,95.0,124.0,53.0,36.0
2020-05-15,125.0,73.0,70.0,125.0,142.0,60.0,124.0,155.0,44.0,52.0,100.0,58.0,39.0
2020-05-16,136.0,74.0,82.0,175.0,143.0,67.0,141.0,208.0,32.0,61.0,116.0,59.0,41.0
2020-05-17,137.0,70.0,68.0,202.0,107.0,70.0,239.0,184.0,23.0,75.0,106.0,60.0,48.0
2020-05-18,133.0,68.0,76.0,222.0,151.0,72.0,167.0,160.0,26.0,76.0,121.0,64.0,55.0
2020-05-19,133.0,72.0,82.0,238.0,113.0,93.0,137.0,160.0,52.0,65.0,136.0,62.0,77.0
2020-05-20,132.0,79.0,90.0,196.0,209.0,106.0,119.0,167.0,141.0,68.0,127.0,56.0,93.0
2020-05-21,130.0,70.0,92.0,149.0,152.0,109.0,105.0,141.0,145.0,80.0,110.0,48.0,105.0
2020-05-22,142.0,68.0,102.0,199.0,158.0,114.0,102.0,152.0,117.0,115.0,119.0,48.0,103.0
2020-05-23,135.0,72.0,77.0,202.0,164.0,122.0,95.0,146.0,79.0,106.0,143.0,39.0,88.0
2020-05-24,140.0,66.0,81.0,174.0,134.0,116.0,112.0,150.0,80.0,74.0,140.0,46.0,66.0
2020-05-25,126.0,70.0,79.0,157.0,173.0,102.0,119.0,139.0,74.0,69.0,124.0,50.0,57.0
2020-05-26,126.0,66.0,79.0,153.0,147.0,89.0,110.0,140.0,67.0,81.0,119.0,47.0,69.0
2020-05-27,123.0,75.0,77.0,156.0,205.0,87.0,116.0,162.0,54.0,77.0,126.0,56.0,69.0
2020-05-28,117.0,74.0,79.0,174.0,135.0,86.0,121.0,202.0,100.0,81.0,145.0,56.0,64.0
2020-05-29,126.0,66.0,112.0,129.0,78.0,84.0,95.0,166.0,87.0,67.0,150.0,54.0,70.0
2020-05-30,112.0,72.0,105.0,84.0,97.0,65.0,104.0,86.0,81.0,63.0,115.0,54.0,63.0
2020-05-31,104.0,61.0,88.0,80.0,81.0,67.0,105.0,105.0,40.0,48.0,82.0,50.0,62.0
2020-06-01,126.0,49.0,101.0,100.0,85.0,55.0,110.0,133.0,85.0,43.0,93.0,42.0,46.0
2020-06-02,152.0,40.0,95.0,123.0,99.0,79.0,117.0,156.0,50.0,65.0,106.0,48.0,41.0
2020-06-03,126.5,42.0,76.0,123.0,110.0,38.0,111.0,135.0,88.0,478.0,94.0,35.0,40.0
2020-06-04,101.0,43.0,99.0,144.0,142.0,33.0,106.0,130.0,71.0,193.0,84.0,32.0,39.0
2020-06-05,92.0,55.0,81.0,126.0,100.0,38.0,97.0,121.0,93.0,56.0,89.0,38.0,58.0
2020-06-06,95.0,55.0,92.0,102.0,84.0,58.0,82.0,110.0,101.0,41.0,84.0,35.0,44.0
2020-06-07,93.0,55.0,128.0,104.0,70.0,64.0,88.0,122.0,82.0,42.0,80.0,35.0,50.0
2020-06-08,97.0,55.0,85.0,112.0,77.0,54.0,100.0,133.0,115.0,51.0,79.0,41.0,54.0
2020-06-09,84.0,58.0,87.0,138.0,148.0,57.0,106.0,141.0,96.0,77.0,90.0,41.0,61.0
2020-06-10,101.0,70.0,80.0,154.0,193.0,48.0,111.0,135.0,92.0,80.0,85.0,46.0,58.0
2020-06-11,92.0,59.0,106.0,142.0,183.0,42.0,100.0,122.0,90.0,79.0,92.0,46.0,53.0
2020-06-12,105.0,49.0,169.0,152.0,166.0,42.0,86.0,147.0,84.0,89.0,103.0,49.0,47.0
2020-06-13,98.0,50.0,112.0,132.0,117.0,38.0,85.0,158.0,81.0,104.0,108.0,52.0,44.0
2020-06-14,96.0,49.0,80.0,147.0,91.0,32.0,60.0,157.0,88.0,87.0,96.0,38.0,47.0
2020-06-15,96.0,47.0,79.0,130.0,79.0,33.0,56.0,155.0,92.0,103.0,97.0,45.0,41.0
2020-06-16,80.0,55.0,86.0,126.0,76.0,31.0,53.0,128.0,83.0,110.0,108.0,51.0,39.0
2020-06-17,95.0,57.0,96.0,110.0,73.0,29.0,53.0,128.0,90.0,117.0,108.0,58.0,36.0
2020-06-18,101.5,65.0,112.0,107.0,75.0,30.0,63.0,122.0,71.0,117.0,110.0,57.0,42.0
2020-06-19,108.0,65.0,109.0,132.0,70.0,37.0,60.0,148.0,110.0,131.0,108.0,50.0,43.0
2020-06-20,124.0,56.0,152.0,158.0,78.0,52.0,62.0,172.0,74.0,120.0,121.0,43.0,55.0
2020-06-21,106.0,52.0,140.0,105.0,71.0,56.0,60.0,132.0,92.0,120.0,96.0,42.0,50.0
2020-06-22,75.0,49.0,106.0,104.0,64.0,60.0,60.0,134.0,95.0,72.0,80.0,40.0,46.0
2020-06-23,85.0,56.0,109.0,85.0,72.0,51.0,74.0,108.0,100.0,125.0,80.0,50.0,55.0
2020-06-24,91.0,63.0,102.0,71.0,90.0,51.0,84.0,86.0,86.0,130.0,72.0,70.0,52.0
2020-06-25,95.0,63.0,108.0,86.0,116.0,52.0,88.0,102.0,77.0,59.0,76.0,58.0,50.0
2020-06-26,93.0,58.0,95.0,104.0,81.0,52.0,71.0,122.0,47.0,83.0,172.0,46.0,37.0
2020-06-27,92.0,51.0,95.0,112.0,74.0,58.0,65.0,121.0,41.0,74.0,89.0,42.0,42.0
2020-06-28,82.0,61.0,98.0,196.0,77.0,49.0,82.0,153.0,70.0,85.0,75.0,43.0,49.0
2020-06-29,74.0,65.0,104.0,233.0,65.0,47.0,88.0,140.0,68.0,49.0,69.0,49.0,56.0
2020-06-30,98.0,63.0,110.0,114.0,69.0,46.0,93.0,131.0,54.0,66.0,79.0,40.0,61.0
2020-07-01,119.0,43.0,92.0,101.0,76.0,48.0,98.0,157.0,50.0,78.0,70.0,41.0,54.0
