Date,Ahmedabad,Bengaluru,Chennai,Delhi,Lucknow,Mumbai,Hyderabad,Patna,Gurugram,Visakhapatnam,Amritsar,Jaipur,Amaravati
2017-07-01,,0.67,0.01,0.42,2.0,0.0,0.06,0.0,0.02,0.0,1.67,0.04,
2017-07-02,,0.67,0.03,0.2,1.56,0.0,0.03,0.0,0.03,0.0,1.97,0.1,
2017-07-03,,0.76,0.05,0.58,1.46,0.0,0.1,0.0,0.03,0.0,2.34,0.0,
2017-07-04,,0.51,0.0,0.63,1.56,0.0,0.07,0.0,0.03,0.0,2.335,0.0,
2017-07-05,,0.86,0.0,0.58,1.14,0.0,0.1,0.0,0.04,0.0,2.33,0.0,
2017-07-06,,0.9,0.0,0.1,0.63,0.0,0.24,0.0,0.03,0.0,2.325,0.0,
2017-07-07,,0.96,0.02,0.12,0.6,0.0,0.25,0.0,0.02,0.0,2.32,0.0,
2017-07-08,,1.09,0.1,0.1,0.59,0.0,0.18,0.0,0.03,0.0,,0.0,
2017-07-09,,0.78,0.1,0.14,0.66,0.0,0.12,0.0,0.03,0.0,,0.0,
2017-07-10,,0.8,0.07,0.15,0.59,0.0,0.38,0.0,0.03,0.0,,0.0,
2017-07-11,,0.74,0.1,0.25,0.62,0.0,0.44,0.0,0.03,0.0,,0.0,
2017-07-12,,1.0,0.11,0.23,0.52,0.0,0.27,0.0,0.03,0.0,,0.0,
2017-07-13,,0.81,0.32,0.27,0.66,0.0,0.17,0.0,0.03,0.0,,0.0,
2017-07-14,,0.69,0.17,0.23,0.55,0.0,0.09,0.0,0.02,0.0,1.8,0.0,
2017-07-15,,0.73,0.3,0.29,0.5,0.0,0.01,0.0,0.03,0.0,2.25,0.0,
2017-07-16,,0.59,0.0,0.27,0.31,0.0,0.01,0.0,0.02,0.0,2.36,0.0,
2017-07-17,,0.66,0.02,0.36,0.46,0.0,0.24,0.0,0.01,0.0,1.89,0.0,
2017-07-18,,0.59,0.06,0.33,0.52,0.0,0.04,0.0,0.02,0.0,1.42,4.84,
2017-07-19,,0.59,0.28,0.32,0.47,0.0,0.05,0.0,0.03,0.0,2.22,0.0,
2017-07-20,,0.41,0.24,0.27,0.5,0.0,0.03,0.0,0.03,0.0,2.1,0.52,
2017-07-21,,0.61,0.05,0.33,0.43,0.0,0.03,0.0,0.02,0.0,2.56,2.09,
2017-07-22,,0.57,0.1,0.03,0.5,0.0,0.01,0.0,0.0,0.0,3.16,0.0,
2017-07-23,,0.54,0.0,0.0,0.5,0.0,0.01,0.0,0.0,0.0,,0.0,
2017-07-24,,0.76,0.01,0.09,0.5,0.0,0.04,0.0,0.0,0.0,,0.0,
2017-07-25,,0.55,0.05,0.36,0.5,0.0,0.02,0.0,0.0,0.0,,0.0,
2017-07-26,,0.53,0.08,0.07,0.83,0.0,0.05,0.0,0.0,0.0,,0.0,
2017-07-27,,0.76,0.01,0.0,1.48,0.0,0.04,0.0,0.0,0.0,,0.0,
2017-07-28,,0.88,0.0,0.13,1.49,0.0,0.1,0.0,0.0,0.0,,0.0,
2017-07-29,,0.8,0.01,0.11,1.49,0.0,0.26,0.0,0.0,0.0,4.2,0.0,
2017-07-30,,0.62,0.0,0.01,1.55,0.0,0.42,0.0,0.0,0.0,2.17,0.0,
2017-07-31,,0.8,0.01,0.15,0.76,0.0,0.97,0.0,0.0,0.0,1.79,0.0,
2017-08-01,,1.07,0.02,0.07,1.5,0.0,0.34,0.0,0.0,0.0,,0.0,
2017-08-02,,0.74,0.0,0.15,1.49,0.0,0.28,0.0,0.0,0.0,,0.0,
2017-08-03,,0.74,0.01,0.18,1.5,0.0,0.09,0.0,0.0,0.0,,0.0,
2017-08-04,,0.8,0.01,0.22,1.53,0.0,0.38,0.0,0.0,0.0,,0.87,
2017-08-05,,0.78,0.07,0.2,1.55,0.0,0.4,0.0,0.0,0.0,,0.0,
2017-08-06,,0.64,0.0,0.2,1.5,0.0,0.38,0.0,0.0,0.0,,0.0,
2017-08-07,,0.71,0.0,0.24,1.54,0.0,1.45,0.0,0.0,0.0,,0.0,
2017-08-08,,0.74,0.22,0.38,1.5,0.0,2.01,0.0,0.0,0.0,4.32,0.0,
2017-08-09,,1.17,0.09,0.79,1.56,0.0,1.43,0.0,0.0,0.0,5.03,0.0,
2017-08-10,,1.01,0.06,0.16,1.48,0.0,0.4,0.0,0.0,0.0,5.74,0.0,
2017-08-11,,1.22,0.0,0.07,1.51,0.0,0.63,0.0,0.0,0.0,7.12,0.0,
2017-08-12,,1.02,0.16,0.0,1.55,0.0,0.28,0.0,0.0,0.0,11.64,0.0,
2017-08-13,,1.21,0.0,0.0,1.49,0.0,0.54,0.0,0.0,0.0,12.06,0.0,
2017-08-14,,1.33,0.0,0.07,1.49,0.0,0.79,0.0,0.0,0.0,7.11,0.0,
2017-08-15,,0.84,0.0,0.08,1.5,0.0,0.64,0.0,0.0,0.0,1.63,0.0,
2017-08-16,,1.09,0.02,0.1,1.66,0.0,0.41,0.0,0.0,0.0,1.3,0.0,
2017-08-17,,1.03,0.11,0.0,1.87,0.0,0.37,0.0,0.0,0.0,1.43,0.0,
2017-08-18,,0.91,0.0,0.02,1.55,0.0,0.37,,0.0,0.0,1.25,0.0,
2017-08-19,,0.77,0.0,0.0,1.0,0.0,0.05,,0.0,0.0,1.01,0.0,
2017-08-20,,1.04,0.0,0.0,1.01,0.0,0.0,,0.0,0.0,1.45,0.0,
2017-08-21,,0.71,0.0,0.0,1.26,0.0,0.09,,0.0,0.0,4.34,0.12,
2017-08-22,,0.68,0.19,0.3,1.5,0.0,0.31,,0.0,0.0,3.8,0.0,
2017-08-23,,0.95,0.1,0.31,1.51,0.0,0.42,,0.0,0.0,1.22,0.0,
2017-08-24,,1.03,0.04,0.25,1.5,0.0,0.55,,0.0,0.0,1.41,0.0,
2017-08-25,,0.85,0.06,0.37,1.56,0.0,0.23,,0.0,0.0,2.22,0.0,
2017-08-26,,0.61,0.22,0.24,1.5,0.0,0.14,,0.0,0.0,2.52,0.0,
2017-08-27,,0.58,0.0,0.23,1.49,0.0,0.27,,0.0,0.0,1.9,0.0,
2017-08-28,,0.55,0.0,0.19,1.63,0.0,0.11,,0.0,0.0,1.47,0.0,
2017-08-29,,0.5,0.02,0.18,1.5,0.0,0.05,,0.0,0.0,1.03,3.49,
2017-08-30,,0.69,0.0,0.11,1.11,0.0,0.09,,0.01,0.0,1.19,0.8,
2017-08-31,,0.92,0.07,0.25,1.37,0.0,0.25,,0.03,0.0,2.66,0.0,
2017-09-01,,1.37,0.38,0.18,1.5,0.0,0.62,,0.03,0.0,2.12,0.0,
2017-09-02,,1.44,0.02,0.12,1.5,0.0,1.7,,0.03,0.0,2.55,0.0,
2017-09-03,,0.9,0.04,0.13,1.7,0.0,0.13,,0.03,0.0,1.46,0.0,
2017-09-04,,1.18,0.03,0.2,1.71,0.0,0.39,,0.03,0.0,1.4,0.0,
2017-09-05,,1.59,0.04,0.11,1.5,0.0,0.26,,0.03,0.0,1.74,0.0,
2017-09-06,,1.11,0.11,0.23,1.5,0.0,0.62,0.0,0.03,0.0,1.6,0.0,
2017-09-07,,1.37,0.08,0.13,1.54,0.0,0.78,0.0,0.03,0.0,1.41,0.0,
2017-09-08,,1.41,0.7,0.22,1.61,0.0,0.4,0.0,0.03,0.0,1.58,0.0,
2017-09-09,,1.44,0.15,0.22,1.73,0.0,0.22,0.0,0.03,0.0,1.71,0.0,
2017-09-10,,0.94,0.0,0.44,1.61,0.0,0.07,0.0,0.03,0.0,1.32,0.0,
2017-09-11,,1.11,0.02,0.18,1.5,0.0,0.22,0.0,0.03,0.0,1.95,0.0,
2017-09-12,,1.04,0.02,0.14,1.5,0.0,0.25,0.0,0.03,0.0,1.63,0.0,
2017-09-13,,0.96,0.26,0.89,1.5,0.0,0.49,0.0,0.04,0.0,1.32,0.0,
2017-09-14,,0.81,0.09,0.24,1.49,0.0,0.36,0.0,0.04,0.0,8.19,0.01,
2017-09-15,,0.93,0.05,0.17,1.61,0.0,0.28,0.0,0.04,0.0,4.08,0.02,
2017-09-16,,0.63,0.08,0.14,1.5,0.0,0.19,0.0,0.04,0.0,1.98,0.0,
2017-09-17,,0.55,0.0,0.15,1.5,0.0,0.04,0.0,0.04,0.0,2.09,0.0,
2017-09-18,,0.5,0.0,0.19,1.5,0.0,0.02,0.0,0.04,0.0,2.06,0.0,
2017-09-19,,0.55,0.0,0.27,1.5,0.0,0.03,0.0,0.04,0.0,1.84,0.01,
2017-09-20,,0.5,0.07,0.21,2.21,0.0,0.07,0.0,0.04,0.0,1.58,1.39,
2017-09-21,,0.57,0.08,0.18,2.37,0.0,0.0,0.0,0.04,0.0,1.38,0.0,
2017-09-22,,0.9,0.2,0.2,2.5,0.0,0.01,0.0,0.04,0.0,1.41,0.0,
2017-09-23,,1.65,0.09,0.08,2.34,0.0,0.18,0.0,0.04,0.0,1.07,0.0,
2017-09-24,,1.7,0.06,0.12,2.39,0.0,0.34,0.0,0.04,0.0,1.25,0.0,
2017-09-25,,1.31,0.03,0.13,2.5,0.0,0.2,0.0,0.04,0.0,1.41,0.0,
2017-09-26,0.0,1.17,0.09,0.25,2.2,0.0,0.18,0.04,0.03,0.0,1.77,0.0,
2017-09-27,0.0,1.23,0.06,0.35,2.48,0.0,0.17,0.02,0.04,0.0,1.5,0.0,
2017-09-28,0.0,1.08,0.0,0.27,1.83,0.0,0.12,0.1,0.03,0.0,1.41,0.0,
2017-09-29,0.0,0.85,0.06,0.44,2.51,0.0,0.1,0.0,0.04,0.0,1.42,0.0,
2017-09-30,,1.1,0.06,0.22,2.51,0.0,0.12,0.01,0.04,0.0,1.54,0.0,
2017-10-01,,0.96,0.05,0.46,2.33,0.0,0.8,0.05,0.04,0.73,1.55,0.0,
2017-10-02,,0.88,0.0,0.54,1.71,0.0,0.31,0.06,0.04,0.57,1.5,0.0,
2017-10-03,,0.88,0.01,0.24,2.07,0.0,1.0,0.04,0.04,0.77,1.45,0.0,
2017-10-04,,1.35,0.0,0.35,2.49,0.0,2.59,0.06,0.03,1.17,1.49,0.0,
2017-10-05,,0.97,0.05,0.25,2.66,0.0,3.33,0.06,0.0,0.12,2.08,0.0,
2017-10-06,,1.38,0.03,0.39,1.89,0.0,1.69,0.05,0.02,0.62,1.93,0.0,
2017-10-07,,1.16,0.03,0.27,1.92,0.0,2.21,0.03,0.02,0.7,1.76,0.0,
2017-10-08,,1.1,0.03,0.31,1.73,0.0,1.19,0.07,0.01,0.36,1.99,0.0,
2017-10-09,,2.17,0.03,0.57,1.85,0.0,1.12,0.06,0.04,0.7,2.07,0.0,
2017-10-10,5.11,1.3,0.1,0.63,1.46,0.0,0.66,0.01,0.04,0.0,1.73,0.0,
2017-10-11,4.67,1.7,0.03,0.68,1.06,0.0,0.78,0.01,0.03,0.0,2.33,0.0,
2017-10-12,,1.65,0.05,0.71,1.59,0.0,1.22,0.01,0.03,0.0,1.76,0.0,
2017-10-13,,1.63,0.05,0.6,2.25,0.0,0.19,0.01,0.04,0.0,1.63,0.0,
2017-10-14,,1.41,0.03,0.72,2.15,0.0,0.17,0.02,0.04,0.0,2.39,0.04,
2017-10-15,,0.93,0.02,0.89,2.01,0.0,0.09,0.06,0.04,0.0,1.61,0.11,
2017-10-16,,2.11,0.06,0.86,1.1,0.0,0.22,0.09,0.04,0.0,4.47,0.16,
2017-10-17,,3.02,0.06,0.99,0.77,0.0,0.34,0.03,0.04,0.0,10.28,4.9,
2017-10-18,10.89,2.92,0.04,0.83,2.11,0.0,1.87,0.01,0.04,0.0,2.87,3.15,
2017-10-19,9.245,1.21,0.03,1.26,2.91,0.0,3.49,0.05,0.04,2.28,3.4,4.54,
2017-10-20,7.6,1.6,0.04,2.15,2.24,0.0,0.2,0.0,1.07,0.12,3.47,3.63,
2017-10-21,11.85,1.01,0.02,0.88,2.23,0.0,0.24,0.02,1.08,0.44,3.47,3.85,
2017-10-22,5.08,0.81,0.13,0.8,1.89,0.0,0.02,0.0,1.1,0.0,3.45,3.27,
2017-10-23,5.35,1.18,0.18,1.16,2.06,0.0,0.98,0.06,1.1,0.42,2.9,2.89,
2017-10-24,7.54,1.87,0.06,1.15,2.43,0.0,0.16,0.12,1.1,0.04,2.37,3.08,
2017-10-25,11.23,0.91,0.02,0.93,2.33,0.0,0.05,0.17,1.1,0.0,2.49,5.46,
2017-10-26,21.01,0.54,0.08,1.3,1.97,0.0,0.11,0.18,1.09,0.0,3.0,5.51,
2017-10-27,22.32,0.59,0.02,1.26,2.04,0.0,0.12,0.13,1.09,0.04,3.24,6.97,
2017-10-28,13.78,0.53,0.03,1.65,2.08,0.0,1.99,0.1,1.1,0.0,2.98,6.28,
2017-10-29,19.04,0.0,0.03,1.56,9.43,0.0,0.29,0.16,1.1,0.0,2.91,4.4,
2017-10-30,10.8,0.0,0.01,2.51,2.71,0.0,0.0,0.1,1.1,0.0,2.91,3.45,
2017-10-31,2.56,0.0,0.44,3.36,0.54,0.0,5.98,0.08,1.1,2.73,3.0,4.62,
2017-11-01,0.0,0.0,0.04,1.43,1.46,0.0,7.47,0.0,1.1,2.67,2.83,7.0,
2017-11-02,0.0,0.0,0.15,2.51,0.95,0.0,5.29,0.08,1.1,3.06,2.85,4.23,
2017-11-03,21.21,0.0,0.13,2.74,1.48,0.0,4.87,0.24,1.1,2.6,3.71,3.22,
2017-11-04,22.37,0.02,0.3,3.18,0.39,0.0,5.08,0.75,1.09,2.51,10.91,2.73,
2017-11-05,21.71,0.0,0.3,6.46,0.62,0.0,4.15,0.67,1.08,1.96,11.55,2.97,
2017-11-06,23.48,0.0,0.33,4.6,0.15,0.0,4.74,0.58,1.01,2.59,4.12,4.35,
2017-11-07,33.58,0.0,1.0,5.11,0.4,0.0,6.09,0.51,1.1,2.69,4.39,8.13,
2017-11-08,45.36,0.0,0.32,7.73,0.35,0.0,6.23,0.75,1.1,2.67,4.25,8.12,
2017-11-09,40.31,0.0,0.2,6.99,0.56,0.0,5.89,0.82,1.49,2.89,4.78,8.67,
2017-11-10,35.32,0.0,0.21,7.33,1.16,0.0,4.61,0.98,0.45,3.19,4.8,6.84,
2017-11-11,34.08,0.0,0.19,8.39,1.33,0.0,4.6,1.03,0.56,2.84,6.34,6.66,
2017-11-12,0.0,0.01,0.06,7.84,1.28,0.0,6.36,0.75,0.66,2.88,4.64,6.54,
2017-11-13,12.51,0.0,0.42,5.47,1.18,0.0,6.36,0.85,0.73,2.7,4.15,6.81,
2017-11-14,63.79,0.01,0.29,4.44,1.2,0.0,6.18,1.02,0.53,2.92,3.77,3.85,
2017-11-15,49.7,0.05,0.26,4.38,1.22,0.0,4.42,0.77,0.5,2.61,3.07,2.0,
2017-11-16,14.55,0.02,0.16,4.06,1.26,0.0,4.41,0.58,0.46,2.63,3.8,1.95,
2017-11-17,15.08,0.0,0.83,3.0,1.28,0.0,4.75,0.57,0.57,2.55,6.75,2.02,
2017-11-18,13.81,0.01,0.6,2.29,1.28,0.0,2.98,0.81,0.69,2.58,4.35,2.16,
2017-11-19,20.24,0.01,0.26,2.04,1.48,0.0,4.31,0.76,0.54,1.93,4.3,2.75,
2017-11-20,9.95,0.01,0.71,2.38,1.32,0.0,8.06,0.45,1.28,1.58,5.18,1.74,
2017-11-21,10.59,0.0,0.23,4.37,1.34,0.0,5.34,0.41,1.36,2.83,7.86,2.04,
2017-11-22,35.22,0.01,0.33,4.92,1.33,0.0,2.88,0.44,1.45,3.53,7.85,2.88,
2017-11-23,3.34,0.0,0.85,4.53,1.35,0.0,2.33,0.5,1.23,3.51,8.62,5.36,
2017-11-24,4.01,0.0,0.68,5.18,1.33,0.0,2.82,0.72,1.16,4.31,8.3,6.89,0.17
2017-11-25,2.18,0.02,0.31,5.3,1.29,0.0,2.3,0.76,0.89,3.47,8.29,8.43,0.2
2017-11-26,12.43,0.0,0.64,20.64,1.35,0.0,3.03,0.97,1.03,3.74,9.65,8.37,0.22
2017-11-27,5.13,0.01,0.21,4.33,1.3,0.0,2.84,0.7,1.1,4.46,9.0,5.76,0.29
2017-11-28,8.31,0.02,0.44,16.1,1.37,0.0,4.23,0.7,1.04,5.64,11.13,7.46,0.17
2017-11-29,17.73,0.0,0.01,7.08,1.34,0.0,3.01,1.2,1.86,3.91,11.29,8.95,0.21
2017-11-30,31.5,0.0,0.03,8.15,1.34,0.0,2.95,1.5,1.17,2.36,12.97,5.68,0.16
2017-12-01,27.59,0.0,0.09,6.41,1.3,0.0,2.98,1.19,0.93,3.29,9.47,2.4,0.17
2017-12-02,12.02,0.0,0.05,7.94,1.54,0.0,4.65,1.49,0.98,2.75,8.83,2.12,0.25
2017-12-03,8.51,0.0,0.0,8.46,1.4,0.0,3.29,0.97,0.98,2.82,9.79,3.34,0.23
2017-12-04,9.43,0.0,0.11,7.62,1.39,0.0,2.94,0.88,0.89,3.1,5.09,5.94,0.31
2017-12-05,11.0,0.0,0.33,5.42,1.47,0.0,2.66,0.99,1.09,4.31,4.94,2.23,0.24
2017-12-06,8.81,0.0,0.07,2.94,1.42,0.0,2.62,1.04,1.0,4.56,4.14,2.3,0.29
2017-12-07,15.38,,0.62,2.6,1.41,0.0,4.5,0.92,1.12,3.5,5.45,3.42,0.36
2017-12-08,14.84,,1.18,3.13,1.86,0.0,4.19,0.72,1.09,3.09,9.68,5.1,0.36
2017-12-09,16.74,,1.29,7.52,4.03,0.0,5.13,0.98,1.01,3.19,12.27,8.93,0.26
2017-12-10,23.84,,0.96,9.07,5.24,0.0,3.38,0.74,1.18,4.16,9.15,3.2,0.2
2017-12-11,26.49,,1.02,5.22,2.87,0.0,5.06,0.8,1.27,3.5,3.94,2.19,0.23
2017-12-12,1.82,,0.48,1.96,3.47,0.0,6.26,0.67,1.48,3.93,2.59,3.66,0.28
2017-12-13,0.99,,2.56,2.51,1.76,0.0,4.08,0.55,1.59,4.02,3.31,3.53,0.24
2017-12-14,0.74,,5.85,2.18,1.57,0.0,3.19,0.42,1.58,2.54,5.8,1.61,0.23
2017-12-15,8.28,,3.86,1.89,1.51,0.0,3.11,0.43,1.49,2.95,,1.96,0.18
2017-12-16,12.03,,2.32,1.92,1.14,0.73,3.79,0.43,1.45,4.91,,2.25,0.24
2017-12-17,9.37,,1.98,1.87,1.93,0.0,4.68,0.57,0.95,4.39,,8.17,0.31
2017-12-18,11.34,,1.96,2.46,1.8,0.0,3.5,0.84,1.1,4.02,,5.03,0.26
2017-12-19,18.08,,3.03,3.93,3.46,0.0,3.38,0.73,1.66,3.0,,13.64,0.28
2017-12-20,14.06,,2.94,4.65,5.82,0.0,6.11,0.93,1.67,3.83,,8.07,0.29
2017-12-21,15.03,,2.92,4.12,2.92,0.0,5.42,0.69,1.81,3.28,16.18,1.98,0.33
2017-12-22,12.12,,1.77,2.88,1.16,0.0,6.94,0.45,1.73,4.44,4.8,2.3,0.29
2017-12-23,19.04,,2.13,3.9,1.93,0.0,4.37,0.5,1.68,4.99,4.92,10.57,0.31
2017-12-24,22.98,,1.98,6.52,2.89,0.0,3.89,0.7,1.56,4.23,5.7,6.13,0.34
2017-12-25,19.73,,2.25,5.63,1.68,0.0,3.98,0.56,1.43,3.6,7.2,6.13,0.33
2017-12-26,15.99,,1.97,5.37,1.8,0.0,4.75,0.48,1.48,4.47,10.16,5.93,0.33
2017-12-27,21.84,0.0,1.83,5.95,2.45,0.0,3.96,0.68,1.49,3.76,7.56,8.78,0.38
2017-12-28,29.83,0.0,2.1,6.36,3.75,0.0,3.62,1.04,1.47,4.7,5.23,7.7,0.36
2017-12-29,21.93,,1.64,5.35,2.2,0.0,3.97,0.78,1.24,3.59,8.05,6.02,0.32
2017-12-30,19.32,,1.56,6.96,1.79,0.0,3.61,0.82,1.07,2.76,8.93,2.94,0.25
2017-12-31,13.58,,1.51,7.01,1.78,0.0,4.47,0.6,0.91,2.62,10.6,3.33,0.33
2018-01-01,14.48,,2.02,5.72,2.52,0.0,4.26,0.47,0.77,2.7,5.76,4.87,0.23
2018-01-02,14.29,,1.58,3.98,5.56,0.0,3.16,0.62,0.0,2.96,5.17,3.84,0.2
2018-01-03,12.77,,1.67,3.09,2.04,0.0,3.32,0.52,1.05,3.04,4.76,7.8,0.24
2018-01-04,19.56,,1.49,3.79,2.78,0.0,4.01,0.55,1.66,3.17,,5.61,0.3
2018-01-05,17.69,,1.25,3.63,2.25,0.0,3.5,0.67,1.63,4.57,,5.44,0.29
2018-01-06,21.18,,1.36,5.69,3.07,0.0,4.6,0.48,1.59,5.24,,7.01,0.26
2018-01-07,16.52,,1.53,3.19,3.45,0.0,3.28,0.56,1.65,5.0,,4.06,0.25
2018-01-08,14.27,,1.07,3.36,3.73,0.0,2.43,0.81,1.45,5.72,,8.06,0.29
2018-01-09,9.0,3.33,0.74,5.31,2.84,0.0,2.65,0.7,1.515,2.45,,6.47,0.05
2018-01-10,12.18,0.0,1.95,3.26,2.92,0.0,2.98,0.56,1.58,4.17,,6.07,0.1
2018-01-11,18.16,0.0,1.25,3.27,2.17,0.0,4.21,0.58,1.66,6.32,,4.64,0.22
2018-01-12,16.99,0.0,1.67,4.23,1.12,0.0,4.04,0.53,1.7,5.62,11.47,3.82,0.28
2018-01-13,15.93,0.0,3.58,7.62,1.53,0.0,4.4,0.64,1.72,4.21,6.81,4.92,0.19
2018-01-14,15.14,0.0,0.94,4.3,1.46,0.0,3.82,0.68,1.72,5.08,9.63,3.07,0.23
2018-01-15,11.26,0.0,1.03,3.26,2.47,0.0,2.18,0.52,1.7,4.12,8.01,2.61,0.18
2018-01-16,18.24,0.0,1.09,3.09,1.57,0.0,3.74,0.84,1.72,4.36,13.14,1.75,0.15
2018-01-17,25.0,0.0,1.93,4.22,2.08,0.0,2.99,0.83,1.58,4.37,6.07,1.02,0.15
2018-01-18,14.07,0.0,1.83,5.19,2.57,0.0,3.98,0.6,1.4325,3.7,4.96,1.87,0.19
2018-01-19,21.46,0.0,1.71,5.47,6.83,0.0,3.88,0.9,1.285,3.83,4.7,1.38,0.18
2018-01-20,26.98,0.0,1.74,2.37,2.46,0.0,6.07,0.7,1.1375000000000002,4.1,7.51,1.39,0.2
2018-01-21,39.79,0.0,2.21,2.74,1.27,0.0,3.53,0.63,0.99,3.84,7.6,1.73,0.16
2018-01-22,14.07,0.0,1.58,4.09,2.57,0.0,2.84,0.67,0.87,4.12,5.69,0.98,0.16
2018-01-23,7.96,0.08,1.48,2.68,4.4,0.0,2.48,0.73,1.16,4.89,4.59,1.13,0.18
2018-01-24,25.75,0.2,1.09,2.26,1.24,0.0,2.46,0.61,1.76,4.744999999999999,4.96,0.89,0.17
2018-01-25,36.0,0.0,1.57,2.22,1.75,0.0,4.31,0.35,1.75,4.6,4.21,2.07,0.18
2018-01-26,24.12,0.0,1.19,2.46,1.92,0.0,5.18,0.36,1.74,4.455,4.53,2.2,0.19
2018-01-27,13.51,0.04,1.2,2.29,2.15,0.0,4.7,0.45,2.11,4.31,5.34,2.08,0.18
2018-01-28,14.9,0.0,1.46,2.07,2.94,0.0,3.22,0.63,,5.16,10.26,2.19,0.16
2018-01-29,18.18,0.0,1.72,2.18,3.37,0.0,2.79,0.65,,5.9,10.4,1.74,0.15
2018-01-30,24.68,0.0,1.72,1.84,1.92,0.0,4.12,0.61,,7.86,12.7,2.69,0.19
2018-01-31,12.32,0.0,1.33,1.72,1.0,0.0,5.96,0.62,,7.66,12.27,1.66,0.18
2018-02-01,0.74,0.0,1.89,2.08,1.67,0.0,4.76,0.64,,7.47,12.84,3.16,0.16
2018-02-02,0.74,0.0,1.39,1.72,2.88,0.0,5.81,0.67,,8.43,11.53,1.48,0.18
2018-02-03,0.74,0.0,1.65,1.35,4.84,0.0,4.06,0.81,,8.41,13.55,0.5,0.09
2018-02-04,0.74,0.01,0.86,1.44,0.76,0.0,2.54,0.6,,7.49,11.04,0.67,0.13
2018-02-05,0.74,0.0,1.5,2.04,0.55,0.0,1.46,0.4,,7.41,10.47,0.97,0.12
2018-02-06,0.74,0.0,1.27,1.74,0.56,0.0,4.55,0.35,,8.28,11.9,0.71,0.12
2018-02-07,0.74,0.0,1.21,1.64,0.58,0.0,6.4,0.35,,6.68,10.06,1.08,0.08
2018-02-08,0.74,0.0,1.02,3.21,0.49,0.0,2.62,0.35,,7.01,11.24,1.01,0.1
2018-02-09,0.74,2.62,1.46,3.32,0.52,0.0,2.56,0.33,,6.7,10.41,1.07,0.07
2018-02-10,0.74,1.74,1.06,6.94,0.86,0.0,2.59,0.33,,7.64,11.45,1.49,0.05
2018-02-11,0.74,0.64,1.11,3.53,2.1,0.0,1.07,0.35,,6.39,10.52,0.6,0.06
2018-02-12,0.74,0.47,1.06,0.8,0.68,0.0,0.76,0.36,,4.18,8.39,0.58,0.04
2018-02-13,0.74,0.4,0.96,1.73,0.63,0.0,0.98,0.35,,4.3,8.89,0.63,0.12
2018-02-14,0.74,0.3,1.29,1.02,0.23,0.0,1.98,0.35,,4.17,9.27,0.47,0.16
2018-02-15,0.74,0.72,0.84,1.16,0.28,0.0,2.27,0.25,,7.43,9.79,0.91,0.17
2018-02-16,0.74,0.88,0.5,1.52,0.31,0.0,2.14,0.35,,5.91,9.66,0.85,0.15
2018-02-17,0.74,1.51,0.58,1.73,0.46,0.0,3.07,0.35,,7.24,9.73,1.89,0.09
2018-02-18,0.74,0.94,0.3,2.15,0.64,0.0,2.55,0.39,,4.92,9.86,0.68,0.1
2018-02-19,0.74,0.71,0.34,3.07,0.77,0.0,1.28,0.46,,5.97,10.46,0.54,0.08
2018-02-20,9.83,0.56,0.71,3.34,0.61,0.0,1.18,0.42,,6.56,11.28,1.3,0.1
2018-02-21,18.99,0.9,0.95,5.24,2.48,0.0,1.75,0.43,,7.49,9.99,1.66,0.1
2018-02-22,27.37,0.87,1.17,4.0,1.87,0.0,1.9,0.5,,7.24,9.66,2.06,0.12
2018-02-23,28.04,0.68,0.84,3.89,2.74,0.0,1.94,0.43,,6.53,11.44,2.3,0.09
2018-02-24,17.884999999999998,0.18,0.55,2.85,1.79,0.0,1.25,0.49,,11.15,10.52,2.28,0.16
2018-02-25,7.73,0.03,0.53,2.05,0.66,0.0,1.63,0.4,,9.57,9.475,0.68,0.13
2018-02-26,10.88,0.41,0.41,1.09,0.23,0.0,2.74,0.38,,6.75,8.43,0.61,0.1
2018-02-27,11.98,0.29,0.47,1.93,0.39,0.0,3.05,0.35,,5.89,11.46,0.67,0.15
2018-02-28,15.64,0.63,0.9,2.47,0.62,0.0,4.03,0.35,,6.03,11.71,1.03,0.09
2018-03-01,11.97,0.53,1.71,2.3,0.52,0.0,2.69,0.33,,7.16,12.02,1.22,0.06
2018-03-02,11.62,0.63,1.11,3.01,0.42,0.0,2.04,0.33,,5.59,9.62,0.75,0.05
2018-03-03,12.47,0.77,0.73,1.85,0.22,0.0,1.62,0.08,,5.0,11.16,0.61,0.05
2018-03-04,7.3,0.5,0.56,1.63,0.52,0.0,1.64,0.13,,4.86,10.36,0.57,0.06
2018-03-05,8.94,0.47,0.49,1.39,0.28,0.0,1.61,0.31,,5.41,9.89,0.38,0.05
2018-03-06,20.61,0.4,0.62,1.26,0.17,0.0,1.33,0.29,,6.14,8.82,0.54,0.11
2018-03-07,8.42,0.38,0.79,1.7,0.37,0.0,1.32,0.23,,6.19,7.39,0.79,0.05
2018-03-08,13.08,0.35,0.99,6.59,1.0,0.0,1.72,0.35,,3.14,6.29,0.79,0.12
2018-03-09,17.49,1.1,0.38,4.54,0.73,0.0,1.61,0.35,,3.07,5.16,0.82,0.09
2018-03-10,56.27,0.41,0.46,1.36,0.37,0.0,1.88,0.35,,6.26,4.03,0.92,0.1
2018-03-11,24.48,0.2,0.19,1.28,0.36,0.0,1.05,0.29,,5.56,4.91,0.7,0.11
2018-03-12,21.27,0.03,0.64,1.29,0.52,0.0,1.13,0.35,,5.77,4.89,0.83,0.09
2018-03-13,14.37,0.05,0.91,1.87,0.52,0.0,1.24,0.35,,6.25,5.07,1.27,0.08
2018-03-14,13.56,0.0,1.01,2.85,2.22,0.0,1.72,0.39,,6.55,4.12,0.57,0.05
2018-03-15,15.85,0.22,0.89,3.53,1.4,0.0,1.04,0.41,,5.38,3.47,0.81,0.02
2018-03-16,19.32,0.03,1.02,4.14,0.4,0.0,1.8,0.35,,5.0,3.52,1.04,0.01
2018-03-17,14.09,0.3,0.73,1.73,0.28,0.0,1.06,0.34,,8.82,3.8,0.51,0.09
2018-03-18,11.53,0.0,0.97,0.93,0.18,0.0,0.81,0.34,,6.68,4.61,0.71,0.12
2018-03-19,7.12,0.06,0.96,1.06,0.44,0.0,2.48,0.31,,4.75,3.65,0.85,0.09
2018-03-20,7.58,0.26,1.06,3.19,0.44,0.0,1.17,0.35,,4.24,4.01,0.44,0.06
2018-03-21,0.99,0.25,1.2,4.03,1.58,0.0,1.53,0.32,,5.29,4.18,0.3,0.06
2018-03-22,0.74,0.71,1.17,1.92,0.91,0.0,2.13,0.41,,5.31,4.28,0.35,0.01
2018-03-23,0.74,1.39,1.26,1.57,0.27,0.0,3.31,0.42,,5.6,4.18,0.39,0.03
2018-03-24,0.74,0.23,1.01,2.36,0.28,0.0,2.93,0.33,,4.19,5.65,0.47,0.02
2018-03-25,0.74,0.0,1.2,1.74,0.26,0.0,2.03,0.34,,2.62,3.57,0.64,0.01
2018-03-26,0.74,0.0,1.31,2.64,0.32,0.0,1.76,0.33,,4.26,4.81,1.41,0.05
2018-03-27,7.21,1.58,1.12,4.42,0.42,0.0,1.63,0.4,,4.89,2.21,2.08,0.01
2018-03-28,12.15,0.0,0.85,6.14,1.61,0.0,1.38,0.5,,4.26,,0.71,0.02
2018-03-29,16.49,0.0,0.73,2.72,1.34,0.0,2.01,0.49,,3.54,,0.69,0.0
2018-03-30,17.66,0.0,1.72,3.12,0.69,0.0,1.5,0.35,,3.7,,0.59,0.0
2018-03-31,9.17,0.0,1.82,2.96,0.0,0.0,1.43,0.21,,4.06,,0.71,0.0
2018-04-01,10.26,0.0,0.0,2.97,0.0,0.0,0.94,0.28,,4.42,,1.17,0.0
2018-04-02,11.45,0.0,0.15,3.33,0.0,0.0,1.25,0.16,,3.46,,1.09,0.04
2018-04-03,8.15,0.0,0.0,3.22,0.0,0.0,1.65,0.35,,3.05,,0.81,0.03
2018-04-04,9.24,0.0,0.65,2.64,0.56,0.0,1.04,0.34,,3.21,,1.09,0.01
2018-04-05,15.3,0.0,0.0,4.62,0.59,0.0,1.33,0.29,,3.52,,0.83,0.0
2018-04-06,7.72,0.0,0.7,2.64,0.44,0.0,1.57,0.29,,4.36,,0.41,0.0
2018-04-07,8.88,0.0,1.17,1.43,0.05,0.0,1.28,0.22,,4.42,,0.77,0.0
2018-04-08,11.37,0.0,1.25,0.95,0.0,0.0,0.85,0.15,,2.3,,0.87,0.02
2018-04-09,3.6,0.0,1.09,2.34,0.0,0.0,1.24,0.29,,4.77,,0.49,0.0
2018-04-10,9.43,0.0,0.09,4.38,0.0,1.44,1.6,0.34,,5.24,,0.45,0.0
2018-04-11,7.83,0.0,0.16,4.24,0.0,0.0,1.19,0.32,,4.99,,0.75,0.0
2018-04-12,6.17,0.0,2.86,4.98,0.0,0.0,1.33,0.28,,3.85,,0.42,0.0
2018-04-13,10.93,0.0,0.21,1.6,0.0,0.0,1.08,0.35,,5.39,,0.29,0.0
2018-04-14,10.73,0.0,0.0,2.45,0.0,0.0,0.6,0.31,,4.25,,0.4,0.0
2018-04-15,7.15,0.0,0.0,3.68,0.0,0.0,0.86,0.35,,3.34,,0.35,0.0
2018-04-16,9.83,0.28,0.18,4.66,0.0,0.0,2.22,0.31,,3.51,,0.41,0.0
2018-04-17,2.32,0.0,1.44,3.36,0.0,1.87,1.18,0.34,,5.94,,0.35,0.0
2018-04-18,6.72,0.0,4.76,1.72,0.0,0.22,1.12,0.31,,4.38,,0.31,0.0
2018-04-19,4.19,0.91,2.53,2.44,0.0,0.26,1.57,0.35,,3.85,,0.45,0.0
2018-04-20,0.74,1.5,3.19,2.23,0.0,0.24,1.71,0.24,,4.25,,0.3,0.0
2018-04-21,0.74,1.87,2.45,1.13,0.0,0.24,2.21,0.2,,4.52,,0.18,0.0
2018-04-22,6.65,1.86,1.13,1.43,0.0,0.1599999999999999,1.31,0.27,,2.95,,0.15,0.0
2018-04-23,7.94,1.72,1.63,1.83,0.0,0.0799999999999999,0.62,0.13,,6.28,,0.32,0.0
2018-04-24,11.44,1.75,1.84,3.36,0.0,0.0,0.87,0.34,,4.32,,0.7,0.0
2018-04-25,9.97,2.7,3.28,6.04,0.0,0.09,0.72,0.4,,5.55,,0.75,0.0
2018-04-26,5.49,2.74,3.82,5.52,0.0,0.23,0.96,0.24,,4.77,,0.36,0.0
2018-04-27,8.55,1.71,2.05,2.86,0.0,,1.35,0.12,,3.83,,0.46,0.0
2018-04-28,5.91,0.76,2.85,1.7,0.0,,0.65,0.07,3.17,3.19,,0.49,0.0
2018-04-29,2.62,0.85,0.73,1.87,0.0,,0.89,0.0,3.71,3.36,,0.61,0.0
2018-04-30,6.99,0.81,1.38,1.71,0.0,,1.2,0.02,3.36,3.43,,0.32,0.0
2018-05-01,9.26,0.12,0.71,1.18,0.0,,1.47,0.0,1.93,3.07,,0.48,0.0
2018-05-02,6.65,0.22,1.25,1.19,0.0,,0.88,4.973333333333334,1.35,6.29,,0.85,0.0166666666666666
2018-05-03,8.99,0.23,1.49,0.94,0.0,,0.79,9.946666666666667,1.37,6.87,,0.77,0.0333333333333333
2018-05-04,5.04,0.28,1.45,1.41,0.0,,0.73,14.92,2.82,5.37,,0.68,0.05
2018-05-05,15.19,0.28,1.55,2.46,0.0,,0.6,11.59,66.41,3.87,,0.92,0.0666666666666666
2018-05-06,11.0,0.24,1.45,3.75,0.0,0.12,0.44,11.36,142.0,3.58,,0.45,0.0833333333333333
2018-05-07,5.02,0.53,1.3,3.61,0.0,0.29,0.68,12.34,62.72,4.06,,0.42,0.1
2018-05-08,7.95,1.25,1.49,1.37,0.0,0.35,1.47,11.56,4.34,4.71,,0.66,0.07
2018-05-09,7.63,0.77,1.64,1.93,0.0,0.44,1.09,7.43,0.71,4.35,,0.33,0.08
2018-05-10,13.84,0.71,0.75,2.3,0.0,0.32,0.97,7.25,1.01,5.88,,0.42,0.05
2018-05-11,7.07,0.82,0.0,4.4,0.0,0.44,1.14,7.0,2.06,3.45,,1.53,0.03
2018-05-12,6.22,0.76,0.6033333333333334,4.15,0.0,0.24,0.61,6.4,1.95,4.8,,1.19,0.32
2018-05-13,7.5,0.72,1.2066666666666668,1.31,0.0,0.62,0.65,5.91,0.75,3.64,,0.99,0.21
2018-05-14,6.89,0.85,1.81,1.07,0.0,0.35,0.5,5.09,0.54,4.41,,1.03,0.57
2018-05-15,5.54,0.83,1.31,1.85,0.0,0.5,0.53,6.18,0.83,5.43,,0.89,0.81
2018-05-16,6.94,0.79,1.45,2.59,0.0,0.46,0.86,6.23,0.6,4.81,,1.04,0.28
2018-05-17,6.21,0.7,1.45,1.84,0.0,0.49,1.0,5.94,0.69,4.39,0.99,0.95,2.11
2018-05-18,5.65,0.82,1.36,3.02,0.0,0.68,0.76,6.56,1.27,4.36,1.0,1.24,1.0
2018-05-19,9.05,0.99,1.46,5.23,0.06,0.5,1.16,6.31,1.27,4.6,0.91,1.14,0.88
2018-05-20,7.68,0.7,1.5,2.72,0.0,0.35,0.83,5.38,0.91,3.11,0.84,0.91,0.95
2018-05-21,6.92,0.98,1.46,3.04,0.0,0.63,1.05,7.1,0.65,5.31,0.76,1.08,0.2
2018-05-22,8.23,0.47,0.54,3.53,0.0,0.63,0.87,6.56,1.06,4.18,0.84,1.54,0.23
2018-05-23,9.75,0.52,0.0,5.79,0.0,0.38,1.31,6.51,2.65,4.17,0.77,2.27,0.14
2018-05-24,9.79,0.37,0.06,3.1,0.0,0.49,1.01,6.35,1.37,3.87,0.79,1.52,0.44
2018-05-25,8.28,0.28,0.0,4.03,0.0,0.64,1.22,7.07,1.31,3.06,0.94,3.22,39.22
2018-05-26,16.03,0.36,0.02,4.77,0.0,0.3,0.68,6.1,1.85,2.98,0.97,1.65,28.37
2018-05-27,6.98,0.17,0.0,3.73,0.0,0.26,1.04,5.59,0.82,3.12,0.74,0.98,35.84
2018-05-28,5.48,0.09,0.0,2.77,0.0,0.32,1.11,6.12,2.53,6.47,0.86,1.36,53.89
2018-05-29,4.74,0.1,0.0,3.88,0.0,0.34,1.06,6.16,1.66,3.86,0.83,0.88,48.64
2018-05-30,4.3,0.2,0.25,1.2,0.0,0.42,0.66,6.78,0.19,4.47,0.8,0.61,41.77
2018-05-31,4.46,0.47,0.0,1.88,0.0,0.34,0.66,6.53,0.57,3.19,0.88,1.24,34.900000000000006
2018-06-01,5.1,0.28,0.0,1.48,0.0,0.22,1.24,5.05,0.45,3.95,0.75,1.14,28.030000000000005
2018-06-02,6.38,0.43,0.0,1.51,0.0,0.47,1.26,5.49,0.08,4.28,0.6,1.05,21.16
2018-06-03,5.66,0.28,0.18,1.32,0.0,0.45,0.62,5.23,0.06,6.38,0.58,0.36,16.54
2018-06-04,4.93,0.11,0.0,2.13,0.0,0.67,0.74,5.56,0.19,3.46,0.52,0.87,6.66
2018-06-05,5.61,0.13,0.0,2.52,0.0,0.44,0.86,5.98,0.07,5.85,0.6,0.69,4.24
2018-06-06,5.31,0.11,0.32,2.71,0.0,0.42,1.04,5.83,0.22,5.24,0.62,0.54,1.84
2018-06-07,4.73,0.07,0.25,4.76,0.0,0.51,0.42,6.46,0.32,3.59,0.64,0.73,
2018-06-08,5.04,0.05,0.11,2.56,0.0,0.63,0.44,5.39,0.17,6.67,0.92,0.93,
2018-06-09,6.97,0.06,0.0,2.72,0.0,0.51,0.38,5.06,0.06,4.5,0.53,0.72,
2018-06-10,9.25,0.01,0.0,2.67,0.0,0.27,0.27,4.42,0.13,4.06,0.7,0.52,
2018-06-11,4.86,0.28,0.0,2.57,0.0,0.29,0.78,5.55,0.23,4.57,0.62,0.78,
2018-06-12,7.51,1.11,0.0,2.26,0.49,0.37,0.9,5.79,0.23,5.37,0.9,0.49,
2018-06-13,7.39,1.03,0.0,2.33,0.16,16.24,0.46,5.42,0.0,5.61,1.04,0.24,
2018-06-14,8.43,0.59,0.08,2.25,2.87,0.43,0.38,5.79,0.02,4.68,0.7,0.29,
2018-06-15,8.2,0.85,0.48,2.98,1.09,0.24,0.37,6.39,0.03,5.44,0.57,0.34,
2018-06-16,6.47,1.22,0.0,3.36,0.61,0.71,0.26,5.37,0.02,4.84,0.49,0.26,
2018-06-17,5.08,0.88,0.0,2.78,0.61,0.59,0.24,5.3,0.01,4.233333333333333,0.55,0.26,
2018-06-18,4.61,0.78,0.0,2.82,0.64,1.04,0.26,6.0,0.11,3.626666666666667,0.63,0.39,
2018-06-19,4.36,0.64,0.0,3.73,0.68,0.75,0.2,5.69,0.08,3.02,0.73,0.45,
2018-06-20,4.88,0.57,0.01,4.51,0.86,0.51,0.25,4.87,0.33,4.66,0.88,0.44,
2018-06-21,4.85,0.53,0.0,3.89,1.07,0.39,0.38,4.64,0.12,3.55,0.9,0.66,0.23
2018-06-22,4.28,0.53,0.0,4.69,1.03,0.63,0.94,4.494999999999999,0.43,4.28,1.26,0.73,0.38
2018-06-23,4.0,0.68,0.09,4.26,0.48,0.69,0.66,4.35,0.4,4.89,0.99,0.43,0.41
2018-06-24,9.31,0.3,0.0,2.66,0.26,0.51,0.26,3.88,0.26,3.35,1.13,0.39,0.4
2018-06-25,7.05,0.36,0.0,1.93,0.71,0.36,0.23,3.44,0.11,4.61,0.88,0.46,0.43
2018-06-26,6.64,0.34,0.0,1.81,0.61,0.39,0.24,2.1,0.0,5.53,0.83,0.59,0.36
2018-06-27,6.64,0.36,0.0,2.24,0.12,0.33,0.28,3.28,0.0,5.99,0.62,0.81,0.38
2018-06-28,7.39,0.5,0.0,1.65,0.04,0.66,0.32,2.57,0.0,4.77,0.58,0.53,0.48
2018-06-29,6.07,0.54,0.0,2.22,0.04,1.02,0.34,3.07,0.0,6.03,0.71,1.75,0.4
2018-06-30,7.76,0.88,0.0,2.3,0.04,0.62,0.48,3.5,0.0,4.69,0.94,0.48,0.39
2018-07-01,4.82,2.3,0.0,1.56,0.11,0.82,0.38,3.19,0.0,4.77,1.23,0.63,0.34
2018-07-02,5.02,0.64,0.0,0.98,0.17,0.55,0.43,2.78,0.0,3.84,1.0,0.74,0.32
2018-07-03,4.73,0.66,0.0,1.82,0.21,0.54,0.66,2.2,0.13,4.59,0.6,0.77,0.32
2018-07-04,5.26,0.58,0.0,1.88,0.03,0.27,1.11,1.91,0.56,4.95,0.65,0.69,0.29
2018-07-05,7.62,0.55,0.48,2.57,0.01,0.5,0.37,2.34,0.43,4.87,0.73,0.89,0.3
2018-07-06,6.57,0.52,1.4,2.31,0.0,0.41,1.08,3.21,0.41,5.05,1.08,0.87,0.32
2018-07-07,6.49,0.5,0.65,2.06,0.07,0.4,1.04,3.92,0.46,6.26,1.05,0.66,0.29
2018-07-08,4.57,0.51,0.0,2.31,0.08,0.56,0.78,4.23,1.47,4.77,0.82,0.74,0.26
2018-07-09,4.73,0.6,0.0,1.66,0.05,0.62,0.5,6.04,0.51,4.67,0.65,0.99,0.28
2018-07-10,6.55,0.51,0.0,1.07,0.06,0.74,0.37,3.11,0.24,4.23,0.71,0.83,0.24
2018-07-11,9.88,0.44,0.0,1.49,0.04,0.42,0.42,3.42,0.18,5.11,0.63,1.28,0.35
2018-07-12,9.63,0.44,0.0,1.49,0.0,0.5,0.36,3.14,2.06,5.31,3.29,1.18,0.28
2018-07-13,5.56,0.42,0.0,1.55,0.02,0.5,0.39,3.15,0.77,4.54,5.57,0.99,0.26
2018-07-14,7.93,0.49,0.0,1.81,0.0,1.25,0.68,3.05,1.29,5.02,3.17,0.51,0.22
2018-07-15,4.45,0.33,0.0,1.19,0.0,0.58,0.54,2.91,0.06,4.51,2.69,0.73,0.2
2018-07-16,4.82,0.45,0.0,1.61,0.0,0.46,0.52,2.98,0.93,4.64,2.58,1.16,0.23
2018-07-17,8.73,0.5,0.0,1.53,0.24,0.52,0.42,2.67,0.84,4.46,1.92,0.67,0.21
2018-07-18,5.8,0.58,0.0,1.48,0.36,0.67,0.8,2.97,0.8,4.07,1.33,0.56,0.21
2018-07-19,10.48,0.61,0.0,1.31,0.4,0.72,0.59,3.47,0.51,3.85,1.69,1.06,0.22
2018-07-20,11.79,0.49,0.0,1.87,0.35,0.71,0.88,3.32,0.44,5.45,2.02,1.16,0.19
2018-07-21,13.66,0.5,0.0,2.32,0.31,0.6,0.69,2.85,1.22,5.86,2.21,0.74,0.19
2018-07-22,9.86,0.36,0.0,1.28,0.26,0.74,0.55,2.36,0.14,4.88,1.76,0.38,0.18
2018-07-23,8.55,0.56,0.0,1.39,0.25,0.24,0.48,2.49,0.66,6.49,1.54,0.69,0.24
2018-07-24,9.96,0.56,0.0,1.5,0.24,0.51,0.44,2.64,0.25,6.29,1.16,0.67,0.21
2018-07-25,10.25,0.73,0.0,1.18,0.25,0.59,0.41,1.96,0.17,6.23,1.54,0.55,0.16
2018-07-26,6.41,0.61,0.0,1.26,0.24,0.57,0.43,2.35,0.18,5.61,0.93,0.54,0.16
2018-07-27,5.77,0.61,0.0,1.46,0.26,0.53,0.46,2.3,0.23,6.52,1.37,0.51,0.13
2018-07-28,4.59,0.38,0.0,1.36,0.27,0.39,0.51,2.6,0.15,4.71,1.84,0.43,0.2
2018-07-29,4.78,0.38,0.0,1.24,0.28,0.44,0.53,2.0,0.1,4.11,1.99,0.34,0.16
2018-07-30,4.98,0.66,0.0,1.08,0.28,0.67,0.73,1.88,0.07,8.42,2.18,0.41,0.13
2018-07-31,5.42,0.48,0.0,1.28,0.24,0.39,0.59,2.23,0.07,5.04,2.19,0.44,0.16
2018-08-01,5.72,0.55,0.0,1.38,0.18,0.44,0.71,1.9,0.15,6.09,2.0,0.35,0.12
2018-08-02,5.99,0.4,0.0,1.47,0.21,1.02,1.23,2.57,0.22,3.5,1.87,0.32,0.13
2018-08-03,6.3,1.27,0.0,1.4,0.25,0.32,1.59,2.63,0.21,4.36,2.08,0.31,0.13
2018-08-04,4.54,0.59,0.0,1.23,0.2,0.27,0.8,2.38,0.19,6.15,1.84,0.26,0.12
2018-08-05,4.08,0.4,0.0,1.08,0.15,0.3,0.78,2.74,0.05,4.59,1.85,0.28,0.2
2018-08-06,5.84,0.53,0.0,1.44,0.21,0.36,0.71,2.98,0.58,7.43,1.76,0.41,0.16
2018-08-07,4.42,0.47,0.0,1.55,0.18,0.42,0.54,3.23,0.54,5.1,1.72,0.71,0.11
2018-08-08,5.0,0.53,0.0,1.55,1.89,0.29,0.55,3.11,0.32,5.21,1.94,0.74,0.11
2018-08-09,5.46,0.56,0.0,1.37,0.19,0.19,1.04,2.71,0.25,4.69,1.99,0.62,0.12
2018-08-10,5.79,0.54,0.0,1.81,0.22,0.3,0.76,2.98,0.48,5.74,2.02,0.68,0.12
2018-08-11,5.76,0.62,0.0,1.28,0.32,0.31,0.65,3.4,0.02,4.96,2.32,0.41,0.07
2018-08-12,4.72,0.6,0.0,0.97,0.23,0.29,0.68,3.23,0.0,3.7,2.07,0.3,0.0
2018-08-13,5.34,0.45,0.0,1.11,0.23,0.39,0.43,3.45,0.0,6.28,1.88,0.4,0.04
2018-08-14,4.95,0.53,0.23,1.57,0.19,0.33,0.84,3.26,0.0,6.64,1.8,0.66,0.05
2018-08-15,5.89,0.46,0.0,1.41,0.12,0.31,0.65,2.87,1.106666666666667,6.449999999999999,2.0,0.5,0.1
2018-08-16,4.41,0.37,0.0,1.88,0.16,0.43,0.49,2.45,2.2133333333333334,6.26,1.92,0.74,0.1
2018-08-17,4.86,0.41,0.2,1.88,0.14,0.34,0.39,2.63,3.32,4.41,1.97,0.53,0.1
2018-08-18,6.33,0.33,0.0,1.61,0.12,0.33,0.36,3.4,2.07,4.72,1.89,0.55,0.1
2018-08-19,8.26,0.35,0.0,1.63,0.1,0.33,0.76,3.11,2.24,6.97,1.9,0.67,0.1
2018-08-20,7.07,0.41,0.0,1.66,0.21,0.32,0.5,3.12,2.57,5.19,1.97,0.99,0.17
2018-08-21,5.93,0.44,0.0,1.09,0.12,0.33,0.44,2.59,1.36,3.55,2.35,0.93,0.12
2018-08-22,5.55,0.38,0.0,1.23,0.1,0.38,0.35,2.96,1.53,3.98,5.83,0.72,0.09
2018-08-23,5.28,0.43,0.0,1.16,0.08,0.28,0.62,2.92,0.79,3.8,4.85,0.43,0.1
2018-08-24,4.75,0.54,0.0,1.15,0.16,0.25,0.76,3.54,1.01,2.58,4.72,0.88,0.1
2018-08-25,4.88,0.5,0.0,1.19,1.79,0.28,0.74,3.34,0.54,6.61,3.8366666666666656,0.91,0.1
2018-08-26,4.46,0.29,0.0,0.96,0.15,0.5,0.53,3.03,0.47,6.665,2.953333333333333,0.87,0.1
2018-08-27,4.75,0.43,0.0,1.31,0.13,0.47,0.81,3.15,2.54,6.72,2.07,1.1,0.1
2018-08-28,4.68,0.3,0.0,1.53,0.11,0.4,3.66,2.9,1.69,7.33,5.0,1.38,0.09
2018-08-29,6.52,0.48,0.0,1.6,0.1,0.29,0.87,2.38,1.48,5.92,5.83,1.06,0.1
2018-08-30,5.48,0.32,0.0,1.78,0.05,0.47,1.15,3.4,1.76,4.33,5.38,0.5,0.1
2018-08-31,6.74,0.33,0.0,1.47,0.1,0.35,1.46,3.47,0.83,7.65,4.26,0.41,0.04
2018-09-01,4.8,0.29,0.0,2.24,0.1,0.3,1.49,3.17,1.61,5.39,4.68,0.44,0.07
2018-09-02,4.38,0.27,0.02,1.95,0.09,0.41,1.16,2.68,0.0,4.63,4.17,0.43,0.11
2018-09-03,4.16,0.33,0.03,2.11,0.08,0.29,0.83,2.59,0.34,5.02,4.05,0.53,0.09
2018-09-04,3.94,0.97,0.03,2.89,0.1,0.39,1.35,2.71,1.79,4.49,4.88,0.6,0.09
2018-09-05,3.94,0.31,0.0,2.12,0.09,0.39,1.77,2.97,1.67,5.12,4.92,0.59,0.07
2018-09-06,3.94,0.31,0.0,2.19,0.1,0.28,1.66,3.32,0.52,5.14,6.81,0.58,0.09
2018-09-07,3.94,0.35,0.0,2.51,0.08,0.42,1.21,2.64,2.2,5.44,6.66,0.62,0.08
2018-09-08,3.94,0.18,0.0,1.84,0.07,0.37,0.5,2.7,4.74,4.66,5.02,0.6,0.08
2018-09-09,3.94,0.23,0.0,1.05,0.08,0.97,1.1,2.79,2.19,5.38,5.23,0.53,0.06
2018-09-10,3.94,0.36,0.03,1.29,0.09,1.3,2.14,2.06,2.03,4.87,5.43,0.72,0.04
2018-09-11,3.94,0.46,0.02,1.36,0.08,0.99,2.2,1.91,2.31,4.83,5.44,0.92,0.07
2018-09-12,3.94,0.39,0.05,1.44,0.05,0.77,1.91,1.83,2.35,5.24,4.66,0.59,0.05
2018-09-13,3.94,0.43,0.0,1.28,0.04,0.84,3.3,1.95,2.69,4.44,4.03,0.58,0.07
2018-09-14,3.94,0.43,0.11,1.44,0.08,1.04,2.82,2.28,2.16,6.18,3.94,0.64,0.07
2018-09-15,3.94,0.35,0.06,2.29,0.08,1.83,2.99,2.3,2.373333333333333,5.87,4.08,0.65,0.06
2018-09-16,3.94,0.42,0.0,1.78,0.06,1.53,3.04,2.47,2.586666666666667,5.55,4.09,0.55,0.05
2018-09-17,3.94,0.39,0.02,1.68,0.1,0.91,1.45,3.37,2.8,4.5,4.27,0.68,0.04
2018-09-18,3.94,0.41,0.0,1.71,0.1,0.79,1.45,2.8,2.24,5.4,4.4,0.68,0.01
2018-09-19,3.94,0.33,0.02,2.12,0.12,0.54,2.1,3.24,2.58,5.12,4.58,0.68,0.0
2018-09-20,3.94,1.01,0.0,2.75,0.14,0.84,1.48,3.72,2.6,5.25,4.37,0.7,0.05
2018-09-21,3.94,0.56,0.02,1.98,0.09,1.41,1.37,2.64,0.34,3.48,4.24,0.82,0.02
2018-09-22,3.94,0.72,0.0,1.7,0.08,0.55,0.69,2.54,0.23,3.37,4.0,0.76,0.03
2018-09-23,3.94,0.56,0.0,1.4,0.09,0.56,1.06,2.59,0.04,4.26,3.87,0.66,0.0
2018-09-24,3.94,0.71,0.0,2.44,0.17,1.18,1.73,2.76,0.66,4.06,5.77,0.92,0.01
2018-09-25,3.94,1.01,0.0,3.12,0.35,0.62,2.47,2.7,0.56,4.32,12.5,1.16,0.03
2018-09-26,3.94,0.95,0.04,2.94,0.47,0.65,4.16,2.86,0.85,5.61,18.6,1.2,0.03
2018-09-27,3.94,1.03,0.08,4.84,0.7,0.84,2.37,2.2,3.49,4.46,17.04,1.16,0.02
2018-09-28,3.94,0.53,0.09,6.51,0.64,2.15,3.95,2.63,3.85,4.68,22.43,1.2,0.01
2018-09-29,3.94,0.47,0.0,6.0,0.42,1.42,4.27,2.35,2.37,4.7,15.48,1.24,0.03
2018-09-30,3.94,0.4,0.0,2.9,0.3,1.61,5.97,2.16,0.99,4.18,16.68,1.51,0.01
2018-10-01,3.94,0.31,0.1,3.29,0.25,2.06,2.92,2.16,1.46,4.1,18.14,1.54,0.0
2018-10-02,4.26,0.23,0.03,3.8,0.24,1.49,2.42,2.42,1.74,4.73,16.96,1.54,0.01
2018-10-03,4.41,0.18,0.06,3.74,0.23,1.86,1.66,2.76,2.24,3.35,16.32,1.52,0.04
2018-10-04,3.65,0.32,0.02,4.97,0.22,1.59,2.19,3.17,3.48,5.1,14.45,1.17,0.01
2018-10-05,3.65,0.25,0.15,6.75,0.2,1.69,2.91,2.97,4.11,4.68,9.74,1.38,0.04
2018-10-06,3.77,0.32,0.39,4.74,0.2,1.57,4.05,2.85,2.18,5.16,14.31,1.11,0.05
2018-10-07,3.87,0.23,0.0,4.61,0.69,1.03,3.02,2.67,2.93,3.38,17.31,1.21,0.09
2018-10-08,3.87,0.38,0.08,5.34,0.82,2.08,3.34,3.28,2.48,3.37,16.63,1.37,0.06
2018-10-09,3.87,0.94,0.11,5.33,0.45,1.72,5.46,3.93,3.0,3.85,21.28,1.34,0.08
2018-10-10,3.87,2.07,0.64,4.55,0.38,0.98,4.33,3.72,2.61,4.3,18.53,1.35,0.04
2018-10-11,3.87,2.79,0.26,3.1,0.31,0.74,3.68,2.95,2.77,7.92,20.64,1.24,0.06
2018-10-12,3.87,1.46,0.06,3.68,0.17,0.96,3.35,2.76,2.47,6.08,16.96,1.2,0.06
2018-10-13,3.87,1.68,0.08,5.82,0.21,1.74,4.92,2.57,2.89,3.81,20.31,1.19,0.06
2018-10-14,3.87,0.72,0.12,4.23,0.22,2.47,4.0,2.24,1.66,4.62,14.99,1.22,0.0
2018-10-15,3.87,1.32,0.08,5.51,0.25,1.86,3.18,2.47,2.64,5.29,13.21,1.69,0.02
2018-10-16,3.87,0.31,0.0,7.92,0.28,2.25,2.71,2.53,3.4000000000000004,3.48,9.97,2.08,0.02
2018-10-17,3.87,0.9,0.49,6.99,0.8,3.02,1.99,3.21,4.16,3.07,11.77,1.76,0.0
2018-10-18,3.87,0.78,0.08,8.83,0.41,2.79,1.76,3.78,4.12,6.24,14.28,1.98,0.018
2018-10-19,3.87,0.24,0.05,6.59,0.41,0.78,2.14,3.23,2.75,6.57,11.69,1.69,0.036
2018-10-20,3.87,0.15,0.6,5.99,0.39,0.88,3.78,3.12,5.67,5.75,13.02,1.73,0.0539999999999999
2018-10-21,3.87,0.16,0.13,5.73,0.4,0.8400000000000001,2.41,3.62,3.61,5.62,13.33,1.33,0.072
2018-10-22,3.87,0.34,0.03,5.75,0.29,0.8,3.99,3.6,2.24,5.76,15.45,1.59,0.09
2018-10-23,3.87,0.59,0.02,7.1,0.26,0.8,3.35,3.8,4.7,7.05,12.74,1.32,0.06
2018-10-24,3.87,0.56,0.05,10.68,0.3,1.28,3.46,3.29,4.66,7.08,12.82,1.37,0.07
2018-10-25,3.87,0.48,0.03,9.42,0.68,1.43,3.58,3.8,5.17,6.79,13.54,1.73,0.06
2018-10-26,3.87,0.46,0.54,10.6,0.73,1.16,3.17,4.47,6.31,4.28,18.73,1.36,0.08
2018-10-27,3.87,0.51,0.05,11.57,1.16,2.39,6.3,4.04,7.36,5.4,10.51,1.32,0.07
2018-10-28,3.87,0.53,0.03,8.94,1.2,1.615,6.21,3.52,5.42,3.12,15.23,1.33,0.07
2018-10-29,7.12,0.76,0.07,9.06,0.94,0.84,5.25,3.49,5.81,2.9,14.68,1.84,0.08
2018-10-30,38.06,0.81,0.09,10.08,0.7,1.04,5.31,3.62,6.27,3.26,12.43,2.12,0.07
2018-10-31,10.47,0.63,0.13,9.95,0.45,0.96,4.83,3.43,6.29,2.7,13.24,2.03,0.04
2018-11-01,8.43,0.44,0.37,10.79,0.94,2.77,3.91,4.52,6.59,2.19,13.12,2.46,0.0
2018-11-02,16.41,0.36,0.2,7.93,0.57,2.3,3.24,4.29,2.83,2.33,8.35,3.01,0.0
2018-11-03,32.77,0.32,0.05,4.98,0.43,2.07,1.89,3.62,3.64,1.87,7.09,1.86,0.0
2018-11-04,77.43,0.29,0.03,2.56,0.46,1.89,1.44,4.3,1.49,1.68,2.19,1.42,0.0
2018-11-05,34.93,0.39,0.0,5.5,0.67,1.72,1.86,4.38,2.97,2.14,7.04,1.03,0.0
2018-11-06,16.14,0.66,0.08,3.88,0.56,2.52,2.59,3.11,1.84,4.53,11.08,1.4,0.01
2018-11-07,16.62,0.46,0.04,4.15,0.52,2.57,2.23,2.88,2.67,4.82,11.65,1.48,0.01
2018-11-08,20.41,0.55,0.07,9.12,0.8,3.27,1.83,3.92,7.39,5.24,4.68,1.96,0.01
2018-11-09,17.88,0.44,0.02,9.12,0.53,3.26,2.96,2.92,9.65,3.51,5.89,2.89,0.04
2018-11-10,19.05,0.76,0.08,10.17,1.36,3.84,3.67,3.28,7.32,4.62,6.97,3.15,0.03
2018-11-11,18.27,0.8,0.02,9.37,0.98,3.23,3.89,3.48,4.76,3.17,6.25,1.88,0.08
2018-11-12,21.11,1.47,0.02,9.5,1.27,3.25,5.14,3.5,6.32,4.84,6.32,2.04,0.1
2018-11-13,26.28,1.87,0.01,9.65,1.55,2.28,6.78,3.11,5.65,3.85,6.13,3.14,0.09
2018-11-14,3.97,1.91,0.09,5.38,0.22,2.75,6.23,3.73,3.19,3.96,6.02,1.25,0.12
2018-11-15,3.97,1.14,0.0,4.17,0.19,2.86,4.71,3.19,2.61,3.74,5.61,1.9,0.08
2018-11-16,3.97,0.33,0.08,3.27,0.16,2.86,4.55,2.72,2.26,3.52,6.06,1.56,0.01
2018-11-17,3.97,0.36,0.12,4.06,0.19,3.33,1.68,2.6,2.76,3.59,6.27,2.45,0.01
2018-11-18,3.97,0.21,0.11,6.3,0.23,3.32,1.2,3.26,4.06,3.33,6.48,1.31,0.01
2018-11-19,3.97,0.28,0.13,4.66,2.17,2.705,1.3,4.92,2.27,2.67,6.41,1.46,0.0
2018-11-20,3.97,0.37,0.16,6.37,1.19,2.09,3.02,4.94,3.75,2.56,5.43,1.51,0.0
2018-11-21,3.97,0.3,0.1,5.32,0.65,2.05,3.66,4.59,4.37,,5.65,2.18,0.02
2018-11-22,3.97,0.3,0.21,6.05,1.0,2.01,2.57,4.91,5.08,,8.95,1.35,0.05
2018-11-23,3.97,0.34,0.2,6.49,0.57,1.09,4.48,3.93,6.31,,5.56,1.26,0.1
2018-11-24,3.97,0.54,0.09,3.33,0.56,1.46,4.52,3.32,1.91,,6.6,1.83,0.04
2018-11-25,3.97,0.76,0.11,4.61,1.08,2.05,3.27,4.41,2.45,,6.98,2.77,0.05
2018-11-26,3.97,0.8,0.28,7.01,0.86,2.18,4.19,5.78,1.82,,7.99,1.64,0.1
2018-11-27,3.97,0.78,0.15,10.54,2.05,1.45,3.59,4.55,0.0,,6.95,1.12,0.11
2018-11-28,3.99,0.82,0.12,8.67,2.88,2.3,3.45,3.78,0.0,,5.39,1.04,0.12
2018-11-29,4.0,0.82,0.11,8.64,1.57,2.04,5.26,4.0,0.0,,6.16,1.76,0.09
2018-11-30,4.03,0.61,0.16,6.19,0.91,2.2,5.29,3.85,0.0,4.18,5.99,3.02,0.05
2018-12-01,4.04,0.83,0.14,5.99,1.64,2.21,3.57,3.59,0.0,4.46,6.47,2.52,0.1
2018-12-02,4.04,0.77,0.09,8.92,1.12,2.73,3.22,3.77,0.0,4.57,6.18,1.79,0.07
2018-12-03,4.07,0.8,0.11,8.11,0.79,2.22,3.01,4.01,0.0,4.680000000000001,6.18,2.07,0.09
2018-12-04,4.06,0.6,0.09,9.77,2.72,1.87,3.19,4.69,0.0,4.79,4.83,1.81,0.1
2018-12-05,4.09,0.62,0.11,7.76,1.04,2.09,2.13,4.43,0.0,4.96,5.55,2.47,0.1
2018-12-06,4.08,0.58,0.17,10.22,1.03,1.91,2.39,4.11,0.0,4.82,6.32,2.19,0.09
2018-12-07,4.05,0.61,0.2,7.45,0.65,1.75,2.35,3.68,0.0,5.23,6.36,1.43,0.1
2018-12-08,4.07,0.64,0.03,7.6,0.63,1.7,2.47,3.91,0.0,4.15,6.52,1.52,0.1
2018-12-09,4.08,0.6,0.21,9.42,0.35,2.04,1.63,4.21,0.0,4.37,6.14,2.01,0.06
2018-12-10,4.07,0.61,0.0,8.92,1.07,1.38,1.29,5.45,0.0,4.46,6.15,1.79,0.09
2018-12-11,4.11,0.7,0.05,8.53,0.55,1.28,2.8,4.76,0.0,4.69,7.13,1.0,0.07
2018-12-12,4.09,0.85,0.13,6.65,0.28,1.27,2.23,5.26,0.0,4.31,8.47,0.72,0.1
2018-12-13,4.05,0.91,0.27,3.74,0.08,1.46,2.4,5.21,0.0,4.37,8.66,0.77,0.1
2018-12-14,4.07,0.82,0.15,3.76,0.09,1.05,3.65,4.41,0.0,4.15,6.22,0.61,0.11
2018-12-15,4.07,0.77,0.1,3.88,0.09,1.01,3.48,3.02,0.0,3.76,5.71,0.78,0.11
2018-12-16,4.06,0.74,0.17,4.34,0.75,0.94,4.19,3.02,0.0,2.87,6.21,0.9,0.07
2018-12-17,4.06,1.11,0.08,6.06,0.08,1.01,3.79,3.41,0.0,2.37,6.76,1.1,0.0
2018-12-18,4.08,1.46,0.34,6.28,1.28,0.95,2.48,3.3,0.0,3.99,6.28,1.54,0.0
2018-12-19,4.11,0.86,0.13,6.34,0.07,1.46,2.26,3.25,0.0,2.44,6.88,2.52,0.0
2018-12-20,4.08,0.78,0.21,8.96,0.08,1.17,2.87,4.2,0.0,2.75,12.51,3.07,0.03
2018-12-21,4.1,0.87,0.23,7.39,0.09,1.66,3.25,3.96,0.0,3.06,6.18,3.49,0.06
2018-12-22,4.09,0.75,0.21,8.63,0.11,2.49,3.49,4.11,0.0,2.8,7.86,1.58,0.07
2018-12-23,4.1,0.67,0.08,10.84,0.07,1.95,2.6,3.67,0.0,0.01,6.22,0.86,0.08
2018-12-24,4.08,0.75,0.26,10.58,0.1,2.14,3.67,3.61,0.0,1.7,7.54,1.22,0.1
2018-12-25,4.08,0.82,0.08,6.63,0.18,1.88,3.39,3.06,0.0,5.25,6.28,1.21,0.1
2018-12-26,4.08,0.71,0.15,6.56,0.09,1.58,1.84,3.79,0.0,5.83,7.1,2.2,0.05
2018-12-27,4.09,0.38,0.28,10.25,0.07,3.54,2.61,4.11,0.0,5.19,11.8,2.11,0.0
2018-12-28,4.07,0.37,0.17,5.4,0.08,1.48,3.63,3.57,0.0,4.04,6.92,1.76,0.07
2018-12-29,4.05,0.28,0.12,6.34,0.57,1.55,4.24,4.12,0.0,3.44,26.09,2.4,0.09
2018-12-30,4.07,0.24,0.05,9.87,0.06,1.78,3.83,4.45,0.0,2.53,8.48,2.23,0.1
2018-12-31,4.05,0.39,0.05,9.1,0.08,2.21,4.51,4.58,0.0,4.43,9.62,3.24,0.09
2019-01-01,4.08,0.33,0.16,8.09,0.09,2.76,5.59,5.47,0.0,6.26,10.0,2.97,0.1
2019-01-02,4.1,0.32,0.06,10.04,0.16,3.04,3.7,6.09,0.0,5.31,5.49,2.53,0.11
2019-01-03,4.09,0.4,0.18,8.91,0.09,4.09,3.85,5.11,0.0,5.72,6.53,1.7,0.13
2019-01-04,4.09,0.53,0.13,6.78,0.08,3.37,3.3,4.75,0.0,5.24,6.94,1.63,0.12
2019-01-05,4.12,0.39,0.03,8.5,0.1,2.5,2.17,6.01,0.0,3.06,7.48,1.31,0.11
2019-01-06,4.12,0.31,0.07,5.08,0.04,2.2,2.14,4.9,0.0,4.12,7.69,1.59,0.12
2019-01-07,4.12,0.32,0.03,5.29,0.05,1.48,3.22,3.94,0.0,4.78,6.69,1.35,0.12
2019-01-08,4.09,0.39,0.1,4.16,0.04,2.44,4.47,2.9,0.0,7.45,6.38,2.01,0.1
2019-01-09,4.13,0.41,0.03,3.91,0.03,2.56,6.74,2.94,0.0,5.14,5.14,2.48,0.09
2019-01-10,4.14,0.28,0.07,5.15,0.05,3.2,4.14,3.79,0.0,4.15,6.08,2.07,0.11
2019-01-11,4.12,0.29,0.14,10.0,0.12,3.09,2.5,5.11,0.0,2.64,5.05,1.05,0.1
2019-01-12,4.11,0.37,0.16,10.49,0.11,2.55,2.27,4.74,0.0,3.8,5.84,1.45,0.08
2019-01-13,4.16,0.36,0.15,7.7,0.07,2.66,1.79,4.87,0.0,4.65,7.21,1.12,0.07
2019-01-14,4.16,0.39,1.64,2.77,0.04,1.57,2.17,3.26,0.0,5.91,6.41,0.69,0.1
2019-01-15,4.11,0.28,0.08,3.88,0.03,1.7,3.68,2.72,0.0,5.73,6.32,2.15,0.08
2019-01-16,4.06,0.39,0.08,8.8,0.05,1.9,3.4,3.67,0.0,2.47,8.92,2.17,0.08
2019-01-17,4.11,0.49,0.22,10.74,0.06,2.7,3.69,4.2,0.0,3.05,7.04,1.57,0.1
2019-01-18,4.12,0.37,0.3,7.09,0.03,2.18,3.26,3.98,0.0,4.08,5.7,2.15,0.08
2019-01-19,4.1,0.32,0.02,8.27,0.03,2.45,3.2,3.71,0.0,4.72,7.34,2.83,0.09
2019-01-20,4.1,0.24,0.07,12.17,0.08,3.13,3.67,3.81,0.0,6.18,7.84,1.67,0.07
2019-01-21,4.1,0.31,0.09,6.36,0.08,1.17,2.46,5.35,0.0,6.25,4.95,1.11,0.06
2019-01-22,4.09,1.27,0.22,2.16,0.03,1.03,1.24,4.36,0.0,5.88,6.1,0.86,0.06
2019-01-23,4.11,0.32,0.13,5.6,0.04,0.67,1.64,2.98,0.0,5.57,6.12,1.09,0.02
2019-01-24,4.12,0.26,0.18,4.78,0.07,0.7,1.58,2.67,0.0,6.25,5.33,0.87,0.04
2019-01-25,4.07,0.24,0.13,2.42,0.08,0.84,1.01,3.13,0.0,7.45,5.39,0.59,0.02
2019-01-26,4.04,0.23,0.1,2.57,0.03,0.91,1.96,2.62,0.0,3.06,9.18,0.6,0.0
2019-01-27,4.07,0.2,0.1,3.13,0.06,0.79,3.67,1.89,0.0,3.23,5.36,0.75,0.02
2019-01-28,4.06,0.26,0.05,3.19,0.06,1.4,4.28,2.05,0.0,3.51,5.27,1.59,0.06
2019-01-29,4.05,0.22,0.08,3.87,0.07,1.82,4.02,1.88,0.0,3.15,5.39,1.36,0.04
2019-01-30,4.01,1.14,0.03,5.45,0.05,2.19,3.79,2.09,0.0,2.15,5.63,1.36,0.03
2019-01-31,4.06,2.3,0.02,6.82,5.83,4.26,2.71,3.51,0.0,2.11,5.32,0.87,0.07
2019-02-01,4.05,1.09,0.12,4.43,0.06,1.68,2.09,3.85,0.0,2.56,5.26,1.02,0.06
2019-02-02,4.04,0.45,0.03,3.93,0.05,1.88,2.03,3.5,0.0,5.81,5.3,1.35,0.06
2019-02-03,4.08,0.4,0.0,3.28,0.08,3.42,1.89,2.57,0.0,4.75,5.3,1.66,0.06
2019-02-04,4.08,0.4,0.03,4.9,0.07,3.16,1.94,2.26,0.0,2.83,5.08,1.41,0.08
2019-02-05,4.12,0.41,0.0,8.99,0.07,2.9,2.34,2.5,0.0,5.4,4.02,1.46,0.08
2019-02-06,4.08,0.45,0.0,5.1,0.14,1.02,1.91,2.68,0.0,5.47,4.29,1.5,0.07
2019-02-07,4.08,0.49,0.03,2.15,0.05,0.59,1.18,3.52,0.0,5.47,4.29,1.05,0.05
2019-02-08,4.07,0.52,0.0,2.78,0.05,0.64,2.11,2.19,0.0,3.53,3.52,0.52,0.0
2019-02-09,4.08,0.58,0.0,2.51,0.07,1.26,3.19,1.69,0.0,1.8,2.56,0.9,0.01
2019-02-10,4.06,0.56,0.0,4.12,0.08,3.1,2.59,1.67,0.0,1.38,2.56,1.16,0.01
2019-02-11,4.05,0.43,0.03,5.97,0.05,2.93,1.76,2.2,0.0,1.2,2.56,0.68,0.01
2019-02-12,4.09,0.44,0.06,7.38,0.06,3.13,1.79,2.23,0.0,1.36,3.44,0.73,0.02
2019-02-13,4.11,0.46,0.03,6.6,0.12,2.46,2.02,2.55,0.0,1.31,3.64,0.74,0.06
2019-02-14,4.1,0.46,0.0,4.69,0.03,0.84,1.79,2.46,0.0,3.18,2.93,0.76,0.05
2019-02-15,4.12,0.63,0.0,3.64,0.04,0.92,0.94,2.41,0.0,1.47,3.19,0.85,0.02
2019-02-16,4.1,1.12,0.09,2.79,0.27,1.58,2.12,1.77,0.0,2.11,3.19,0.68,0.0
2019-02-17,4.09,1.23,0.12,2.82,0.37,1.69,2.15,1.44,0.0,1.89,3.19,1.04,0.0
2019-02-18,4.1,1.03,0.02,3.38,0.27,1.31,3.47,1.53,0.0,1.9,4.12,1.16,0.0
2019-02-19,4.22,0.53,0.0,3.97,0.35,1.29,1.73,2.65,0.0,1.43,5.41,0.9,0.0
2019-02-20,4.16,0.43,0.03,4.45,0.14,4.0,0.86,2.34,0.0,1.92,5.7,1.29,0.0
2019-02-21,4.1,0.48,0.0,3.76,0.11,0.49,1.09,2.42,0.0,2.06,3.51,1.21,0.0
2019-02-22,4.11,0.54,0.0,3.24,0.14,0.78,1.31,2.75,0.0,1.87,4.3,0.77,0.0
2019-02-23,4.09,1.92,0.03,2.09,0.21,1.92,2.0,1.68,0.0,2.13,4.99,0.84,0.02
2019-02-24,4.14,2.49,0.0,2.43,0.11,0.9,1.54,1.34,0.0,1.83,6.89,1.13,0.02
2019-02-25,4.1,2.28,0.05,3.13,0.13,0.98,1.88,1.98,0.0,2.47,7.21,1.07,0.0
2019-02-26,4.15,2.88,0.02,2.49,0.17,0.56,4.61,2.83,0.0,2.72,3.24,1.02,0.0
2019-02-27,4.17,2.05,0.03,1.67,0.34,0.78,3.11,2.33,0.0,3.356666666666667,3.62,1.05,0.0
2019-02-28,4.15,3.14,0.04,3.14,0.31,1.12,2.25,1.38,0.0,3.9933333333333336,3.49,0.84,0.0
2019-03-01,4.11,3.44,0.03,3.02,0.15,2.53,1.95,1.51,0.0,4.63,4.57,1.07,0.0
2019-03-02,4.08,1.07,0.05,4.51,0.24,3.01,1.44,2.1,0.0,1.26,4.3,1.24,0.0
2019-03-03,4.16,1.18,0.0,2.32,0.31,0.43,1.11,1.94,0.0,1.38,3.52,0.99,0.0
2019-03-04,4.1,1.04,0.0,3.92,0.25,0.36,1.62,1.59,0.0,1.93,4.41,1.28,0.0
2019-03-05,4.07,1.48,0.0,2.73,0.34,0.31,3.46,1.82,0.0,1.54,1.52,0.73,0.0
2019-03-06,4.17,2.36,0.03,3.38,1.1,0.38,4.28,1.55,0.0,1.83,1.27,1.13,0.08
2019-03-07,4.12,3.82,0.05,5.34,0.46,0.6,6.73,1.35,0.0,1.58,1.43,1.3,2.25
2019-03-08,4.15,2.51,0.03,4.78,0.47,0.78,3.23,1.57,0.0,1.6,1.05,1.14,1.7
2019-03-09,4.16,1.92,0.07,3.06,0.28,1.0,1.54,1.73,0.0,2.69,1.3,0.86,1.38
2019-03-10,4.17,0.92,0.0,3.34,0.26,1.11,0.92,2.14,0.0,1.17,2.62,0.69,1.05
2019-03-11,4.12,0.79,0.0,4.35,0.36,0.58,0.9,1.64,0.0,1.53,2.14,0.85,0.95
2019-03-12,4.11,0.88,0.05,2.9,0.34,0.36,1.15,2.0,0.0,1.85,2.7,0.74,1.01
2019-03-13,4.07,1.09,0.0,4.61,0.38,0.39,1.14,1.8,0.0,1.8,4.05,1.06,0.86
2019-03-14,4.1,0.9,0.09,5.84,0.3,0.48,1.28,1.6,0.0,2.48,4.07,0.99,1.07
2019-03-15,4.1,1.01,0.03,3.55,1.33,0.62,1.41,1.59,0.0,0.88,4.4,0.56,1.03
2019-03-16,4.11,1.25,0.0,2.82,0.51,1.32,1.73,1.56,0.0,0.94,4.25,0.56,1.46
2019-03-17,4.11,1.19,0.0,3.79,0.39,0.92,0.97,1.33,0.0,1.44,5.63,0.76,1.74
2019-03-18,4.11,1.05,0.02,4.13,1.69,1.13,1.4,1.38,0.0,1.85,5.03,0.89,1.17
2019-03-19,4.08,0.93,0.08,4.94,0.79,1.56,0.91,1.51,0.0,3.68,4.93,1.18,1.87
2019-03-20,4.13,0.97,0.05,4.72,0.32,0.83,1.1,2.34,0.0,2.39,2.97,0.81,4.88
2019-03-21,4.12,1.12,0.05,4.69,0.31,0.41,0.87,2.32,0.0,4.19,3.55,0.93,1.7
2019-03-22,4.1,1.38,0.0,1.85,0.31,0.35,1.3,1.35,0.0,3.94,3.76,0.46,1.18
2019-03-23,4.14,1.33,0.0,2.27,0.25,0.75,1.74,1.07,0.0,3.16,5.12,0.54,1.4
2019-03-24,4.13,0.98,0.0,2.1,0.83,1.68,1.83,1.2,0.0,3.76,4.77,0.56,1.46
2019-03-25,4.09,1.07,0.06,2.59,1.5,1.88,1.8,1.59,0.0,2.95,5.26,0.57,1.51
2019-03-26,4.13,1.07,0.0,3.25,1.1,1.16,2.18,1.8,0.0,2.08,5.35,0.63,1.2
2019-03-27,4.13,1.24,0.0,3.96,1.12,0.6,1.86,1.69,0.0,1.57,7.79,1.75,1.09
2019-03-28,4.19,1.69,0.0,6.64,1.48,1.35,2.24,1.92,0.0,1.81,7.4,2.6,1.18
2019-03-29,4.2,1.7,0.0,6.85,1.82,0.55,2.41,2.29,0.0,2.38,6.44,2.67,1.08
2019-03-30,4.14,1.45,0.05,5.34,1.65,0.73,1.83,2.43,0.0,2.55,4.97,1.21,1.26
2019-03-31,4.16,1.17,0.0,2.54,0.52,0.42,1.39,1.76,0.0,3.16,3.8,0.73,0.69
2019-04-01,4.21,1.21,0.02,2.46,0.7,0.82,3.26,1.49,0.0,3.16,4.69,0.86,0.52
2019-04-02,4.21,1.43,0.0,4.02,1.17,1.05,1.94,1.59,0.0,2.34,5.9,1.19,1.13
2019-04-03,4.22,1.57,0.02,4.1,1.36,0.55,1.88,2.32,0.0,1.83,5.81,1.47,1.09
2019-04-04,4.2,0.93,0.0,6.57,1.35,0.53,1.52,1.54,0.0,3.23,5.57,2.41,1.33
2019-04-05,4.21,1.62,0.03,6.53,0.98,0.57,1.15,1.54,0.0,2.34,7.19,1.62,1.06
2019-04-06,4.18,1.33,0.03,4.68,0.82,0.57,1.33,1.43,0.0,2.85,6.33,0.53,0.51
2019-04-07,4.21,1.26,0.0,5.88,0.48,1.02,0.85,1.12,0.0,2.48,4.41,0.44,0.8
2019-04-08,4.18,1.5,0.05,2.83,0.46,0.43,1.31,1.49,0.0,2.47,3.76,0.59,0.69
2019-04-09,4.22,1.49,0.03,4.92,0.23,0.58,1.51,1.54,0.0,2.87,5.12,0.97,0.71
2019-04-10,4.16,1.36,0.02,6.07,0.25,0.4,1.41,1.42,0.0,2.02,4.41,1.47,0.67
2019-04-11,4.23,1.21,0.03,3.28,0.27,0.32,4.19,1.55,0.02,2.535,4.25,1.14,0.63
2019-04-12,4.2,1.66,0.0,2.79,0.3,1.52,1.48,1.62,0.0,3.05,3.7,0.7,0.78
2019-04-13,4.23,0.96,0.0,2.42,0.22,0.84,2.26,1.57,0.0,3.53,3.86,0.75,0.67
2019-04-14,4.23,0.26,0.03,2.02,0.19,0.61,2.18,1.33,0.0,2.46,4.5,0.56,0.62
2019-04-15,4.18,0.53,0.03,2.74,0.19,0.98,1.52,1.46,0.0,3.54,4.71,0.49,0.33
2019-04-16,4.23,0.83,0.0,2.52,0.23,0.82,1.67,1.35,0.0,4.6,2.72,0.34,0.67
2019-04-17,4.19,0.99,0.02,1.16,0.21,0.17,1.02,1.09,0.0,2.97,2.57,0.31,0.52
2019-04-18,4.19,0.93,0.03,2.26,0.21,0.32,1.76,1.13,0.0,1.83,3.07,0.55,0.16
2019-04-19,4.19,0.64,0.11,3.13,0.25,0.37,1.13,1.1,0.0,1.3,4.32,0.6,0.19
2019-04-20,4.2,0.74,0.16,3.8,0.22,0.48,1.1,1.22,0.0,1.56,5.28,0.86,0.27
2019-04-21,4.16,0.7,0.11,4.44,0.22,0.57,0.75,1.95,0.0,3.47,6.52,1.12,0.01
2019-04-22,4.18,0.78,0.15,5.89,0.25,0.49,0.87,1.38,0.0,2.45,6.43,1.61,0.39
2019-04-23,4.21,0.81,1.23,6.09,0.31,0.27,1.55,1.34,0.0,1.7,5.83,2.42,0.41
2019-04-24,4.31,0.96,0.13,3.75,0.26,0.19,1.44,1.62,0.0,1.87,4.38,1.46,0.25
2019-04-25,4.27,0.84,0.1,3.38,0.27,0.19,1.69,1.7,0.0,2.18,3.58,0.89,0.24
2019-04-26,4.23,0.74,0.26,4.54,0.24,0.23,1.65,1.5,0.0,2.46,3.33,0.87,0.19
2019-04-27,4.19,0.37,0.18,2.92,0.19,0.47,1.8,1.63,0.0,1.9,4.16,0.61,0.38
2019-04-28,4.14,0.76,0.09,2.53,0.29,0.48,1.21,1.56,0.0,2.88,4.21,0.56,0.11
2019-04-29,4.15,0.89,0.03,4.05,0.29,0.3,1.25,1.7,0.0,1.89,4.49,1.07,0.06
2019-04-30,4.16,0.42,0.02,4.92,0.44,0.33,1.01,1.75,0.51,1.08,4.05,1.55,0.05
2019-05-01,4.15,0.23,0.0,4.87,0.48,0.15,0.92,1.46,0.0,1.14,3.96,0.67,0.45
2019-05-02,4.14,0.29,0.07,3.25,0.44,0.17,1.29,1.44,1.61,1.88,3.74,1.07,0.57
2019-05-03,4.19,0.41,0.05,2.63,0.45,0.34,1.3,1.3,0.0,5.16,3.24,0.99,0.7
2019-05-04,4.21,0.93,0.15,3.06,0.49,0.17,1.0,0.97,0.0,2.56,3.87,1.4,0.35
2019-05-05,4.15,1.03,0.03,2.68,0.72,0.16,2.19,1.16,0.0,3.03,4.78,1.78,0.35
2019-05-06,4.19,1.17,0.1,5.08,0.72,0.25,4.06,1.6,0.0,2.39,5.02,1.82,0.3
2019-05-07,4.18,0.94,0.74,5.29,1.27,0.29,6.25,1.77,0.0,2.01,6.59,0.57,0.14
2019-05-08,4.19,1.17,0.16,6.33,1.86,0.4,5.02,1.88,0.0,2.06,4.83,0.57,0.48
2019-05-09,4.09,1.75,0.0,4.73,1.62,0.29,4.91,1.84,0.0,3.34,5.9,0.38,0.34
2019-05-10,3.78,1.31,0.0,3.02,1.46,0.22,5.89,2.37,0.0,2.85,3.95,0.25,0.34
2019-05-11,0.0,1.08,0.0,3.21,1.18,0.25,3.01,1.62,0.0,2.72,4.58,0.36,0.33
2019-05-12,0.0,0.85,0.0,2.71,0.61,0.3,1.34,1.32,0.0,2.42,4.89,0.37,0.45
2019-05-13,0.0,1.28,0.17,4.4,0.83,0.21,1.82,1.61,0.0,2.92,5.46,0.53,0.17
2019-05-14,8.89,1.18,0.09,2.15,0.52,0.22,1.46,1.74,0.0,2.03,4.05,0.56,0.06
2019-05-15,16.44,0.78,0.15,5.07,0.59,0.28,1.76,1.43,0.0,1.98,4.88,1.16,0.14
2019-05-16,15.55,1.17,0.09,4.14,0.47,0.16,3.14,1.46,0.0,2.87,3.76,0.58,0.23
2019-05-17,15.88,1.42,0.07,3.87,0.43,0.23,2.35,1.5,0.0,2.45,4.09,0.22,0.31
2019-05-18,15.93,2.25,0.14,2.4,0.38,0.31,2.44,1.28,0.0,2.52,3.72,0.24,0.06
2019-05-19,15.53,1.4,0.18,3.35,0.38,0.25,4.49,0.83,0.0,2.07,4.09,0.78,0.06
2019-05-20,15.98,1.14,0.18,4.38,0.36,0.19,1.81,1.53,0.0,2.63,3.22,1.02,0.15
2019-05-21,15.31,0.92,0.04,3.66,0.59,0.19,4.23,1.84,0.0,2.28,3.44,0.9,0.1
2019-05-22,15.6,1.2,0.02,4.15,0.77,0.13,3.96,1.51,0.0,1.49,4.66,1.08,0.11
2019-05-23,16.33,1.43,0.17,5.49,0.77,0.17,1.07,1.2,0.0,1.69,3.53,1.12,0.21
2019-05-24,15.21,0.85,0.28,3.49,0.77,0.18,1.76,1.34,0.0,1.88,3.16,1.22,0.17
2019-05-25,15.72,0.56,0.39,2.65,0.76,0.11,1.99,1.46,0.0,1.63,3.14,0.48,0.21
2019-05-26,17.05,0.49,0.39,2.53,0.75,0.16,3.46,1.33,0.0,1.94,4.38,0.55,0.14
2019-05-27,16.47,0.78,0.31,3.43,0.82,0.14,1.71,1.99,0.0,2.08,3.86,1.02,0.14
2019-05-28,16.92,0.93,0.2,4.44,0.79,0.16,1.41,2.01,0.0,3.99,4.16,1.11,0.14
2019-05-29,16.99,0.82,0.37,4.85,0.81,0.92,2.68,1.58,0.0,3.07,5.25,1.42,0.14
2019-05-30,17.04,1.18,0.2,7.68,0.9,0.28,1.07,1.39,0.0,3.83,6.64,0.52,0.23
2019-05-31,15.68,0.88,0.07,4.7,0.87,0.23,1.17,1.2,0.0,3.35,6.19,0.55,0.03
2019-06-01,15.5,0.81,0.16,5.58,0.87,0.23,1.1,1.3,0.0,4.59,6.41,0.93,0.16
2019-06-02,15.9,0.53,0.19,2.43,0.86,0.24,1.62,1.09,0.0,4.12,6.29,0.68,0.05
2019-06-03,14.5,0.55,0.03,1.79,0.85,0.23,0.55,1.26,0.0,4.76,6.36,1.25,0.13
2019-06-04,12.58,0.41,0.05,2.18,0.85,0.92,0.8,1.38,0.0,5.72,3.88,0.72,0.17
2019-06-05,115.14,0.28,0.31,3.15,0.87,0.62,0.86,1.07,0.0,4.88,4.76,0.4,0.06
2019-06-06,26.24,0.41,0.16,2.8,0.86,1.16,0.9,1.19,0.0,5.45,4.4,0.69,0.28
2019-06-07,16.765,0.29,0.11,2.27,0.93,1.88,0.94,1.21,0.0,6.15,3.81,1.2,0.15
2019-06-08,7.29,0.16,0.02,2.96,0.84,1.77,1.44,1.37,0.0,5.39,5.35,1.2,0.03
2019-06-09,29.46,0.11,0.09,5.72,0.83,1.71,0.86,1.18,0.0,5.53,4.65,1.27,0.07
2019-06-10,26.9,0.08,0.13,4.37,0.84,2.26,0.51,1.48,0.0,6.59,5.31,1.32,0.13
2019-06-11,7.91,0.21,0.1,3.41,0.86,3.18,0.34,1.4,0.0,5.61,5.44,0.53,0.08
2019-06-12,6.3,0.43,0.12,1.98,0.8,2.3,0.18,1.39,0.0,7.58,3.58,0.98,0.09
2019-06-13,6.3,0.66,0.1,1.96,0.86,1.31,0.15,1.5,0.0,4.56,3.24,0.61,0.2
2019-06-14,6.3,1.82,0.0,2.32,0.63,2.08,0.17,1.81,0.0,7.25,3.22,0.62,0.27
2019-06-15,6.3,1.95,0.05,3.71,0.7,2.05,0.28,1.98,0.0,5.66,6.78,0.41,0.08
2019-06-16,6.3,2.19,0.05,1.08,0.59,0.97,0.28,1.31,0.0,3.92,4.48,0.37,0.22
2019-06-17,6.3,1.28,0.13,1.75,0.4,0.98,0.25,1.16,0.0,6.24,4.23,0.62,0.18
2019-06-18,6.3,0.87,0.03,1.92,0.34,1.09,0.28,1.17,0.0,5.4,3.01,0.65,0.27
2019-06-19,6.3,1.03,0.0,2.98,0.63,1.69,0.24,1.41,0.0,10.35,3.52,0.28,0.27
2019-06-20,6.3,0.69,0.11,1.76,0.4,1.41,0.31,1.35,0.0,5.81,3.77,0.43,0.28
2019-06-21,6.3,1.42,0.09,3.07,0.52,1.78,0.93,1.2,0.0,5.3,4.25,0.8,0.18
2019-06-22,6.3,1.31,0.05,3.0,0.8,1.71,0.65,1.07,0.0,9.83,5.12,1.28,0.04
2019-06-23,6.3,0.8,0.06,1.55,0.38,1.32,0.78,1.16,0.0,6.12,5.03,0.75,0.06
2019-06-24,6.3,0.87,0.15,1.48,0.56,1.69,1.0,1.11,0.0,4.23,4.81,0.46,0.11
2019-06-25,6.3,0.97,0.04,2.67,0.85,3.62,1.55,1.15,0.0,3.77,3.47,1.02,0.08
2019-06-26,6.3,1.45,0.12,2.75,0.84,2.06,0.41,1.25,0.0,3.88,3.59,0.74,0.08
2019-06-27,6.3,1.2,0.02,2.8,0.8,3.15,0.17,0.94,1.3,5.36,3.73,0.6,0.1
2019-06-28,6.3,0.94,0.05,2.99,1.35,1.49,0.16,1.11,2.0,7.6,5.22,0.45,0.07
2019-06-29,6.3,0.5,0.08,2.43,1.85,1.46,0.18,1.19,2.0,5.24,4.41,0.28,0.05
2019-06-30,6.23,0.36,0.0,2.7,0.77,1.76,0.32,1.22,2.0,5.79,4.1,0.21,0.03
2019-07-01,6.23,0.39,0.75,1.96,0.56,1.5,0.32,1.62,1.99,8.13,4.52,0.32,0.11
2019-07-02,6.3,0.4,0.1,2.08,0.8,1.72,0.22,1.42,2.0,5.5,3.99,0.6,0.07
2019-07-03,6.3,0.45,0.03,1.69,0.84,4.07,0.21,1.28,1.99,7.05,3.67,0.96,0.09
2019-07-04,6.3,1.16,2.03,2.25,0.87,2.91,0.36,1.25,2.0,6.83,3.71,0.37,0.27
2019-07-05,6.3,0.79,0.0,2.88,0.56,2.19,0.21,1.44,2.0,5.4,5.15,0.39,0.23
2019-07-06,6.3,0.5,0.03,1.93,0.68,1.11,0.2,1.27,2.0,5.97,4.6,0.65,0.21
2019-07-07,6.3,0.85,0.11,1.97,1.2,1.69,0.12,1.02,2.0,5.89,4.11,0.28,0.09
2019-07-08,6.3,0.64,0.19,2.22,0.7,2.13,0.12,1.21,2.0,3.32,3.47,0.33,0.17
2019-07-09,6.3,0.74,0.11,1.94,0.27,1.09,0.14,1.17,2.0,9.97,3.0,0.34,0.11
2019-07-10,6.3,0.86,0.03,2.24,0.28,1.9,0.08,0.81,1.99,4.87,2.27,0.23,0.15
2019-07-11,6.3,0.63,0.07,2.04,0.35,2.11,0.17,0.58,2.0,4.2,3.11,0.21,0.2
2019-07-12,6.3,0.53,0.0,1.98,0.31,2.13,0.26,1.08,2.0,4.08,3.19,0.15,0.15
2019-07-13,6.3,0.44,0.0,1.92,1.29,1.71,0.15,0.93,2.0,5.13,2.94,0.16,0.2
2019-07-14,6.3,0.56,0.18,1.59,0.93,1.74,0.48,0.66,2.0,4.2,3.32,0.13,0.03
2019-07-15,6.3,0.5,0.08,1.97,0.66,1.88,0.37,0.92,1.99,5.34,2.22,0.21,0.12
2019-07-16,6.3,0.55,0.09,1.99,0.45,1.63,0.62,1.34,2.0,8.1,3.19,0.22,0.18
2019-07-17,6.3,0.68,0.15,2.24,0.03,2.68,0.34,1.22,1.98,8.11,3.32,0.21,0.44
2019-07-18,6.3,0.65,0.16,2.37,0.41,1.95,0.46,1.25,2.0,5.28,3.13,0.39,0.18
2019-07-19,6.3,0.51,0.21,3.38,0.96,2.08,0.78,1.35,2.0,7.76,3.68,0.26,0.08
2019-07-20,6.3,0.61,0.07,2.39,0.73,2.7,0.55,1.22,2.01,4.46,3.59,0.44,0.05
2019-07-21,6.3,0.4,0.07,2.6,0.18,2.69,0.34,1.09,1.99,1.91,4.25,0.29,0.03
2019-07-22,6.3,0.36,0.03,2.91,0.47,2.18,0.43,1.14,2.0,2.03,3.4,0.3,0.09
2019-07-23,6.3,0.4,0.03,2.82,0.21,2.67,0.19,1.07,1.99,3.01,4.4,0.35,0.09
2019-07-24,6.3,0.58,1.18,2.36,0.03,2.83,0.25,0.74,2.0,5.05,4.18,0.32,0.11
2019-07-25,6.3,0.5,0.32,1.69,0.06,3.44,0.24,0.71,2.01,4.26,3.5,0.55,0.11
2019-07-26,6.3,0.44,2.93,2.1,0.14,3.58,0.29,1.14,2.0,5.41,3.7,0.54,0.09
2019-07-27,6.23,0.39,4.82,2.0,0.32,2.08,0.13,1.0,1.99,5.29,3.91,0.59,0.13
2019-07-28,6.17,0.31,1.12,1.3,0.74,2.15,0.16,0.87,2.0,4.77,5.0,0.29,0.0
2019-07-29,6.3,0.32,0.89,1.52,0.87,1.92,0.16,0.97,2.0,4.66,4.03,0.48,0.1
2019-07-30,5.77,0.52,0.85,2.01,0.87,1.87,0.12,1.03,2.0,5.11,4.32,0.48,0.19
2019-07-31,2.88,0.75,0.47,1.65,1.08,2.33,0.21,1.02,2.0,6.07,3.58,0.47,0.2
2019-08-01,2.88,0.56,1.03,1.88,0.68,2.14,0.13,1.16,2.0,4.4,3.73,0.34,0.06
2019-08-02,2.88,0.43,1.63,2.14,0.79,1.8,0.92,1.22,2.0,4.49,3.33,0.44,0.04
2019-08-03,2.51,0.35,0.9,2.58,1.29,1.73,1.36,1.35,2.0,6.96,3.32,0.44,0.09
2019-08-04,2.14,0.49,0.27,2.13,0.55,1.45,1.28,1.03,2.01,5.97,4.21,0.3,0.19
2019-08-05,2.14,0.45,1.49,2.18,0.62,1.58,1.09,1.48,2.01,6.27,3.88,0.83,0.35
2019-08-06,2.14,0.47,1.25,2.53,0.77,1.54,0.59,1.36,2.01,6.56,3.67,0.34,0.06
2019-08-07,2.14,0.45,1.06,3.07,0.65,1.17,0.09,1.11,1.99,8.11,3.35,0.75,0.22
2019-08-08,2.12,0.72,0.31,2.27,0.56,1.19,0.06,1.13,1.99,4.98,3.75,0.65,0.29
2019-08-09,2.14,0.33,0.37,1.6,1.15,1.38,0.08,1.13,2.0,6.99,3.85,0.33,0.12
2019-08-10,2.14,0.33,0.09,1.12,0.68,2.46,0.05,1.07,2.0,6.33,3.59,0.15,0.29
2019-08-11,2.14,0.44,0.1,1.11,0.49,1.31,0.1,1.19,1.99,4.61,3.32,0.21,0.28
2019-08-12,2.1,0.76,0.0,1.56,0.54,1.33,0.36,0.89,2.0,8.31,3.51,0.22,0.37
2019-08-13,2.14,0.48,0.56,1.76,0.7,1.5,0.56,1.09,2.0,6.95,2.8,0.42,0.29
2019-08-14,2.14,0.36,0.22,1.94,0.7,1.25,0.32,1.13,1.98,5.31,2.93,0.69,0.21
2019-08-15,2.14,0.35,0.04,1.5,0.63,1.3,0.09,1.1,2.01,5.5,3.24,0.3,0.19
2019-08-16,2.14,0.47,0.91,1.08,0.62,1.14,0.12,1.18,1.99,6.02,3.0,0.33,0.16
2019-08-17,2.14,0.66,3.25,1.12,0.46,1.3,0.28,1.4,2.0,7.57,3.16,0.18,0.28
2019-08-18,2.14,0.76,2.48,1.44,0.06,1.59,0.59,1.41,1.99,5.41,2.86,0.13,
2019-08-19,2.1,0.52,2.12,2.77,0.03,2.04,2.03,1.44,1.99,7.59,2.74,0.34,
2019-08-20,2.14,0.68,2.18,2.44,0.18,1.63,0.65,1.61,2.01,6.69,3.15,0.36,
2019-08-21,2.03,0.48,1.1,2.37,0.34,1.69,0.29,1.48,2.0,7.85,3.16,0.24,
2019-08-22,2.14,0.49,4.0,3.1,0.41,1.68,0.22,1.67,2.01,6.11,2.63,0.45,
2019-08-23,2.14,0.67,1.49,3.26,2.41,2.93,0.37,1.2,2.01,9.97,2.25,0.22,
2019-08-24,2.14,1.24,0.05,3.71,3.06,1.81,0.26,1.23,2.0,7.66,2.43,0.2,
2019-08-25,2.14,1.55,0.05,1.99,2.9,2.95,0.16,1.16,2.0,4.05,2.085,0.22,
2019-08-26,2.14,1.41,0.05,2.24,1.75,2.71,0.17,1.44,2.0,8.85,1.74,0.36,
2019-08-27,2.14,1.66,0.3,2.84,1.62,2.24,0.17,1.26,2.0,5.29,2.49,0.55,0.18
2019-08-28,2.14,0.9,0.11,2.54,1.58,2.68,0.23,1.25,1.99,5.27,2.76,0.58,0.12
2019-08-29,2.14,1.16,0.3,1.88,1.4,2.43,0.35,1.49,2.0,,2.2,0.4,0.12
2019-08-30,2.14,1.12,1.56,1.93,2.29,2.08,0.35,1.52,2.0,,2.12,0.46,0.13
2019-08-31,2.14,0.9,0.69,2.72,3.08,1.55,0.14,1.24,2.0,,2.34,0.42,
2019-09-01,2.14,0.65,1.1,2.01,1.47,1.49,0.06,1.08,1.99,,2.5,0.47,
2019-09-02,2.14,0.52,2.73,1.96,0.98,1.83,0.1,1.77,2.0,,2.21,0.35,
2019-09-03,2.14,0.52,0.94,2.4,1.32,1.39,0.21,1.34,2.0,,2.45,0.63,
2019-09-04,2.14,0.62,2.83,2.38,1.34,1.14,0.07,1.21,2.0,,1.99,0.64,
2019-09-05,2.14,1.19,0.34,1.75,1.69,1.28,0.09,1.26,2.01,5.11,1.72,0.59,
2019-09-06,2.14,0.82,1.02,2.13,1.17,1.06,0.08,1.17,2.0,5.35,1.79,0.78,
2019-09-07,2.14,0.62,0.86,1.84,0.86,1.24,0.06,1.09,1.99,4.48,1.97,0.64,
2019-09-08,2.14,0.67,1.17,1.55,1.35,1.11,0.06,0.91,2.0,6.41,2.03,0.58,
2019-09-09,2.14,1.25,1.0,1.88,2.23,1.22,0.09,1.18,2.0,5.47,2.06,0.67,
2019-09-10,2.14,1.45,0.17,2.34,2.1,1.18,0.08,2.0,1.99,5.37,2.08,1.01,
2019-09-11,2.17,0.88,0.23,2.5,2.26,1.27,0.09,14.67,2.0,5.44,2.04,0.68,
2019-09-12,2.14,0.41,0.29,1.85,2.0,1.29,0.11,15.47,1.99,5.76,1.9,0.35,
2019-09-13,2.14,0.67,0.07,1.5,1.39,1.3,0.07,15.99,2.0,4.73,1.74,0.39,
2019-09-14,2.14,0.77,0.05,1.48,1.63,1.13,0.17,16.92,2.01,3.61,1.92,0.38,
2019-09-15,2.14,0.41,0.0,1.42,1.14,1.12,0.42,8.88,1.99,2.16,2.07,0.55,
2019-09-16,2.14,0.42,0.15,2.25,2.32,1.25,0.3,10.46,2.0,1.87,1.92,0.81,
2019-09-17,2.14,0.55,0.54,2.62,1.58,1.11,0.16,8.68,2.01,0.57,2.02,0.63,
2019-09-18,2.14,0.62,0.0,1.86,1.2,1.36,0.67,8.51,2.01,0.99,2.04,0.56,
2019-09-19,2.93,0.62,0.14,1.57,1.82,1.44,0.55,10.29,1.99,0.51,1.78,0.46,
2019-09-20,0.66,0.45,10.66,2.22,1.46,1.65,0.34,8.99,2.0,1.18,1.85,0.33,
2019-09-21,0.76,0.73,0.02,2.08,2.06,2.07,0.28,9.81,2.0,2.72,1.93,0.37,
2019-09-22,0.86,0.62,0.4,1.89,2.86,2.98,0.42,8.14,2.0,1.82,2.25,0.19,
2019-09-23,0.96,0.75,0.29,2.01,3.85,2.6,0.69,10.78,2.0,1.97,1.83,0.3,
2019-09-24,1.31,0.63,0.02,2.55,2.42,3.68,0.52,8.09,2.0,1.64,1.96,0.33,
2019-09-25,1.15,0.47,0.0,1.89,1.64,2.99,0.43,0.0,2.0,4.6,2.18,0.37,
2019-09-26,1.15,0.4,0.05,1.93,1.05,3.29,0.64,0.0,1.99,6.71,2.18,0.36,
2019-09-27,1.15,0.64,0.02,2.09,0.74,2.41,0.38,0.0,2.0,6.79,1.94,0.32,
2019-09-28,1.15,0.58,0.0,2.84,0.81,2.92,0.37,0.0,2.0,2.91,1.81,0.47,
2019-09-29,1.15,0.48,0.0,1.83,0.7,2.55,0.61,0.0,2.0,4.48,1.68,1.18,
2019-09-30,1.15,0.55,0.0,2.46,0.56,2.81,1.05,0.0,2.0,4.6,1.66,2.03,
2019-10-01,1.15,0.72,0.0,2.56,0.5,1.95,0.76,,2.01,5.14,1.72,2.04,
2019-10-02,1.15,0.67,0.0,2.83,1.49,2.56,0.41,,1.99,6.83,1.88,2.6,
2019-10-03,14.63,0.87,0.0,4.03,2.08,2.01,0.45,,2.0,8.45,2.58,2.64,
2019-10-04,40.9,1.02,0.02,2.99,2.49,2.11,0.55,,0.89,10.32,3.58,1.24,
2019-10-05,1.15,1.26,0.0,2.5,2.06,2.48,0.98,,0.0,7.07,4.02,1.37,
2019-10-06,1.15,0.95,0.0,2.82,1.85,2.67,0.72,,0.0,4.52,5.13,1.36,
2019-10-07,1.15,1.17,0.0,2.35,2.39,2.47,0.92,,0.0,5.57,3.45,2.77,0.11
2019-10-08,1.15,0.69,0.0,2.29,2.27,2.49,0.83,,0.0,9.66,4.2,2.89,0.05
2019-10-09,1.15,0.85,0.32,4.1,2.57,2.33,0.78,,0.0,3.14,3.2,2.6,0.15
2019-10-10,1.15,1.01,0.02,4.49,2.18,2.62,0.75,,0.0,4.82,3.24,2.18,0.16
2019-10-11,1.15,1.11,0.0,4.4,3.73,3.98,0.71,,0.0,4.74,4.06,2.0,0.12
2019-10-12,1.15,0.82,0.03,4.65,3.0,3.8,0.65,,0.0,4.88,4.72,2.85,0.14
2019-10-13,1.15,0.71,0.0,5.05,2.54,3.05,0.72,,0.75,3.05,4.56,2.73,0.05
2019-10-14,1.15,0.96,0.0,4.68,3.13,4.25,1.09,,1.98,2.96,4.08,2.68,0.08
2019-10-15,1.15,1.1,0.01,6.4,2.17,3.22,1.07,,2.0,2.78,3.29,3.39,0.37
2019-10-16,1.15,1.12,0.02,5.51,2.3,3.14,1.59,,2.0,2.97,2.98,2.67,0.34
2019-10-17,1.15,1.1,0.04,4.58,2.55,3.16,1.31,28.55,2.0,2.52,2.53,1.69,0.26
2019-10-18,1.15,1.05,0.05,3.47,2.78,4.54,0.64,22.83,2.0,2.07,1.84,1.25,0.13
2019-10-19,1.15,1.33,0.16,4.23,2.25,4.52,0.64,15.27,2.0,3.62,2.01,1.55,0.21
2019-10-20,1.15,0.89,0.02,4.13,2.95,4.25,0.67,12.14,2.0,2.15,2.21,1.65,0.08
2019-10-21,1.15,1.37,0.02,4.36,2.78,4.92,0.66,10.71,2.0,2.07,2.31,3.29,0.2
2019-10-22,1.15,1.11,0.0,3.82,3.67,5.61,0.99,11.58,2.01,3.18,2.36,5.16,0.25
2019-10-23,1.15,0.82,0.04,4.7,3.19,6.3,0.65,16.28,2.0,2.45,2.9,7.03,0.15
2019-10-24,1.15,1.07,0.02,7.01,1.52,6.06,0.49,15.62,2.01,4.37,2.49,3.39,0.19
2019-10-25,1.15,0.95,0.0,5.07,2.29,4.28,0.55,11.29,2.0,5.48,3.07,2.56,0.14
2019-10-26,1.15,0.61,0.0,5.34,1.84,5.53,0.39,10.29,1.58,3.26,3.09,2.35,0.2
2019-10-27,1.15,0.77,0.23,4.92,3.2,6.71,0.42,11.56,0.1,1.27,3.39,4.99,0.23
2019-10-28,1.15,0.71,0.64,4.62,1.85,6.46,0.64,16.1,2.01,2.73,3.43,5.19,0.24
2019-10-29,1.15,0.67,0.0,5.79,1.74,6.53,0.82,17.09,1.99,2.38,3.7,6.06,0.22
2019-10-30,1.15,0.57,0.0,6.53,3.26,5.47,0.77,18.94,1.99,2.15,2.92,4.05,0.2
2019-10-31,1.15,0.45,0.1,7.27,3.68,5.92,0.54,15.54,1.99,3.85,3.44,3.57,0.27
2019-11-01,1.15,0.47,0.0,7.11,4.19,4.59,0.48,14.52,2.01,5.51,3.53,2.43,0.17
2019-11-02,1.15,0.57,0.0,5.6,4.52,5.09,0.55,13.94,2.0,6.17,2.69,2.38,0.16
2019-11-03,1.44,0.89,0.07,6.21,4.08,5.97,0.61,11.08,2.0,6.3,2.75,2.36,0.31
2019-11-04,2.14,1.34,0.0,4.37,2.83,5.52,0.61,9.04,1.99,7.01,1.79,2.5,0.44
2019-11-05,2.14,1.66,0.02,3.75,3.21,5.24,0.78,9.93,2.0,7.57,2.2,4.16,0.59
2019-11-06,2.14,0.98,0.0,3.94,3.91,5.41,0.83,8.52,2.0,7.16,2.14,2.41,0.79
2019-11-07,2.14,1.81,0.0,5.25,4.61,5.55,0.62,10.99,1.99,5.23,1.59,1.28,0.58
2019-11-08,2.14,1.71,0.0,5.58,4.38,5.65,0.83,13.14,2.01,7.16,1.56,2.56,0.46
2019-11-09,2.14,1.59,0.0,4.13,2.97,6.41,0.79,10.17,2.0,6.63,2.02,1.92,0.59
2019-11-10,2.14,0.93,0.0,3.79,2.46,5.78,0.81,8.19,2.0,4.12,2.18,2.01,0.49
2019-11-11,2.14,0.62,0.41,4.56,2.34,5.62,0.74,7.09,2.0,4.52,2.16,2.24,0.33
2019-11-12,2.14,0.42,2.01,5.85,2.97,4.81,0.64,9.3,2.0,4.52,2.74,2.59,0.22
2019-11-13,2.14,0.66,0.25,7.08,3.58,5.17,0.96,12.3,1.99,2.91,3.13,3.65,0.26
2019-11-14,2.14,0.75,0.04,8.2,4.33,5.47,1.98,11.99,2.01,2.8,2.81,3.96,0.36
2019-11-15,2.14,0.74,0.04,7.47,3.15,5.17,2.15,9.58,2.0,3.08,2.41,3.57,0.28
2019-11-16,2.14,0.69,0.02,4.3,3.78,4.55,3.29,8.0,2.01,5.27,2.31,2.23,0.35
2019-11-17,2.14,0.69,0.0,2.4,2.07,5.93,4.22,5.11,2.0,4.39,1.92,1.61,0.21
2019-11-18,2.14,0.72,0.0,3.03,1.49,5.54,4.76,5.59,2.01,3.98,2.12,1.92,0.16
2019-11-19,2.14,0.66,0.1,4.31,2.31,7.12,5.01,6.24,2.0,3.81,3.55,2.97,0.22
2019-11-20,2.14,0.73,0.05,5.65,2.67,7.07,3.6,6.05,2.0,4.07,3.38,3.12,0.31
2019-11-21,2.14,0.93,0.0,8.84,3.3,5.79,2.58,2.32,2.0,3.9,2.55,2.53,0.48
2019-11-22,2.14,0.73,0.02,7.04,2.55,6.81,2.85,2.5,2.01,3.99,2.37,2.55,0.6
2019-11-23,2.14,0.56,0.0,4.46,2.31,7.37,3.94,2.25,1.99,4.32,1.91,2.78,0.63
2019-11-24,2.14,0.2,0.02,2.98,2.29,7.02,3.31,1.83,2.0,5.97,2.24,2.39,0.66
2019-11-25,2.14,0.34,0.05,4.16,2.28,6.87,2.06,2.62,2.0,4.68,2.83,1.25,0.56
2019-11-26,1.83,7.6,0.0,5.2,3.37,9.84,1.69,2.68,1.99,4.68,2.42,1.75,0.73
2019-11-27,4.92,1.29,0.0,2.89,2.16,8.81,2.78,2.69,2.0,4.67,1.81,1.78,0.71
2019-11-28,1.46,2.8,0.02,1.88,1.84,7.86,3.02,2.67,1.99,4.06,1.7,2.76,0.4
2019-11-29,3.84,0.93,0.02,3.15,2.84,8.39,1.51,5.77,2.0,4.72,1.84,1.78,0.49
2019-11-30,3.5,0.82,0.05,4.1,5.64,8.7,2.6,2.12,2.0,4.64,1.99,1.2,0.21
2019-12-01,2.75,0.66,0.15,3.57,3.11,8.78,5.02,1.87,2.01,4.28,2.41,1.5,0.15
2019-12-02,2.75,0.66,0.04,4.35,2.93,7.7,1.72,2.5,1.99,4.53,2.93,2.88,0.21
2019-12-03,2.75,1.15,0.07,4.31,3.04,7.23,1.44,2.54,2.0,4.62,3.1,4.74,0.28
2019-12-04,2.75,0.73,0.03,4.93,4.23,6.39,2.21,3.08,1.99,3.79,2.99,4.9,0.36
2019-12-05,2.75,1.1,0.08,7.93,5.41,6.79,2.88,3.48,2.0,4.26,2.38,2.72,0.85
2019-12-06,,0.79,0.02,7.86,4.45,6.06,3.19,3.34,2.0,4.44,2.42,3.89,0.73
2019-12-07,,0.97,0.05,6.96,3.78,8.39,2.05,2.63,2.0,3.34,2.74,4.02,0.86
2019-12-08,,0.67,0.02,8.02,3.64,6.71,2.53,2.19,1.99,2.22,3.23,4.74,0.18
2019-12-09,,0.78,0.05,6.5,3.75,6.93,1.58,2.87,2.0,3.15,3.15,4.19,0.24
2019-12-10,,0.65,0.0,6.87,4.47,7.25,2.83,2.68,2.0,5.08,2.99,5.56,0.71
2019-12-11,,0.81,0.05,8.0,4.59,7.84,2.04,2.92,1.99,5.69,2.62,5.61,0.76
2019-12-12,,0.68,0.04,6.29,3.58,10.42,1.89,2.54,2.01,6.2,1.61,2.57,0.88
2019-12-13,,0.59,4.62,2.73,2.32,10.2,0.98,1.74,2.0,4.4,1.6,2.34,0.49
2019-12-14,,0.69,2.48,3.38,1.93,4.87,1.12,1.82,1.94,3.01,1.77,1.67,0.44
2019-12-15,,0.55,3.77,3.22,2.65,5.39,0.82,2.08,2.0,2.7,1.76,1.97,0.66
2019-12-16,,0.71,3.45,2.4,2.54,6.17,0.93,1.81,2.0,3.37,1.74,2.11,0.59
2019-12-17,,0.68,1.33,2.52,3.09,7.29,1.48,1.77,2.02,4.93,1.89,3.54,1.2
2019-12-18,,0.7,2.16,3.47,3.36,6.89,2.0,2.56,1.96,4.66,2.1,6.09,1.3
2019-12-19,,0.7,1.39,6.1,3.04,6.69,0.97,3.14,2.01,4.5,1.68,4.86,1.33
2019-12-20,,0.84,3.78,6.86,2.97,8.19,1.18,3.3,2.0,3.77,2.09,5.84,0.87
2019-12-21,,0.71,6.17,5.96,4.61,7.85,1.01,3.79,2.01,5.06,2.08,4.72,0.94
2019-12-22,,0.61,6.12,3.77,3.48,7.44,1.12,4.38,2.0,3.58,2.0,2.57,0.75
2019-12-23,,0.77,8.99,3.98,3.79,7.41,1.17,3.77,1.99,4.06,2.02,4.09,0.93
2019-12-24,,1.06,1.17,5.75,3.64,8.72,0.64,3.79,2.01,5.84,1.78,3.8,0.98
2019-12-25,,2.22,0.25,3.85,2.94,8.11,0.56,2.84,1.99,6.87,1.72,4.61,1.19
2019-12-26,,2.08,0.25,3.69,3.15,7.32,0.62,2.68,2.0,6.58,1.69,5.85,0.89
2019-12-27,,1.66,0.32,4.62,4.0,6.55,0.68,2.19,1.99,6.72,1.68,6.61,0.74
2019-12-28,,0.93,1.87,6.7,2.77,6.15,0.59,3.89,2.0,5.58,1.59,6.8,0.92
2019-12-29,,0.63,0.48,6.28,2.44,6.83,0.84,3.2,2.0,3.76,1.62,7.26,1.04
2019-12-30,66.38,0.62,0.24,8.0,3.41,6.62,0.66,3.23,2.0,4.41,1.56,6.99,0.87
2019-12-31,3.62,0.88,0.32,4.81,7.15,5.72,0.68,4.76,2.01,4.67,1.75,5.12,0.7
2020-01-01,4.21,1.05,3.46,8.5,8.67,8.16,0.36,4.49,1.99,4.89,2.62,3.87,0.89
2020-01-02,3.71,0.95,6.81,9.36,5.17,6.89,0.38,7.08,2.0,4.79,2.77,3.03,0.79
2020-01-03,4.78,1.06,7.69,6.96,2.89,6.12,0.41,5.51,2.0,4.97,2.61,3.83,0.77
2020-01-04,4.12,1.5,6.26,6.81,3.13,5.86,0.53,2.69,2.0,4.14,3.43,4.51,0.6
2020-01-05,3.3,1.19,2.21,3.7,1.55,3.51,0.59,2.48,2.0,2.92,2.25,6.86,0.6
2020-01-06,2.75,0.69,2.14,3.52,1.97,3.18,0.54,3.29,2.0,3.4,1.74,3.95,0.58
2020-01-07,2.75,1.03,2.94,3.64,1.01,4.81,0.4,3.8,2.01,3.69,1.76,2.61,0.71
2020-01-08,2.75,0.99,0.58,3.49,1.52,2.91,0.41,4.17,2.0,3.38,1.51,3.51,0.55
2020-01-09,2.75,0.99,0.72,2.43,2.91,2.53,0.6,3.14,2.0,8.81,2.11,2.32,0.5
2020-01-10,2.75,0.83,0.05,3.8,2.41,5.41,0.49,1.53,1.98,3.36,2.14,2.9,0.85
2020-01-11,2.75,0.79,0.8,4.33,2.76,6.42,0.73,1.59,1.99,4.75,2.02,4.73,0.65
2020-01-12,4.42,0.81,0.22,5.53,6.2,8.98,0.67,2.06,2.0,3.87,2.29,4.61,0.74
2020-01-13,4.45,1.04,0.22,5.74,3.31,5.24,0.82,3.05,2.0,6.69,1.83,5.34,1.08
2020-01-14,2.72,1.07,1.35,3.31,3.43,4.48,0.47,3.42,2.01,9.4,1.45,3.03,0.91
2020-01-15,2.72,0.75,0.24,3.72,5.12,3.56,0.42,1.28,2.0,5.8,1.99,3.16,0.79
2020-01-16,2.75,0.4,0.07,4.05,1.32,3.36,0.27,0.77,2.0,4.61,2.27,3.13,0.52
2020-01-17,2.36,0.52,0.05,3.71,2.26,3.72,0.33,0.83,2.0,3.12,2.55,3.49,0.52
2020-01-18,1.82,0.46,0.0,4.79,2.52,3.82,0.21,3.86,2.01,3.42,2.13,4.12,0.23
2020-01-19,1.82,0.45,0.03,2.95,1.97,5.51,0.17,2.11,2.0,3.77,2.07,3.86,0.26
2020-01-20,1.47,0.47,0.32,3.9,2.17,5.53,0.2,1.21,2.0,3.42,2.09,3.5,0.38
2020-01-21,1.15,0.47,0.51,6.32,3.74,9.97,0.2,0.73,1.99,2.44,1.87,2.89,0.41
2020-01-22,1.15,0.44,0.46,7.0,4.6,7.48,0.16,1.41,1.99,3.48,1.59,3.13,0.37
2020-01-23,1.15,0.48,0.05,2.52,1.9,4.65,0.27,0.95,1.99,6.32,1.5,2.34,0.43
2020-01-24,0.18,0.5,0.09,2.66,2.75,4.24,0.37,0.46,2.01,6.73,1.85,2.52,0.69
2020-01-25,1.15,0.54,0.55,4.62,3.98,3.41,0.36,1.17,2.0,5.9,2.35,4.33,0.49
2020-01-26,1.15,0.44,0.79,5.87,3.01,4.32,0.32,1.49,1.98,5.99,1.88,5.19,0.46
2020-01-27,1.15,0.39,2.24,5.97,5.55,1.99,0.28,1.37,2.0,3.13,2.11,2.9,0.42
2020-01-28,1.15,0.43,2.33,3.2,4.02,3.72,0.24,1.53,2.0,5.39,1.66,2.8,0.32
2020-01-29,1.05,0.63,2.89,3.1,1.65,1.54,0.34,1.22,1.99,4.64,1.64,1.59,0.23
2020-01-30,1.02,0.81,0.5,3.49,1.23,2.9,0.3,1.39,2.01,4.23,1.69,2.36,0.31
2020-01-31,1.39,0.65,0.0,3.55,1.82,3.17,0.15,0.72,2.01,3.09,1.96,2.44,0.34
2020-02-01,1.82,0.61,0.27,4.51,1.76,3.24,0.1,1.28,2.0,3.59,2.296666666666667,3.47,0.24
2020-02-02,1.82,0.45,0.06,3.94,1.4,5.04,0.09,1.4,2.0,2.59,2.6333333333333337,3.53,0.26
2020-02-03,1.53,0.43,0.0,4.43,2.25,3.86,0.15,1.63,2.0,2.81,2.97,3.69,0.36
2020-02-04,1.15,0.51,1.38,6.43,3.5,2.96,0.16,3.69,2.0,4.75,2.09,4.35,0.36
2020-02-05,1.15,0.45,1.78,4.6,2.14,2.78,0.14,2.26,2.01,6.19,1.74,3.3,0.33
2020-02-06,1.15,0.34,1.5,3.98,1.53,2.41,0.13,2.2,2.0,3.25,1.85,3.35,0.38
2020-02-07,1.15,0.27,0.91,5.78,1.65,2.57,0.08,4.06,1.98,3.79,1.83,2.92,0.18
2020-02-08,1.15,0.33,0.55,4.36,1.65,3.5,0.19,3.03,2.0,2.55,2.15,2.2,0.23
2020-02-09,1.15,0.34,0.52,4.35,1.94,1.76,0.32,2.21,2.0,2.79,2.99,4.56,0.69
2020-02-10,1.15,0.33,0.08,5.16,1.58,1.93,0.18,2.37,2.0,2.95,1.94,6.98,0.58
2020-02-11,1.15,1.87,0.22,6.65,1.57,3.32,0.16,2.58,1.99,3.24,2.31,3.98,0.64
2020-02-12,1.15,2.13,19.18,4.71,1.16,3.02,0.72,2.22,1.96,3.45,1.71,3.31,0.74
2020-02-13,1.15,0.62,4.38,3.09,1.03,2.61,1.6,3.0,1.99,6.16,1.63,5.58,0.73
2020-02-14,1.15,0.76,1.45,2.43,0.67,4.08,3.4,3.37,1.98,4.46,1.58,2.55,0.45
2020-02-15,1.08,0.78,1.69,2.93,0.78,4.41,3.77,2.69,2.0,5.32,1.91,3.64,1.01
2020-02-16,1.16,0.51,0.68,3.77,1.26,5.14,1.8,3.45,2.0,4.71,2.41,5.33,0.41
2020-02-17,0.99,0.62,0.6,5.83,1.35,8.23,1.65,5.49,1.99,5.59,2.11,6.71,0.39
2020-02-18,1.42,0.38,1.23,4.14,0.87,11.52,1.47,3.19,1.99,4.28,2.0,7.9,0.46
2020-02-19,1.76,0.4,2.38,6.39,1.16,14.4,1.38,3.44,2.01,3.17,1.9,8.86,0.33
2020-02-20,0.99,0.4,0.22,2.88,0.67,9.24,1.07,3.86,2.02,1.63,1.75,3.15,0.31
2020-02-21,0.99,0.28,0.51,2.03,0.64,4.69,0.83,4.11,2.0,1.61,1.5,3.7,0.38
2020-02-22,0.99,0.23,0.72,2.8,0.54,7.55,0.85,3.18,2.78,2.59,1.65,2.63,0.49
2020-02-23,0.99,0.19,0.84,3.51,1.24,9.84,0.7,0.45,2.01,5.81,1.76,2.39,0.44
2020-02-24,0.99,0.28,0.97,2.29,0.2,9.79,0.71,1.21,2.0,6.52,1.73,2.53,0.18
2020-02-25,1.79,0.3,1.67,3.12,0.52,6.25,0.7,2.35,1.99,4.01,1.8,3.05,0.22
2020-02-26,0.99,0.31,1.4,4.71,1.13,5.06,0.96,2.12,1.97,5.23,1.79,3.01,0.43
2020-02-27,2.63,0.27,1.12,3.8,0.53,6.58,0.88,2.62,2.0,2.98,1.72,3.61,0.28
2020-02-28,2.85,0.25,0.77,2.67,9.79,12.56,1.24,4.02,2.0,5.0,1.7,3.78,0.43
2020-02-29,2.85,0.24,0.77,2.42,16.66,12.57,1.81,4.3,2.0,4.8,1.53,2.66,0.32
2020-03-01,2.85,0.22,1.1,2.18,19.47,4.06,1.85,4.68,2.0,4.43,1.44,1.05,0.26
2020-03-02,3.02,0.32,1.29,4.58,16.22,7.63,2.41,3.49,2.01,4.44,1.55,2.34,0.25
2020-03-03,2.85,0.42,1.3,3.98,17.75,4.32,1.46,4.54,1.99,5.57,1.61,2.2,0.27
2020-03-04,2.85,0.33,1.82,3.57,36.85,5.11,2.23,2.63,2.01,4.32,1.81,2.55,0.28
2020-03-05,2.85,0.33,1.25,1.81,10.34,4.07,4.14,1.91,2.2,2.13,1.44,2.45,0.13
2020-03-06,2.85,0.43,0.68,1.47,8.19,3.78,1.52,1.6,2.42,1.56,1.38,1.41,0.14
2020-03-07,3.45,0.45,0.24,1.95,6.66,3.57,1.97,1.32,2.99,1.97,1.39,1.09,0.13
2020-03-08,2.85,0.37,0.92,3.51,12.94,4.24,1.65,1.6,3.84,4.46,1.46,1.14,0.1
2020-03-09,2.85,0.39,1.01,1.91,12.43,4.54,2.86,1.57,3.09,3.01,1.43,1.2,0.09
2020-03-10,2.85,0.33,0.78,2.35,16.97,6.98,1.78,3.04,3.42,2.49,1.66,1.45,0.09
2020-03-11,2.85,0.37,0.8,1.96,17.28,3.28,2.13,2.37,3.26,3.59,1.65,1.38,0.03
2020-03-12,2.85,0.46,0.8,2.25,5.5,3.65,2.89,3.29,3.22,2.92,1.3,1.51,0.01
2020-03-13,2.85,0.42,1.72,2.63,5.02,3.03,1.51,3.54,2.45,2.14,1.39,1.58,0.02
2020-03-14,2.85,0.38,0.4,1.99,5.42,5.85,2.05,1.98,2.3,2.2,1.38,1.31,0.11
2020-03-15,2.85,0.35,0.93,2.43,3.39,7.16,3.03,2.22,3.73,4.03,1.47,1.26,0.18
2020-03-16,2.85,0.31,0.41,2.29,7.08,12.13,5.01,2.38,4.43,4.26,1.57,1.64,0.19
2020-03-17,2.85,0.35,0.84,2.65,16.76,13.17,1.99,2.5,5.44,5.09,1.57,2.47,0.18
2020-03-18,2.85,0.38,0.94,3.05,8.52,13.75,1.68,2.72,5.44,4.84,1.46,3.82,0.11
2020-03-19,2.85,0.56,0.71,3.37,17.3,9.12,3.4,3.26,6.14,6.5,1.58,3.8,0.1
2020-03-20,0.0,0.5,0.6,3.76,22.32,7.94,2.05,3.34,5.44,5.28,1.8,2.52,0.08
2020-03-21,2.27,0.8,0.51,3.35,27.17,4.4,2.45,5.26,4.52,3.35,1.55,1.37,0.04
2020-03-22,4.54,0.34,0.53,2.86,39.47,3.0,2.88,2.59,5.94,3.08,1.48,1.7,0.05
2020-03-23,6.81,0.34,0.28,1.96,26.46,3.54,1.44,1.15,4.55,1.79,1.43,1.81,0.07
2020-03-24,4.01,0.24,0.64,2.53,38.68,4.72,1.03,1.16,5.08,4.38,1.43,2.24,0.08
2020-03-25,4.9,0.17,0.57,1.67,46.0,5.05,1.02,1.2,4.41,2.77,1.36,1.84,0.07
2020-03-26,4.71,0.13,0.52,1.38,20.32,6.4,1.05,0.9,3.86,4.21,1.41,0.57,0.15
2020-03-27,1.58,0.14,7.92,1.11,5.48,3.78,0.82,0.89,3.51,2.95,1.35,0.42,0.08
2020-03-28,6.37,0.28,6.59,1.07,6.93,3.96,1.03,0.48,3.27,3.98,1.34,0.39,0.09
2020-03-29,4.79,0.36,29.02,0.97,21.56,4.05,1.19,0.49,3.44,4.4,1.37,0.26,0.13
2020-03-30,8.51,0.21,11.7,1.08,19.98,4.34,1.04,0.77,3.7,4.4,1.37,0.3,0.11
2020-03-31,7.0,0.11,0.55,1.06,13.26,3.88,1.86,2.31,3.72,3.88,1.38,0.99,0.08
2020-04-01,3.58,0.12,0.47,1.12,9.99,3.3,1.96,3.26,2.84,4.61,1.32,0.66,0.11
2020-04-02,4.59,0.11,0.46,0.91,9.04,3.7,1.62,2.12,1.68,2.32,1.34,0.3,0.07
2020-04-03,9.31,0.11,0.4,1.13,13.67,3.31,1.54,0.67,1.62,3.18,1.34,0.29,0.04
2020-04-04,9.71,0.25,0.46,1.3,16.74,3.52,2.06,0.72,1.77,2.11,1.42,0.94,0.05
2020-04-05,10.92,0.17,0.44,1.74,17.8,3.65,1.16,1.21,2.06,2.31,1.52,0.78,0.02
2020-04-06,7.65,0.15,0.37,2.04,14.41,3.76,1.64,0.17,2.06,2.4,1.38,0.92,0.02
2020-04-07,5.44,0.22,0.32,1.01,21.91,3.68,1.19,0.15,1.67,2.33,1.2400000000000002,0.42,0.04
2020-04-08,4.66,0.26,0.32,0.99,12.12,4.37,0.94,0.2,1.63,1.67,1.1000000000000003,0.25,0.01
2020-04-09,5.64,0.25,0.32,1.11,23.28,3.24,2.22,0.31,1.74,2.6,0.9600000000000004,0.3,0.15
2020-04-10,6.91,0.25,0.44,1.79,7.4,3.34,1.0,0.64,2.55,3.39,0.8200000000000003,0.5,0.32
2020-04-11,8.52,0.73,0.38,1.88,14.88,2.65,1.17,0.62,2.21,1.9,0.68,0.52,0.05
2020-04-12,5.63,0.57,0.36,1.19,13.65,4.69,1.56,0.84,1.75,2.74,1.4,0.57,0.05
2020-04-13,3.41,0.42,0.33,1.78,20.3,4.16,0.94,0.65,2.18,3.32,1.65,1.32,0.05
2020-04-14,4.75,0.32,0.37,2.04,22.36,4.12,1.34,0.49,3.09,2.84,1.21,0.95,0.06
2020-04-15,2.14,0.37,0.36,2.36,21.78,6.08,1.08,0.04,7.67,2.58,1.26,1.33,0.06
2020-04-16,5.84,0.44,0.3,2.4,15.37,6.9,1.06,0.36,8.12,3.51,1.39,0.37,0.03
2020-04-17,3.22,0.34,0.26,1.07,18.92,7.81,1.16,0.77,7.0,2.97,1.38,0.38,0.06
2020-04-18,3.89,0.25,0.24,1.19,26.56,4.53,1.0,0.48,7.06,2.9,1.32,0.35,0.02
2020-04-19,1.67,0.28,0.28,1.29,19.46,6.9,1.08,0.12,7.18,2.79,1.35,0.41,0.03
2020-04-20,2.27,0.16,0.3,2.37,28.58,5.79,1.24,0.62,8.15,2.21,1.37,0.31,0.01
2020-04-21,2.33,0.22,0.27,1.48,22.5,5.45,1.35,0.44,7.41,2.7,1.33,0.44,0.02
2020-04-22,5.48,0.19,0.25,2.03,28.26,4.32,0.94,0.52,7.5,1.54,1.36,0.71,0.05
2020-04-23,3.97,0.2,0.21,2.8,16.01,3.45,2.7,1.09,7.29,1.76,1.31,0.69,0.02
2020-04-24,1.78,0.59,0.19,2.57,37.12,4.22,0.83,0.81,6.47,1.6766666666666667,1.3,0.64,0.02
2020-04-25,1.17,0.51,0.2,1.13,22.31,5.06,1.81,0.74,6.04,1.5933333333333335,1.29,0.35,0.0
2020-04-26,1.8,0.25,0.15,1.68,12.27,14.21,1.21,0.54,6.46,1.51,1.3,1.08,0.06
2020-04-27,3.52,0.19,0.22,1.24,12.08,8.98,1.37,0.66,5.89,1.96,1.25,0.92,0.06
2020-04-28,4.92,0.21,0.29,1.7,10.34,16.93,0.63,0.55,5.33,2.21,1.3,0.89,0.05
2020-04-29,3.39,0.22,0.26,2.03,9.76,13.9,0.69,0.69,5.95,2.31,1.3,0.92,0.36
2020-04-30,1.92,0.36,0.22,1.68,25.15,4.34,0.74,1.67,5.74,2.69,1.3,0.46,0.08
2020-05-01,1.59,0.22,0.28,1.96,11.95,2.59,1.04,1.15,5.47,2.2,1.3,0.46,0.03
2020-05-02,1.55,0.3,0.23,1.19,31.82,2.28,0.8,0.68,4.39,4.28,1.29,0.26,0.01
2020-05-03,2.83,0.28,0.22,1.31,10.43,2.57,2.04,0.93,4.76,2.86,1.29,1.2,0.01
2020-05-04,2.38,0.25,0.2,1.14,22.28,2.52,0.85,0.69,5.78,2.45,1.29,0.58,0.03
2020-05-05,3.57,0.25,0.2,2.0,23.12,2.83,1.03,0.94,5.46,2.51,1.3,0.45,0.02
2020-05-06,3.7,0.22,0.19,2.04,21.19,2.19,0.73,1.65,6.2,2.84,1.3,0.52,0.02
2020-05-07,7.47,0.25,0.21,1.46,14.76,2.77,0.82,2.05,4.35,2.56,1.23,1.14,0.02
2020-05-08,3.26,0.28,0.18,1.69,15.77,2.9,1.07,1.93,4.04,2.55,1.3,1.45,0.02
2020-05-09,4.37,0.26,0.22,1.61,12.83,3.11,1.28,2.48,3.34,1.83,1.29,0.91,0.02
2020-05-10,2.65,0.22,0.24,1.3,18.83,2.98,1.02,2.57,2.66,3.84,1.3,0.58,0.07
2020-05-11,1.9,0.21,0.23,1.55,14.87,3.15,2.84,2.0,2.77,1.72,1.3,0.77,0.05
2020-05-12,3.3,0.24,0.2,1.5,22.57,2.8,1.18,2.97,2.62,1.33,1.3,0.58,0.05
2020-05-13,2.85,0.76,0.19,1.81,31.23,2.08,0.81,3.21,2.68,2.29,1.27,0.67,0.04
2020-05-14,2.28,0.38,0.18,1.69,36.63,2.3,0.97,3.77,3.21,1.8,1.3,0.54,0.03
2020-05-15,4.14,0.3,0.17,1.41,35.8,3.23,1.34,2.46,6.2,1.84,1.3,1.12,0.06
2020-05-16,3.02,0.35,0.14,1.61,35.83,2.7,1.88,2.81,6.09,0.73,1.3,1.65,0.03
2020-05-17,2.91,0.27,0.18,2.07,37.71,2.47,2.53,3.6,6.71,0.86,1.3,1.8,0.05
2020-05-18,2.95,0.22,0.15,2.42,25.51,2.11,1.37,2.58,6.35,1.51,1.06,1.64,0.13
2020-05-19,4.36,0.19,0.14,2.75,31.48,1.68,2.55,2.11,5.84,2.06,1.3,1.98,0.14
2020-05-20,5.5,0.18,0.15,1.92,28.63,2.2,2.33,2.24,5.88,5.64,1.3,1.4,0.31
2020-05-21,6.41,0.18,0.14,1.72,22.67,1.89,2.6,1.18,5.94,3.03,1.3,2.77,0.2
2020-05-22,7.75,0.2,0.15,2.96,29.57,0.8,4.92,1.1,7.8,1.7,1.29,2.87,0.16
2020-05-23,5.36,0.23,0.12,2.77,26.11,1.0,3.68,1.69,6.83,2.55,1.3,0.94,0.02
2020-05-24,2.62,0.19,0.15,1.76,30.21,0.64,1.79,2.59,5.75,2.36,1.22,1.31,5.09
2020-05-25,2.24,0.25,0.16,1.88,29.01,0.7,1.02,2.88,6.66,2.03,1.3,1.19,6.44
2020-05-26,1.68,0.26,0.14,2.51,24.85,0.62,1.05,2.23,6.51,2.56,1.29,1.15,0.42
2020-05-27,4.01,0.28,0.13,1.7,12.95,0.71,1.77,1.49,4.86,2.7,1.3,1.63,4.9
2020-05-28,8.88,0.4,0.12,1.11,5.0,0.52,2.38,1.14,4.51,2.43,1.3,2.06,0.44
2020-05-29,5.47,0.6,0.12,1.1,0.69,0.63,0.84,1.53,5.37,1.66,1.3,1.41,0.08
2020-05-30,4.67,0.58,0.1,0.95,0.54,0.8,0.91,1.65,6.23,3.21,1.3,1.26,0.09
2020-05-31,3.03,0.52,0.11,1.05,0.59,1.56,1.04,1.44,5.71,2.08,1.3,1.46,0.05
2020-06-01,6.78,0.52,0.13,1.94,1.07,2.39,1.57,1.74,5.83,2.47,1.23,1.62,0.12
2020-06-02,10.84,0.59,0.08,1.75,1.05,1.92,1.01,2.95,4.96,1.37,1.3,1.19,0.09
2020-06-03,8.04,0.67,0.1,1.93,1.48,1.18,0.5,2.5,5.19,2.65,1.3,1.45,0.1
2020-06-04,5.69,0.67,0.03,2.79,1.32,1.67,0.34,2.77,5.4,3.06,1.22,1.46,0.05
2020-06-05,7.45,0.92,0.11,2.0,0.82,1.54,0.53,2.03,6.08,4.5,1.3,1.01,0.08
2020-06-06,8.11,0.66,0.11,1.6,4.66,1.83,0.59,2.39,5.99,2.57,1.3,1.03,0.09
2020-06-07,6.71,0.73,0.12,1.82,29.74,1.95,0.69,2.5,6.64,3.07,1.3,0.72,0.06
2020-06-08,7.93,0.73,0.06,1.99,24.99,1.29,0.69,2.18,6.02,3.47,1.29,0.68,0.1
2020-06-09,4.48,0.71,0.07,2.23,20.81,2.03,0.76,3.11,5.78,4.07,1.3,0.58,0.09
2020-06-10,5.27,1.05,0.12,2.17,6.83,1.83,1.2,2.34,5.71,2.96,1.3,0.48,0.09
2020-06-11,8.21,1.03,0.1,1.84,15.04,1.21,1.24,1.9,5.6,5.29,1.3,0.37,0.11
2020-06-12,7.9,0.82,0.09,2.16,15.65,1.8,0.8,1.39,4.66,4.77,1.29,0.55,0.08
2020-06-13,7.01,0.81,0.06,2.09,11.53,1.62,0.43,1.36,4.66,3.06,1.3,1.27,0.06
2020-06-14,6.89,0.86,0.06,2.42,11.3,1.88,0.38,1.24,4.9,2.29,1.3,0.94,0.07
2020-06-15,21.69,0.63,0.05,1.9,11.1,2.47,0.42,1.46,4.41,3.13,1.3,0.88,0.06
2020-06-16,7.54,0.38,0.09,1.99,10.26,1.88,0.29,1.57,4.56,3.77,1.21,0.84,0.09
2020-06-17,4.6,0.27,0.08,1.55,7.81,2.32,0.48,1.61,4.67,2.96,1.3,0.4,0.09
2020-06-18,3.28,1.31,0.07,1.5,7.68,2.34,0.37,1.95,4.98,4.38,1.3,0.64,0.1
2020-06-19,3.99,0.45,0.16,1.69,13.7,2.49,0.64,1.72,4.97,2.55,1.3,0.26,0.14
2020-06-20,3.37,0.39,0.1,1.42,19.92,0.9,0.66,1.55,4.49,3.14,1.3,0.18,0.11
2020-06-21,3.17,0.37,0.1,1.51,15.74,1.11,0.68,1.33,5.28,3.1,1.3,0.22,0.13
2020-06-22,3.33,0.46,0.1,1.54,10.45,2.26,0.83,1.76,5.25,3.99,1.3,0.47,0.17
2020-06-23,3.18,0.39,0.12,1.25,5.96,1.4,1.34,1.35,26.52,2.88,1.3,0.36,0.11
2020-06-24,1.95,0.33,0.08,1.28,7.36,1.89,0.93,1.2,22.62,2.99,1.2,0.67,0.13
2020-06-25,0.98,0.4,0.1,1.59,8.81,1.7,1.13,1.95,2.47,1.28,1.3,0.59,0.13
2020-06-26,1.76,0.25,0.12,2.07,8.8,0.73,0.76,1.17,3.41,1.45,1.29,0.5,0.06
2020-06-27,1.32,0.21,0.1,1.69,10.16,0.82,0.88,1.09,2.16,2.24,1.3,0.23,0.06
2020-06-28,1.37,0.12,0.09,1.71,10.98,0.85,0.82,1.18,2.65,0.74,1.16,0.16,0.1
2020-06-29,1.39,0.17,0.09,2.13,15.05,0.47,1.31,1.51,2.34,0.01,1.3,0.22,0.12
2020-06-30,1.21,0.18,0.17,1.57,21.78,0.73,1.45,1.58,2.4,0.0,1.3,0.48,0.14
2020-07-01,1.73,0.27,0.09,2.03,7.79,0.78,1.31,1.73,2.67,,1.3,0.22,0.1
