Date,Ahmedabad,Bengaluru,Chennai,Delhi,Lucknow,Mumbai,Hyderabad,Patna,Gurugram,Visakhapatnam,Amritsar,Jaipur,Thiruvananthapuram
2017-07-01,,0.67,0.06,0.0,2.65,0.0,0.14,0.0,0.48,0.0,0.0,0.89,0.68
2017-07-02,,1.64,0.02,0.0,1.19,0.0,0.13,0.0,0.51,0.0,0.0,1.02,0.57
2017-07-03,,0.69,0.04,0.0,1.2,0.0,0.17,0.0,0.5,0.0,0.0,0.86,0.65
2017-07-04,,0.59,0.05,0.0,1.42,0.0,0.15,0.0,0.48,0.0,0.0,0.8,0.66
2017-07-05,,0.62,0.0,0.0,1.09,0.0,0.16,0.0,0.46,0.0,0.0,0.74,0.7
2017-07-06,,0.52,0.01,0.0,1.26,0.0,0.18,0.0,0.49,0.0,0.0,0.56,0.59
2017-07-07,,0.56,0.03,0.0,1.32,0.0,0.17,0.0,0.5,0.0,0.0,0.64,0.65
2017-07-08,,0.69,0.17,0.0,1.34,0.0,0.15,0.0,0.51,0.0,0.0,0.67,0.75
2017-07-09,,0.6,0.02,0.0,1.23,0.0,0.16,0.0,0.49,0.0,0.0,0.64,0.53
2017-07-10,,0.63,0.03,0.0,1.37,0.0,0.19,0.0,0.53,0.0,0.0,0.68,0.68
2017-07-11,,0.64,0.02,0.0,1.86,0.0,0.16,0.0,0.61,0.0,0.0,1.8,0.53
2017-07-12,,0.68,0.14,0.0,1.21,0.0,0.15,0.0,0.72,0.0,0.0,1.46,0.65
2017-07-13,,1.53,0.1,0.0,1.35,0.0,0.17,0.0,2.71,0.0,0.0,0.74,0.63
2017-07-14,,0.67,0.07,0.0,1.65,0.0,0.14,0.0,0.33,0.0,0.0,0.72,0.55
2017-07-15,,0.6,0.19,0.0,1.59,0.0,0.14,0.0,0.33,0.0,0.0,0.8,0.58
2017-07-16,,0.52,0.03,0.0,1.63,0.0,0.17,0.0,0.25,0.0,0.0,0.79,0.51
2017-07-17,,0.58,0.13,0.0,1.98,0.0,0.16,0.0,0.29,0.0,0.0,0.77,0.46
2017-07-18,,0.62,0.2,0.0,1.44,0.0,0.15,0.0,0.28,0.0,0.0,0.7,0.55
2017-07-19,,0.68,0.02,0.0,1.93,0.0,0.15,0.0,0.19,0.0,0.0,0.42,0.47
2017-07-20,,0.65,0.03,0.0,1.27,0.0,0.14,0.0,0.66,0.0,0.0,0.42,0.63
2017-07-21,,1.12,0.02,0.0,4.62,0.0,0.15,0.0,0.21,0.0,0.0,0.41,0.49
2017-07-22,,1.35,0.02,0.0,1.52,0.0,0.15,0.0,0.14,0.0,0.0,0.17,0.6
2017-07-23,,1.08,0.0,0.0,1.21,0.0,0.15,0.0,0.16,0.0,0.0,0.1,0.71
2017-07-24,,1.08,0.05,0.0,1.25,0.0,0.15,0.0,0.39,0.0,0.0,0.1,0.82
2017-07-25,,1.4,0.05,0.0,1.2,0.0,0.17,0.0,0.68,0.0,0.0,0.39,0.64
2017-07-26,,0.59,0.07,0.0,1.13,0.0,0.18,0.0,0.73,0.0,0.0,0.22,0.73
2017-07-27,,0.59,0.03,0.0,12.12,0.0,0.16,0.0,0.92,0.0,0.0,0.34,0.63
2017-07-28,,1.17,0.05,0.0,1.14,0.0,0.17,0.0,0.94,0.0,0.0,0.17,0.58
2017-07-29,,1.07,0.03,0.0,1.91,0.0,0.17,0.0,0.95,0.0,0.0,0.27,0.52
2017-07-30,,1.07,0.0,0.0,3.36,0.0,0.2,0.0,0.86,0.0,0.0,0.37,0.55
2017-07-31,,0.48,0.05,0.0,1.18,0.0,0.21,0.0,0.93,0.0,0.0,0.47,0.72
2017-08-01,,1.5,0.03,0.0,1.18,0.0,0.21,0.0,0.94,0.0,0.0,0.13,0.77
2017-08-02,,1.77,0.1,0.0,1.57,0.0,0.2,0.0,0.89,0.0,,0.35,0.99
2017-08-03,,2.95,0.33,0.0,1.35,0.0,0.17,0.0,0.91,0.0,,0.23,0.98
2017-08-04,,0.63,0.49,0.0,2.52,0.0,0.17,0.0,0.9,0.0,,0.69,0.95
2017-08-05,,1.27,0.65,0.0,1.8,0.0,0.18,0.0,0.89,0.0,,0.61,0.91
2017-08-06,,2.44,0.85,0.0,1.39,0.0,0.17,0.0,0.0,0.0,,0.62,0.9
2017-08-07,,2.91,0.56,0.0,1.87,0.0,0.23,0.0,0.0,0.0,,0.68,0.96
2017-08-08,,2.01,0.5,0.0,1.83,0.0,0.22,0.0,0.0,0.0,0.0,0.81,0.99
2017-08-09,,0.95,0.02,0.0,1.68,0.0,0.27,0.0,1.4,0.0,0.265,0.74,1.01
2017-08-10,,0.61,0.0,0.0,1.44,0.0,0.19,0.0,0.87,0.0,0.53,0.68,1.03
2017-08-11,,0.68,0.05,0.0,1.46,0.0,0.24,0.0,0.87,0.0,0.81,0.62,0.98
2017-08-12,,0.86,0.0,0.0,1.47,0.0,0.25,0.0,1.02,0.0,0.66,0.57,0.96
2017-08-13,,1.14,0.0,0.0,1.16,0.0,0.22,0.0,0.88,0.0,0.66,0.53,0.93
2017-08-14,,0.96,0.26,0.0,1.33,0.0,0.23,0.0,0.85,0.0,0.67,0.77,0.97
2017-08-15,,0.64,0.59,0.0,1.48,0.0,0.22,0.0,0.96,0.0,0.78,0.8,0.92
2017-08-16,,1.01,0.6,0.0,1.71,0.0,0.18,0.0,0.89,0.0,0.78,0.57,0.93
2017-08-17,,1.25,0.37,0.0,3.77,0.0,0.17,0.0,0.96,0.0,0.8,0.0,0.99
2017-08-18,,0.61,0.0,0.0,2.05,0.0,0.17,,0.88,0.0,0.77,0.0,0.9
2017-08-19,,0.68,0.0,0.0,1.12,0.0,0.12,,1.0,0.0,0.68,0.0,0.92
2017-08-20,,1.02,0.0,0.0,2.68,0.0,0.15,,0.77,0.0,0.61,0.0,0.88
2017-08-21,,0.95,0.28,0.0,0.88,0.0,0.16,,1.0,0.0,0.7,0.39,0.95
2017-08-22,,0.89,0.59,0.0,1.23,0.0,0.19,,0.94,0.0,0.66,0.62,0.88
2017-08-23,,0.85,0.63,0.0,1.32,0.0,0.16,,0.95,0.0,0.61,0.69,0.93
2017-08-24,,0.71,0.87,0.0,1.1,0.0,0.21,,0.91,0.0,0.65,0.72,1.01
2017-08-25,,0.57,0.44,0.0,1.15,0.0,0.18,,0.79,0.0,0.67,0.68,1.02
2017-08-26,,0.97,0.53,0.0,1.24,0.0,0.12,,0.94,0.0,0.69,0.65,0.97
2017-08-27,,0.67,0.52,0.0,1.29,0.0,0.17,,0.94,0.0,0.7,0.61,0.91
2017-08-28,,0.86,0.27,0.0,1.34,0.0,0.17,,0.75,0.0,0.68,0.86,1.0
2017-08-29,,1.01,0.24,0.0,1.13,0.0,0.12,,0.92,0.0,0.71,0.79,0.95
2017-08-30,,0.85,0.42,0.0,1.65,0.0,0.17,,0.99,0.0,0.86,0.64,0.92
2017-08-31,,0.77,0.27,0.76,4.68,0.0,0.21,,0.91,0.0,0.72,0.55,0.98
2017-09-01,,1.25,0.3,0.54,1.62,0.0,0.23,,0.9,0.0,0.59,0.55,0.9
2017-09-02,,0.82,0.2,0.48,1.68,0.0,0.22,,0.93,0.0,0.7,0.45,0.99
2017-09-03,,0.68,0.22,0.4,1.62,0.0,0.17,,0.92,0.0,0.74,0.13,0.95
2017-09-04,,0.77,0.32,0.36,1.54,0.0,0.21,,2.7,0.0,0.69,0.18,0.88
2017-09-05,,1.34,0.32,0.37,1.31,0.0,0.18,,1.03,0.0,0.75,0.19,0.93
2017-09-06,,0.63,0.23,0.33,1.49,0.0,0.19,0.0,0.94,0.0,0.82,0.23,0.85
2017-09-07,,0.7,0.21,0.36,1.17,0.0,0.21,0.0,0.97,0.0,0.85,0.26,0.98
2017-09-08,,0.91,0.29,0.49,1.09,0.0,0.18,0.0,1.09,0.0,0.81,0.24,1.01
2017-09-09,,0.69,0.37,0.45,1.13,0.0,0.19,0.0,1.0,0.0,0.81,0.24,0.95
2017-09-10,,0.68,0.27,0.48,1.2,0.0,0.09,0.0,0.97,0.0,0.75,0.2,0.94
2017-09-11,,0.73,0.19,0.45,1.18,0.0,0.21,0.0,0.88,0.0,0.7,0.18,1.03
2017-09-12,,0.73,0.23,0.42,1.17,0.0,0.11,0.0,1.12,0.0,0.95,0.2,0.96
2017-09-13,,0.67,0.4,0.13,1.14,0.0,0.07,0.0,0.91,0.0,0.83,0.24,0.94
2017-09-14,,0.94,0.36,0.12,1.11,0.0,0.05,0.0,1.02,0.0,0.74,0.32,0.93
2017-09-15,,0.58,0.22,0.36,1.28,0.0,0.06,0.0,0.94,0.0,0.8,0.2,1.01
2017-09-16,,0.37,0.32,0.44,1.25,0.0,0.06,0.0,1.02,0.0,0.77,0.21,1.07
2017-09-17,,0.42,0.23,0.33,1.16,0.0,0.04,0.0,0.97,0.0,0.85,0.22,0.91
2017-09-18,,0.42,0.32,0.21,3.23,0.0,0.04,0.0,1.16,0.0,0.93,0.31,0.97
2017-09-19,,0.42,0.25,0.43,8.13,0.0,0.05,0.0,0.98,0.0,0.79,0.94,0.95
2017-09-20,,0.47,0.13,0.44,1.33,0.0,0.05,0.0,0.99,0.0,0.82,0.86,0.95
2017-09-21,,0.38,0.11,0.46,1.14,0.0,0.05,0.0,0.96,0.0,0.81,0.7,0.93
2017-09-22,,0.35,0.25,0.32,7.52,0.0,0.03,0.0,0.89,0.0,0.9,0.21,0.97
2017-09-23,,0.4,0.07,0.35,1.33,0.0,0.0,0.0,0.86,0.0,0.65,0.23,0.93
2017-09-24,,0.49,0.16,0.37,1.25,0.0,0.0,0.0,0.99,0.0,0.72,0.21,0.91
2017-09-25,,0.4,0.19,0.37,1.26,0.0,0.0,0.0,0.93,0.0,0.97,0.19,1.08
2017-09-26,,0.48,0.12,0.6,0.95,0.0,0.0,0.27,0.87,0.0,0.98,0.0,1.03
2017-09-27,,0.57,0.37,0.61,1.18,0.0,0.0,0.33,0.93,0.0,0.88,0.25,0.97
2017-09-28,,0.32,0.28,0.43,0.89,0.0,0.0,0.65,0.81,0.0,0.86,0.16,1.13
2017-09-29,,0.5,0.25,0.45,0.94,0.0,0.0,0.04,1.1,0.0,0.99,0.23,0.97
2017-09-30,,0.45,0.34,0.3,0.95,0.0,0.0,0.06,1.01,0.0,1.07,0.3,0.97
2017-10-01,,0.38,0.41,0.46,0.8,0.0,0.26,0.37,1.0,0.18,0.32,0.27,0.23
2017-10-02,,0.52,0.11,0.43,0.71,0.0,0.16,0.38,0.99,0.13,0.13,0.25,0.16
2017-10-03,,0.49,0.77,0.2,0.78,0.0,0.34,0.27,0.94,0.19,0.11,0.23,0.16
2017-10-04,,0.57,0.44,0.19,0.96,0.0,0.66,0.41,0.69,0.27,0.4,0.25,0.18
2017-10-05,,0.66,0.2,0.27,1.02,0.0,0.33,0.07,0.13,0.04,0.23,0.17,0.19
2017-10-06,,0.6,0.44,0.33,1.04,0.0,0.21,0.37,0.54,0.22,0.34,0.28,0.14
2017-10-07,,0.58,0.17,0.32,1.18,0.0,0.57,0.23,0.51,1.04,0.29,0.24,0.25
2017-10-08,,0.58,0.09,0.24,1.0,0.0,0.29,0.57,0.26,0.11,0.16,0.24,0.19
2017-10-09,,1.35,0.25,0.24,1.02,0.0,0.36,0.48,0.84,0.1,0.25,0.29,0.3
2017-10-10,,2.02,0.12,0.26,1.11,0.0,0.1,0.08,0.88,0.0,0.0,0.31,0.0
2017-10-11,,0.64,0.29,0.25,1.1,0.0,0.19,0.21,0.73,0.0,0.0,0.3,0.0
2017-10-12,,0.57,1.06,0.33,0.79,0.0,0.11,0.07,0.61,0.0,0.0,0.31,0.0
2017-10-13,,0.5,1.74,0.33,1.0,0.0,0.08,0.08,0.88,0.0,0.0,0.58,0.0
2017-10-14,,0.48,0.48,0.37,0.87,0.0,0.1,0.17,0.88,0.0,0.0,0.8,0.0
2017-10-15,,0.46,0.45,0.33,0.89,0.0,0.06,0.62,0.82,0.0,0.0,0.83,0.0
2017-10-16,,0.43,0.58,1.02,0.73,0.0,0.1,0.53,1.13,0.0,0.0,0.91,0.0
2017-10-17,,0.55,0.73,1.36,0.67,0.0,0.15,0.26,1.88,0.0,0.0,0.68,0.0
2017-10-18,,0.62,0.77,1.05,0.97,0.0,0.12,0.09,1.26,0.0,0.0,0.6,0.0
2017-10-19,,0.57,0.96,1.18,1.61,0.0,0.31,0.5,2.06,0.73,0.69,0.62,0.45
2017-10-20,,0.58,0.54,1.06,1.51,0.0,0.06,0.02,1.99,0.03,1.08,0.78,0.02
2017-10-21,,0.87,0.57,1.46,1.22,0.0,0.1,0.17,1.13,0.12,1.17,0.65,0.12
2017-10-22,,0.79,0.57,0.93,1.44,0.0,0.07,0.0,1.39,0.0,1.25,0.52,0.0
2017-10-23,,1.08,0.64,1.45,1.53,0.0,0.19,0.63,1.4,0.15,1.17,0.61,0.2
2017-10-24,,1.26,0.63,1.51,1.76,0.0,0.06,1.18,0.0,0.02,1.03,0.6,0.02
2017-10-25,175.81,1.59,0.8,1.01,1.78,0.0,0.03,1.56,0.0,0.0,1.37,1.02,0.0
2017-10-26,104.94,1.22,0.79,1.15,1.34,0.0,0.04,1.19,0.0,0.0,1.19,0.9,0.0
2017-10-27,70.84,1.03,0.76,0.98,1.66,0.0,0.08,1.01,0.0,0.01,1.13,1.25,0.03
2017-10-28,71.28,1.55,0.67,0.9,1.44,0.0,0.08,0.79,0.0,0.0,1.42,0.94,0.0
2017-10-29,55.17,1.08,0.66,1.16,1.14,0.0,0.12,0.84,0.0,0.0,1.3,0.85,0.0
2017-10-30,29.565,0.77,0.61,1.47,1.28,0.0,0.0,0.43,1.41,0.0,1.37,0.75,0.0
2017-10-31,3.96,0.84,1.2,1.84,0.87,0.0,0.79,0.29,1.52,0.79,1.45,0.98,1.15
2017-11-01,10.91,0.48,0.4,1.13,1.15,0.0,1.19,0.0,1.75,1.25,1.11,1.16,1.06
2017-11-02,17.86,0.44,0.59,1.4,1.17,0.0,1.06,0.29,1.68,1.26,1.15,0.73,1.12
2017-11-03,24.81,0.56,0.66,1.31,1.75,0.0,1.04,1.15,1.17,1.14,1.31,0.64,1.18
2017-11-04,16.58,0.76,0.83,1.83,1.38,0.0,0.58,1.98,1.78,0.73,1.87,0.64,1.31
2017-11-05,17.91,0.69,0.77,2.33,2.76,0.0,0.52,1.56,1.52,0.72,1.79,0.65,1.05
2017-11-06,36.74,0.75,1.04,1.94,1.22,0.0,0.58,1.18,1.88,0.71,1.77,0.89,1.24
2017-11-07,42.99,0.82,0.87,2.37,1.35,0.0,0.68,1.22,2.05,0.79,1.9,1.19,1.11
2017-11-08,62.88,0.86,0.83,2.74,1.51,0.0,0.57,2.17,2.7,0.75,1.89,1.35,1.27
2017-11-09,38.8,0.97,0.8,2.37,1.65,0.0,0.59,2.26,2.11,0.83,2.13,1.34,1.11
2017-11-10,48.64,0.9,0.9,2.45,2.05,0.0,0.59,5.08,1.98,0.8,2.0,1.0,1.27
2017-11-11,51.7,0.99,1.1,2.32,1.31,0.0,0.63,2.67,2.07,0.85,2.27,0.98,1.16
2017-11-12,47.15,0.86,0.79,2.44,1.17,0.0,0.74,1.76,1.79,0.84,1.89,1.15,1.25
2017-11-13,98.33,0.74,0.81,2.33,1.81,0.0,0.74,2.7,1.92,0.75,1.8,1.31,1.45
2017-11-14,118.02,0.91,0.85,1.74,1.58,0.0,0.83,2.98,1.9,0.76,1.3,0.68,1.21
2017-11-15,45.88,0.93,0.71,1.64,1.85,0.0,0.68,1.48,0.9,0.74,0.66,0.54,1.23
2017-11-16,5.06,0.95,1.11,1.55,1.79,0.0,0.58,1.06,1.52,0.74,1.05,0.48,1.23
2017-11-17,5.85,0.89,0.6,1.51,1.28,0.0,0.61,1.42,1.59,0.76,1.4,0.64,1.25
2017-11-18,6.11,0.71,1.0,1.16,1.07,0.0,0.65,2.19,1.66,0.71,0.97,0.55,1.33
2017-11-19,10.23,0.92,0.87,1.2,0.89,0.0,0.72,1.75,1.9,0.63,1.05,0.81,1.13
2017-11-20,6.84,0.91,0.86,1.3,0.85,0.0,0.82,1.19,1.85,0.82,1.38,0.53,1.16
2017-11-21,15.17,0.89,0.8,1.52,1.0,0.0,0.81,0.87,1.65,0.79,1.17,0.51,1.08
2017-11-22,15.07,0.85,0.74,1.51,1.18,0.0,0.7,1.37,1.8,0.91,1.87,0.19,1.28
2017-11-23,24.0,0.98,0.74,1.55,1.19,0.0,0.76,1.26,4.81,1.02,1.74,0.08,1.31
2017-11-24,45.76,0.95,0.73,1.65,1.22,0.0,0.76,2.48,2.71,0.93,2.31,0.13,1.28
2017-11-25,37.88,0.94,0.65,1.74,1.28,0.0,0.71,1.99,3.5,0.94,2.44,0.31,1.61
2017-11-26,55.69,0.9,0.65,1.97,0.82,0.0,0.9,2.89,2.12,0.98,2.5,0.0,1.33
2017-11-27,69.71,0.92,0.68,1.64,1.03,0.0,0.86,2.16,1.99,1.07,2.52,0.0,1.33
2017-11-28,55.08,0.93,0.76,1.76,1.43,0.0,0.9,1.56,2.74,1.05,2.65,0.0,1.43
2017-11-29,14.63,0.77,0.84,2.31,2.29,0.0,0.81,1.87,1.88,0.81,3.08,0.0,1.23
2017-11-30,40.22,0.97,0.58,2.11,2.02,0.0,0.82,2.6,2.18,0.89,2.91,0.0,0.97
2017-12-01,30.39,0.65,0.58,1.83,2.39,0.0,0.8,2.93,2.08,0.91,2.47,0.0,0.92
2017-12-02,6.14,0.62,0.54,2.1,1.72,0.0,0.76,2.34,1.87,0.94,1.96,0.0,1.08
2017-12-03,5.49,0.86,0.52,2.28,1.68,0.0,0.8,2.7,2.15,0.93,2.31,0.0,1.22
2017-12-04,5.78,0.86,0.57,2.49,1.48,0.0,0.78,3.06,2.21,1.1,1.48,0.0,1.26
2017-12-05,5.9,0.7,0.7,2.41,1.25,0.0,0.7,4.02,2.58,1.23,1.39,0.0,1.3666666666666667
2017-12-06,5.46,0.89,0.67,1.65,1.15,0.0,0.72,2.68,1.74,1.3,1.14,0.0,1.4733333333333334
2017-12-07,7.19,1.27,0.47,1.49,0.96,0.0,0.91,2.82,1.92,1.09,2.41,0.0,1.58
2017-12-08,5.58,1.05,0.0,1.56,0.6,0.0,0.8,1.8,2.28,1.04,2.83,0.0,1.31
2017-12-09,5.9,1.1,0.0,1.77,1.01,0.0,0.77,3.59,2.29,1.06,2.15,0.0,1.21
2017-12-10,26.28,1.06,0.15,2.18,1.52,0.0,0.69,2.69,2.09,1.14,3.83,0.0,1.26
2017-12-11,28.06,0.78,0.26,2.28,1.6,0.0,1.05,3.0,1.52,1.11,3.75,0.0,1.31
2017-12-12,15.98,0.57,0.31,1.51,1.82,0.0,1.19,2.62,1.49,1.16,2.82,0.0,1.37
2017-12-13,20.79,0.79,0.27,1.34,0.81,0.0,1.0,2.01,1.82,1.26,1.7,0.0,1.3
2017-12-14,11.42,0.94,0.23,1.31,0.68,0.0,0.92,1.64,1.6,0.93,0.86,0.0,1.4
2017-12-15,7.54,0.96,0.35,1.28,0.7,0.0,0.77,1.71,1.75,1.04,0.87,0.0,1.59
2017-12-16,6.33,0.8,0.17,1.06,0.51,0.0,0.88,1.93,1.58,1.47,0.7,0.0,1.26
2017-12-17,5.7,0.89,0.09,1.2,1.05,0.0,0.8,2.51,0.92,1.26,1.39,0.0,1.23
2017-12-18,7.16,0.89,0.22,1.28,1.27,0.0,0.59,2.9,1.0,1.09,1.74,0.0,1.25
2017-12-19,17.88,0.97,0.22,1.48,2.57,0.0,0.7,2.36,2.18,0.91,0.86,0.0,1.3
2017-12-20,8.72,1.0,0.22,1.91,2.78,0.0,1.33,3.91,2.31,1.12,1.2,0.0,1.15
2017-12-21,7.78,0.95,0.34,1.45,1.79,0.0,1.4,2.19,1.09,1.1,0.96,0.0,1.27
2017-12-22,5.95,0.95,0.24,1.17,1.19,0.0,1.4,1.87,1.04,1.39,1.53,0.0,1.16
2017-12-23,25.81,0.9,0.14,1.54,0.93,0.0,1.26,2.83,1.18,1.47,2.16,0.0,1.31
2017-12-24,19.89,0.69,0.24,1.74,1.88,0.0,1.14,1.82,1.33,1.32,1.71,0.0,1.0
2017-12-25,29.6,0.71,0.3,1.68,2.01,0.0,1.13,2.65,1.0,1.21,1.41,0.0,1.07
2017-12-26,15.17,0.81,0.29,1.57,1.81,0.0,0.87,2.23,1.28,1.45,1.22,0.0,1.31
2017-12-27,26.95,0.91,0.1,1.69,1.94,0.0,0.85,2.01,1.24,1.2,1.37,0.0,1.38
2017-12-28,43.47,0.96,0.09,1.86,2.13,0.0,0.93,4.02,1.37,1.28,1.24,0.0,1.36
2017-12-29,30.55,1.13,0.22,1.7,2.15,0.0,1.09,3.19,1.13,1.08,1.63,0.0,1.2
2017-12-30,14.9,1.06,0.28,1.96,2.03,0.0,1.1,3.47,0.69,0.93,2.0,0.0,1.42
2017-12-31,6.85,1.02,0.17,1.95,2.14,0.0,1.02,2.26,2.25,0.93,2.11,0.0,1.19
2018-01-01,7.58,1.04,0.03,1.8,1.89,0.28,0.99,2.6,2.31,0.95,1.7,0.0,1.28
2018-01-02,9.26,1.0,0.0,1.52,1.39,1.64,0.92,2.47,2.11,1.02,1.74,0.0,1.32
2018-01-03,13.87,1.09,0.0,1.29,1.43,3.64,0.83,2.58,2.26,1.33,1.42,0.0,1.36
2018-01-04,19.42,0.96,0.0,1.36,1.6,3.55,1.0,2.46,2.27,1.95,,0.0,1.4
2018-01-05,25.96,1.04,0.0,1.38,1.45,2.68,1.05,2.31,2.46,1.5,,0.0,1.32
2018-01-06,31.55,0.98,0.0,1.59,1.67,2.97,1.1,2.15,2.82,1.78,,0.0,1.32
2018-01-07,23.19,0.99,0.0,1.3,1.81,2.62,1.03,2.36,2.67,1.6,,0.0,1.27
2018-01-08,8.91,0.93,0.0,1.33,1.83,2.49,0.98,2.97,2.59,1.19,,0.0,1.69
2018-01-09,5.86,0.96,0.39,1.54,1.83,2.14,0.95,2.5,2.65,0.88,,0.0,1.55
2018-01-10,16.31,0.89,1.15,1.4,2.1,2.43,1.03,2.08,2.52,1.28,,0.0,1.58
2018-01-11,44.57,0.96,0.94,1.47,1.62,2.13,1.04,2.07,2.31,1.52,,0.0,1.57
2018-01-12,30.4,1.35,0.98,1.56,1.29,2.16,1.09,2.49,2.38,1.64,1.47,0.0,1.59
2018-01-13,20.58,0.93,1.23,2.12,1.49,1.93,1.19,2.44,2.7,1.19,1.66,0.0,1.58
2018-01-14,22.69,1.29,0.93,1.72,1.36,2.12,1.16,2.08,2.83,2.11,1.92,0.0,1.25
2018-01-15,14.34,0.89,0.89,1.42,2.48,2.53,0.83,2.15,2.13,1.37,1.36,0.0,1.58
2018-01-16,44.01,0.92,0.9,1.36,1.57,1.96,0.92,2.61,1.49,1.48,1.44,0.0,1.54
2018-01-17,29.54,0.92,0.83,1.61,1.96,1.46,0.87,2.56,1.46,1.39,1.25,0.0,1.6
2018-01-18,32.42,1.01,0.76,2.04,1.97,1.22,0.99,1.67,1.84,1.33,1.2,0.0,1.56
2018-01-19,65.07,1.21,0.64,1.82,1.89,1.42,0.9,3.42,1.67,1.41,1.23,0.0,1.4
2018-01-20,52.45,1.16,0.68,1.31,2.16,1.16,1.0,2.81,1.45,1.52,1.24,0.0,1.47
2018-01-21,30.7,1.14,0.6,1.51,1.16,1.29,0.95,2.91,1.72,1.48,1.2,0.01,1.48
2018-01-22,9.92,1.14,0.68,1.87,1.34,1.3,0.89,3.4,1.48,1.52,1.1,0.22,1.8
2018-01-23,29.44,1.24,0.62,1.43,1.83,0.83,0.71,3.25,1.59,1.7,0.82,0.21,1.68
2018-01-24,52.63,1.19,0.7,1.32,1.05,0.1,0.71,1.99,1.54,1.505,0.68,0.31,1.17
2018-01-25,89.57,1.06,0.9,1.37,1.06,0.0,0.89,1.19,1.69,1.3099999999999998,1.98,0.42,0.91
2018-01-26,52.92,0.94,0.83,1.43,1.31,0.0,0.91,1.28,1.71,1.1149999999999998,1.26,0.5,0.89
2018-01-27,15.17,1.04,0.89,1.4,1.28,0.0,1.45,2.35,1.7,0.92,1.04,0.46,0.88
2018-01-28,35.38,0.89,0.78,1.85,1.53,0.0,0.85,2.78,1.5,0.99,0.92,1.23,0.92
2018-01-29,65.27,1.05,0.82,1.96,1.13,0.0,0.84,2.29,1.58,1.04,0.94,1.16,1.18
2018-01-30,83.78,0.99,0.79,2.0,1.14,0.0,0.68,2.82,1.4,1.24,0.92,1.36,0.92
2018-01-31,42.54,1.06,0.86,2.52,0.98,0.0,1.0,2.83,1.63,1.15,0.92,1.18,1.16
2018-02-01,94.0,1.08,0.79,1.62,1.04,1.4,1.1,2.85,1.66,1.15,0.94,1.7,1.14
2018-02-02,15.14,1.44,0.95,1.49,1.37,1.3,0.99,2.97,1.52,1.19,0.82,0.83,1.06
2018-02-03,73.16,1.04,0.83,1.29,2.02,1.06,0.8,2.76,1.48,1.25,0.77,0.75,0.96
2018-02-04,71.48,0.93,0.75,1.3,1.39,1.79,0.73,2.33,1.44,1.06,0.66,0.83,0.9
2018-02-05,49.85,0.95,0.79,1.33,0.86,1.59,0.73,1.71,1.51,1.16,0.64,0.75,0.94
2018-02-06,25.46,0.89,0.95,1.21,0.69,1.69,0.86,1.34,1.55,1.02,0.63,0.91,0.91
2018-02-07,27.03,0.94,0.94,1.18,1.28,1.62,0.99,1.16,1.58,0.66,0.64,1.1,0.94
2018-02-08,48.11,1.1,1.05,1.75,0.81,1.6,0.84,1.1,1.52,0.59,0.61,0.89,0.89
2018-02-09,108.99,1.01,1.03,1.7,0.95,1.37,0.87,1.12,1.89,0.61,0.64,1.23,0.95
2018-02-10,124.01,0.99,0.97,2.55,1.12,1.54,0.82,1.19,1.98,0.59,0.63,0.54,0.95
2018-02-11,20.33,0.88,0.91,1.56,1.49,1.33,0.6,1.68,1.81,0.44,0.59,0.48,0.88
2018-02-12,28.93,0.98,0.85,0.97,1.09,1.04,0.61,2.13,1.51,0.48,0.52,0.6,1.05
2018-02-13,10.31,1.01,1.0,1.21,1.14,1.41,0.61,1.43,1.63,0.49,0.44,0.62,0.94
2018-02-14,6.17,0.96,1.0,0.96,0.65,1.5,0.76,0.88,0.88,0.51,0.53,0.59,0.93
2018-02-15,32.36,0.96,0.97,1.03,0.62,1.01,0.84,0.85,0.16,0.71,0.59,1.18,1.08
2018-02-16,36.67,0.98,0.85,1.21,0.68,0.96,0.81,1.1,1.09,0.65,1.53,1.51,1.04
2018-02-17,47.49,1.03,1.05,1.27,0.71,0.99,0.92,1.03,1.16,0.73,0.76,1.65,1.14
2018-02-18,108.73,0.95,0.79,1.36,0.8,0.98,1.02,1.59,1.19,0.49,0.72,0.71,0.91
2018-02-19,132.47,1.05,0.8,1.96,0.8,1.08,0.77,1.36,0.67,0.54,0.71,1.17,1.03
2018-02-20,74.41,1.09,0.74,1.89,0.91,1.18,0.74,1.49,0.0,0.72,0.66,1.41,1.09
2018-02-21,66.96,0.98,0.75,2.42,1.23,1.2,0.85,2.05,0.0,0.81,0.67,1.55,1.07
2018-02-22,92.86,0.95,0.73,1.8,1.15,1.53,0.88,2.16,0.0,0.74,0.61,1.43,0.88
2018-02-23,134.85,0.94,0.68,1.81,1.41,1.37,0.85,1.28,0.0,0.77,0.61,1.34,0.98
2018-02-24,81.33,0.96,0.75,1.52,1.14,1.55,0.7,1.82,0.0,1.71,0.54,0.98,1.02
2018-02-25,27.81,0.92,0.71,1.0,0.87,1.71,0.76,1.6,0.0,1.11,0.53,0.83,1.03
2018-02-26,30.05,1.01,0.75,0.88,0.68,1.65,1.09,1.46,0.0,0.94,0.52,0.81,1.04
2018-02-27,35.02,0.94,0.66,1.15,0.72,1.81,1.16,1.2,0.0,0.77,0.55,0.89,0.87
2018-02-28,18.78,1.04,0.66,1.47,0.85,1.93,1.3,1.31,0.0,0.76,0.47,0.99,0.9
2018-03-01,8.51,0.95,0.76,1.43,0.78,1.97,1.12,1.35,1.18,0.82,0.56,0.75,1.02
2018-03-02,4.52,0.98,0.7,1.64,0.89,2.07,1.06,1.82,1.25,0.77,0.62,0.76,1.06
2018-03-03,13.79,1.0,0.76,1.18,0.68,1.88,0.88,1.2,1.18,0.71,0.65,0.67,0.96
2018-03-04,25.68,1.02,0.72,0.99,0.73,1.7,0.94,1.58,1.16,0.71,0.74,0.71,0.96
2018-03-05,22.14,1.02,0.69,0.99,0.65,1.7,0.89,1.47,1.06,0.83,0.71,0.65,1.05
2018-03-06,52.23,0.96,0.69,0.94,0.63,1.78,0.74,1.36,1.01,0.77,0.63,0.65,1.05
2018-03-07,10.58,0.98,0.86,1.11,0.72,1.72,0.79,1.57,1.02,0.88,0.69,0.79,1.08
2018-03-08,46.93,1.08,0.8,1.84,0.87,1.73,0.92,1.77,1.1,0.54,0.75,0.62,1.12
2018-03-09,41.3,1.09,0.84,1.64,0.73,1.8,0.96,1.73,1.18,0.56,0.69,0.68,1.1
2018-03-10,52.37,1.05,0.75,0.95,0.63,1.74,1.02,1.44,1.15,0.75,0.69,0.77,1.04
2018-03-11,31.48,1.03,0.75,1.08,0.69,1.86,0.79,1.58,1.12,0.82,0.64,0.61,0.98
2018-03-12,51.41,1.05,1.03,1.18,1.05,1.67,0.67,1.78,1.15,0.73,0.57,1.07,1.18
2018-03-13,70.03,1.14,1.02,1.54,0.68,1.34,0.71,1.88,1.15,0.78,0.88,1.2,1.22
2018-03-14,17.12,1.15,0.99,1.63,0.87,1.26,0.85,2.09,1.14,0.78,0.92,0.67,0.94
2018-03-15,37.72,1.15,0.95,1.23,0.54,1.31,0.77,1.79,1.12,0.83,1.31,0.82,0.76
2018-03-16,80.75,1.03,0.98,1.09,0.39,1.5,0.86,1.68,1.13,0.62,0.78,0.69,1.0
2018-03-17,54.16,1.02,1.09,1.09,0.3,1.48,0.76,1.42,0.74,1.1,0.76,0.71,0.87
2018-03-18,45.17,1.09,0.88,1.2,0.27,1.36,0.7,1.42,0.0,0.91,0.89,0.76,1.0
2018-03-19,17.14,0.97,0.99,1.1,0.31,1.4,0.83,1.44,0.0,0.66,0.84,0.78,1.15
2018-03-20,14.93,1.49,0.94,1.42,0.49,1.44,0.87,1.58,0.0,0.64,0.75,0.78,1.18
2018-03-21,15.35,1.55,1.18,1.36,0.58,1.53,0.89,1.8,0.0,0.76,0.84,0.67,1.17
2018-03-22,9.58,1.83,1.35,1.0,0.4,1.91,0.86,1.96,0.83,0.68,0.86,0.73,1.1
2018-03-23,30.04,1.23,0.98,0.89,0.34,1.72,1.01,1.74,1.09,0.93,0.9,0.79,1.12
2018-03-24,39.51,0.82,1.14,0.91,0.32,1.7,1.05,1.33,1.14,0.65,0.74,0.73,0.93
2018-03-25,30.62,1.05,1.11,0.96,0.31,1.67,0.98,1.23,1.27,0.54,0.93,0.69,1.19
2018-03-26,42.25,0.67,1.09,1.06,0.34,1.66,0.84,1.4,0.75,0.72,0.9,1.17,1.18
2018-03-27,63.29,0.78,1.07,1.52,0.39,1.05,0.79,2.25,0.75,0.67,0.37,1.67,1.47
2018-03-28,13.28,1.01,1.31,1.74,0.6,1.36,0.75,2.1,0.83,0.56,1.04,0.86,1.82
2018-03-29,61.15,1.2,0.91,1.01,0.43,1.17,0.91,1.64,1.09,0.57,1.03,0.91,1.36
2018-03-30,51.8,1.05,0.88,1.11,0.4,1.11,0.81,1.24,1.68,0.52,0.94,0.72,2.59
2018-03-31,14.95,1.05,0.82,1.17,0.28,1.1,0.83,0.92,1.66,0.6,0.78,0.56,2.99
2018-04-01,44.37,0.86,0.79,1.01,0.56,1.37,0.63,0.85,2.53,0.62,0.77,0.72,0.8
2018-04-02,22.81,1.0,0.74,1.22,0.52,1.27,0.72,0.9,1.61,0.44,0.78,0.84,0.82
2018-04-03,10.93,1.15,0.78,1.28,0.54,1.32,0.78,1.38,1.6,0.5,0.85,0.83,0.89
2018-04-04,21.11,0.89,0.97,1.44,0.49,1.16,0.72,1.11,1.61,0.43,0.96,1.18,0.97
2018-04-05,40.3,1.22,1.07,1.76,0.5,1.23,0.67,0.97,1.6,0.49,0.29,0.74,0.99
2018-04-06,5.88,1.03,0.91,1.42,0.41,1.29,0.74,1.0,1.33,0.56,0.24,0.77,1.01
2018-04-07,15.24,0.78,0.59,1.12,0.41,1.29,0.76,0.94,1.52,0.53,0.26,1.03,0.92
2018-04-08,19.45,0.66,0.58,1.09,0.43,1.44,0.67,0.93,2.73,0.31,0.24,1.06,0.83
2018-04-09,20.11,0.7,0.51,1.35,0.39,1.55,0.71,1.25,2.57,0.58,0.62,0.8,0.86
2018-04-10,30.88,0.88,0.78,1.57,0.51,1.36,0.79,0.97,2.54,0.63,0.99,0.53,0.95
2018-04-11,18.14,1.0,0.77,0.99,0.44,1.37,0.68,1.03,2.16,0.52,0.94,0.66,0.95
2018-04-12,16.35,0.9,0.85,1.3,0.4,1.31,0.67,1.31,2.32,0.5,0.82,0.52,0.86
2018-04-13,22.52,0.98,0.92,1.78,0.33,1.34,0.56,1.18,2.49,0.51,0.81,0.68,1.12
2018-04-14,26.61,0.96,0.86,2.12,0.35,1.32,0.69,1.44,2.79,0.56,0.78,0.64,0.82
2018-04-15,23.17,0.67,0.74,2.26,0.48,1.28,0.83,1.57,2.89,0.48,0.96,0.6,0.84
2018-04-16,29.4,0.69,0.9,2.51,0.56,1.29,0.9,1.38,2.96,0.48,0.94,0.63,0.88
2018-04-17,31.91,0.87,1.06,1.56,0.43,1.44,0.72,1.41,0.83,0.64,0.92,0.61,0.95
2018-04-18,48.77,0.96,0.87,1.04,0.29,1.44,0.61,1.26,0.0,0.51,0.81,0.58,1.13
2018-04-19,12.2,0.91,0.93,1.19,0.36,1.47,0.77,1.11,0.0,0.48,1.16,0.78,0.94
2018-04-20,7.93,0.85,0.82,0.91,0.51,1.37,0.86,1.14,0.0,0.57,0.92,0.85,0.99
2018-04-21,4.96,0.9,0.85,0.89,0.3,1.48,0.9,1.7,0.0,0.59,0.62,0.53,0.95
2018-04-22,20.3,0.78,0.8,0.85,0.29,0.9866666666666666,0.75,1.06,0.17,0.34,0.6,0.5,0.83
2018-04-23,25.34,0.8,0.78,1.03,0.3,0.4933333333333332,0.56,1.18,0.41,0.71,0.75,0.7,0.88
2018-04-24,47.44,0.82,0.85,1.28,0.41,0.0,0.54,2.4,0.3,0.59,0.64,1.15,0.85
2018-04-25,42.76,0.98,0.85,2.02,0.6,1.83,0.6,1.64,0.83,1.77,0.55,1.19,0.78
2018-04-26,9.84,0.85,0.81,2.09,0.36,1.96,0.62,0.98,0.17,0.52,0.75,0.84,0.88
2018-04-27,25.37,1.16,0.88,1.41,0.37,,0.68,0.97,0.07,0.38,0.72,0.71,0.93
2018-04-28,10.39,0.91,0.82,1.14,0.47,,0.52,0.96,0.0,0.44,0.51,0.66,1.12
2018-04-29,7.15,0.69,0.84,1.26,0.42,,0.59,0.95,0.0,0.44,0.64,0.5,1.03
2018-04-30,16.93,1.14,0.8,1.12,0.43,,0.7,0.86,0.03,0.4,0.74,0.46,0.86
2018-05-01,13.88,0.59,1.71,0.81,0.39,,0.57,0.93,0.22,0.43,0.87,0.7,0.77
2018-05-02,10.7,0.9,0.91,1.02,0.53,,0.7,1.05,0.12,0.61,2.31,0.6,0.84
2018-05-03,14.21,0.88,0.71,1.23,0.38,,0.56,1.01,0.1,0.69,0.89,0.49,0.91
2018-05-04,8.66,1.16,0.77,1.17,0.36,,0.62,1.12,0.11,0.46,0.8,0.73,0.89
2018-05-05,15.63,0.72,0.8,1.74,0.53,,0.6,1.2,0.16,0.42,0.95,0.77,0.89
2018-05-06,13.95,0.73,0.73,2.05,0.51,1.29,0.58,1.23,0.29,0.53,0.79,0.67,0.86
2018-05-07,7.56,0.91,0.78,2.2,0.51,1.3,0.58,1.47,0.24,0.52,0.62,0.86,0.87
2018-05-08,9.59,0.8,0.74,1.31,0.48,1.36,0.97,1.61,0.16,0.61,0.53,0.96,0.88
2018-05-09,10.25,0.69,1.37,1.46,0.34,1.35,0.67,1.57,0.22,0.62,0.57,0.74,1.01
2018-05-10,26.72,0.81,0.93,2.41,0.33,1.3,0.63,1.56,0.28,0.53,0.7,0.84,0.86
2018-05-11,8.33,0.89,1.1,2.73,0.44,1.26,0.66,1.25,0.4,0.41,0.7,0.8,0.96
2018-05-12,7.28,0.88,1.18,3.2,0.5,1.23,0.64,1.16,0.46,0.46,0.68,0.94,0.88
2018-05-13,13.86,0.86,1.2,2.1,0.44,1.36,0.74,1.07,0.35,0.48,0.54,1.85,0.8
2018-05-14,8.51,0.87,1.15,2.05,0.42,1.25,0.64,1.05,0.28,0.46,0.61,1.77,0.77
2018-05-15,7.07,0.7,1.24,1.91,0.5,1.22,0.68,1.12,0.29,0.42,0.64,2.1,1.06
2018-05-16,9.88,0.82,1.27,1.11,0.58,1.21,0.78,0.87,0.41,0.5,0.66,2.11,0.95
2018-05-17,6.91,0.9,1.16,0.85,0.47,1.25,0.9,0.88,0.39,0.55,0.63,0.8,0.96
2018-05-18,6.67,1.1,0.86,1.07,0.57,1.27,0.62,1.04,0.24,0.61,0.66,0.91,0.89
2018-05-19,7.69,0.98,0.86,1.46,0.4,1.32,0.69,0.94,0.52,0.44,0.59,0.88,0.9
2018-05-20,8.89,0.79,0.85,1.08,0.16,1.34,0.62,0.83,0.5,0.32,0.69,0.83,0.86
2018-05-21,8.58,0.8,0.8,0.91,0.18,1.27,0.91,1.18,0.54,0.41,0.61,0.82,1.0
2018-05-22,6.96,1.06,0.81,1.17,0.45,1.32,0.69,1.1,0.57,0.37,0.63,1.07,0.88
2018-05-23,10.41,0.93,0.84,1.66,0.6,1.31,0.83,1.0,0.13,0.37,0.58,0.97,0.89
2018-05-24,10.37,0.92,0.78,1.34,0.6,1.19,0.78,0.99,0.08,0.35,0.63,0.86,0.95
2018-05-25,20.03,0.95,0.86,1.31,0.5,1.06,0.76,1.06,0.25,0.27,0.58,1.15,0.6
2018-05-26,22.86,1.12,0.88,1.47,0.66,1.09,0.69,1.03,0.75,0.3,0.53,1.03,0.95
2018-05-27,10.46,1.02,0.86,1.1,0.53,1.23,0.78,0.84,0.66,0.35,0.48,0.61,0.74
2018-05-28,18.18,1.19,0.82,1.33,0.53,1.14,0.72,0.98,0.48,0.48,0.97,0.93,1.0
2018-05-29,25.24,1.18,0.84,1.4,0.35,1.16,0.64,0.9,0.82,0.39,0.98,0.85,0.89
2018-05-30,17.41,1.01,0.84,0.95,0.21,1.16,0.58,1.04,0.69,0.41,0.74,0.98,0.86
2018-05-31,14.05,1.03,0.82,1.0,0.37,1.18,0.83,0.98,0.8,0.43,0.92,0.9,1.0
2018-06-01,18.21,0.99,0.81,0.81,0.43,1.2,0.64,0.94,0.81,0.43,1.56,0.9,1.01
2018-06-02,15.82,1.06,0.84,0.98,0.47,1.46,0.77,1.01,0.75,0.54,1.26,0.81,0.86
2018-06-03,14.35,1.01,0.85,0.84,0.66,1.74,0.62,0.99,0.82,0.55,1.24,0.61,0.72
2018-06-04,9.53,0.96,0.76,0.81,0.58,1.46,0.56,0.91,0.82,1.04,1.8,0.9,0.92
2018-06-05,13.48,0.94,0.77,0.82,0.58,1.62,0.62,1.14,0.8,0.51,1.23,0.74,1.08
2018-06-06,11.58,1.04,0.88,0.88,0.66,1.07,0.64,1.06,0.82,0.5,2.02,0.82,0.92
2018-06-07,10.18,1.0,0.83,0.96,0.68,1.28,0.61,1.12,0.77,0.4,2.81,0.82,0.73
2018-06-08,13.06,0.91,0.79,0.95,0.58,1.26,0.71,0.95,0.1,0.73,2.1,0.81,0.89
2018-06-09,13.97,0.96,0.82,0.9,0.56,1.43,0.68,0.89,0.11,0.45,0.75,0.53,0.6
2018-06-10,16.31,0.92,0.79,0.93,0.48,1.04,0.64,0.81,0.08,0.41,1.2675,0.5,0.58
2018-06-11,24.41,0.99,0.74,0.9,0.51,1.0,0.66,1.2,0.07,0.41,1.785,0.44,0.8
2018-06-12,35.49,0.99,0.8,0.87,0.58,1.05,0.66,1.13,0.08,0.93,2.3025,0.7,0.86
2018-06-13,39.53,0.95,0.85,0.77,0.64,1.03,0.6,0.8,0.04,0.63,2.82,0.56,0.79
2018-06-14,43.78,1.02,0.8,0.72,1.03,1.05,0.54,0.25,0.05,0.53,2.35,0.4,0.7
2018-06-15,43.3,1.01,0.82,0.7,1.11,1.1,0.57,0.78,0.29,0.55,1.88,0.54,0.76
2018-06-16,38.0,1.09,0.83,0.68,1.03,1.44,0.6,0.9,0.13,0.39,1.4099999999999997,0.55,0.71
2018-06-17,41.38,1.06,0.78,0.68,0.82,1.52,0.57,1.07,0.74,0.38,0.9399999999999996,0.48,0.76
2018-06-18,39.11,1.15,0.78,0.77,0.87,1.45,0.58,1.38,1.06,0.37,0.4699999999999997,0.48,0.93
2018-06-19,29.34,1.06,0.81,0.68,0.92,1.4,0.53,0.9,0.97,0.36,0.0,0.47,0.93
2018-06-20,35.38,1.06,0.79,0.77,0.89,1.42,0.44,0.9,1.33,0.46,,0.54,0.71
2018-06-21,33.35,1.02,0.8,0.75,0.93,1.15,0.46,1.01,1.49,0.35,,0.83,0.77
2018-06-22,38.95,1.02,0.79,0.99,0.82,1.19,0.49,1.12,1.32,0.46,,0.77,0.98
2018-06-23,35.54,1.03,0.79,0.96,0.84,1.45,0.36,0.87,1.93,0.54,,0.56,0.74
2018-06-24,65.72,0.98,0.81,0.77,0.84,1.35,0.23,0.91,0.66,0.46,,0.66,0.81
2018-06-25,44.96,1.01,0.8,0.74,0.94,1.19,0.27,0.8,0.83,0.43,,0.64,0.62
2018-06-26,40.63,0.93,0.8,0.72,0.96,1.17,0.26,0.4,0.78,0.57,,0.75,0.94
2018-06-27,37.69,1.02,0.81,0.84,0.78,1.21,0.26,0.83,0.79,0.56,,0.8,0.83
2018-06-28,25.63,0.99,0.81,0.76,0.78,1.4,0.28,0.76,1.97,0.45,1.34,0.64,0.67
2018-06-29,26.44,0.99,0.81,0.87,0.9,1.72,0.3,1.1,1.12,0.7,,0.52,0.83
2018-06-30,21.89,1.0,0.78,0.91,0.83,1.49,0.33,1.23,0.81,0.43,,0.55,0.8
2018-07-01,19.06,0.89,0.79,0.78,0.91,1.49,0.3,1.09,0.9,0.56,,0.3,0.68
2018-07-02,21.07,0.88,0.87,0.65,0.7,1.37,0.24,1.1,1.11,0.48,,0.55,0.74
2018-07-03,25.53,0.87,0.88,0.86,0.67,1.49,0.26,0.76,0.88,0.5,,0.54,0.83
2018-07-04,27.2,0.79,0.86,0.78,0.64,1.17,0.35,0.73,0.62,0.45,,0.48,0.88
2018-07-05,34.33,0.82,0.84,0.95,0.71,1.19,0.25,1.06,0.63,0.43,,0.59,0.8
2018-07-06,29.58,0.86,0.9,0.94,0.9,1.17,0.3,1.19,0.59,0.54,0.16,0.75,0.78
2018-07-07,17.35,0.76,0.84,0.9,0.9,1.27,0.34,1.33,0.65,0.58,0.18,0.89,0.78
2018-07-08,17.08,0.89,0.83,0.98,0.79,1.41,0.28,1.25,0.75,0.5,0.46,0.78,0.72
2018-07-09,19.87,0.88,0.78,0.93,0.74,1.52,0.22,1.17,0.85,0.49,0.15,0.77,0.79
2018-07-10,24.72,0.87,0.82,0.81,0.69,1.19,0.25,1.43,0.85,0.47,0.23,0.72,0.81
2018-07-11,29.02,0.9,0.77,0.84,0.85,1.17,0.3,1.11,0.77,0.4,0.47,0.68,0.84
2018-07-12,25.58,0.75,0.8,0.76,0.88,1.16,0.25,1.04,0.46,0.85,0.376,0.73,0.87
2018-07-13,30.52,0.78,0.77,0.88,0.87,1.23,0.27,1.0,0.46,0.45,0.282,0.63,0.92
2018-07-14,29.94,0.75,0.78,0.84,1.25,1.2,0.28,1.1,0.65,0.54,0.188,0.62,0.75
2018-07-15,20.68,0.71,0.78,0.78,0.99,1.16,0.31,0.99,0.83,0.42,0.094,0.79,0.66
2018-07-16,17.84,0.8,0.73,0.96,1.02,1.17,0.37,1.13,0.68,0.52,0.0,0.65,0.67
2018-07-17,30.82,0.82,0.85,0.87,1.0,1.22,0.26,0.95,0.77,0.37,0.0,0.58,0.62
2018-07-18,27.75,0.8,0.82,0.82,0.73,1.25,0.27,1.01,0.7,0.49,0.0,0.57,0.71
2018-07-19,31.41,0.86,0.81,0.8,0.8,1.2,0.26,1.21,0.65,0.39,0.25,0.74,0.81
2018-07-20,31.02,0.83,0.77,0.89,0.92,1.24,0.31,1.14,0.76,0.55,0.41,0.63,0.76
2018-07-21,35.01,0.83,0.79,0.97,0.94,1.04,0.3,1.04,0.89,0.58,0.42,0.68,0.82
2018-07-22,25.57,0.85,0.83,0.83,1.13,1.02,0.28,0.75,0.56,0.51,0.34,0.6,0.74
2018-07-23,34.86,0.87,0.74,0.81,1.22,1.07,0.26,0.96,0.59,0.72,0.36,0.63,0.91
2018-07-24,43.24,0.92,0.81,0.83,1.1,1.1,0.32,0.83,1.1,0.58,0.37,0.58,0.8
2018-07-25,39.25,0.94,0.81,0.81,1.08,1.05,0.26,0.57,0.54,0.66,0.37,0.71,0.75
2018-07-26,29.79,0.83,0.82,0.89,1.14,1.15,0.29,0.77,0.58,0.59,0.13,0.58,0.74
2018-07-27,29.72,0.76,0.85,0.91,1.09,1.14,0.27,0.91,0.57,0.55,0.2,0.49,0.9
2018-07-28,23.91,0.77,0.81,0.73,1.22,1.14,0.28,0.99,0.49,0.53,0.24,0.52,0.95
2018-07-29,27.77,0.79,0.86,0.74,1.11,1.05,0.38,0.59,0.52,0.45,0.37,0.42,0.87
2018-07-30,29.96,0.97,0.78,0.8,0.94,1.15,0.32,0.79,0.59,0.99,0.33,0.45,0.93
2018-07-31,28.69,0.75,0.82,0.91,0.68,1.23,0.27,0.75,0.63,0.45,0.3,0.48,1.02
2018-08-01,26.58,0.83,0.86,0.94,0.59,1.16,0.28,0.54,0.91,0.54,0.17,0.51,1.07
2018-08-02,25.51,0.83,0.94,0.86,0.76,1.2,0.36,1.14,0.55,0.33,0.5,0.53,0.95
2018-08-03,25.73,0.9,0.79,0.78,0.74,1.18,0.31,0.85,0.66,0.51,0.23,0.69,0.98
2018-08-04,22.52,0.9,0.8,0.76,0.78,1.19,0.28,1.13,0.55,0.67,0.14,0.69,1.04
2018-08-05,18.31,0.83,0.78,0.71,1.01,1.17,0.31,1.03,0.54,0.37,,0.69,1.06
2018-08-06,28.82,0.78,0.83,0.9,0.81,1.2,0.29,1.41,0.51,0.59,,0.73,1.0
2018-08-07,25.18,0.81,0.76,0.98,0.86,1.21,0.3,1.34,1.0,0.52,,0.91,1.05
2018-08-08,29.18,0.87,0.74,1.02,0.68,1.2,0.28,0.91,0.74,0.6,,0.83,1.12
2018-08-09,25.17,0.83,0.81,0.89,0.74,1.21,0.36,1.03,0.49,0.61,,0.75,1.16
2018-08-10,27.58,0.79,0.8,1.11,0.92,1.22,0.31,1.37,0.57,0.64,,0.75,1.05
2018-08-11,21.18,0.78,0.85,0.7,0.89,1.24,0.28,1.78,0.51,0.6,,0.66,1.15
2018-08-12,25.26,0.77,0.79,0.66,0.92,1.22,0.31,1.59,0.49,0.48,,0.59,1.14
2018-08-13,29.19,0.8,0.86,0.84,0.9,1.14,0.32,2.05,0.38,0.69,,0.65,1.4
2018-08-14,30.74,0.89,0.8,1.09,0.97,0.91,0.31,1.82,0.63,1.01,,0.77,1.29
2018-08-15,27.87,0.85,0.73,0.84,0.87,1.12,0.35,1.25,0.38,0.935,,0.64,0.44
2018-08-16,12.25,0.68,0.78,1.21,0.59,1.1,0.3,1.2,0.54,0.86,,0.74,1.1
2018-08-17,18.31,0.67,0.86,0.98,0.62,1.09,0.3,1.16,0.46,0.53,,0.61,1.17
2018-08-18,26.43,0.73,0.85,0.88,0.85,1.06,0.29,1.85,0.61,0.56,,0.72,1.36
2018-08-19,30.33,0.69,0.8,1.07,0.82,1.02,0.32,1.32,0.56,0.51,,0.82,1.42
2018-08-20,24.01,0.74,0.83,1.18,0.8,0.99,0.27,1.39,0.58,1.05,0.32,0.9,1.78
2018-08-21,29.28,0.77,0.73,1.02,0.68,1.02,0.25,1.12,0.54,0.85,1.01,0.82,1.53
2018-08-22,30.95,0.78,0.83,0.9,0.72,1.03,0.29,1.29,0.52,0.88,0.04,0.73,1.13
2018-08-23,30.68,0.9,0.81,0.82,0.86,1.01,0.29,1.47,0.54,0.91,0.0,0.67,1.01
2018-08-24,34.28,0.82,0.83,0.8,0.79,1.18,0.31,1.71,0.6,0.9,0.0,0.6,1.13
2018-08-25,36.15,0.92,0.77,0.68,0.65,1.33,0.29,1.62,0.43,1.37,0.0,0.59,1.73
2018-08-26,31.19,0.93,0.8,0.6,0.73,1.36,0.27,1.17,0.46,1.08,0.0,0.54,2.45
2018-08-27,33.12,0.86,0.9,0.78,0.88,1.44,0.3,1.35,0.49,0.79,0.0,0.75,2.73
2018-08-28,26.74,0.81,0.67,0.85,0.65,1.39,0.28,1.1,0.59,0.9,0.04,0.74,2.11
2018-08-29,26.37,0.87,0.83,0.9,0.75,1.31,0.29,1.04,0.59,1.11,0.0,0.75,0.82
2018-08-30,33.34,0.79,0.82,0.95,0.74,1.29,0.29,1.1,0.58,0.84,0.0,0.65,0.64
2018-08-31,41.0,0.83,0.93,0.82,0.87,1.31,0.3,1.03,0.61,1.36,0.0,0.57,0.91
2018-09-01,35.18,0.8,0.84,1.02,0.9,1.31,0.31,1.06,0.58,1.13,0.0,0.62,0.79
2018-09-02,28.47,0.76,0.78,0.87,0.82,1.32,0.34,0.54,0.15,1.0,0.0,0.64,0.78
2018-09-03,30.815,0.87,0.97,1.06,0.84,1.31,0.34,0.76,0.06,0.95,0.0,0.66,0.81
2018-09-04,33.16,0.91,0.85,1.29,0.99,1.31,0.31,0.75,0.29,0.97,0.0,0.71,0.77
2018-09-05,26.8,0.85,0.72,1.04,0.77,1.23,0.38,1.07,0.66,0.89,0.0,0.75,0.81
2018-09-06,28.37,0.8,0.9,0.96,1.21,0.98,0.31,0.87,0.56,0.93,0.0,0.71,0.79
2018-09-07,24.39,0.79,0.99,1.1,0.82,0.97,0.32,0.61,0.66,0.96,0.0,0.72,0.9
2018-09-08,34.43,0.75,0.93,0.84,0.99,0.99,0.33,0.77,0.29,0.88,0.0,0.73,0.78
2018-09-09,40.34,0.82,0.85,0.72,1.28,1.1,0.42,0.63,0.58,1.03,0.0,0.78,0.65
2018-09-10,43.81,0.96,0.78,0.88,1.33,1.27,0.46,0.4,0.46,0.95,0.0,0.78,0.52
2018-09-11,32.15,0.95,0.85,0.78,1.58,1.55,0.57,0.46,0.46,0.98,0.0,0.92,0.76
2018-09-12,26.67,0.96,0.74,0.71,1.34,1.41,0.59,0.29,0.38,1.01,0.0,0.69,0.85
2018-09-13,29.17,0.99,0.81,0.63,0.72,1.44,0.6,0.78,0.52,0.86,0.0,0.77,0.88
2018-09-14,31.54,0.98,0.76,0.7,0.68,1.57,0.53,0.96,0.41,1.13,0.0,0.71,0.93
2018-09-15,33.85,0.95,0.8,0.8,0.76,1.77,0.51,0.94,0.38,1.03,0.0,0.7,0.81
2018-09-16,32.1,0.96,0.93,0.72,0.73,1.77,0.5,0.81,0.35,0.95,0.0,0.71,0.81
2018-09-17,34.65,0.83,1.1,0.78,0.91,1.62,0.41,0.93,0.32,0.91,0.0,0.68,0.83
2018-09-18,29.08,0.76,0.86,0.75,0.89,1.58,0.45,1.03,0.51,1.01,0.0,0.84,0.84
2018-09-19,22.79,0.76,0.89,0.89,1.08,1.39,0.45,1.4,0.53,0.97,0.0,0.92,0.84
2018-09-20,38.95,0.89,1.09,0.98,1.17,1.7,0.42,1.35,0.29,1.05,0.0,0.95,0.88
2018-09-21,23.11,0.8,0.83,0.75,0.82,1.92,0.38,0.68,0.29,0.81,0.0,0.81,0.83
2018-09-22,23.36,0.83,0.78,0.73,0.87,1.35,0.34,0.89,0.47,0.7,0.0,0.72,0.9
2018-09-23,22.46,0.85,0.67,0.67,1.11,1.5,0.44,0.67,0.37,0.45,0.02,0.62,0.75
2018-09-24,25.94,0.93,0.99,0.74,1.1,1.6,0.62,0.9,0.41,0.51,0.0,0.89,0.87
2018-09-25,27.35,0.99,0.99,0.81,0.99,1.55,0.66,0.88,0.72,0.43,0.0,1.15,0.95
2018-09-26,24.68,0.87,0.94,1.03,1.1,1.57,0.8,0.51,0.46,0.65,0.0,1.21,0.86
2018-09-27,20.32,0.94,0.74,1.5,1.06,1.58,0.54,0.9,0.6,0.54,0.06,1.06,0.96
2018-09-28,40.29,0.8,0.78,1.78,1.09,2.0,0.58,1.31,0.52,0.18,0.0,1.34,0.94
2018-09-29,42.91,0.79,0.66,1.57,1.14,1.94,0.64,1.13,0.16,0.56,0.0,1.34,0.97
2018-09-30,42.88,0.81,0.83,1.0,0.85,2.32,0.62,0.93,0.72,0.46,0.0,1.14,0.96
2018-10-01,59.21,0.87,1.0,1.13,0.97,2.21,0.5,0.89,0.83,0.52,0.0,1.16,1.14
2018-10-02,26.73,0.74,0.97,1.11,1.0,2.0,0.49,1.0,0.85,0.49,0.0,1.28,0.89
2018-10-03,15.84,0.76,0.78,1.13,1.17,1.95,0.45,1.39,0.86,0.41,0.0,1.13,1.1
2018-10-04,12.95,0.8,1.16,1.34,1.42,2.09,0.45,1.53,1.05,0.66,0.0,0.98,0.86
2018-10-05,4.5,0.78,1.05,1.62,1.04,2.14,0.43,1.49,1.51,0.57,0.0,1.06,0.95
2018-10-06,30.71,0.78,1.08,1.23,1.11,2.13,0.56,1.28,0.8,0.68,0.0,0.95,1.16
2018-10-07,32.81,0.74,0.72,1.25,0.95,1.89,0.5,1.14,0.81,0.55,0.0,0.91,1.03
2018-10-08,34.89,0.79,0.85,1.51,1.16,1.76,0.56,1.66,1.02,0.57,0.0,1.1,1.01
2018-10-09,34.65,0.85,1.09,1.59,1.04,1.75,0.54,2.13,1.0,0.54,0.0,1.12,1.01
2018-10-10,46.02,0.81,0.95,1.51,0.86,1.69,0.48,1.48,0.99,0.64,0.0,1.01,1.04
2018-10-11,33.97,0.99,0.88,1.02,0.85,1.66,0.46,1.3,0.8,0.96,0.0,0.9,1.09
2018-10-12,44.47,0.93,0.96,1.13,1.16,1.76,0.53,1.31,0.97,0.69,0.0,0.92,1.02
2018-10-13,25.15,0.9,0.88,1.41,0.87,1.91,0.64,1.15,1.03,0.53,0.0,0.8,0.98
2018-10-14,19.73,0.8,0.66,1.3,0.94,2.18,0.47,1.01,0.93,0.61,0.0,0.9,0.96
2018-10-15,23.16,0.88,0.88,1.61,1.1,2.34,0.53,1.29,1.34,0.71,0.09,1.38,1.05
2018-10-16,28.2,0.74,0.8,2.2,1.26,2.41,0.46,1.44,1.48,0.51,0.0,1.43,1.04
2018-10-17,29.19,0.75,1.06,1.93,1.57,1.96,0.58,1.89,1.44,0.54,0.0,1.6,1.02
2018-10-18,26.76,0.82,0.94,2.47,1.58,1.7,0.55,2.59,1.0,0.8,0.01,1.36,0.84
2018-10-19,18.18,0.74,1.1,1.66,1.31,1.54,0.52,2.0,0.96,0.78,0.0,1.26,0.97
2018-10-20,27.99,0.75,1.12,1.55,1.28,1.62,0.68,1.5,1.11,0.67,0.0,1.54,1.01
2018-10-21,94.41,0.74,0.89,1.52,1.3,1.715,0.61,1.57,1.24,0.75,0.01,0.96,0.8
2018-10-22,112.71,1.04,0.96,1.55,1.19,1.81,0.72,1.83,1.27,0.79,0.0,1.28,1.05
2018-10-23,81.12,1.16,0.63,1.84,1.15,1.72,0.67,1.83,1.02,0.97,0.0,1.27,0.86
2018-10-24,34.72,1.01,0.75,2.52,1.43,2.38,0.89,1.68,1.09,1.04,0.01,1.3,1.25
2018-10-25,51.7,1.02,0.87,2.35,2.2,2.59,0.61,2.24,1.1,0.9,0.0,1.2,1.31
2018-10-26,30.47,1.01,2.03,2.72,1.5,1.93,0.46,3.07,0.99,0.77,0.01,1.02,1.49
2018-10-27,90.96,1.03,0.82,3.14,1.79,2.65,0.68,2.35,1.1,0.76,0.0,1.09,1.46
2018-10-28,34.06,0.97,0.97,2.45,1.87,2.2,0.55,1.59,0.85,0.61,0.0,1.07,1.15
2018-10-29,18.59,1.12,0.84,2.67,1.83,1.75,0.5,1.66,0.84,0.63,0.02,1.63,1.2
2018-10-30,26.91,1.19,0.8,2.9,1.63,1.87,0.58,1.57,1.11,0.61,0.0,1.62,1.21
2018-10-31,24.13,1.06,1.15,2.91,1.3,1.95,0.56,2.0,0.95,0.57,0.01,1.43,1.09
2018-11-01,48.7,0.95,1.09,2.97,1.55,2.1,0.59,2.55,1.01,0.54,0.0,1.91,1.19
2018-11-02,49.94,0.96,1.1,1.99,2.31,2.02,0.56,2.32,0.77,0.56,0.01,1.92,1.44
2018-11-03,68.97,1.1,0.87,1.43,1.72,1.95,0.48,1.84,0.89,0.54,0.0,1.44,1.13
2018-11-04,44.04,0.82,0.79,1.0,1.2,1.71,0.51,2.53,0.63,0.54,0.0,1.08,1.34
2018-11-05,43.47,1.03,0.99,1.88,1.19,1.74,0.53,2.33,0.83,0.6,0.0,0.95,1.4
2018-11-06,37.42,1.12,1.03,1.29,1.32,2.14,0.58,1.42,1.11,0.75,0.0,1.4,1.22
2018-11-07,59.53,1.04,0.99,1.44,1.69,2.32,0.52,1.67,1.0,0.74,0.32,1.53,1.39
2018-11-08,93.31,0.99,0.94,2.45,2.0,2.81,0.55,1.67,1.55,0.73,1.13,1.96,1.72
2018-11-09,70.6,0.99,1.14,2.65,1.96,2.76,0.54,1.33,1.07,0.66,0.81,2.74,1.5
2018-11-10,38.01,1.05,1.22,3.01,2.13,2.92,0.58,1.56,0.89,0.74,0.01,2.65,1.41
2018-11-11,65.62,1.11,1.06,2.89,1.8,2.65,0.58,1.79,0.92,0.69,0.0,2.42,1.2
2018-11-12,79.42,1.38,1.23,2.85,2.01,2.59,0.58,1.86,1.06,0.92,0.0,2.39,1.19
2018-11-13,77.55,1.46,1.19,2.74,1.84,2.1,0.68,1.69,0.93,0.75,0.0,2.46,1.19
2018-11-14,41.62,1.57,1.01,1.68,1.88,2.3,0.76,2.32,1.08,0.75,0.0,1.26,1.28
2018-11-15,33.47,1.43,0.99,1.29,2.16,2.33,0.73,1.68,0.95,0.73,0.02,1.53,1.37
2018-11-16,44.07,1.05,0.98,1.24,1.98,2.35,0.61,1.64,0.88,0.81,0.0,1.4,1.12
2018-11-17,68.52,1.02,1.0,1.6,2.74,2.75,0.47,1.26,0.91,0.7,0.0,1.96,1.29
2018-11-18,108.81,1.01,0.99,2.0,2.84,2.83,0.43,2.59,0.86,0.64,0.0,1.21,1.24
2018-11-19,90.33,1.1,1.03,1.56,2.98,2.42,0.45,2.75,0.88,0.63,0.01,1.24,1.23
2018-11-20,88.34,1.09,1.09,2.04,2.77,2.01,0.58,3.2,1.02,0.66,0.01,1.29,1.24
2018-11-21,115.87,1.02,0.88,1.79,2.44,2.21,0.58,2.31,1.15,,0.01,1.74,1.21
2018-11-22,57.16,1.03,0.92,2.09,1.95,2.41,0.6,2.92,1.05,,0.0,0.99,1.3
2018-11-23,39.47,1.11,1.0,2.04,1.96,2.35,0.65,2.6,0.83,,0.0,1.16,1.18
2018-11-24,34.52,1.04,0.94,1.34,1.8,2.61,0.72,2.55,0.61,,0.0,1.49,1.25
2018-11-25,25.76,0.85,0.95,1.72,1.5,2.89,0.64,3.16,0.41,,0.0,1.71,1.2
2018-11-26,16.91,0.83,1.05,2.43,2.51,3.07,0.67,3.01,0.63,,0.01,1.24,1.5
2018-11-27,11.7,0.84,1.24,3.32,2.58,2.87,0.74,3.36,0.89,,0.0,1.13,1.56
2018-11-28,8.69,0.89,0.94,2.85,2.03,2.83,0.77,2.32,1.04,,0.0,1.14,1.74
2018-11-29,32.82,0.93,0.87,2.52,2.05,2.85,0.81,3.58,0.65,,0.01,1.39,1.81
2018-11-30,28.91,0.89,0.91,1.96,2.01,2.93,0.67,3.0,0.71,0.78,0.0,1.85,1.8
2018-12-01,42.1,0.97,0.85,1.91,2.03,3.02,0.72,2.79,0.81,0.68,0.01,1.87,1.96
2018-12-02,28.26,0.79,0.82,2.77,2.18,2.21,0.74,2.95,0.82,0.76,0.0,1.51,1.65
2018-12-03,25.92,0.8,1.09,2.74,2.03,1.89,0.75,2.95,0.65,0.84,0.01,1.74,1.61
2018-12-04,31.36,0.89,0.98,3.17,2.21,2.42,0.76,3.68,1.0,0.92,0.02,1.53,2.03
2018-12-05,28.4,0.87,1.16,2.59,1.97,3.26,0.7,2.96,0.7,0.85,0.01,1.53,1.95
2018-12-06,37.47,0.9,1.03,3.04,2.09,2.63,0.74,2.86,0.62,0.89,0.0,1.63,1.76
2018-12-07,30.29,0.93,1.06,2.09,2.02,2.06,0.64,2.89,0.59,0.85,0.0,1.37,1.73
2018-12-08,11.02,0.78,1.06,2.2,1.83,2.34,0.71,2.83,0.8,0.91,0.01,1.44,1.79
2018-12-09,32.21,0.75,1.05,2.67,2.25,2.12,0.74,2.3,0.96,0.84,0.0,1.71,1.9
2018-12-10,57.51,1.04,1.39,2.75,3.06,1.79,0.63,3.5,0.65,0.65,0.01,1.57,2.07
2018-12-11,60.28,1.08,1.13,2.78,2.27,1.91,0.73,2.44,0.67,0.83,0.01,1.0,2.21
2018-12-12,41.8,1.05,1.04,1.95,2.13,1.81,0.68,2.83,0.67,0.84,0.01,0.91,2.11
2018-12-13,14.87,1.03,1.05,1.21,1.68,1.81,0.67,2.7,0.68,0.84,0.0,0.97,2.11
2018-12-14,7.45,0.97,1.08,1.22,1.69,1.81,0.8,2.09,0.47,0.79,0.02,0.86,2.1
2018-12-15,7.23,0.96,0.94,1.22,1.74,1.87,0.62,1.19,0.43,0.72,0.0,0.81,2.39
2018-12-16,6.99,0.98,0.77,1.42,2.21,1.8,0.61,1.29,0.48,0.61,0.0,0.92,2.32
2018-12-17,7.67,1.29,1.17,1.93,2.33,1.7,0.53,1.42,0.55,0.58,0.02,1.09,2.06
2018-12-18,26.3,1.72,1.1,1.78,2.03,1.9,0.4,1.16,0.46,0.54,0.01,1.31,2.37
2018-12-19,46.84,1.11,0.97,1.92,2.0,1.97,0.47,1.87,0.4,0.46,0.01,1.95,2.94
2018-12-20,56.46,0.83,0.99,2.64,1.74,1.74,0.67,2.76,0.45,0.5133333333333333,0.02,1.95,2.53
2018-12-21,46.89,0.99,0.94,2.22,0.99,1.9,0.64,2.3,0.49,0.5666666666666667,0.0,2.17,2.77
2018-12-22,89.19,0.91,0.84,2.59,1.76,2.58,0.67,2.08,0.5,0.62,0.02,1.18,2.91
2018-12-23,45.76,0.82,0.91,3.36,1.25,2.65,0.68,2.53,0.48,0.68,0.0,0.95,2.49
2018-12-24,11.61,0.85,1.03,3.36,1.13,2.75,0.68,1.9,0.65,0.63,0.01,1.31,2.91
2018-12-25,12.74,0.93,1.04,1.9,1.05,2.72,0.61,1.82,0.43,0.91,0.0,1.08,2.55
2018-12-26,23.18,1.01,0.93,1.99,1.06,1.86,0.69,2.1,0.35,1.08,0.01,1.77,2.42
2018-12-27,86.91,0.9,1.39,2.87,0.87,1.81,0.63,2.24,0.37,0.92,0.01,1.24,2.85
2018-12-28,63.43,0.91,1.08,1.66,0.72,2.03,0.62,1.74,1.16,0.73,0.01,1.32,4.85
2018-12-29,16.94,0.89,1.01,1.96,0.81,2.05,0.62,2.61,3.13,0.65,0.0,1.92,5.59
2018-12-30,17.63,0.85,0.8,2.94,0.95,2.11,0.67,2.54,1.71,0.47,0.0,1.63,5.48
2018-12-31,71.11,1.02,1.01,2.7,1.01,2.57,0.7,2.8,1.83,1.09,0.05,2.0,4.56
2019-01-01,63.03,0.98,0.86,2.54,1.03,2.75,0.94,2.86,1.2,1.26,0.17,1.84,4.61
2019-01-02,59.56,1.06,1.0,2.78,1.26,3.14,1.03,3.65,0.82,1.28,0.05,1.66,0.08
2019-01-03,119.68,1.01,0.99,2.55,0.99,3.65,0.97,2.61,1.48,1.38,0.01,1.12,0.06
2019-01-04,57.92,1.09,0.9,2.01,1.05,3.5,0.88,2.18,1.42,1.25,0.0,1.06,0.05
2019-01-05,63.86,1.03,0.98,2.23,1.12,2.76,0.78,2.2,1.32,0.95,0.0,0.8,0.05
2019-01-06,40.16,0.89,0.86,1.49,0.89,2.76,0.73,2.14,1.1,1.12,0.0,1.05,0.0
2019-01-07,8.16,1.05,0.86,1.57,1.06,2.18,0.76,1.19,0.97,1.2,0.0,0.82,0.03
2019-01-08,13.83,1.06,0.84,1.31,0.91,2.75,0.92,0.37,0.79,1.51,0.02,1.09,0.07
2019-01-09,26.24,1.05,0.85,1.3,0.92,2.49,0.94,1.14,0.76,1.4,0.04,0.98,0.03
2019-01-10,32.14,0.94,0.81,1.75,1.1,3.01,0.82,1.42,0.87,1.08,0.03,1.42,0.0
2019-01-11,42.44,1.01,0.9,2.9,1.16,3.32,0.74,3.15,1.06,0.86,0.0,1.03,0.0
2019-01-12,53.08,1.04,0.89,3.11,1.27,2.76,0.68,2.54,1.01,1.0,0.0,1.16,0.0
2019-01-13,63.2,0.93,1.08,2.36,0.95,3.11,0.62,2.42,1.12,1.02,0.0,0.89,0.0
2019-01-14,9.04,1.02,0.97,1.04,0.8,2.37,0.66,1.03,1.18,1.71,0.0,0.74,0.0
2019-01-15,6.96,0.85,1.2,1.37,0.85,2.53,0.75,0.85,1.1,1.24,0.0,1.57,0.01
2019-01-16,101.89,0.98,0.84,2.58,1.1,2.56,0.74,2.56,1.48,0.88,0.0,1.25,0.0
2019-01-17,96.21,1.09,0.89,3.13,0.96,3.25,0.83,2.96,2.24,0.96,0.0,1.28,0.0
2019-01-18,48.24,1.02,1.04,2.06,1.04,2.99,0.78,2.48,1.81,1.12,0.0,1.85,0.06
2019-01-19,32.68,0.94,0.89,2.35,1.2,3.3,0.72,2.11,2.47,1.24,0.0,1.66,0.02
2019-01-20,49.43,0.79,0.97,3.66,1.41,3.34,0.76,2.27,2.83,1.29,0.0,1.09,0.36
2019-01-21,78.38,0.92,0.92,1.83,1.44,2.1,0.68,3.41,2.23,1.3,0.0,0.91,1.11
2019-01-22,26.17,1.06,0.87,1.01,1.17,1.94,0.46,1.89,1.91,1.24,0.0,0.92,0.93
2019-01-23,40.08,1.04,0.87,1.62,1.19,1.65,0.53,0.89,2.84,1.09,0.0,0.8,0.87
2019-01-24,18.26,0.87,1.01,1.44,1.45,1.78,0.58,1.24,2.31,1.16,0.0,0.79,0.95
2019-01-25,11.03,0.84,0.9,1.01,1.49,1.83,0.46,1.62,1.78,1.1,0.0,0.69,0.97
2019-01-26,16.22,0.87,0.83,0.98,1.14,1.84,0.52,1.17,1.96,0.63,0.0,0.72,0.81
2019-01-27,18.13,0.8,0.97,1.1,1.03,1.79,0.55,0.59,1.95,0.78,0.0,0.87,0.6
2019-01-28,22.56,0.73,0.99,1.06,1.0,2.29,0.62,0.84,1.81,0.88,0.0,1.16,0.71
2019-01-29,16.1,0.88,1.01,1.24,1.05,2.12,0.54,0.66,2.28,0.83,0.0,1.05,0.69
2019-01-30,34.37,1.01,0.97,1.76,0.96,2.83,0.57,1.16,2.68,0.71,0.0,1.15,0.76
2019-01-31,37.91,0.88,0.98,1.9,1.14,2.93,0.66,2.24,2.47,0.7,0.0,0.86,0.69
2019-02-01,17.85,0.87,0.93,1.34,1.29,2.3,0.64,2.66,2.47,0.84,0.0,0.88,0.68
2019-02-02,13.12,0.82,0.93,1.24,0.97,2.27,0.64,2.73,2.02,1.19,0.0,1.07,0.84
2019-02-03,11.01,0.8,0.93,1.32,0.84,3.21,0.59,2.07,2.63,1.06,0.0,1.08,0.67
2019-02-04,46.91,0.82,0.94,1.81,1.13,3.25,0.64,1.84,2.86,0.85,0.0,1.06,0.92
2019-02-05,61.13,0.86,1.01,2.95,1.25,2.73,0.67,1.86,3.5,1.32,0.0,1.36,0.93
2019-02-06,9.02,0.88,0.99,1.64,1.95,1.88,0.71,2.43,0.46,1.43,0.0,1.31,0.85
2019-02-07,10.62,0.94,1.1,0.84,1.01,1.59,0.54,2.48,0.17,1.57,0.0,1.03,0.75
2019-02-08,10.13,0.85,1.07,0.94,1.16,1.64,0.64,1.42,0.23,1.15,0.0,0.98,0.89
2019-02-09,15.39,1.25,0.91,0.96,0.75,2.0,0.59,1.25,0.18,0.83,0.0,1.83,0.81
2019-02-10,20.48,0.96,1.0,1.36,0.82,2.84,0.54,1.2,0.76,0.82,0.0,1.69,0.78
2019-02-11,14.6,0.81,1.04,1.78,0.98,3.17,0.57,1.56,0.66,0.68,0.01,1.26,0.85
2019-02-12,50.93,0.82,1.01,2.09,1.38,3.27,0.63,1.73,0.77,0.72,0.01,1.16,0.86
2019-02-13,45.8,0.9,0.96,1.94,1.58,2.6,0.65,1.59,0.69,0.78,0.0,1.19,0.86
2019-02-14,19.59,0.71,1.03,1.42,1.62,1.91,0.68,1.52,0.45,1.06,0.01,1.08,0.84
2019-02-15,20.61,0.87,1.08,1.22,0.84,1.86,0.54,1.39,0.52,0.74,0.0,1.09,0.84
2019-02-16,32.07,1.05,0.94,1.13,0.77,2.16,0.64,0.71,0.41,0.86,0.0,1.09,0.73
2019-02-17,35.1,0.99,0.92,1.09,0.74,2.37,0.55,0.49,0.57,0.81,0.0,1.29,0.67
2019-02-18,28.68,1.23,0.98,1.18,0.96,2.25,0.73,0.96,0.73,0.79,0.01,1.23,0.66
2019-02-19,17.55,0.95,0.99,1.56,1.28,2.19,0.56,2.43,0.65,0.68,0.0,0.91,0.67
2019-02-20,64.13,0.85,0.91,1.4,1.24,3.0,0.47,1.79,0.46,0.72,0.0,0.95,0.67
2019-02-21,8.83,0.96,1.06,1.37,1.16,1.67,0.54,2.4,0.45,0.83,0.0,0.9,0.59
2019-02-22,16.2,0.96,1.09,1.07,1.07,1.85,0.64,2.34,0.42,0.67,0.0,0.78,0.68
2019-02-23,12.42,1.03,1.01,0.85,0.7,2.51,0.71,0.89,0.49,0.84,0.0,0.8,0.55
2019-02-24,56.57,0.94,0.95,1.03,0.79,1.84,0.57,0.72,0.51,0.72,0.0,0.86,0.56
2019-02-25,42.41,1.0,1.12,1.24,1.19,1.97,0.52,2.01,0.47,1.11,0.0,0.96,0.69
2019-02-26,13.19,0.99,1.08,0.95,1.33,1.69,0.58,1.71,0.41,0.89,0.5,0.91,0.65
2019-02-27,12.26,0.93,0.89,0.79,1.68,1.72,0.62,1.13,0.46,0.7566666666666667,0.36,0.83,0.63
2019-02-28,14.07,0.94,0.72,1.25,1.56,1.92,0.52,0.9,0.42,0.6233333333333334,0.86,0.89,0.67
2019-03-01,14.18,1.05,0.82,1.17,1.51,2.35,0.6,1.17,0.32,0.49,0.51,0.89,0.58
2019-03-02,9.25,0.83,0.66,1.36,1.6,2.78,0.44,1.88,0.45,0.45,0.0,0.88,0.74
2019-03-03,15.88,0.86,0.6,1.16,1.51,1.64,0.5,1.44,0.41,0.55,0.1,0.82,0.64
2019-03-04,9.85,0.8,0.81,1.54,1.32,1.64,0.6,1.27,0.38,0.73,0.21,0.93,0.76
2019-03-05,12.69,1.11,0.81,1.01,1.1,1.54,0.64,1.49,0.39,0.67,0.5,0.82,0.62
2019-03-06,23.56,1.13,0.81,1.25,1.05,1.67,0.74,1.19,0.33,0.74,0.43,1.18,0.57
2019-03-07,34.47,1.44,0.78,1.48,1.29,1.75,0.88,1.03,0.28,0.67,0.46,1.07,0.65
2019-03-08,48.38,1.32,0.77,1.27,1.2,1.83,0.67,1.46,0.31,0.77,0.72,0.93,0.68
2019-03-09,29.23,1.01,0.83,0.99,1.01,2.14,0.62,2.0,0.19,0.86,0.6,0.89,0.65
2019-03-10,10.66,0.81,0.67,0.96,1.05,1.96,0.44,1.89,0.2,0.61,0.86,1.06,0.66
2019-03-11,17.55,0.75,0.77,1.24,1.59,1.67,0.41,1.43,0.26,0.83,0.67,0.81,0.75
2019-03-12,34.49,0.8,0.75,0.93,1.25,1.54,0.41,1.85,0.21,0.71,0.8,0.89,0.66
2019-03-13,15.24,0.89,0.91,1.27,1.14,1.58,0.5,1.44,0.3,0.71,0.72,0.93,0.83
2019-03-14,10.75,0.73,0.77,1.36,1.63,1.63,0.44,1.22,0.37,0.84,0.43,0.82,0.74
2019-03-15,26.15,0.89,0.8,1.0,1.0,1.73,0.57,1.26,0.21,0.72,0.57,0.77,0.86
2019-03-16,17.21,0.94,0.71,0.92,0.95,2.18,0.71,1.12,0.16,0.59,0.6,0.76,0.83
2019-03-17,12.67,0.87,0.85,1.07,1.14,1.93,0.54,0.91,0.23,0.62,0.86,0.84,0.81
2019-03-18,18.21,0.8,0.79,1.19,1.19,2.28,0.57,1.15,0.24,0.57,0.62,1.01,0.83
2019-03-19,80.16,0.82,0.81,1.29,1.29,2.34,0.58,1.45,0.29,0.68,0.67,1.04,0.89
2019-03-20,13.65,0.73,0.71,1.35,2.04,1.8,0.58,1.5,0.26,0.64,0.33,0.95,0.89
2019-03-21,24.16,0.87,0.65,1.34,1.51,1.58,0.66,3.93,0.53,0.79,0.5,0.78,0.85
2019-03-22,43.21,0.94,0.84,0.74,1.22,1.44,0.59,1.33,0.13,0.96,0.42,0.68,0.86
2019-03-23,41.7,0.97,0.72,0.89,1.01,1.44,0.73,1.12,0.2,0.77,0.67,0.73,0.8
2019-03-24,26.17,0.84,0.82,0.82,1.15,1.575,0.69,1.28,0.16,0.87,0.61,0.63,0.7
2019-03-25,20.95,0.84,0.77,0.93,1.76,1.71,0.71,1.87,0.19,0.83,0.76,0.71,0.86
2019-03-26,15.64,0.93,0.87,1.04,1.12,1.71,0.74,2.1,0.22,0.7,0.76,0.91,0.72
2019-03-27,54.2,1.08,0.92,1.22,1.28,1.6,0.65,1.93,0.21,0.68,0.88,1.6,0.57
2019-03-28,61.37,1.17,0.71,1.76,1.37,1.61,0.74,2.5,0.3,0.77,0.72,1.45,0.81
2019-03-29,50.0,1.14,0.85,1.8,1.83,1.5,0.79,2.87,0.59,0.83,0.74,1.51,0.72
2019-03-30,33.94,1.15,0.77,1.51,1.68,1.49,0.81,1.95,0.24,0.86,0.47,1.04,0.84
2019-03-31,11.84,0.9,1.05,0.94,1.29,1.46,0.71,1.31,0.2,0.88,0.42,0.86,0.75
2019-04-01,16.25,1.01,0.98,0.88,1.17,1.43,0.56,1.02,0.16,0.94,0.75,0.96,0.82
2019-04-02,36.74,1.03,0.93,1.19,1.5,1.7,0.59,1.63,0.21,0.95,0.53,1.1,0.77
2019-04-03,47.6,0.94,0.93,1.32,1.97,1.79,0.67,1.69,0.38,0.88,0.76,1.2,0.74
2019-04-04,20.27,0.94,1.02,1.8,2.07,1.72,0.58,1.17,0.7,0.87,0.73,1.47,0.79
2019-04-05,23.05,1.07,1.05,1.96,1.68,1.76,0.46,1.12,0.68,0.72,0.83,0.99,0.74
2019-04-06,21.56,0.95,1.1,1.32,1.6,1.78,0.57,0.91,0.36,0.63,0.77,0.8,0.76
2019-04-07,24.47,0.98,0.95,1.49,1.3,1.85,0.48,0.78,0.33,0.64,0.56,0.74,0.63
2019-04-08,26.28,0.95,0.97,1.06,1.53,1.78,0.68,1.22,0.35,0.8,0.32,0.96,0.7
2019-04-09,19.53,1.09,0.94,1.44,1.61,1.73,0.75,1.08,0.35,0.85,0.98,0.94,0.84
2019-04-10,51.44,1.13,1.07,1.76,1.65,1.77,0.77,1.03,0.31,0.66,0.76,1.06,0.89
2019-04-11,65.1,0.89,1.08,1.21,1.36,1.74,0.51,1.23,0.26,0.81,0.94,0.85,0.85
2019-04-12,21.38,0.95,1.0,1.12,1.87,1.83,0.54,1.33,0.34,0.96,0.61,0.97,0.86
2019-04-13,20.83,0.92,1.0,1.06,1.14,2.06,0.63,1.18,0.66,0.8,0.82,0.81,0.86
2019-04-14,11.75,0.78,0.99,1.02,1.09,1.91,0.67,0.94,0.51,0.71,1.11,0.77,0.91
2019-04-15,29.7,1.04,1.1,1.28,1.14,1.88,0.54,1.24,0.58,0.84,0.62,0.75,0.88
2019-04-16,15.24,0.99,1.09,1.1,1.1,1.85,0.55,1.1,0.51,0.87,0.69,0.88,1.01
2019-04-17,9.19,1.16,1.01,0.9,1.16,1.69,0.5,1.04,0.39,0.8,0.59,0.84,0.94
2019-04-18,8.88,1.09,0.9,1.01,1.06,1.82,0.61,1.37,0.56,0.75,0.62,0.8,0.88
2019-04-19,10.74,0.9,0.97,1.24,1.05,1.84,0.51,1.08,0.65,0.65,0.93,0.84,0.96
2019-04-20,23.23,1.02,1.06,1.42,1.28,1.92,0.54,1.83,0.6,0.71,1.21,0.95,0.97
2019-04-21,60.25,1.04,0.98,1.66,1.48,1.89,0.5,2.06,0.74,0.79,1.02,0.86,0.94
2019-04-22,35.37,1.1,1.06,1.87,1.62,1.86,0.53,1.35,1.2,0.65,0.93,1.32,0.95
2019-04-23,27.88,1.31,0.97,1.92,1.24,1.84,0.77,1.31,0.71,0.61,1.52,1.66,0.72
2019-04-24,9.49,1.22,1.06,1.41,1.24,1.77,0.6,1.63,0.81,0.6,0.39,1.14,0.93
2019-04-25,19.17333333333333,1.19,1.07,1.31,1.54,1.76,0.65,1.37,0.84,0.88,1.04,0.94,0.82
2019-04-26,28.856666666666666,1.08,0.97,1.34,1.45,1.79,0.6,0.84,0.68,0.79,0.8,0.93,0.89
2019-04-27,38.54,0.84,1.01,1.05,0.88,1.94,0.71,0.88,0.55,1.01,0.78,0.83,1.04
2019-04-28,75.71,1.0,1.05,1.06,0.96,1.88,0.6,0.81,0.51,0.83,0.96,0.75,0.98
2019-04-29,11.92,0.95,1.13,1.33,1.33,1.85,0.63,1.1,0.66,0.61,1.0,1.03,0.89
2019-04-30,9.13,0.92,1.13,1.62,1.7,1.84,0.58,0.97,0.65,0.61,0.63,1.64,1.03
2019-05-01,23.43,0.99,1.17,1.61,1.63,1.77,0.56,0.66,0.71,0.58,1.0,1.51,0.93
2019-05-02,24.04,0.86,1.06,1.19,1.31,1.76,0.49,0.65,0.61,0.57,0.5,0.9,1.09
2019-05-03,13.77,0.74,0.99,1.09,1.09,1.8,0.43,0.47,0.55,1.16,0.89,0.94,1.02
2019-05-04,14.52,0.85,1.01,1.26,1.25,1.8,0.48,0.21,0.84,0.86,0.87,1.06,0.88
2019-05-05,19.4,0.8,1.02,1.51,1.1,1.79,0.53,0.61,0.68,0.95,0.94,1.51,0.8
2019-05-06,23.99,0.8,1.08,1.93,1.04,1.8,0.8,1.11,0.61,0.9,1.03,1.11,1.04
2019-05-07,12.69,0.86,1.11,1.98,1.3,1.82,1.08,1.43,0.64,0.85,0.97,0.94,1.02
2019-05-08,15.56,0.88,1.02,2.0,1.12,1.76,0.78,1.33,0.99,0.64,1.29,0.82,0.98
2019-05-09,11.8,1.36,1.14,1.52,1.03,1.76,0.76,1.78,0.63,1.16,0.83,0.7,0.84
2019-05-10,12.892,0.94,1.13,1.03,1.15,1.75,0.8,2.66,0.5,0.81,0.96,0.67,0.87
2019-05-11,13.984000000000002,0.97,1.03,1.15,1.61,1.78,0.72,1.22,0.57,0.87,1.07,0.78,0.82
2019-05-12,15.076000000000002,1.06,0.92,1.22,1.4,1.81,0.59,1.56,0.71,0.71,0.79,0.71,0.78
2019-05-13,16.168000000000003,0.91,1.05,1.51,1.24,1.77,0.62,1.74,0.75,0.98,1.03,0.76,0.87
2019-05-14,17.26,0.92,1.01,1.02,1.27,1.67,0.5,1.65,0.56,0.69,0.82,0.75,0.95
2019-05-15,15.08,1.01,0.85,1.52,1.5,1.45,0.63,1.31,0.61,0.9,0.8,1.06,1.31
2019-05-16,14.67,1.23,1.04,1.38,1.26,1.43,0.61,1.32,0.58,0.84,0.66,0.8,2.44
2019-05-17,18.02,1.19,1.24,1.31,1.11,1.5,0.59,1.47,0.53,0.97,0.73,0.71,3.31
2019-05-18,13.27,1.19,0.76,1.04,1.06,1.62,0.63,1.39,0.55,0.96,1.06,0.84,2.02
2019-05-19,34.56,0.97,0.83,1.21,1.15,1.54,0.84,0.83,0.6,0.68,0.9,0.97,0.64
2019-05-20,17.47,1.06,0.9,1.35,1.38,1.65,0.58,1.88,0.64,0.83,0.84,0.94,0.81
2019-05-21,11.03,0.88,1.0,1.21,1.42,1.79,0.5,1.71,0.61,0.79,0.76,0.84,0.72
2019-05-22,11.44,1.11,1.22,1.5,1.47,1.75,0.51,1.37,0.64,0.67,1.09,0.78,0.68
2019-05-23,14.29,1.04,1.08,1.49,1.32,1.78,0.53,1.14,0.65,0.73,0.76,0.75,0.67
2019-05-24,14.31,0.89,1.07,1.21,1.15,1.69,0.63,1.37,0.59,0.77,0.91,0.65,0.38
2019-05-25,17.96,0.79,0.96,0.99,1.38,1.41,0.68,1.37,0.52,0.82,0.89,0.61,0.64
2019-05-26,28.03,0.69,1.05,1.06,1.26,1.36,0.82,1.32,0.55,0.75,1.0,0.57,0.5
2019-05-27,21.39,0.94,1.17,1.28,1.49,1.45,0.56,2.44,0.6,0.79,0.99,0.83,0.55
2019-05-28,21.02,0.92,1.23,1.3,1.67,1.76,0.6,1.9,0.6,1.06,0.86,0.75,0.54
2019-05-29,16.43,0.75,1.31,1.45,1.2,1.7,0.79,1.47,0.58,0.85,1.42,0.85,0.55
2019-05-30,19.89,0.79,1.03,1.75,1.24,1.39,0.56,1.12,0.51,0.8,0.94,0.53,0.68
2019-05-31,16.75,0.82,1.1,1.47,0.92,1.45,0.59,0.99,0.3,0.77,1.19,0.56,0.62
2019-06-01,23.83,1.04,0.89,1.56,0.88,1.58,0.54,1.26,0.29,0.76,0.84,0.73,0.62
2019-06-02,21.8,0.85,0.77,1.07,1.12,1.6,0.66,1.05,0.39,0.79,1.2,0.73,0.46
2019-06-03,22.33,0.9,1.22,1.03,1.04,1.29,0.44,1.29,0.4,0.9,0.39,0.77,0.76
2019-06-04,20.89,0.79,1.12,1.14,0.91,0.68,0.42,1.3,0.3,0.86,0.58,0.65,0.65
2019-06-05,18.87,0.75,0.92,1.29,0.9,0.63,0.61,1.06,0.37,0.85,0.68,0.71,0.59
2019-06-06,12.63,1.02,0.94,1.13,0.9,0.58,0.43,1.13,0.34,0.84,0.53,0.7,0.77
2019-06-07,15.49,0.92,1.07,1.11,0.77,0.5,0.47,1.16,0.32,0.85,0.7,0.88,0.74
2019-06-08,16.38,0.81,1.06,1.47,0.97,0.52,0.69,1.14,0.36,0.74,0.86,0.87,0.71
2019-06-09,15.2,0.66,1.11,1.86,0.97,0.55,0.45,1.0,0.28,0.9,1.09,1.01,0.56
2019-06-10,16.31,0.62,1.3,1.63,1.0,0.68,0.43,1.39,0.36,0.82,0.73,0.81,0.55
2019-06-11,15.38,0.72,1.31,1.41,0.71,0.7,0.36,1.29,0.29,0.74,0.69,0.61,
2019-06-12,12.8,0.61,1.05,0.92,0.93,0.63,0.32,1.21,0.35,0.86,0.62,0.67,
2019-06-13,13.75,0.66,1.05,1.03,0.9,0.53,0.32,1.26,0.5,0.75,0.55,0.63,
2019-06-14,14.4,0.64,1.09,1.07,0.93,0.53,0.32,1.35,0.58,0.97,0.61,0.61,
2019-06-15,18.89,0.68,1.06,1.18,0.84,0.51,0.31,1.6,0.11,0.76,1.17,0.57,
2019-06-16,25.17,0.62,0.98,0.8,0.74,0.33,0.29,1.08,0.84,0.69,0.79,0.64,
2019-06-17,25.92,0.7,1.0,0.89,0.84,0.44,0.32,1.14,0.8,0.78,0.78,0.62,
2019-06-18,22.25,0.7,1.18,1.03,1.04,0.51,0.32,1.09,0.53,0.84,0.56,0.87,0.0
2019-06-19,19.2,0.78,0.99,1.12,1.26,0.53,0.33,1.48,0.68,1.08,0.76,0.61,0.08
2019-06-20,30.2,0.65,1.04,0.92,1.18,0.48,0.32,1.03,0.28,0.89,0.84,0.78,0.43
2019-06-21,18.86,0.74,1.1,1.22,1.43,0.46,0.42,0.96,0.24,0.82,1.01,0.87,0.48
2019-06-22,12.65,0.69,0.93,1.11,1.04,0.46,0.36,1.63,0.26,1.11,0.77,0.95,0.81
2019-06-23,14.35,0.67,1.16,0.95,1.02,0.43,0.46,1.03,0.47,0.73,0.75,0.85,0.47
2019-06-24,21.05,0.71,1.08,0.92,1.15,0.54,0.48,0.99,0.55,0.68,0.77,0.85,0.67
2019-06-25,19.38,0.76,1.08,1.07,1.26,0.52,0.56,1.21,0.52,0.64,0.59,0.88,0.65
2019-06-26,24.95,0.76,0.94,1.16,1.14,0.47,0.29,1.31,0.57,0.79,0.42,1.0,0.65
2019-06-27,25.55,0.72,0.86,1.16,1.06,0.51,0.27,1.7,0.49,0.81,0.29,0.76,0.63
2019-06-28,29.88,0.68,0.66,1.02,1.07,0.44,0.34,1.87,0.44,0.87,0.72,0.78,0.58
2019-06-29,41.59,0.72,0.79,0.93,1.23,0.49,0.34,1.47,0.44,0.8,0.43,0.74,0.68
2019-06-30,29.06,0.63,0.84,1.04,1.17,0.53,0.34,1.24,0.5,0.63,0.37,0.61,0.6
2019-07-01,28.45,0.71,0.95,0.94,1.1,0.55,0.35,1.98,0.48,0.88,0.49,0.73,0.77
2019-07-02,24.72,0.73,0.79,0.99,1.24,0.59,0.36,1.31,0.56,0.66,0.46,0.71,0.79
2019-07-03,24.13,0.7,0.82,0.99,1.08,0.62,0.35,1.29,0.56,1.02,0.38,0.8,0.82
2019-07-04,39.11,0.79,0.85,1.11,1.04,0.72,0.36,1.33,0.6,0.68,0.38,0.82,0.63
2019-07-05,37.12,0.7,0.93,1.2,1.57,0.57,0.37,1.38,0.58,0.61,0.47,0.78,0.81
2019-07-06,34.67,0.76,0.85,1.0,1.23,0.42,0.39,1.26,0.57,0.7,0.37,0.78,0.78
2019-07-07,26.15,0.75,0.75,1.08,1.35,0.42,0.36,1.15,0.55,0.69,0.59,0.72,0.55
2019-07-08,35.85,0.76,0.82,1.15,1.38,0.44,0.34,1.35,0.6,0.59,0.47,0.71,0.62
2019-07-09,36.14,0.86,0.8,1.11,1.14,0.41,0.35,1.38,0.54,1.27,0.45,0.69,0.64
2019-07-10,40.51,0.78,0.99,1.04,1.26,0.47,0.33,0.78,0.53,0.83,0.34,0.61,0.68
2019-07-11,37.34,0.84,0.92,0.97,1.06,0.41,0.35,0.7,0.49,0.63,0.24,0.62,0.82
2019-07-12,30.92,0.79,0.99,1.05,1.22,0.44,0.42,1.24,0.51,0.5,0.48,0.59,0.77
2019-07-13,36.22,0.75,0.98,0.97,1.28,0.44,0.35,0.92,0.45,0.52,0.3,0.63,0.64
2019-07-14,24.82,0.74,0.77,0.95,1.11,0.44,0.39,0.9,0.37,0.37,0.2,0.53,0.57
2019-07-15,32.1,0.8,0.9,1.09,1.37,0.43,0.39,1.48,0.33,0.76,0.32,0.68,0.61
2019-07-16,31.97,0.8,0.98,1.05,1.05,0.45,0.43,1.95,0.48,0.95,0.3,0.59,0.64
2019-07-17,30.5,0.82,0.98,1.03,0.89,0.49,0.36,1.65,0.45,1.07,0.29,0.63,0.73
2019-07-18,26.0,0.85,0.83,1.24,0.88,0.46,0.41,2.08,0.45,0.63,0.39,0.7,0.56
2019-07-19,25.34,0.67,0.74,1.41,1.0,0.51,0.46,1.94,0.44,0.93,0.4,0.63,0.42
2019-07-20,27.48,0.63,0.94,1.15,0.82,0.62,0.43,1.77,0.32,0.57,0.53,0.79,0.33
2019-07-21,17.33,0.67,0.84,1.39,0.79,0.71,0.41,1.58,0.48,0.44,0.47,0.64,0.42
2019-07-22,13.1,0.69,0.97,1.55,1.0,0.55,0.46,1.46,0.53,0.39,0.31,0.71,0.57
2019-07-23,17.81,0.75,0.85,1.61,0.93,0.4,0.35,1.07,0.53,0.49,0.17,0.69,0.56
2019-07-24,27.02,0.67,0.82,1.41,0.92,0.28,0.37,0.76,0.5,0.89,0.38,0.64,0.7
2019-07-25,35.25,0.77,0.88,0.94,0.89,0.31,0.42,0.65,0.45,1.05,0.27,0.71,0.77
2019-07-26,34.26,0.73,0.86,0.99,0.83,0.27,0.38,1.13,0.48,0.67,0.5,0.76,0.88
2019-07-27,26.55,0.64,0.84,1.0,0.8,0.43,0.36,1.05,0.49,0.7,0.43,0.75,0.96
2019-07-28,32.36,0.71,0.88,0.89,1.12,0.46,0.36,0.85,0.52,0.75,0.63,0.55,0.92
2019-07-29,33.11,0.68,0.8,0.92,0.96,0.51,0.37,1.02,0.52,0.93,0.26,0.7,1.12
2019-07-30,31.74,0.72,0.9,0.97,1.05,0.46,0.3,1.08,0.56,0.76,0.08,0.71,1.67
2019-07-31,32.52,0.66,0.83,0.93,1.31,0.46,0.37,1.04,0.5,0.98,0.35,0.7,2.74
2019-08-01,59.19,0.69,0.83,0.94,1.16,0.43,0.42,1.34,0.51,0.88,0.51,0.61,0.68
2019-08-02,45.45,0.75,0.91,1.03,1.13,0.4,0.36,1.37,0.57,0.79,0.1,0.66,0.77
2019-08-03,36.56,0.65,0.88,1.07,1.06,0.39,0.33,1.32,0.54,0.84,0.54,0.78,0.83
2019-08-04,25.9,0.69,0.78,1.13,1.13,0.4,0.3,1.11,0.51,0.99,0.54,0.67,0.65
2019-08-05,29.34,0.65,0.71,1.24,1.36,0.42,0.33,1.6,0.49,0.86,0.24,0.93,0.67
2019-08-06,38.94,0.71,0.7,1.14,1.21,0.44,0.46,2.22,0.51,0.71,0.28,0.76,0.68
2019-08-07,40.91,0.78,0.62,1.22,1.62,0.43,0.38,1.77,0.53,0.56,0.5,0.89,0.68
2019-08-08,35.46,0.67,1.05,1.01,1.59,0.44,0.42,1.74,0.48,0.79,0.48,0.71,0.68
2019-08-09,26.54,0.71,0.65,0.86,1.4,0.43,0.36,2.12,0.4,0.74,0.15,0.59,0.72
2019-08-10,28.38,0.72,0.64,0.87,1.8,0.41,0.32,2.02,0.34,0.82,0.51,0.51,0.51
2019-08-11,33.04,0.61,0.57,0.96,1.78,0.43,0.37,2.14,0.42,0.69,0.49,0.63,0.39
2019-08-12,40.24,0.78,0.61,1.02,2.37,0.45,0.45,1.8,0.45,1.09,0.27,0.65,0.45
2019-08-13,28.77,0.93,0.9,1.1,2.77,0.54,0.42,1.91,0.43,1.04,0.28,0.82,0.59
2019-08-14,33.11,0.81,0.88,1.19,2.01,0.57,0.36,1.34,0.47,0.75,0.76,0.79,0.63
2019-08-15,31.12,0.69,0.86,1.04,1.08,0.53,0.31,1.14,0.48,1.17,0.62,0.64,0.6
2019-08-16,33.81,0.76,0.89,0.87,1.29,0.52,0.38,1.44,0.43,0.89,0.57,0.58,0.63
2019-08-17,30.09,0.9,0.57,0.81,1.1,0.52,0.38,1.51,0.39,1.06,0.42,0.55,0.81
2019-08-18,36.78,0.85,0.55,0.98,1.0,0.55,0.42,1.56,0.4,1.03,0.56,0.55,0.72
2019-08-19,34.38,0.88,0.94,1.31,1.07,0.54,0.37,1.65,0.43,1.35,0.29,0.62,0.74
2019-08-20,26.7,0.98,1.04,1.23,1.13,0.51,0.48,1.85,0.64,1.05,0.53,0.68,0.72
2019-08-21,24.36,1.06,1.0,1.14,1.08,0.52,0.53,1.6,0.6,0.7,0.29,0.6,0.67
2019-08-22,24.41,0.83,0.71,1.21,1.11,0.55,0.52,1.66,0.43,0.73,0.22,0.79,0.7
2019-08-23,25.81,0.85,0.64,1.3,1.13,0.6,0.43,0.98,0.27,1.24,0.24,0.61,0.63
2019-08-24,18.93,0.77,0.58,1.47,0.97,0.58,0.28,1.16,0.3,0.88,0.28,0.61,0.64
2019-08-25,21.13,0.58,0.61,0.93,0.78,0.69,0.37,1.17,0.31,0.57,0.365,0.49,0.59
2019-08-26,36.07,0.72,0.62,0.99,0.98,0.64,0.38,1.75,0.32,1.28,0.45,0.64,0.71
2019-08-27,46.11,0.71,0.59,1.17,1.03,0.35,0.38,1.38,0.36,0.79,0.55,0.9,0.7
2019-08-28,27.22,0.63,0.62,1.07,0.9,0.46,0.37,1.3,0.43,0.65,0.18,0.68,0.7
2019-08-29,37.89,0.64,0.67,0.93,1.54,0.66,0.42,1.89,0.43,,0.3,0.7,0.67
2019-08-30,36.0,0.71,0.73,1.02,2.29,0.67,0.4,1.97,0.43,,0.47,0.66,0.72
2019-08-31,30.71,0.79,0.75,1.41,2.65,0.63,0.38,1.25,0.47,,0.61,0.8,0.66
2019-09-01,24.16,0.67,0.78,1.11,2.51,0.65,0.4,0.91,0.49,,0.38,0.68,0.68
2019-09-02,25.23,0.64,1.05,1.07,1.91,0.71,0.38,2.61,0.54,,0.57,0.73,0.81
2019-09-03,29.4,0.73,1.0,1.21,0.97,0.64,0.36,1.46,0.62,,1.49,0.82,0.84
2019-09-04,16.72,0.72,0.93,1.22,0.93,0.62,0.38,1.25,0.55,,0.82,0.89,0.77
2019-09-05,20.81,0.79,0.82,0.97,1.01,0.6,0.3,1.16,0.48,1.1,0.68,0.73,0.81
2019-09-06,22.28,0.88,0.81,0.99,1.09,0.57,0.28,1.26,0.48,0.71,0.94,0.92,0.78
2019-09-07,25.02,0.79,0.78,1.0,1.08,0.62,0.3,1.07,0.47,0.77,1.0,0.7,0.82
2019-09-08,18.87,0.79,1.05,0.9,1.1,0.67,0.31,0.83,0.47,0.84,0.84,0.7,0.77
2019-09-09,21.33,0.78,0.85,1.0,0.96,0.57,0.34,1.32,0.52,0.94,1.17,0.93,0.8
2019-09-10,23.33,0.73,0.75,1.07,1.02,0.39,0.31,1.32,0.61,0.95,0.94,0.85,0.7
2019-09-11,45.92,0.72,0.86,1.15,1.03,0.52,0.35,1.67,0.61,0.95,0.3,0.8,0.67
2019-09-12,49.78,0.8,0.83,0.99,1.03,0.44,0.31,1.01,1.07,1.03,0.86,0.62,0.92
2019-09-13,51.32,0.86,0.71,0.88,1.08,0.54,0.34,0.8,1.53,1.06,1.13,0.65,0.73
2019-09-14,40.14,0.76,0.46,0.77,0.97,0.46,0.36,1.89,1.54,0.73,1.52,0.54,0.77
2019-09-15,37.54,0.78,0.64,0.91,0.79,0.62,0.52,1.25,1.58,0.68,0.67,0.62,0.8
2019-09-16,23.87,0.82,0.88,1.13,0.91,0.57,0.38,1.47,1.73,0.84,0.47,0.72,0.87
2019-09-17,36.34,1.0,0.92,1.12,0.92,0.59,0.4,1.35,1.77,0.47,0.09,0.71,0.94
2019-09-18,25.45,0.95,0.99,0.86,1.09,0.8,0.51,2.61,1.72,0.5,0.35,1.46,0.85
2019-09-19,31.7,0.85,1.15,0.78,1.07,0.83,0.53,2.04,1.68,0.43,1.37,0.85,0.93
2019-09-20,11.26,0.82,1.15,0.95,1.01,0.75,0.48,1.53,1.73,0.54,1.29,0.77,0.88
2019-09-21,17.41,0.92,0.83,0.99,0.95,0.47,0.46,1.66,1.69,0.61,1.42,0.73,0.82
2019-09-22,13.26,1.01,1.12,0.91,0.97,0.45,0.48,1.19,1.15,0.5,0.69,0.53,0.84
2019-09-23,19.33,1.2,0.76,0.93,0.93,0.55,0.63,1.58,1.74,0.59,0.51,0.64,0.99
2019-09-24,18.72,1.15,0.9,0.98,1.03,0.57,0.5,1.16,1.73,0.89,0.6,0.73,1.13
2019-09-25,23.56,0.85,0.86,0.9,1.09,0.67,0.45,0.79,1.67,0.93,1.17,1.01,1.07
2019-09-26,18.91,0.83,0.93,0.83,0.91,0.67,0.44,0.77,1.09,1.62,0.96,0.73,1.24
2019-09-27,18.36,1.04,0.89,0.78,0.97,0.39,0.33,0.89,0.72,1.27,0.81,0.65,1.08
2019-09-28,24.72,0.98,0.68,0.77,0.84,0.28,0.4,0.54,0.81,0.83,0.68,0.68,1.01
2019-09-29,14.94,0.79,0.88,0.74,0.67,0.28,0.62,0.47,0.68,1.19,0.57,0.83,1.33
2019-09-30,11.62,0.81,0.78,0.92,0.78,0.32,0.82,0.88,0.53,1.32,0.56,0.75,3.04
2019-10-01,11.85,1.01,0.84,0.96,0.97,0.35,0.67,1.24,0.65,0.96,0.62,0.73,1.58
2019-10-02,21.47,0.94,0.8,1.05,0.81,0.47,0.53,1.04,0.98,1.24,0.82,0.93,0.89
2019-10-03,18.9,1.01,0.83,1.25,1.12,0.66,0.59,1.17,0.99,1.19,0.58,0.84,0.97
2019-10-04,25.05,1.1,0.81,0.99,1.35,0.71,0.65,1.5,1.02,0.86,0.09,0.71,0.9
2019-10-05,49.58,1.13,0.63,1.03,1.23,1.19,0.61,1.8,1.08,1.25,0.21,0.68,0.85
2019-10-06,55.22,0.92,0.77,0.99,1.19,0.83,0.62,1.39,1.16,0.63,0.32,0.91,0.75
2019-10-07,36.34,1.14,0.75,0.91,1.18,0.84,0.57,1.36,0.97,0.85,0.23,1.48,0.74
2019-10-08,45.99,0.71,0.81,0.85,1.18,1.45,0.57,1.5,0.54,0.87,0.28,1.07,0.7
2019-10-09,82.73,0.95,0.87,1.37,1.36,1.02,0.66,1.64,1.21,0.7,0.33,1.04,0.9
2019-10-10,59.24,0.87,0.8,1.34,1.38,0.89,0.63,1.5,1.35,0.93,0.31,0.75,0.84
2019-10-11,34.88,0.83,0.76,1.37,1.48,1.12,0.55,1.49,0.93,0.72,0.33,0.83,0.9
2019-10-12,68.52,0.83,0.56,1.44,1.16,0.83,0.56,1.71,1.54,0.68,0.2,0.96,0.97
2019-10-13,119.3,0.79,0.67,1.65,1.08,1.54,0.58,1.09,2.55,0.6,0.28,0.86,0.75
2019-10-14,45.18,0.85,0.61,1.73,1.1,0.98,0.56,4.14,2.65,0.56,0.4,0.91,0.95
2019-10-15,57.78,0.83,0.68,2.18,1.12,1.15,0.54,2.93,2.58,0.62,0.48,1.28,1.09
2019-10-16,51.18,0.72,0.68,1.77,1.27,1.24,0.67,3.29,2.27,0.74,0.34,1.02,1.07
2019-10-17,39.85,0.85,0.81,1.44,1.32,1.22,0.63,2.88,2.26,0.56,0.47,0.88,0.91
2019-10-18,40.53,0.71,0.77,1.14,1.36,1.19,0.5,2.67,2.38,0.51,0.39,0.88,0.94
2019-10-19,6.94,0.72,0.6,1.18,1.37,1.08,0.48,0.96,1.91,0.8,0.63,0.95,0.96
2019-10-20,5.69,0.52,0.87,1.26,1.36,1.19,0.62,1.25,2.01,0.53,0.52,0.94,0.81
2019-10-21,1.7,0.85,0.85,1.3,1.19,1.03,0.51,1.19,2.1,0.52,0.54,1.16,0.81
2019-10-22,3.67,0.83,0.85,1.37,1.19,1.04,0.65,1.23,1.59,0.78,0.54,1.37,0.81
2019-10-23,6.05,0.83,0.9,1.79,1.19,0.89,0.57,1.59,0.85,0.69,0.46,1.43,0.91
2019-10-24,4.79,0.76,0.92,2.46,1.24,1.04,0.6,1.69,1.81,0.99,0.36,0.87,1.16
2019-10-25,7.26,0.83,0.95,1.72,1.02,0.93,0.49,0.96,0.98,1.44,0.87,0.85,1.0
2019-10-26,1.41,0.74,0.73,1.92,1.32,0.91,0.44,0.69,0.89,0.8,0.56,0.9,0.84
2019-10-27,7.32,1.01,1.34,1.77,0.99,0.93,0.45,0.87,0.86,1.11,0.79,1.1,0.85
2019-10-28,7.95,1.04,1.42,1.77,1.42,0.68,0.59,1.59,1.33,0.58,0.31,1.17,1.13
2019-10-29,7.42,0.97,0.8,2.43,1.22,0.67,0.64,2.17,1.44,0.82,0.46,1.23,1.02
2019-10-30,16.72,0.98,0.78,2.67,1.28,0.83,0.98,2.29,1.35,0.79,0.57,0.96,0.76
2019-10-31,22.31,0.87,0.99,2.92,1.16,0.8,0.86,1.69,1.69,1.0,0.31,1.15,0.82
2019-11-01,9.85,0.9,1.04,2.59,1.33,0.65,0.46,2.95,1.92,1.06,0.37,0.84,1.03
2019-11-02,10.87,1.08,0.71,1.93,1.22,0.64,0.61,2.76,1.43,0.95,0.52,0.96,1.04
2019-11-03,23.59,0.99,0.87,2.39,0.73,0.72,0.59,2.2,1.78,1.13,0.34,0.93,0.95
2019-11-04,28.8,1.26,0.98,1.47,0.99,0.84,0.64,1.79,0.92,1.27,0.71,0.99,0.92
2019-11-05,17.04,1.48,1.08,1.43,0.84,0.85,0.75,2.11,0.75,1.25,0.53,1.17,1.09
2019-11-06,28.47,1.36,1.09,1.52,0.93,1.01,0.85,1.76,0.66,1.18,0.48,0.86,1.1
2019-11-07,15.77,1.38,1.04,1.58,1.33,0.61,0.65,2.43,0.77,0.95,0.55,0.69,0.95
2019-11-08,14.87,1.29,0.96,1.68,1.27,0.61,0.71,2.61,1.17,1.05,0.8,0.9,1.08
2019-11-09,14.05,1.07,0.86,1.34,1.18,0.8,0.67,1.62,0.82,0.93,0.78,0.77,1.01
2019-11-10,9.16,1.0,0.98,1.44,1.53,1.02,0.57,1.35,0.77,0.88,0.41,0.83,1.02
2019-11-11,17.69,0.96,0.82,1.79,1.63,1.12,0.64,0.86,1.18,1.1,0.8,0.92,1.12
2019-11-12,47.92,1.0,0.54,2.25,1.56,1.21,0.48,1.99,1.79,0.74,0.78,0.96,1.26
2019-11-13,18.8,0.93,0.52,2.5,2.1,1.03,0.55,1.95,2.09,0.92,0.48,1.22,1.83
2019-11-14,20.01,0.92,0.47,2.92,1.31,0.79,0.6,2.12,2.34,1.0,0.56,1.1,3.71
2019-11-15,10.3,1.1,0.52,2.35,1.66,0.88,0.67,1.79,1.94,1.11,0.65,0.81,2.03
2019-11-16,28.74,1.01,0.54,1.34,1.42,0.86,0.67,1.45,1.09,0.84,0.36,0.85,4.11
2019-11-17,29.52,0.84,0.53,0.92,0.89,0.93,0.66,1.47,0.53,0.72,0.66,0.66,0.83
2019-11-18,42.34,1.01,0.46,1.26,1.56,0.89,0.71,1.6,0.68,0.71,0.65,0.78,1.06
2019-11-19,39.43,0.96,0.55,1.6,1.56,1.17,0.68,2.02,0.94,0.76,0.56,1.02,1.08
2019-11-20,34.48,1.05,0.46,2.21,1.54,1.22,0.69,1.69,1.38,0.77,0.47,0.93,1.01
2019-11-21,17.98,1.19,0.47,3.0,1.14,1.16,0.7,2.55,1.82,0.69,0.66,0.85,1.09
2019-11-22,17.1,1.06,0.46,2.4,1.05,1.07,0.76,2.42,2.01,0.75,0.59,1.03,1.12
2019-11-23,19.45,1.01,0.47,1.3,1.26,1.08,0.77,1.71,0.89,0.81,0.67,1.2,1.5
2019-11-24,17.72,0.9,0.49,1.01,0.79,0.98,0.79,1.6,0.71,1.27,0.67,0.91,1.13
2019-11-25,20.3,1.17,0.47,1.45,1.13,1.06,0.72,2.4,1.23,0.92,0.48,0.81,1.24
2019-11-26,16.8,1.0,0.52,1.41,1.63,1.07,0.7,1.68,1.09,0.92,0.48,0.88,1.32
2019-11-27,11.11,1.22,0.53,0.89,1.32,0.94,0.85,1.63,0.78,0.85,0.63,0.74,1.3
2019-11-28,7.78,1.04,0.52,0.65,1.09,1.1,0.88,2.21,0.5,0.64,0.65,1.07,1.2
2019-11-29,5.55,1.0,0.45,1.03,1.15,1.21,0.79,1.89,0.79,0.8,0.74,0.75,1.29
2019-11-30,8.07,1.03,0.38,1.21,1.06,1.05,0.79,1.32,0.88,0.8,0.64,0.72,1.1
2019-12-01,5.26,0.93,0.47,1.17,1.22,1.27,0.7,1.27,0.81,0.74,0.71,0.79,0.8
2019-12-02,4.02,0.94,0.44,1.49,1.42,1.02,0.61,2.04,0.93,0.75,0.5,0.92,1.12
2019-12-03,3.87,1.11,0.54,1.49,1.82,0.93,0.75,2.15,0.97,0.82,0.59,1.21,1.63
2019-12-04,4.32,0.96,0.52,1.95,2.1,0.89,0.81,2.9,1.35,0.74,0.16,1.31,1.47
2019-12-05,7.8,0.94,0.44,2.95,0.95,1.01,0.92,3.13,2.11,0.69,0.5,0.88,1.2
2019-12-06,14.15,0.94,0.55,2.03,1.02,1.0,0.86,3.31,2.01,0.69,0.24,1.05,1.14
2019-12-07,9.08,1.05,0.91,2.32,1.18,0.96,0.82,1.79,1.89,0.62,0.82,1.06,1.34
2019-12-08,12.09,0.95,0.93,2.88,1.12,1.05,0.83,0.81,2.07,0.68,0.74,1.23,1.16
2019-12-09,12.83,1.03,0.71,2.32,1.3,1.14,0.89,2.55,2.16,0.91,0.7,1.18,1.33
2019-12-10,26.73,1.02,0.6,2.41,1.9,1.22,0.86,2.3,2.6,0.95,0.66,1.58,1.33
2019-12-11,26.27,0.84,0.73,3.2,1.82,1.29,0.92,2.91,2.56,1.03,0.54,1.33,1.4
2019-12-12,14.39,0.91,0.54,2.01,1.24,1.32,0.78,2.08,1.84,1.1,0.72,0.82,1.4
2019-12-13,6.92,0.94,0.56,1.14,1.08,1.02,0.61,1.06,1.14,0.95,0.77,0.79,1.44
2019-12-14,4.66,0.97,0.72,1.18,1.18,0.99,0.67,1.46,1.23,0.89,0.71,0.68,1.3
2019-12-15,2.56,0.78,0.64,1.15,1.25,1.15,0.66,1.74,1.07,0.84,0.64,0.69,1.47
2019-12-16,5.2,0.91,0.7,1.04,1.69,1.34,0.75,1.66,0.96,0.96,0.81,0.8,1.56
2019-12-17,5.67,1.05,0.53,1.07,1.76,1.18,0.84,1.2,1.14,1.12,0.65,0.99,1.2
2019-12-18,8.84,1.13,0.52,1.24,1.93,0.92,0.91,0.93,1.41,1.14,0.72,1.12,1.49
2019-12-19,28.91,1.16,0.53,1.92,1.35,0.98,0.92,1.42,2.11,1.1,0.68,0.98,1.39
2019-12-20,29.17,1.19,0.66,2.16,1.86,1.14,1.0,1.92,2.07,1.02,0.62,1.22,1.56
2019-12-21,10.97,0.98,0.69,1.71,1.89,1.25,0.84,2.14,2.02,1.12,0.63,0.91,1.58
2019-12-22,3.75,0.91,0.6,1.13,1.73,1.21,0.66,3.58,1.48,1.02,0.61,0.66,1.53
2019-12-23,2.2,1.0,0.69,1.28,1.56,1.18,0.73,3.1,1.49,1.13,0.53,0.96,1.66
2019-12-24,1.89,1.13,0.6,1.76,1.52,1.28,0.63,2.75,2.04,1.44,0.64,0.96,1.94
2019-12-25,4.07,1.03,0.75,1.2,1.63,1.26,0.74,1.47,1.45,1.26,0.74,1.04,1.56
2019-12-26,6.64,1.03,0.72,1.17,1.06,0.98,0.75,1.2,1.53,1.16,0.8,1.08,1.59
2019-12-27,17.34,1.09,0.54,1.39,1.11,1.02,0.73,1.13,1.73,1.24,0.73,1.3,1.89
2019-12-28,11.4,0.97,0.65,1.96,1.53,0.98,0.72,1.38,2.26,1.21,0.64,1.18,1.63
2019-12-29,30.94,0.92,0.62,1.86,1.18,0.98,0.79,1.42,2.55,0.74,0.75,1.28,2.26
2019-12-30,34.49,1.03,0.57,2.24,1.23,1.03,0.81,1.81,3.17,1.06,0.4,1.24,1.94
2019-12-31,6.36,1.06,0.61,1.8,1.91,0.82,0.68,2.41,2.03,1.13,0.59,1.06,1.49
2020-01-01,3.78,1.07,0.65,3.15,2.35,1.22,0.65,2.71,3.7,1.16,0.42,1.03,1.41
2020-01-02,3.63,1.16,0.76,3.32,2.5,1.02,0.61,3.03,4.07,1.08,0.3,0.95,0.96
2020-01-03,7.06,0.99,0.97,2.8,1.38,0.97,0.57,2.17,3.23,1.09,0.62,0.81,0.76
2020-01-04,8.97,1.39,0.87,2.2,1.9,0.96,0.7,1.62,2.38,0.97,0.11,1.11,0.92
2020-01-05,5.41,1.01,0.77,1.23,1.52,1.1,0.57,1.37,2.03,0.84,0.28,1.2,0.85
2020-01-06,7.17,1.09,0.83,1.27,2.35,1.01,0.75,1.84,1.87,0.96,0.6,0.8,1.12
2020-01-07,7.37,1.06,0.55,1.18,1.45,1.29,0.6,2.41,1.52,0.95,0.57,0.81,1.12
2020-01-08,2.38,1.03,0.55,1.13,1.18,0.89,0.45,2.45,1.75,0.9,0.62,0.85,0.84
2020-01-09,2.41,1.09,0.78,0.89,1.15,0.85,0.52,1.31,1.48,1.27,0.68,0.64,0.99
2020-01-10,2.5,1.05,0.77,1.3,1.38,0.93,0.52,1.79,1.76,1.02,0.47,0.86,1.06
2020-01-11,2.38,0.89,0.79,1.54,1.52,1.08,0.62,2.43,1.78,1.19,0.73,1.27,1.01
2020-01-12,8.81,0.97,0.85,2.26,1.76,1.47,0.57,2.64,2.29,1.03,0.8,1.42,0.82
2020-01-13,8.08,1.11,0.88,2.11,1.23,0.84,0.61,3.65,2.08,1.41,0.4,0.91,0.97
2020-01-14,3.26,1.08,1.1,1.16,1.85,0.7,0.63,4.16,1.4,2.08,0.66,0.76,0.91
2020-01-15,3.59,0.93,0.65,1.17,2.24,0.65,0.42,4.05,1.28,1.26,0.72,0.65,1.06
2020-01-16,3.75,1.2,0.65,1.11,1.59,0.66,0.38,3.27,1.44,1.05,0.91,0.76,0.97
2020-01-17,20.06,1.27,0.7,1.14,1.86,0.68,0.44,2.07,1.38,1.03,0.89,1.12,0.95
2020-01-18,24.98,0.95,0.84,1.32,1.45,0.98,0.48,0.95,1.68,1.03,0.61,1.0,0.88
2020-01-19,13.05,0.96,0.78,0.96,1.37,1.12,0.43,0.76,1.16,1.04,0.63,0.86,0.94
2020-01-20,20.86,1.07,0.88,1.39,1.42,1.3,0.47,0.87,1.3,0.81,0.68,0.84,1.15
2020-01-21,33.0,1.1,0.8,1.93,1.32,1.58,0.46,1.49,1.65,0.79,0.63,0.81,1.04
2020-01-22,20.18,1.23,0.89,1.9,1.74,1.49,0.48,1.56,2.17,1.02,0.8,0.85,0.99
2020-01-23,10.39,1.1,0.87,0.79,1.07,1.24,0.62,1.26,0.87,1.33,0.73,0.86,1.06
2020-01-24,18.14,1.22,0.97,0.99,1.45,1.17,0.66,0.84,0.97,1.43,0.6,0.85,1.06
2020-01-25,19.52,1.23,0.9,1.48,1.68,1.32,0.7,1.2,1.7,1.23,0.7,1.42,1.03
2020-01-26,118.0,1.1,0.9,2.09,2.25,1.4,0.63,1.43,2.29,0.94,0.73,1.37,0.85
2020-01-27,9.53,1.24,1.08,2.19,2.12,0.76,0.56,1.69,1.89,0.92,0.64,1.24,0.87
2020-01-28,11.31,1.17,1.11,1.26,1.88,0.64,0.45,1.46,1.35,1.23,0.64,0.84,0.97
2020-01-29,20.76,0.99,1.02,1.24,1.92,0.56,0.56,1.18,1.23,1.14,0.98,0.72,1.13
2020-01-30,36.07,1.19,0.94,1.08,2.45,0.84,0.57,1.47,1.4,1.03,0.55,0.85,1.07
2020-01-31,36.16,1.05,1.09,1.1,2.82,1.03,0.47,0.82,1.42,0.93,0.47,1.01,1.05
2020-02-01,15.2,1.03,0.86,1.26,2.29,1.12,0.4,1.03,2.18,0.98,0.7933333333333332,0.97,0.92
2020-02-02,9.38,0.81,0.77,1.2,1.62,1.31,0.45,0.73,2.04,0.9,1.1166666666666665,1.17,0.83
2020-02-03,10.08,0.96,0.88,1.51,1.75,1.28,0.42,1.05,2.23,0.88,1.44,1.08,1.04
2020-02-04,29.48,1.0,0.88,2.21,2.51,0.77,0.42,1.74,2.33,1.31,0.49,0.83,0.88
2020-02-05,30.93,1.16,0.84,1.3,1.67,0.96,0.44,1.3,2.39,1.25,0.54,1.0,1.0
2020-02-06,6.1,1.11,0.91,1.18,1.71,0.87,0.4,1.3,1.76,0.9,0.46,1.03,0.87
2020-02-07,23.75,1.06,0.78,1.51,1.38,0.9,0.39,1.52,2.33,0.91,0.33,0.82,0.92
2020-02-08,14.56,0.95,0.77,1.16,1.33,1.0,0.45,1.37,1.6,0.82,0.9,1.08,0.98
2020-02-09,6.25,1.06,0.8,1.29,1.41,1.03,0.49,1.47,1.71,0.81,0.21,1.18,0.95
2020-02-10,8.62,1.09,0.73,1.61,1.29,0.93,0.48,1.36,2.2,0.85,1.03,1.4,1.29
2020-02-11,12.48,1.07,0.84,1.89,1.53,1.05,0.49,1.25,2.75,0.96,0.3,1.28,1.02
2020-02-12,27.61,0.93,0.86,1.29,1.1,1.1,0.6,1.0,1.87,1.02,0.5,1.17,1.09
2020-02-13,57.7,1.06,0.93,0.95,1.02,1.11,0.6,1.26,1.17,1.33,0.76,1.23,1.15
2020-02-14,18.72,1.29,1.02,0.82,0.84,0.87,0.85,1.36,1.38,1.14,0.66,0.87,0.87
2020-02-15,24.78,1.24,0.9,0.91,1.03,0.88,0.8,0.83,1.42,1.29,0.78,0.92,0.86
2020-02-16,14.28,0.99,0.78,1.38,1.18,0.95,0.56,1.02,1.91,0.99,0.44,1.02,1.02
2020-02-17,43.22,1.15,0.77,1.61,1.14,1.3,0.63,1.17,2.34,1.03,0.87,1.23,0.95
2020-02-18,59.34,1.07,0.96,1.39,0.96,1.25,0.57,1.1,1.89,1.04,0.74,1.58,0.73
2020-02-19,42.62,1.28,0.77,2.0,1.25,1.32,0.58,1.32,1.88,0.93,0.53,1.04,0.66
2020-02-20,22.33,1.06,0.67,0.99,0.82,1.0,0.41,1.2,1.67,0.92,0.76,0.92,0.82
2020-02-21,10.49,1.0,0.83,0.83,1.06,0.75,0.35,0.96,1.82,0.84,0.81,0.96,0.79
2020-02-22,4.78,0.98,0.86,1.2,1.13,0.97,0.37,1.01,1.67,0.58,0.68,0.86,1.01
2020-02-23,4.22,1.09,0.72,1.26,1.19,1.19,0.39,1.12,1.82,1.06,0.72,0.83,0.75
2020-02-24,10.92,1.01,0.97,1.02,1.36,1.22,0.46,0.9,1.24,1.28,0.63,0.88,0.99
2020-02-25,31.41,1.28,0.9,1.22,1.17,0.95,0.46,0.79,1.29,1.22,0.76,0.84,1.02
2020-02-26,70.45,0.97,0.58,1.54,1.24,0.75,0.51,0.79,1.53,1.29,0.31,1.01,1.03
2020-02-27,92.96,1.16,0.67,1.23,1.28,0.92,0.41,0.98,1.17,0.91,1.33,0.97,1.1
2020-02-28,57.77,1.06,0.77,0.97,1.29,1.37,0.43,1.36,1.27,1.05,0.64,0.88,1.29
2020-02-29,17.8,1.01,0.69,0.83,1.35,1.24,0.51,1.54,1.26,0.95,0.62,1.04,1.07
2020-03-01,22.34,0.98,0.55,0.97,1.25,0.65,0.58,1.35,1.07,0.89,0.83,0.66,0.98
2020-03-02,23.13,1.18,0.66,1.58,1.19,0.77,0.59,1.25,1.68,1.24,0.78,0.9,1.39
2020-03-03,21.26,1.27,0.64,1.22,1.12,0.46,0.52,1.28,1.97,1.15,0.61,0.91,1.82
2020-03-04,7.4,1.22,0.7,1.1,1.1,0.52,0.52,1.19,1.69,1.15,0.44,0.92,2.17
2020-03-05,8.43,1.04,0.74,0.81,1.1,0.53,0.64,0.9,1.16,0.87,0.72,0.86,1.52
2020-03-06,10.7,0.94,0.75,0.87,1.08,0.43,0.44,0.69,1.06,0.67,0.74,0.79,0.73
2020-03-07,12.19,0.98,0.65,0.82,1.18,0.48,0.46,0.81,0.97,0.72,0.82,0.86,0.84
2020-03-08,7.87,0.88,0.62,1.11,1.08,0.57,0.46,0.89,0.97,0.92,0.82,0.85,0.97
2020-03-09,5.55,0.99,0.71,0.75,1.1,0.67,0.5,0.91,0.77,0.74,0.82,0.81,1.05
2020-03-10,2.28,0.94,0.55,0.84,1.12,0.77,0.44,1.32,0.92,0.76,0.73,0.63,1.08
2020-03-11,3.56,0.96,0.63,0.76,1.1,0.43,0.48,1.01,0.89,0.79,0.62,0.86,1.1
2020-03-12,6.04,1.05,0.74,0.94,1.09,0.49,0.58,1.26,0.88,0.67,0.71,0.86,1.05
2020-03-13,6.95,0.93,0.96,0.87,1.09,0.5,0.46,1.04,0.84,0.45,0.78,0.76,1.08
2020-03-14,4.0,0.91,0.7,0.76,1.09,0.58,0.53,1.04,0.82,0.81,0.7,1.04,0.92
2020-03-15,5.11,0.92,0.55,0.9,1.1,1.01,0.49,1.18,0.97,0.87,0.73,1.83,0.74
2020-03-16,3.89,0.84,0.86,0.89,1.08,1.24,0.53,1.4,1.06,0.92,0.68,0.82,0.93
2020-03-17,16.02,0.86,0.86,1.0,1.06,1.66,0.47,1.47,1.18,1.1,0.72,1.01,1.03
2020-03-18,15.45,0.9,0.87,1.07,1.03,1.02,0.51,1.57,1.28,0.96,0.64,1.21,1.04
2020-03-19,15.07,0.93,0.87,1.14,1.16,0.6,0.68,1.4,1.23,1.12,0.62,1.06,0.97
2020-03-20,4.67,0.98,0.91,1.24,1.13,0.5,0.52,1.6,1.11,0.87,0.48,0.52,1.06
2020-03-21,9.82,1.06,0.97,1.18,1.03,0.47,0.57,1.88,0.88,0.76,0.68,0.65,0.97
2020-03-22,5.47,0.82,0.85,0.92,1.07,0.36,0.49,1.54,1.13,0.66,0.7,0.53,0.88
2020-03-23,4.98,1.05,0.94,0.78,1.05,0.42,0.46,1.45,0.81,0.72,0.84,0.63,0.96
2020-03-24,2.96,0.86,0.61,0.81,1.07,0.52,0.4,1.63,0.97,0.68,1.27,0.59,0.87
2020-03-25,4.28,0.76,0.65,0.68,0.99,0.5,0.4,1.74,0.75,0.83,0.86,0.5,0.85
2020-03-26,7.11,0.7,0.55,0.58,1.01,0.43,0.37,1.71,0.56,0.43,0.73,0.41,0.88
2020-03-27,5.23,0.85,0.51,0.53,1.0,0.4,0.36,1.68,0.54,0.11,0.73,0.47,0.96
2020-03-28,4.67,0.85,0.56,0.54,1.01,0.48,0.39,1.49,0.49,0.11,0.76,0.51,0.94
2020-03-29,3.08,0.85,0.52,0.52,0.99,0.42,0.47,0.62,0.5,0.11,0.76,0.39,0.77
2020-03-30,4.11,0.91,0.52,0.58,1.02,0.43,0.41,0.53,0.55,0.11,0.71,0.47,0.72
2020-03-31,3.85,0.83,0.51,0.56,1.01,0.46,0.49,1.61,0.52,0.11,0.78,0.67,0.65
2020-04-01,4.5,0.76,0.62,0.62,0.99,0.4,0.65,1.86,0.55,0.11,0.77,0.51,0.67
2020-04-02,4.46,0.86,0.61,0.6,0.96,0.43,0.55,1.79,0.52,0.11,0.78,0.58,0.68
2020-04-03,4.51,0.77,0.59,0.61,0.97,0.39,0.51,1.55,0.47,0.11,0.76,0.56,0.6
2020-04-04,3.82,0.72,0.58,0.68,0.99,0.42,0.5,1.47,0.52,0.11,0.69,0.74,0.48
2020-04-05,3.35,0.8,0.55,0.81,0.99,0.44,0.44,1.43,0.69,0.11,0.69,0.57,0.46
2020-04-06,3.75,0.71,0.61,0.81,0.99,0.36,0.66,1.42,0.65,0.11,0.6416666666666666,0.54,0.32
2020-04-07,3.87,0.71,0.59,0.6,0.98,0.36,0.8,1.64,0.43,0.11,0.5933333333333333,0.59,0.46
2020-04-08,5.19,0.72,0.57,0.56,1.01,0.37,0.41,1.76,0.42,0.11,0.5449999999999999,0.49,0.47
2020-04-09,5.07,0.73,0.57,0.66,0.92,0.38,0.51,1.76,0.47,0.11,0.4966666666666666,0.54,0.52
2020-04-10,0.59,0.67,0.56,0.81,1.0,0.37,0.52,1.44,0.68,0.11,0.4483333333333332,0.5,0.51
2020-04-11,0.45,0.79,0.57,0.83,0.99,0.44,0.38,1.53,0.81,0.11,0.4,0.51,0.5
2020-04-12,0.36,0.72,0.65,0.67,0.98,0.45,0.4,1.47,0.6,0.11,0.85,0.62,0.49
2020-04-13,0.39,0.71,0.66,0.83,1.04,0.44,0.41,1.37,0.76,0.11,0.59,0.58,0.51
2020-04-14,0.37,0.69,0.59,0.93,0.88,0.53,0.38,1.4,0.81,0.11,0.64,0.66,0.49
2020-04-15,0.43,0.67,0.59,0.93,0.91,0.72,0.41,1.27,0.79,0.11,0.73,0.6,0.46
2020-04-16,0.36,0.73,0.61,0.94,0.87,0.59,0.49,1.32,0.83,0.11,0.73,0.51,0.49
2020-04-17,0.36,0.65,0.58,0.64,0.99,0.64,0.51,1.35,0.62,0.11,0.7,0.62,0.5
2020-04-18,0.41,0.72,0.6,0.68,1.04,0.63,0.5,1.37,0.57,0.11,0.8,0.52,0.42
2020-04-19,0.36,0.61,0.58,0.71,1.07,0.65,0.38,1.4,0.65,0.11,0.82,0.52,0.38
2020-04-20,0.34,0.55,0.55,1.02,1.03,0.7,0.38,1.28,0.78,0.11,0.68,0.6,0.48
2020-04-21,0.39,0.78,0.64,0.82,1.0,0.57,0.5,1.29,0.68,0.11,0.79,0.51,0.49
2020-04-22,0.45,0.68,0.58,0.86,1.0,0.41,0.39,0.93,0.77,0.11,0.74,0.61,0.48
2020-04-23,0.35,0.67,0.59,0.91,1.05,0.4,0.45,0.45,0.79,0.11,0.84,0.61,0.42
2020-04-24,0.28,0.75,0.66,0.99,1.02,0.38,0.44,0.42,0.77,0.11,0.67,0.58,0.43
2020-04-25,0.38,0.69,0.68,0.75,1.05,0.32,0.46,0.38,0.58,0.11,0.77,0.6,0.45
2020-04-26,0.4,0.82,0.78,0.77,1.0,0.36,0.42,0.37,0.67,0.11,0.69,0.63,0.4
2020-04-27,0.46,0.76,0.75,0.76,0.96,0.34,0.44,0.43,0.54,0.11,0.75,0.58,0.49
2020-04-28,0.46,0.79,0.7,0.86,0.98,0.35,0.39,0.39,0.63,0.11,0.79,0.73,0.44
2020-04-29,0.67,0.74,0.68,0.91,1.0,0.36,0.41,0.42,0.75,0.11,0.76,0.5,0.51
2020-04-30,0.46,0.75,0.67,0.84,0.98,0.33,0.6,0.52,0.76,0.11,0.76,0.59,0.46
2020-05-01,0.54,0.67,0.73,0.89,1.0,0.31,0.64,0.46,0.74,0.11,0.78,0.64,0.45
2020-05-02,0.56,0.8,0.7,0.76,1.01,0.28,0.54,0.48,0.7,0.11,0.63,0.44,0.49
2020-05-03,0.64,0.82,0.75,0.68,1.0,0.27,0.49,0.44,0.73,0.11,0.78,0.7,0.46
2020-05-04,0.73,0.86,0.7,0.72,1.07,0.28,0.48,0.34,0.55,0.11,0.81,0.73,0.45
2020-05-05,0.54,0.82,0.75,0.87,0.99,0.29,0.45,0.38,0.81,0.11,0.73,0.52,0.47
2020-05-06,0.67,0.93,0.69,0.89,0.87,0.3,0.52,0.44,0.72,0.11,0.82,0.69,0.58
2020-05-07,0.4,0.88,0.76,0.73,0.85,0.35,0.41,0.52,0.61,0.11,0.73,0.78,0.51
2020-05-08,0.51,0.77,0.72,0.83,0.82,0.38,0.45,0.49,0.72,0.11,0.83,0.64,0.47
2020-05-09,0.55,0.77,0.69,0.85,0.88,0.3,0.37,0.56,0.77,0.11,0.75,0.64,0.58
2020-05-10,0.77,0.77,0.72,0.74,0.88,0.3,0.43,0.56,0.77,0.11,0.7,0.65,0.43
2020-05-11,0.54,0.81,0.71,0.76,0.87,0.36,0.53,0.56,0.53,0.11,0.67,0.77,0.53
2020-05-12,0.58,0.73,0.72,0.75,0.81,0.34,0.47,0.69,0.68,0.11,0.82,0.87,0.6
2020-05-13,0.48,0.8,0.66,0.9,0.88,0.28,0.38,0.75,0.81,0.11,0.74,0.69,0.57
2020-05-14,0.49,0.74,0.7,0.89,0.92,0.29,0.35,0.77,0.94,0.11,0.61,0.62,0.53
2020-05-15,0.51,0.87,0.83,0.84,0.83,0.31,0.34,0.55,0.76,0.11,0.91,0.67,0.49
2020-05-16,0.39,0.96,0.84,0.99,0.82,0.31,0.46,0.69,0.85,0.11,0.75,0.39,0.56
2020-05-17,0.68,0.72,0.7,1.06,0.89,0.28,0.49,0.76,1.01,0.11,0.75,0.62,0.43
2020-05-18,0.62,0.85,1.06,1.12,0.83,0.26,0.43,0.72,0.91,0.11,0.67,0.6,0.53
2020-05-19,0.61,0.73,0.93,1.31,0.87,0.28,0.52,0.57,0.99,0.11,0.69,0.46,0.49
2020-05-20,0.69,0.72,1.01,1.03,0.81,0.28,0.44,0.51,0.89,0.11,0.69,0.67,0.52
2020-05-21,0.56,0.74,1.01,1.09,0.83,0.27,0.43,0.42,0.92,0.11,0.68,0.94,0.5
2020-05-22,0.65,0.79,0.95,1.31,1.01,0.26,0.68,0.37,1.06,0.11,0.62,0.7,0.54
2020-05-23,0.67,0.72,0.84,1.16,1.14,0.29,0.62,0.52,1.02,0.11,0.48,0.79,0.51
2020-05-24,0.81,0.59,1.12,0.87,1.33,0.25,0.52,0.67,0.91,0.11,0.61,0.66,0.43
2020-05-25,0.57,0.7,1.01,0.94,1.1,0.25,0.44,0.68,0.93,0.11,0.76,0.64,0.53
2020-05-26,0.59,0.76,1.0,1.1,1.17,0.24,0.45,0.63,0.91,0.11,0.97,0.58,0.62
2020-05-27,0.83,0.92,1.07,0.83,1.18,0.21,0.44,0.45,0.91,0.63,0.56,0.68,0.54
2020-05-28,0.56,0.66,1.12,0.8,1.02,0.22,0.41,0.38,0.88,0.65,0.49,0.65,0.56
2020-05-29,0.57,0.7,1.11,0.77,1.08,0.26,0.34,0.44,0.67,0.63,0.73,0.67,0.64
2020-05-30,0.41,0.74,0.94,0.84,1.24,0.27,0.33,0.44,0.7,0.76,0.66,0.79,0.61
2020-05-31,0.4,0.84,1.02,0.84,1.15,0.31,0.43,0.37,0.79,0.57,0.63,0.61,0.43
2020-06-01,0.64,0.6,1.16,0.96,1.19,0.33,0.42,0.46,0.85,0.5,0.71,0.63,0.5
2020-06-02,0.45,0.57,1.07,0.92,1.07,0.43,0.33,0.71,0.77,0.47,0.68,0.68,0.47
2020-06-03,0.44,0.6,1.01,0.9,1.13,0.28,0.34,0.78,0.78,0.58,0.58,0.58,0.25
2020-06-04,0.79,0.62,1.05,1.09,1.09,0.34,0.3,0.73,0.87,0.68,0.74,0.61,0.27
2020-06-05,0.63,0.66,1.09,0.87,1.11,0.31,0.3,0.58,0.82,0.85,0.72,0.68,0.29
2020-06-06,0.71,0.6,1.17,0.82,1.13,0.28,0.29,0.67,0.77,0.64,0.77,0.62,0.46
2020-06-07,0.82,0.57,1.17,0.86,1.12,0.31,0.3,0.72,0.87,0.57,0.59,0.64,0.42
2020-06-08,0.57,0.65,1.16,0.94,1.12,0.33,0.32,0.74,1.0,0.64,0.59,0.63,0.64
2020-06-09,0.86,0.62,0.96,1.01,1.19,0.33,0.31,0.82,0.92,0.88,0.57,0.62,0.38
2020-06-10,0.85,0.66,0.83,1.03,1.13,0.33,0.28,0.7,0.81,0.69,0.55,0.55,0.53
2020-06-11,0.68,0.67,1.21,0.91,1.18,0.32,0.27,0.58,0.72,0.7,0.72,0.65,0.61
2020-06-12,0.85,0.64,1.2,1.06,1.19,0.38,0.28,0.45,0.77,0.97,0.71,0.74,0.54
2020-06-13,1.18,0.72,1.01,0.95,1.06,0.39,0.29,0.45,0.64,0.67,0.65,0.84,0.46
2020-06-14,0.86,0.56,1.03,1.04,1.03,0.38,0.26,0.45,0.68,0.58,0.69,0.78,0.42
2020-06-15,0.85,0.62,1.17,0.88,1.07,0.4,0.31,0.71,0.58,0.71,0.75,0.79,0.65
2020-06-16,0.85,0.6,1.18,0.88,1.11,0.44,0.31,0.87,0.55,0.63,0.68,0.62,0.58
2020-06-17,0.81,0.65,1.08,0.78,1.14,0.41,0.28,0.87,0.53,0.54,0.73,0.62,0.54
2020-06-18,0.56,0.73,1.21,0.82,1.18,0.43,0.26,0.85,0.55,0.68,0.74,0.68,0.55
2020-06-19,0.71,0.66,1.05,0.86,1.07,0.42,0.27,0.66,0.7,1.07,0.62,0.55,0.43
2020-06-20,0.5,0.66,1.12,0.8,1.01,0.34,0.26,0.61,0.53,0.74,0.71,0.59,0.56
2020-06-21,0.7,0.54,1.08,0.85,1.06,0.32,0.25,0.45,0.49,0.71,0.7,0.5,0.38
2020-06-22,0.52,0.62,1.12,0.91,1.02,0.39,0.26,0.74,0.65,0.73,0.68,0.68,0.56
2020-06-23,0.51,0.62,1.13,0.88,1.11,0.38,0.32,0.86,0.69,0.54,0.67,0.64,0.67
2020-06-24,0.75,0.61,1.07,0.89,1.2,0.4,0.36,0.77,0.63,0.56,0.59,0.7,0.5
2020-06-25,0.65,0.74,1.1,1.02,1.16,0.4,0.35,0.95,0.75,0.41,0.74,0.67,0.51
2020-06-26,0.59,0.61,1.14,1.01,0.98,0.42,0.34,0.79,0.9,0.46,0.66,0.69,0.56
2020-06-27,0.49,0.67,1.1,0.87,0.8,0.43,0.36,0.87,0.66,0.47,0.66,0.59,0.61
2020-06-28,0.52,0.66,0.76,0.94,0.81,0.38,0.36,0.72,0.67,0.52,0.63,0.5,0.61
2020-06-29,0.67,0.56,0.96,0.88,0.8,0.38,0.38,0.88,0.57,0.48,0.67,0.55,0.68
2020-06-30,0.73,0.56,1.05,0.84,0.72,0.36,0.39,0.83,0.78,0.52,0.69,0.67,0.53
2020-07-01,0.28,0.54,1.02,0.97,0.73,0.37,0.43,0.82,1.11,0.59,0.59,0.54,0.42
