Date,Bengaluru,Chennai,Delhi,Lucknow,Hyderabad,Gurugram
2017-08-28,13.12,28.73,13.61,13.54,31.84,17.97
2017-08-29,14.98,33.28,18.3333333333333,18.2,35.24,29.91
2017-08-30,16.33,29.77,23.0566666666667,26.77,32.5,30.46
2017-08-31,24.66,40.89,27.78,19.36,30.67,18.97
2017-09-01,13.48,35.94,24.03,18.1,35.74,12.36
2017-09-02,15.86,33.32,25,18.2,32.11,12.16
2017-09-03,29.74,45.44,25.07,14.84,33.41,11.25
2017-09-04,23.83,52.5,24.93,14.14,33.5,13.92
2017-09-05,23.99,57.04,25.08,14.73,41.28,13.67
2017-09-06,27.63,50.32,24.95,18.19,24.76,12.08
2017-09-07,12.5,33.91,24.93,15.15,32.88,12.97
2017-09-08,34.54,19.78,25.88,20.56,39.66,17.47
2017-09-09,15.06,23.26,25.77,19.36,41.62,20.76
2017-09-10,9.66,33.22,26.39,30.02,31.82,17.71
2017-09-11,9.5,33.73,27.92,26.2,32.15,17.61
2017-09-12,11.3,32.25,24.84,29.4,33.02,14.26
2017-09-13,12.87,13.16,24.38,29.14,30.88,20.02
2017-09-14,28.38,33.18,26.98,23.29,34.13,18.91
2017-09-15,18.53,19.31,27.32,30.61,38,22.56
2017-09-16,14.39,27.23,26.7,32.14,34.23,21.38
2017-09-17,5.9,17.7,26.7,31.59,31.75,30.88
2017-09-18,6.18,19.6,30.08,27.24,34.2,38.15
2017-09-19,19.64,20.92,28.73,18.66,38.84,36.53
2017-09-20,25.61,25.78,31.95,16.73,41.74,30.21
2017-09-21,24.16,28.07,23.1,15.47,37.47,11.61
2017-09-22,28.96,30.08,24.88,14.94,36.6,9.48
2017-09-23,41.31,42.39,22.19,12.27,30.97,9.41
2017-09-24,29.38,37.77,22.63,16.39,29.73,16.84
2017-09-25,24.14,27.56,24.48,19.63,29.35,16.3
2017-09-26,27.37,32.34,30.45,20.53,29.15,12.34
2017-09-27,7.85,21.74,29.26,26.15,28.45,15.93
2017-09-28,21.6,22.01,34.06,30.48,28.01,23.68
2017-09-29,8.95,30.37,40.26,29.53,31.95,26.92
2017-09-30,29.89,35.78,38.44,29.65,34.25,31.03
2017-10-01,21.92,23.47,32.9,23.32,29.4,28.09
2017-10-02,34.02,31.28,30.1,16.98,32.57,25.6
2017-10-03,29.93,30.05,34.34,15.38,34.69,32
2017-10-04,30.31,16.24,35.79,20.42,39.92,30.07
2017-10-05,10.53,33.99,36.81,17.38,43.05,75.54
2017-10-06,28.31,29.66,38.67,20.43,32.82,54.23
2017-10-07,21.99,24.72,34.44,25.48,43.87,21.17
2017-10-08,35.86,35.85,35.32,28.6,36.8,50.41
2017-10-09,20.43,35.88,31.11,19.71,41.5,22.99
2017-10-10,45.08,28.71,30.89,22.94,70.62,26.71
2017-10-11,34.99,40.74,29.67,18.43,43.76,21.74
2017-10-12,22.7,33.92,35.14,23.52,54.35,34.77
2017-10-13,14.59,11.17,37.98,21.43,79.99,31.99
2017-10-14,9.9,24.98,42.39,31.1,63.15,34.61
2017-10-15,13.39,17.31,37.15,39.88,57.62,36.07
2017-10-16,15.03,9.19,30.49,28.96,72.46,32.59
2017-10-17,17.23,6.88,30.46,19.74,67.21,32.26
2017-10-18,27.54,26.01,35.86,18.81,56.47,26.67
2017-10-19,34.64,45.95,36.35,17.24,57.92,25.37
2017-10-20,38.72,38.81,41.14,15.35,84.66,40.66
2017-10-21,34.89,43.89,34.52,17.32,81.47,38.07
2017-10-22,28.1,44.44,34.88,26.57,68.38,32.95
2017-10-23,33.95,65.06,52.91,28.24,53.28,27.37
2017-10-24,27.3,34.76,86.13,26.58,40.66,31.42
2017-10-25,20.57,24.77,106.16,31.97,107.68,33.84
2017-10-26,12.69,14.36,99.71,25.79,71.63,29.87
2017-10-27,19.69,19.74,82.93,33.02,18.11,30.26
2017-10-28,32.07,20.15,110.71,29.39,80.8,40.62
2017-10-29,36.67,29.74,83.99,42.12,58.83,37.19
2017-10-30,32.74,9.72,88.38,37.37,56.25,34.82
2017-10-31,47.84,21.9,65.34,45.65,53.67,21.56
2017-11-01,43.92,11.64,56.79,37.03,58.62,33.53
2017-11-02,44.38,24.43,61.91,47.5,63.67,45.12
2017-11-03,52.18,29.09,62.16,46.69,55.23,30.22
2017-11-04,43.23,21.16,73.16,44.73,51.23,32.78
2017-11-05,17.19,12.74,86.74,46.58,47.67,34.6
2017-11-06,6.75,12.67,72.82,42.18,43.64,24.93
2017-11-07,7.02,9.18,56.06,46.2,43.46,29.88
2017-11-08,13.74,22.1,55.51,57.2,54.87,21.77
2017-11-09,30.46,31.39,86.62,56.13,50.7,23.35
2017-11-10,24.08,24.35,104.94,50.44,55.83,19.26
2017-11-11,30.86,32.78,95.54,60.8,71.54,28.94
2017-11-12,14.76,32.86,88.03,60.88,53.74,37.87
2017-11-13,43.16,26.02,94.42,45.74,59.62,24.72
2017-11-14,37.68,16.2,69.5,35.99,44.16,41.87
2017-11-15,39.31,23.57,60.28,37.48,48.8,37.75
2017-11-16,34.31,25.78,62.01,29.43,43.11,28.26
2017-11-17,37.48,29.76,47.92,37.44,37.36,20.93
2017-11-18,19.28,19.58,37.68,42.82,37.79,27.6
2017-11-19,15.11,16.62,47.8,40.77,39.81,45.13
2017-11-20,17.27,11.44,54.08,58.37,42.8,40.78
2017-11-21,3.14,9.64,57.13,69.72,40.93,36.67
2017-11-22,15.6,26.93,57.6,61.73,51,31.75
2017-11-23,28.57,33.97,54.34,54.78,39.92,29.15
2017-11-24,29.13,27.26,54.02,52.9,60.26,25.78
2017-11-25,38.5,45.01,48.1,54.83,68.38,25.51
2017-11-26,35.73,29.54,44.82,64.86,52.91,24.71
2017-11-27,24.36,19.64,41.09,65.26,55.76,27.3
2017-11-28,22.54,25.07,34.78,51.4,56.56,18.35
2017-11-29,23.71,26.94,40.91,34.01,67.32,16.65
2017-11-30,19.73,17.88,44.4,31.53,60.26,23.29
2017-12-01,4.11,34.83,31.62,29.09,59.62,23.16
2017-12-02,4.61,42.02,36.62,31.63,65.3,16.78
2017-12-03,8.9,31.4,37.61,29.46,63.84,21.42
2017-12-04,24.47,26.7,32.64,27.96,67.63,18.03
2017-12-05,12.45,30.04,50.69,29.49,60.14,14.37
2017-12-06,15.95,40.77,43.68,44.14,48.64,20.02
2017-12-07,17.7,40.88,41.43,43.58,48.33,25.39
2017-12-08,19.45,47.78,50.26,51.29,61.72,32.23
2017-12-09,21.2,38.98,68.58,38.22,59.43,25.82
2017-12-10,22.96,45.45,90.07,27.02,39.78,25.97
2017-12-11,24.71,55,66.07,28.25,44.73,15.43
2017-12-12,26.46,28.49,38.75,22.08,54.6,19.68
2017-12-13,28.21,19.15,46.28,29.12,48.7,22.45
2017-12-14,29.96,15.41,42.19,25.2,48.56,25.8
2017-12-15,31.71,27.65,38.04,24.85,42.62,28.07
2017-12-16,33.46,52.58,23.98,32.47,42.31,29.34
2017-12-17,35.21,68.71,36.4,37.52,46.91,36.66
2017-12-18,36.96,66.46,45.37,29.55,56.42,51.86
2017-12-19,38.71,61.01,49.68,22.79,45.37,33.28
2017-12-20,40.46,35.3,67.35,25.31,43,14.9
2017-12-21,42.21,25.9,66.06,49.22,51.64,28.5
2017-12-22,43.97,24.92,48.84,80.06,50.01,31.67
2017-12-23,45.72,25.37,43.85,77.57,57.5,42.28
2017-12-24,47.47,25.72,59.85,64.36,47.69,28.04
2017-12-25,49.24,24.74,56.1,61.54,38.5,27.11
2017-12-26,50.97,37.33,38.93,63.43,53.45,31.21
2017-12-27,51.85,58.63,58.98,64.21,47.38,21.64
2017-12-28,52.72,38.43,66,51.08,47.22,21.84
2017-12-29,17.18,35.45,61.36,39.17,49.58,22.99
2017-12-30,33.48,19.64,61.73,28.32,41.64,24.92
2017-12-31,32.36,26.74,76.45,49.5,39.55,18.47
2018-01-01,25.89,28.82,68.75,60.19,38.93,19.58
2018-01-02,24.78,17.19,68.68,50.44,51.26,17.54
2018-01-03,35.27,26.41,54.94,42.66,56.84,16.49
2018-01-04,46.62,40.16,66.31,30.7,58.03,18.69
2018-01-05,51.89,31.36,48.57,15.74,52.74,19.16
2018-01-06,59.57,42.57,39.65,27.13,47.04,19.47
2018-01-07,62.13,50.15,57.39,25.4,50.17,24.91
2018-01-08,76.84,48.76,54.55,25.25,52.61,27.37
2018-01-09,70.18,50.51,66.79,22.39,57.35,26.25
2018-01-10,54.29,18.73,58.51,27.65,56.34,33.08
2018-01-11,37.03,26.63,56.22,32.01,55.98,40.11
2018-01-12,48.6,31.97,62.37,17.78,52.03,28.86
2018-01-13,47.39,20.49,75.14,22.37,49.6,24.53
2018-01-14,53.1,28.71,64.8,26.75,48.64,26.16
2018-01-15,66.4,40.6,59.73,29.12,50.02,34.78
2018-01-16,59.88,42.88,54,39.04,43.58,41.55
2018-01-17,64.8,33.83,64.1,16.64,45.85,25.9
2018-01-18,65.34,44.7,72.89,27.45,37.53,22.37
2018-01-19,71.99,52.91,73.6,22.2,38.71,24.74
2018-01-20,80.04,51.59,43.18,24.45,45.46,31.66
2018-01-21,81.55,57.39,41.49,36.88,44.16,26.22
2018-01-22,77.88,40.29,68.33,33.49,52.29,30.88
2018-01-23,60.85,38.16,48.67,26.45,47.74,23.25
2018-01-24,43.36,28.97,42.04,28.72,45.11,14.67
2018-01-25,56.22,37.25,43.99,20.9,45.4,15.29
2018-01-26,63.78,51.81,44.09,42.45,52.7,14.25
2018-01-27,61.21,40.58,56.12,57.25,52.9,21.91
2018-01-28,62.46,53.46,54.01,55.88,48.76,15.62
2018-01-29,55.34,56.87,60.56,59.69,50.19,19.58
2018-01-30,56.31,52.14,56.85,66.28,51.92,22.04
2018-01-31,52.6,49.48,53.7,71.36,40.67,26.68
2018-02-01,41.2,37.94,60.7,61.06,36.26,18.05
2018-02-02,49.36,45.96,52.12,62.13,36.32,20.04
2018-02-03,46.48,32.07,52.29,56.21,50.3,26.56
2018-02-04,42.53,40.93,52.23,59.09,54.21,33.25
2018-02-05,40.8,34.94,43.11,71.31,56.47,17.54
2018-02-06,40.51,20.1,41.11,59.51,36.51,15.55
2018-02-07,25.11,16.92,49.34,46.54,39.53,19.19
2018-02-08,27.4,20.76,45.91,42.86,34.55,14.92
2018-02-09,30.91,14.02,49.11,40.36,35.92,19.09
2018-02-10,25.27,29.6,53.31,32.64,29.39,15.98
2018-02-11,38.11,22.69,43.54,17.54,34.88,15.6
2018-02-12,32.61,28.55,37.47,22.29,38.74,22.96
2018-02-13,44.28,27.95,38.83,23.1,44.34,37.9
2018-02-14,38.23,40.05,38.43,25.01,46.28,57.6
2018-02-15,35.76,40.81,40.95,28,46.88,96.25
2018-02-16,36.38,38.51,38.4,30.65,41.68,80.2
2018-02-17,43.4,42.39,44.13,29.86,39.46,84.97
2018-02-18,49.17,47.51,45.75,25.56,47.42,82.77
2018-02-19,51.46,33.17,49.74,30.61,53.02,35.7
2018-02-20,55.88,35.85,51.27,28.9,50.85,39.5
2018-02-21,52.95,28.4,57.47,25.85,47.88,43.31
2018-02-22,52.15,26.36,47.69,23.8,46.5,47.11
2018-02-23,52.09,23.75,48.62,21.08,48.94,50.92
2018-02-24,35.76,23.03,55.26,42.51,45.22,54.72
2018-02-25,37.55,20.43,43.87,94.71,33.06,58.52
2018-02-26,30.2,24.98,43.19,87.92,40.48,62.33
2018-02-27,32.51,45.08,40.51,89.05,40.86,66.13
2018-02-28,31.63,32.1,46.16,98.61,41.99,69.94
2018-03-01,36.47,50.02,40.69,94.98,37.91,73.74
2018-03-02,45.24,40.18,45.55,98.26,43.91,88.2
2018-03-03,43.82,50.51,38.38,88.2,53.05,78.94
2018-03-04,44.8,33.49,34.95,77.14,50.33,68.28
2018-03-05,36.83,24.97,40.45,59.88,48.64,59.01
2018-03-06,33.61,26.86,44.99,61.54,56.45,81.88
2018-03-07,46.63,33.84,45.24,61.47,53.66,82.67
2018-03-08,40.31,33.49,57.76,42.5,45.08,85.47
2018-03-09,40.87,39.55,52.43,40.57,45.57,83.67
2018-03-10,33.03,33.76,41.74,38.13,50.9,74.93
2018-03-11,45.61,45.47,46.28,30.69,57.23,94.86
2018-03-12,38.92,17.77,44.49,36.22,44.39,85.33
2018-03-13,20.48,18.79,43.79,34.42,42.72,82.93
2018-03-14,38.25,14.83,48.03,25.22,49.57,84.76
2018-03-15,26.5,13.35,37.77,22.33,48.41,62.35
2018-03-16,23.65,14.79,43.04,36.08,43.99,81.13
2018-03-17,26.48,19.13,37.89,38.68,47.12,82.7
2018-03-18,20.61,26.31,45.83,47.83,37.7,47.61
2018-03-19,50.57,24.22,44.89,48.96,48.04,45.17
2018-03-20,46.5,21.59,51.95,39.03,47.14,51.7
2018-03-21,53.46,21.6,52.82,24.86,45.92,50.95
2018-03-22,34.26,28.59,45.99,32.86,32.33,58.44
2018-03-23,32.05,32.94,46.6,46.94,36.12,68.66
2018-03-24,58.64,37.83,50.02,51.96,39.62,71.22
2018-03-25,54.78,25.78,54.47,51.79,43.09,77.31
2018-03-26,64.14,21.06,52.72,51.08,44.76,73.81
2018-03-27,73.5,12.2,49.55,49.84,50.92,57.27
2018-03-28,73.18,14.1,57.85,33.71,51.24,58.31
2018-03-29,72.87,20.3,57.43,37.69,48.28,21.45
2018-03-30,72.57,31.36,58.75,34.3,45.56,18.33
2018-03-31,72.27,52.63,67.56,37.38,49.61,14.95
2018-04-01,71.97,62.76,68.76,32.79,48.2,14.64
2018-04-02,71.66,46.55,64.33,29.27,44,16.42
2018-04-03,71.36,38.27,67.6,29.04,41,15.76
2018-04-04,71.06,55.15,65.46,38.72,50.85,15.85
2018-04-05,70.75,56.64,64.73,36.67,43.49,17.55
2018-04-06,70.45,46.24,54.04,32.04,46.02,17.84
2018-04-07,70.15,42.24,54.42,30.18,49,13.89
2018-04-08,69.84,46.15,56.29,27.04,44.24,11.54
2018-04-09,69.54,53.25,42.76,24.52,47.22,10.69
2018-04-10,69.24,23.9,60.94,29.03,37.75,12.04
2018-04-11,68.94,26.55,46.34,30.1,31.17,11.33
2018-04-12,68.63,20.72,48.2,33.5,38.29,12.83
2018-04-13,68.33,16.83,47.74,39.79,38.8,13.9
2018-04-14,68.03,23.02,47.69,39.31,40.13,17.01
2018-04-15,67.72,24.7,53.47,36.2,27.82,12.71
2018-04-16,67.42,23.77,55.85,28.24,36.09,13.16
2018-04-17,67.12,24.69,49.19,36.52,41.82,10.41
2018-04-18,66.82,24.28,51.01,38.64,45.82,17.8783333333333
2018-04-19,66.52,28.49,53.3,39.54,39.18,25.3466666666667
2018-04-20,66.22,31.08,48.98,25.02,37.27,32.815
2018-04-21,74.4766666666667,34.68,61.05,36.23,31.15,40.2833333333333
2018-04-22,82.7333333333333,32.97,60.81,52,43.31,47.7516666666667
2018-04-23,90.99,31.38,63.78,56.54,49.31,55.22
2018-04-24,55.89,27.93,59.45,48.87,51.74,38.39
2018-04-25,49.01,27.55,48.81,39.88,53.56,33.58
2018-04-26,46.4,29.81,65.07,41.64,52.61,15.75
2018-04-27,53.72,22.95,69.49,42.34,52.49,23.68
2018-04-28,40.12,15.65,75.5,41.36,46.38,29.1866666666667
2018-04-29,45.33,25.58,69.07,43,49.28,34.6933333333333
2018-04-30,46.3,29.47,60.39,45.07,44.31,40.2
2018-05-01,48.92,41.65,65.54,36.99,45.47,30.91
2018-05-02,41.52,57.07,64.55,39.69,48.88,29.73
2018-05-03,46.69,45.4,50.16,31.22,48.87,23.55
2018-05-04,45.87,40.29,59.09,33.33,50.95,32.58
2018-05-05,38.61,24.41,59.48,37.24,51.31,29.43
2018-05-06,44.38,30.79,57.57,44.38,47.6,18.77
2018-05-07,36.48,45.6,57.48,48.53,51.78,17.42
2018-05-08,32.43,23.39,61.42,38.59,46.9,25.42
2018-05-09,52.6,30.84,53.1,48.9,43.87,24.76
2018-05-10,41.46,23.49,57.78,52.12,45.59,28.8
2018-05-11,24.19,23.89,65.24,69.55,50.78,27.12
2018-05-12,39.45,17.65,67.9,42.32,50.32,36.24
2018-05-13,46.78,26.54,67.88,39.41,61.46,30.11
2018-05-14,37.5,34.08,56.2,39.44,56.79,31.38
2018-05-15,44.59,33.99,62.52,32,51.51,31.58
2018-05-16,29.15,17.05,54.41,35.11,48.44,23.65
2018-05-17,41.75,19.95,70.39,40.03,39.03,28.44
2018-05-18,35.22,44.79,58.67,39.78,45.12,33.79
2018-05-19,42.52,48.23,57.66,52.35,46.38,19.13
2018-05-20,47.98,26.21,55.77,54.71,62.1,22.31
2018-05-21,36.12,29.4,60.27,57.07,59.66,24.93
2018-05-22,41.2,43.92,59.41,59.43,56.37,27.7
2018-05-23,30.74,33.92,59.46,39.26,52.86,47.92
2018-05-24,34.78,33.21,53.43,19.04,47.17,33.9
2018-05-25,27.78,24.94,48.95,36.92,55.12,19.88
2018-05-26,22.59,38.06,49.85,74.57,36.5,22.34
2018-05-27,19.04,51.17,56.75,49.39,49.07,19.37
2018-05-28,30.76,43.95,59.11,124.7,45.6,41.57
2018-05-29,27.82,39.32,59.1,135.66,46.07,36.16
2018-05-30,23.37,43.58,59.9,106.26,44.57,37.31
2018-05-31,21.01,50.16,50.6,76.86,45.54,27.83
2018-06-01,24.28,43,58.87,74.77,52.89,40.98
2018-06-02,23.96,43.99,60.12,7.48,35.35,47.83
2018-06-03,16.46,47.96,57.87,8.51,44.34,44.26
2018-06-04,15.51,42.95,57.03,9.83,57.7,43.96
2018-06-05,16.54,34.07,48.46,13.17,48.4,40.79
2018-06-06,12.58,24.65,48.47,13.16,47.76,32.66
2018-06-07,13.22,27.19,60.18,11.79,47.94,37.78
2018-06-08,11.05,25.31,54.22,9.48,40.15,47.58
2018-06-09,15.82,32.32,41.95,10.32,33.8,32.4
2018-06-10,12.71,33.45,45.16,11.82,22.52,25.9
2018-06-11,10.74,23.99,46.66,19.91,18.82,35.87
2018-06-12,13.91,25.17,37.85,22.67,17.16,22.91
2018-06-13,12.97,26.51,27.45,18.83,19.6,21.26
2018-06-14,16.41,23.98,43.38,16.96,17.53,24.58
2018-06-15,18.53,31.37,40.15,14.06,20.79,25.87
2018-06-16,13.77,28.32,45.76,12.78,22,22.69
2018-06-17,8.71,32.73,44.56,14.93,19.71,32.94
2018-06-18,11.02,29.86,46.41,15.71,19.88,38.3
2018-06-19,14.71,25.66,53.39,14.85,23.9,47.44
2018-06-20,21.95,15.15,60.2,18.51,27.49,43.45
2018-06-21,25.83,25.05,66.75,21.68,27.79,65.28
2018-06-22,26.92,27.11,64.38,25.46,25.78,58.19
2018-06-23,17.71,31.31,66.18,30.78,23.59,57.77
2018-06-24,15.09,31.74,59.17,29.73,19.13,40.94
2018-06-25,14.73,27.59,39.06,28.16,17.31,29.65
2018-06-26,18.29,31.3,33.09,27.6,17.5,20.82
2018-06-27,16.43,25.83,44.04,19.32,15.07,42.95
2018-06-28,15.6,29.89,33.17,21.49,17.65,26.08
2018-06-29,17.84,30.33,31.43,21.56,23.37,21.58
2018-06-30,10.67,40.22,31.21,27.47,22,20.93
2018-07-01,11.29,35.33,28.09,67.47,25.21,24.7
2018-07-02,16.14,36.67,33.79,52.09,23.96,22.89
2018-07-03,16.04,25.71,39.78,49.14,22.53,28.91
2018-07-04,14.42,23.34,45.71,52.85,21.98,30.06
2018-07-05,15.83,18.21,41.14,41.84,20.08,26.33
2018-07-06,15.59,13.72,40.01,40.88,18.73,33.35
2018-07-07,18.73,16.05,53.82,45.35,18.53,43.61
2018-07-08,16.35,23.4,65.27,57.16,20.17,40.61
2018-07-09,13.71,19.44,54.8,47.74,18.43,36
2018-07-10,14.05,17.08,43.89,44.21,16.26,29.89
2018-07-11,14.5,13.87,34.6,57.39,19.91,27.5
2018-07-12,15.79,11.27,45.16,44.56,20.46,28.76
2018-07-13,18.07,13.4,26.96,45.58,15.7,22.25
2018-07-14,16.19,15.14,29.2,54.31,15.88,30.65
2018-07-15,17.01,15.06,28.01,53.59,21.52,25.44
2018-07-16,13.25,16.12,23.59,50.48,16.13,21.33
2018-07-17,18.52,20.24,31.96,30.64,14.86,25.31
2018-07-18,17.83,22.81,32.43,22.34,13.58,29.14
2018-07-19,18.19,16.08,31.96,18.59,14.75,24.94
2018-07-20,22.36,18.83,24.18,15.08,13.12,26.85
2018-07-21,21.97,18.61,32.23,13.76,15.35,27.51
2018-07-22,21.53,21.63,24.91,10.97,14.36,18.23
2018-07-23,15.16,18.07,26.11,8.76,15.37,17.47
2018-07-24,13.77,19.22,34.46,11.42,15.58,40.1
2018-07-25,12.29,14.35,21.39,12.88,16.66,15.22
2018-07-26,13.43,16.83,18.6,10.88,16.19,15.08
2018-07-27,15.22,17.6,19.82,13.84,17.72,16.21
2018-07-28,16.19,22.09,24.11,13.61,18.44,20.04
2018-07-29,15.94,24.44,26.19,12.36,16.26,20.81
2018-07-30,14.61,22,28.09,12.74,17.7,20.75
2018-07-31,15.43,17.29,27.81,38.62,17.22,18.83
2018-08-01,14.61,12.09,29.94,19.64,16.38,18.01
2018-08-02,15.23,21.72,29.3,22.6,13.63,17.7
2018-08-03,12.05,25.99,28.1,11.97,15.42,15.7
2018-08-04,12.14,20.97,29.61,11.71,16.46,16.8
2018-08-05,13.44,18.82,25.4,10.78,16.05,16.13
2018-08-06,14.22,17.12,27.42,12.7,16.55,25.39
2018-08-07,13.14,15.24,32.06,19.71,13.97,21.61
2018-08-08,11.18,18.57,31.12,16.2,13.81,18.05
2018-08-09,13.65,10.56,34.11,16.25,12.64,22.17
2018-08-10,11.75,13.72,31.83,15.47,14.98,16.42
2018-08-11,11.75,9.61,27.66,16.01,11.86,18.74
2018-08-12,12.48,9.08,23.92,7.65,14.52,14.74
2018-08-13,11.69,13.44,27.7,14.01,13.69,18.7
2018-08-14,11.02,10.41,32.47,22.36,10.2,15.67
2018-08-15,11.1,11,34.04,6.79,11.99,17.99
2018-08-16,15.54,16.84,31.87,7.37,15.01,14.45
2018-08-17,14.21,9.03,30.62,6.19,18.05,22.69
2018-08-18,14.37,10.1,30.9,5.23,18.6,22.53
2018-08-19,15.56,8.17,32.1,6.53,15.02,20.61
2018-08-20,14.54,9.05,39.36,7.92,14.53,29.08
2018-08-21,16.38,7.35,31.02,8.9,14.24,18.51
2018-08-22,16.23,7.55,25.33,16.37,13.14,20.18
2018-08-23,13.6,4.86,18.25,10.55,11.2,15.07
2018-08-24,12.61,4.89,19.29,10.44,12.62,17.66
2018-08-25,12.01,6,20.69,9.56,12.26,15.02
2018-08-26,13.19,8.98,24.77,9.19,11.18,18.76
2018-08-27,10.61,10.38,26.5,23.38,9.29,24.53
2018-08-28,12.42,18.68,21.91,27.96,12.08,16.38
2018-08-29,10.52,18.48,21.53,24.95,15.33,12.21
2018-08-30,11.59,19.46,27.06,8.75,18.68,13.96
2018-08-31,12.01,19.14,23.57,9.44,15.88,16.1
2018-09-01,15.32,24.39,19.58,13.12,15.43,12.89
2018-09-02,17.84,32.26,23.36,14.32,14.04,19.13
2018-09-03,16.89,44.5,26.15,11.39,13.7,28.59
2018-09-04,18.24,50.33,26.55,9.69,13.86,10.58
2018-09-05,18.23,44.4,20.64,26.17,14.3,7.535
2018-09-06,17.79,39.37,26.24,15.44,14.29,4.49
2018-09-07,16.77,32.63,28.23,19.61,17.95,12.98
2018-09-08,17.16,33.69,23.65,18.05,19.94,8.25
2018-09-09,23.36,43.7,26.36,16.49,23.55,10.42
2018-09-10,21.64,35.48,29.46,13.89,27.14,4.05
2018-09-11,32.98,33.64,23.21,17.87,25.02,5.34
2018-09-12,33.73,36.56,22.44,23.28,20.9,7.86
2018-09-13,21.83,43.52,23.11,17.88,21.97,6.67
2018-09-14,32.17,35.37,24.58,19.32,30.31,9.5
2018-09-15,25.3,41.45,25.86,20.7,27.22,17.94
2018-09-16,19.68,37.48,26.12,21.74,22.86,26.38
2018-09-17,11.82,29.89,35.01,19.98,24.49,34.82
2018-09-18,13.4,15.27,38.79,24.56,21.89,28.13
2018-09-19,16.89,13.27,40.04,20.78,21.57,30.05
2018-09-20,18.67,15.8,49.18,23.37,23.53,43.1
2018-09-21,19.11,22.41,30.31,15.11,21.72,22.07
2018-09-22,21.83,24.6,23.89,14.26,27.07,15.9
2018-09-23,26.8,20.67,28.89,20.64,28.19,22.5
2018-09-24,29.89,21.88,19.54,19.56,21.51,5.87
2018-09-25,22.54,17.92,22.48,14.19,20.19,24.72
2018-09-26,23.35,16.79,28.54,21.61,16.94,20.99
2018-09-27,20.67,14,35.24,23.42,24.45,22.57
2018-09-28,14.86,13.21,37.24,27.33,15.53,17.28
2018-09-29,12.5,11.13,41.92,27.64,17.26,32.54
2018-09-30,16.11,12.69,35.54,30.17,24.96,36.9
2018-10-01,18.94,14.15,38.52,38.74,23.41,34.57
2018-10-02,15.9,13.46,35.8,36.84,22.58,36.78
2018-10-03,16.22,12.78,36.72,35.07,23.91,36.83
2018-10-04,8.9,10.81,45.63,17.01,24.63,40.47
2018-10-05,11.69,14.23,44.88,20.68,29.57,54.69
2018-10-06,10.5,15.03,32.93,29.63,29.21,37.65
2018-10-07,16.31,19.43,42.38,29.79,29.27,46.08
2018-10-08,18.26,18.66,51.05,30.61,28.65,52.99
2018-10-09,22.25,23.62,52.46,37.14,23.73,54.83
2018-10-10,23.46,24.71,43.9,33.67,21.94,50.92
2018-10-11,21.65,35.36,37.04,33.75,25.52,33.5
2018-10-12,22.96,33.56,42.01,19.54,27.9,39.27
2018-10-13,28.02,30.89,42,28.03,21.39,43.81
2018-10-14,34.33,30.56,40.16,43.29,27.41,44.61
2018-10-15,23.25,29.96,44.92,41.59,28.29,47.56
2018-10-16,19.06,17.9,54.38,32.5,26.04,46.87
2018-10-17,18.23,16.26,44.29,41.64,19.11,39.77
2018-10-18,21.13,18.73,44.65,37.67,21.12,32.67
2018-10-19,19.64,25.74,51.05,28.91,24.15,47.01
2018-10-20,27.25,18.13,47.64,31.21,26.5,41.02
2018-10-21,29.37,19.48,42.61,30.31,26.96,37.66
2018-10-22,29.12,19.31,41.32,31.92,27.86,34.98
2018-10-23,24.69,20.21,44.7,30.71,30.64,32.8
2018-10-24,24.3,15.61,56.09,31.61,28.14,40.98
2018-10-25,25.3,18.69,62.29,21.2,28.84,40.18
2018-10-26,30.95,25.47,53.02,25.6,31.72,22.88
2018-10-27,37.95,31.79,52.9,26.93,27.8,40.89
2018-10-28,38.38,50.28,52.78,23.82,36.66,39.85
2018-10-29,35.49,52.32,53.2,20.51,41.62,34.63
2018-10-30,28.94,21.44,50.55,24.58,41.46,38.91
2018-10-31,26.11,15.54,47.05,24.6,34.51,35.83
2018-11-01,23.72,13.71,45.98,28.62,26.9,39.88
2018-11-02,16.57,17.25,46.13,30.11,19.95,46.08
2018-11-03,20.21,23.51,45.43,32.63,23.14,56.68
2018-11-04,27.03,26.27,51.96,48.28,25.91,55.2
2018-11-05,21.7,22.85,45,47.1,27.53,32.01
2018-11-06,20.31,21.38,45.01,54.67,31.15,44.16
2018-11-07,27.35,24.89,51.22,51.55,34.91,45.72
2018-11-08,23.63,20.71,38.35,39.74,41,31.18
2018-11-09,25.02,25.98,47.94,46.86,36.77,34.78
2018-11-10,29.27,23.79,42.55,40.94,42.35,33.8
2018-11-11,34.04,28.45,51.68,40.5,44,38.34
2018-11-12,25.83,31.5,53.37,38.12,43.16,33.9
2018-11-13,28.07,46.49,37.8,36.14,34.36,27.92
2018-11-14,25.98,36.28,31.95,33.35,35.17,19.92
2018-11-15,17.61,25.99,32.95,32.19,30.37,21.79
2018-11-16,19.48,16.2,40.74,42.7,25.38,29.97
2018-11-17,35.62,13.6,36.97,47.15,20.36,27.47
2018-11-18,26.38,12.32,39.51,41.96,18.99,22.4
2018-11-19,13.5,18.24,51.15,36.48,21.05,42.72
2018-11-20,16.08,19.48,46.03,33.63,29.47,27.8
2018-11-21,21.91,14.62,40.22,30.57,36.71,21.4
2018-11-22,11.65,15.4,37.22,26.57,34.42,19.29
2018-11-23,11.55,28.75,40.01,39.37,32.72,29.13
2018-11-24,25.36,37.14,37.48,33.89,36.63,38.44
2018-11-25,41.24,37.01,37.17,26,46.4,45.71
2018-11-26,58.03,46.88,39.8,19.52,44.11,44.96
2018-11-27,62.99,43.13,34.02,19.57,41.07,41.87
2018-11-28,52.81,34.91,34.61,13.86,43.73,38
2018-11-29,42.35,35.7,35.79,16.44,34.93,39.95
2018-11-30,47.85,26.2,35.79,29.72,40.48,37.26
2018-12-01,50.45,25.18,35.45,25.7,35.54,36.36
2018-12-02,59.89,22.14,39.35,21.72,34.25,36.75
2018-12-03,43.92,26.18,38.44,27.87,36.37,42.6
2018-12-04,24.11,15.45,38.12,22.96,37.26,40.43
2018-12-05,26.63,27.94,32.33,28.35,33.84,18.37
2018-12-06,35.15,25.65,40.87,28.7,29.75,11.67
2018-12-07,33.42,27.6,32.45,27.51,31.2,13.02
2018-12-08,52.77,30.72,37.6,25.08,36.84,17.24
2018-12-09,80.57,32.88,39.85,24.21,36.66,18.39
2018-12-10,76.51,27.31,42.51,20.17,36.29,23.87
2018-12-11,69.85,25.82,41.9,21.5,31.26,33.31
2018-12-12,66.64,30.5,36.34,17.88,36.7,27.44
2018-12-13,59.79,23.49,24.89,19.2,34.73,23.86
2018-12-14,50.06,24.09,27.74,20.41,24.87,26.79
2018-12-15,48.1,48.79,29.58,22.84,37.42,27.73
2018-12-16,73.64,46.55,32.7,23.53,49.21,28.54
2018-12-17,51.64,49.14,32.85,24.04,34.28,25.1
2018-12-18,38.34,24.64,37.13,23.91,20.98,30.65
2018-12-19,57.86,19.24,37.05,32.04,23.73,30.66
2018-12-20,64.96,21.85,40.5,28.53,22.1,31.04
2018-12-21,56.78,27.3,38.38,32.96,27.57,32.6
2018-12-22,41.65,34.56,44.98,28.51,36.75,27.73
2018-12-23,46.25,27.99,50.65,26.44,42.72,34.89
2018-12-24,41.44,37.41,43.25,33.07,34.26,28.84
2018-12-25,54,36.12,36.37,38.3,43.56,28.69
2018-12-26,55.22,36.73,39.09,33.34,39.08,25.04
2018-12-27,55.3,37.12,40.96,28.24,28.38,26.76
2018-12-28,57.62,32.06,37.38,29.98,36.78,29.99
2018-12-29,47.62,31.96,39.29,36.71,45.65,26.66
2018-12-30,64.73,47.92,42.87,32.4,44.23,26.9
2018-12-31,55.18,69.62,41.44,31.43,38.19,23.11
2019-01-01,56.91,56.82,39.58,29.14,31.99,23.92
2019-01-02,51.25,36.38,43.3,23.3,33.44,26.45
2019-01-03,46.4,42.23,39.77,24.84,32.47,22.61
2019-01-04,41.42,47.31,28.75,26.35,34.39,15.31
2019-01-05,50.61,48.85,36.33,21.6,40.43,20.82
2019-01-06,64.29,30.74,31.48,27.44,46.03,30.05
2019-01-07,55.51,31.93,27.11,21.14,40.13,20.97
2019-01-08,47.42,31.65,27.37,25.19,27.73,30.93
2019-01-09,54.54,46.05,30.9,30.25,28.57,38.85
2019-01-10,56.23,39.2,30.92,35.39,34.38,33.12
2019-01-11,57.02,48.29,35.61,17.19,39.24,33.27
2019-01-12,61.7,44.27,39.78,21.35,40.02,37.12
2019-01-13,65.16,41.06,37.53,21.44,40,39.99
2019-01-14,50.93,54.55,31.33,21.1,37.84,43.53
2019-01-15,55.78,52.62,29.85,23.64,35.6,41.79
2019-01-16,69.72,40.96,33.75,25.62,35.82,33.66
2019-01-17,53.81,50.43,39.76,21.83,30.21,43.84
2019-01-18,54.41,56.44,30.35,28.03,30.69,31.96
2019-01-19,46.91,45.77,34.75,30.68,31.88,36.36
2019-01-20,63.97,35.54,45.03,31.84,29.49,35.48
2019-01-21,67.06,39.49,32.77,30.66,33.19,36.04
2019-01-22,72.89,40.99,27.01,40.16,32.82,32.21
2019-01-23,67.41,39.45,26.51,24.96,33.93,26.46
2019-01-24,61.46,36.67,30.57,19.5,29.43,28.39
2019-01-25,56.81,27.67,30.01,11.27,26.51,33.32
2019-01-26,52.2,25.33,35.41,15.62,23.49,42.61
2019-01-27,55.36,22.97,33.34,24.53,13.14,43.9
2019-01-28,53.78,33.89,33.6,27.44,18.86,53.27
2019-01-29,47.64,37.91,33.83,30.81,29.15,45.07
2019-01-30,59.22,45.84,35.84,24.29,33.69,31.88
2019-01-31,67.58,41.59,37.52,15.54,29.69,35.82
2019-02-01,63.66,45.34,33.12,18.87,34.07,41.25
2019-02-02,61.35,37.96,30.88,22.52,29.72,29.17
2019-02-03,64.91,36.74,29.44,19.59,34.63,28.49
2019-02-04,49.04,43.27,33.42,19.64,38.6,29.86
2019-02-05,65.7,55.63,46.33,19.34,38.11,40.67
2019-02-06,78.02,52.24,34.4,8.89,34.76,33.39
2019-02-07,73.99,41.97,30.25,14.14,40.27,19.74
2019-02-08,65,33.31,30.59,15.71,29.95,19.62
2019-02-09,55.17,18.49,33.55,26.11,35.28,19.92
2019-02-10,41.91,18.45,33.03,28.68,34.46,25.86
2019-02-11,37.69,31.72,37.03,29.79,32.49,23.12
2019-02-12,49.43,57.84,43.29,25.59,30.71,28.27
2019-02-13,52.51,79.41,43.36,22.79,29.39,25.3
2019-02-14,57.75,56.47,32.61,19.44,35.52,30.56
2019-02-15,59.52,32.8,28.15,22.07,28.5,26.01
2019-02-16,56.07,26.4,26.45,24.59,28.7,29.68
2019-02-17,62.98,18.38,34.81,24.89,26.53,38.84
2019-02-18,48.6,17.49,33.69,25.9,34.67,35.01
2019-02-19,50.9,17.42,36.66,25.7,31.04,29.59
2019-02-20,40.97,20.24,23.68,23.11,22.5,19.49
2019-02-21,41.82,21.84,34.41,20.83,27.44,31.01
2019-02-22,42.98,32.82,28.45,27.55,29.65,34.53
2019-02-23,43.98,42.25,37.26,35.48,32.58,50.53
2019-02-24,53.2,33.15,38.02,33.63,33.16,46.54
2019-02-25,55.66,29.26,42.49,29.92,35.68,38.18
2019-02-26,64.35,18.88,32.19,34.13,28.01,36.35
2019-02-27,58.28,17.23,31.38,30.93,25.47,35.91
2019-02-28,56.36,16.65,35.95,32.48,29.24,33.43
2019-03-01,53.3,15.1,37.75,31.31,26.37,31.94
2019-03-02,49.67,18.42,25.07,29.87,23.5,17.01
2019-03-03,55.58,19.22,33.59,24.5,25.1,25.43
2019-03-04,63.42,19.86,38.13,22.58,33.65,28.39
2019-03-05,56.77,22.26,36.3,27.63,26.83,31.28
2019-03-06,48.36,21.23,33.71,34.01,32.22,29.85
2019-03-07,39.54,23.03,39.32,35.45,36.21,33.94
2019-03-08,49.42,21.08,37.86,28.26,32.16,30.34
2019-03-09,56.41,26,33.51,24.54,26.07,35.3
2019-03-10,47.45,18.63,44.11,28.93,26.28,44.13
2019-03-11,55.52,17.53,42.09,33.53,26.75,42.08
2019-03-12,67.73,26.92,37.15,37.18,29,31.76
2019-03-13,59.27,25.37,33.94,37.47,35.6,25.59
2019-03-14,65.46,31.6,28.81,33.1,32.13,22.05
2019-03-15,54.19,34.93,33.4,39.39,32.17,31.69
2019-03-16,47.32,29.95,43.66,38.74,33.27,44.82
2019-03-17,66.57,34.31,42,43.96,25.92,40.64
2019-03-18,67.48,24.25,43.21,44.76,30.19,41.42
2019-03-19,59.72,18.89,40.14,44.18,26.68,37.4
2019-03-20,57.62,28.14,40.41,40.83,27.83,34.34
2019-03-21,61.82,28.28,46.64,44.33,31.53,38.21
2019-03-22,59.05,27.87,46.73,47.14,30.83,33.52
2019-03-23,58.37,22.44,52.24,52.6,31.37,36.25
2019-03-24,64.14,10.75,42.57,37.14,34.52,31.38
2019-03-25,49.93,23.65,36.06,30.84,34.56,25.93
2019-03-26,57.9,36.49,41.35,29.4,31.57,32.12
2019-03-27,55.64,37.94,43.23,36.16,34.62,33.04
2019-03-28,51.02,40.81,48.44,34.49,36.1,28.29
2019-03-29,62.38,41.51,46.51,33.22,37.07,29.86
2019-03-30,54.03,37.59,51.49,43.71,41.34,28.7
2019-03-31,52.26,21.53,48.72,35.92,38.94,31.86
2019-04-01,49.03,19.13,54.95,39.72,36.69,36.66
2019-04-02,46.15,21.34,54.67,38.18,40.44,36.84
2019-04-03,54.26,14.11,51.06,44.11,36.41,27
2019-04-04,50.92,12.54,60.25,40.34,34.99,33.02
2019-04-05,53.59,11.4,57,42.04,53.76,37.04
2019-04-06,64.46,12.49,50.84,33.79,43.5,47.1
2019-04-07,68.41,13.51,53.16,32.68,41.68,34.7
2019-04-08,59.17,12.61,51.32,40.69,34.53,33.4
2019-04-09,66.47,13.35,57.86,53.66,29.18,37.7
2019-04-10,45.42,12.89,50.86,53.46,31.83,33.75
2019-04-11,40.76,13.58,48.59,48.94,32.91,27.93
2019-04-12,51.55,13.42,51.94,34.46,42.54,34.02
2019-04-13,52.04,20.27,45.3,37.47,46,28.19
2019-04-14,56.7,13.17,41.86,41.94,37.66,28.71
2019-04-15,54.29,15.81,42.3,38.41,39.51,26.62
2019-04-16,51.67,14.36,47.49,27.93,47,28.01
2019-04-17,38.4,15.7,45.44,29.37,40.01,21.26
2019-04-18,47.27,14.86,50.12,39.08,42.42,33.67
2019-04-19,47.03,13.7,45.45,43.57,42.07,32.57
2019-04-20,55.89,16.87,55.67,47.16,37.92,38.01
2019-04-21,56.53,17.5,50.13,46.26,39.44,43.16
2019-04-22,45.27,11.95,56.24,46.37,42.82,40.31
2019-04-23,57.49,9.1,53.24,42.78,45.19,33.78
2019-04-24,53.21,9.33,61.45,46.65,46.82,54.63
2019-04-25,54.27,11.18,65.26,47.59,49.41,53.23
2019-04-26,57.17,12.59,47.45,37.25,61.91,41.76
2019-04-27,61.68,13.31,52.16,39.02,54.12,38.66
2019-04-28,53.79,14.98,54,38.15,46.78,43.09
2019-04-29,50.57,15.45,50.32,37.53,48.48,36.38
2019-04-30,60.14,18.63,57.54,44.06,45.87,40.79
2019-05-01,55.94,18.49,65.95,33.47,40.78,59.08
2019-05-02,46.73,19.34,65.33,34.24,41.64,47.63
2019-05-03,48.84,25.11,64.36,30.11,47.23,53.69
2019-05-04,51.98,26.4,46.34,31.6,42.01,45.01
2019-05-05,61.04,26.22,52.97,51.09,36.18,47.74
2019-05-06,66.44,17.59,55.91,60.4,33.27,43.13
2019-05-07,47.19,14.78,40.32,50.92,33.49,31.28
2019-05-08,34.37,21.36,47.34,45.54,39.92,29.99
2019-05-09,37.92,26.79,50.71,47.37,35.35,33.11
2019-05-10,49.37,13.48,52.66,39.75,35.22,40.67
2019-05-11,48.35,30.18,62.02,31.5,47.78,50.92
2019-05-12,41.87,18.9,57.85,47.31,52.22,51.64
2019-05-13,50.16,19.47,67.84,37.99,52.29,60.75
2019-05-14,50.77,35.41,54.85,43.47,55.14,54.44
2019-05-15,38.96,34.3,41.85,45.17,45.58,41.87
2019-05-16,44.94,32.88,46.97,42.82,38.79,43.82
2019-05-17,36.64,39.97,46.42,37.23,42.46,36.83
2019-05-18,43.17,35.56,45.46,27.47,37.63,38.05
2019-05-19,45.7,32.61,59.34,39.72,40.31,49.78
2019-05-20,40.95,28.16,53.31,44.33,52.92,43.56
2019-05-21,51.87,28.86,55.06,44.1,53.16,44.3
2019-05-22,62.73,27.46,38.34,38.63,56.64,31.52
2019-05-23,34.01,34.69,55.29,35.97,53.87,43.19
2019-05-24,51.84,38.11,31.11,31.33,50.74,38.42
2019-05-25,54.83,45.64,51.47,35.36,41.11,49.63
2019-05-26,65.11,51.3,59.94,40.74,36.25,51.54
2019-05-27,60.35,47.23,53.59,38.31,38.17,43.77
2019-05-28,51.83,42.45,54.43,40.29,42.15,52.3
2019-05-29,82.31,38.78,57.99,43.66,47.71,63.14
2019-05-30,64.17,51.03,49.58,40.37,55.34,54.46
2019-05-31,69.14,60.96,58.49,50.75,48.05,61.49
2019-06-01,52.56,67.66,64.56,49.58,45.42,90.99
2019-06-02,45.14,74,60.84,51.18,42,121.6
2019-06-03,51.34,79.9,60.03,51.5,39.38,127.57
2019-06-04,40.04,65.54,65.82,50.36,49.99,123.48
2019-06-05,45.01,70.18,59.78,52.26,46.52,98.07
2019-06-06,46.31,38.04,61.04,50.88,52.02,91.53
2019-06-07,50.51,47.78,74.12,46.9,59.34,112.5
2019-06-08,54.31,70.67,63.64,52.49,50.4,98.28
2019-06-09,50.05,57.18,69.14,56.29,54.96,75.74
2019-06-10,45,42.43,55.95,50.92,54.44,73.24
2019-06-11,36.82,57.29,39.96,49.19,38.66,38.56
2019-06-12,30.56,53.52,62.12,40.71,34.8,104.93
2019-06-13,25.3,47.65,52.93,39.25,25.66,59.11
2019-06-14,24.42,48.14,59.31,34.76,25.63,57.99
2019-06-15,24.61,39.39,57.41,50.72,25.28,51.57
2019-06-16,25.18,40.82,46.81,34.18,25.32,59.95
2019-06-17,30.6,25.3,40.56,26.62,22.92,59.92
2019-06-18,30.67,43.82,48.99,43.19,25.52,106.55
2019-06-19,29.26,43,61.02,42.75,26.23,110.44
2019-06-20,32.97,35.7,68.57,47.38,27.66,86.95
2019-06-21,38.03,37.37,59.68,49.3,29.42,71.53
2019-06-22,38.81,31.92,69.18,35.87,33.89,99.79
2019-06-23,37.89,42.43,57.33,31.48,25.89,73.16
2019-06-24,32.56,47.02,37.78,43.74,31.78,42.18
2019-06-25,30.97,43.43,54.02,34.39,28.48,58.79
2019-06-26,25.3,29.75,46.26,31.31,25.99,45.38
2019-06-27,28.6,15.31,46.84,42.03,26.41,52.55
2019-06-28,33.5,23.12,38.39,64.68,24.92,47.31
2019-06-29,37.55,18.98,37.99,33.39,21.45,41.72
2019-06-30,33.55,19.25,44.4,42.98,24,46.52
2019-07-01,35,38.58,58,39.57,21.07,49.54
2019-07-02,39.44,31.2,64.82,25.61,17.96,79.6
2019-07-03,33.59,13.47,42.31,21.47,19.24,36.88
2019-07-04,27.13,11.91,28.2,24.11,18.73,22
2019-07-05,25.86,6.92,22.68,26.49,17.83,18.77
2019-07-06,29,14.93,33.71,40.07,19.48,30.58
2019-07-07,32.8,23.7,38.66,14.2,20.16,33.54
2019-07-08,29.35,23.93,35.11,31.5,16.37,29.77
2019-07-09,25.43,25.99,25.75,11.11,16.83,19.4
2019-07-10,30.18,27.07,28.65,14.5,16.24,23.4
2019-07-11,31.66,24.91,29.84,15.33,16.63,27.49
2019-07-12,32.12,29,28.38,20.69,16.69,23.85
2019-07-13,32.55,26.49,30.81,22.49,17.36,27.07
2019-07-14,31.64,30.21,32.77,17.6,16.68,32.3
2019-07-15,32.19,36.35,27.23,31.84,18.62,36.03
2019-07-16,25.04,27.46,30.05,24.56,18.08,54.19
2019-07-17,25.39,16.08,31.48,24.45,22.08,26.52
2019-07-18,23.45,29.49,30.75,28.11,25.61,22.27
2019-07-19,22.89,26.57,49.9,23.27,30.58,26.61
2019-07-20,25.53,39.38,29.1,36.02,30.44,26.71
2019-07-21,25.98,32.68,32.04,28.19,25.58,33.8
2019-07-22,27.44,25.69,34.79,36.33,21.49,47.05
2019-07-23,24.3,25.26,40.16,31.33,22.08,62.77
2019-07-24,25.88,32.18,33.1,33.65,21.22,62.49
2019-07-25,23.94,28.09,22.78,33.36,18.8,24.59
2019-07-26,21.84,22.33,27.72,37.51,15.66,10.08
2019-07-27,24.81,29.16,29.54,31.56,19.4,20.75
2019-07-28,25.68,55.18,30.62,20.97,19.12,32.22
2019-07-29,25.3,44.99,29.78,19.34,18.19,27.14
2019-07-30,23.02,38.45,27.42,28.68,17.98,28.63
2019-07-31,23.67,66.13,31.25,32.6,16.46,34.68
2019-08-01,23.76,62.67,32.51,22.55,14.78,34.48
2019-08-02,21.7,58.91,29.29,34.08,13.76,27.73
2019-08-03,25.31,62.68,27.74,31.81,14.61,23.44
2019-08-04,23.02,67.28,27.25,43.73,17.5,25.24
2019-08-05,17.14,42.93,28.66,37.16,17.12,26.75
2019-08-06,18.42,52.98,22.91,24.45,13.9,16.37
2019-08-07,14.32,40.1,29.87,25.04,12.08,22.32
2019-08-08,14.25,44.3,30.92,25.33,14.47,22.44
2019-08-09,17.32,37.47,26.17,27.54,18.47,31.92
2019-08-10,18.47,48.65,25.43,24.37,19.37,30.76
2019-08-11,17.76,56.49,26.21,19.8,18.34,29.17
2019-08-12,17.11,56.7,21.46,23.17,16.93,27.38
2019-08-13,18.88,53.95,20.73,24.96,13.8,26.48
2019-08-14,22.74,60.52,31.43,24.87,16.9,33.82
2019-08-15,22.46,41.27,23.58,33.65,15.36,29.88
2019-08-16,16.92,37.5,23.59,20.28,14.63,28.9
2019-08-17,16.32,31.21,16.51,20.82,17.03,22.75
2019-08-18,14.77,37.43,18.03,20.15,14.02,25.48
2019-08-19,17.67,31.17,28.06,21.69,15.29,27.8
2019-08-20,15.63,22.56,28.41,19.55,13.77,29.39
2019-08-21,17.45,24.79,31.18,19.34,15.79,31.7
2019-08-22,16.68,26.59,25.95,21.46,18.38,23.62
2019-08-23,18.5,18.42,28.57,28.83,18.8,15.35
2019-08-24,18.52,31.27,28.17,36.69,19.58,36.34
2019-08-25,20.37,21.93,24.22,43.38,20.59,28.31
2019-08-26,22.91,35.29,24.07,32.03,19.4,27.54
2019-08-27,23.6,38.69,36.98,29.05,22.29,33.53
2019-08-28,22.94,51.83,34.34,31.39,23.02,33.95
2019-08-29,22.19,34.57,30.97,29.97,17.91,32.09
2019-08-30,22.84,59.16,39.25,26.45,17.16,27.47
2019-08-31,21.78,39.33,33.71,25.16,13.47,36.29
2019-09-01,21.03,40.6,31.24,26.21,14.1,29.59
2019-09-02,21.01,55.87,39.18,24.49,14.05,35.53
2019-09-03,20.36,49.45,32.5,23.47,12.22,37.42
2019-09-04,19.94,50.73,36.13,24.92,13.7,34.66
2019-09-05,18.43,42.75,28.87,30.05,16.22,27.08
2019-09-06,17.88,41.25,27.22,29.74,14.98,25.25
2019-09-07,16.27,44.92,24.58,25.21,14.41,22.34
2019-09-08,17.38,20.04,32.4,25.75,17.15,36.4
2019-09-09,18.74,36.98,30.84,26.43,14.98,29.69
2019-09-10,22.64,68.76,40.53,35.66,16.46,47.73
2019-09-11,23.25,61.37,48.95,34.3,15.16,39.01
2019-09-12,24.32,55.72,32.08,31.22,14.9,32.4
2019-09-13,25.03,59.95,27.33,22.44,15.49,24.44
2019-09-14,27.33,56.94,28.64,30.95,16.87,29.66
2019-09-15,27.56,58.37,28.58,29.4,20.97,29.3
2019-09-16,25.41,53.64,35.4,24.53,17.92,32
2019-09-17,23.88,54.32,41.22,26.48,17.67,38.11
2019-09-18,26.44,57.81,37.19,32.39,25.02,34.61
2019-09-19,31.73,49.51,27.34,24.93,16.82,24.05
2019-09-20,30.27,57.05,29.76,19.91,16.03,16.88
2019-09-21,31.65,53.35,28.51,20.55,16.68,19.62
2019-09-22,31.13,59.37,21.15,23.77,19.56,15.38
2019-09-23,34.28,58.54,30.49,23.93,16.62,22.41
2019-09-24,43.22,45.56,28.92,22.55,18.13,18.54
2019-09-25,34.55,28.38,28.53,25.16,17.82,21.18
2019-09-26,30.31,48.1,24.16,26.03,16.42,14.4
2019-09-27,33.78,44.14,23.54,22.06,14.37,13.83
2019-09-28,42.02,37.83,22.22,23.48,17.95,13.44
2019-09-29,41.53,39.05,22.84,23.23,15.67,20.21
2019-09-30,34.56,41.73,26.67,19.91,13.19,17.29
2019-10-01,38.57,64.23,26.15,19.96,17.28,19
2019-10-02,40.57,67.72,34.94,23.17,19.45,35.98
2019-10-03,50.22,57.6,44.29,22.97,18.98,33.35
2019-10-04,49.07,57.91,32.54,21.49,20.09,39.72
2019-10-05,31.39,58.15,32.66,31.16,20.03,42.46
2019-10-06,37.5,55.94,40.18,31.45,20.61,49.04
2019-10-07,34.78,63.42,36.23,29.82,24.25,50.44
2019-10-08,46.65,63.92,38.81,35.11,23.99,55.95
2019-10-09,40.67,52.84,51.37,31.29,23.27,36.55
2019-10-10,34.15,46.63,53.51,30.3,19.34,50.07
2019-10-11,34.94,47.37,47.07,28.13,25.15,54.08
2019-10-12,29.02,48.3,44.45,32.11,24.66,57.26
2019-10-13,22.31,52.17,44.55,43.56,24.03,47.24
2019-10-14,20.5,48.79,43.59,35.88,21.06,45.54
2019-10-15,23.94,42.02,53.79,35.32,23.86,47.62
2019-10-16,25.81,31.95,55.69,33.1,25.33,50.6
2019-10-17,20.66,29.34,49.68,36.99,17.79,52.32
2019-10-18,24.17,30.63,42.7,27.79,18.67,48.88
2019-10-19,20.61,29.19,43.23,26.61,21.13,55.13
2019-10-20,26.13,32.64,33.47,23.94,18.41,40.47
2019-10-21,22.97,27.49,36.8,29.96,20.2,42.63
2019-10-22,22.81,28.67,39.48,28.34,14.93,38.25
2019-10-23,17.5,36.29,44.15,26.49,14.48,37.95
2019-10-24,21.49,33.34,57.94,26.03,12.59,47.8
2019-10-25,19.33,32.03,52.25,32.01,13.74,57.02
2019-10-26,19,30.06,50.59,26,15.61,44.97
2019-10-27,20.17,32.75,47.27,26.24,17.96,50.71
2019-10-28,18.21,27.69,42.79,28.37,20.95,46.49
2019-10-29,20.89,33.76,33.2,26.64,19.55,27.04
2019-10-30,27.66,28.51,34.86,24.85,19.73,32.35
2019-10-31,35.18,30.92,38.29,24.81,20.34,35.38
2019-11-01,41.88,29.3,49.77,37.76,19.96,41.66
2019-11-02,30.92,30.83,35,49.12,20.79,20.41
2019-11-03,34.6,36.51,33.91,55.48,23.74,13.47
2019-11-04,38.89,44.21,36.82,47.57,27.88,21.81
2019-11-05,34.78,46.2,39.23,41.37,28.26,27.86
2019-11-06,55.74,45.94,29.77,24.88,27.88,32.48
2019-11-07,54.15,47.64,23.72,29.59,31.05,19.44
2019-11-08,42.01,55.69,32.33,32.97,28.77,26.65
2019-11-09,41.92,53.69,30.42,31.36,32.63,23.92
2019-11-10,41.1,53.81,38.5,26.51,38.45,30.41
2019-11-11,57.13,43.01,42.35,39.84,27.21,32.4
2019-11-12,46.59,31.9,48.8,47.48,32.11,35.2
2019-11-13,43.84,41.66,39.52,42.41,34.16,32.69
2019-11-14,38.82,43.38,26.54,54.08,34.65,24.67
2019-11-15,18.93,38.96,37.71,47.44,30.76,50.9
2019-11-16,21.06,38.12,31.94,44.06,30.5,38.4
2019-11-17,36.16,51.76,27.01,41.61,34.73,35.4
2019-11-18,30.81,29.15,30.33,42.89,41.27,42.12
2019-11-19,25.97,28.85,31.56,39.72,44.86,33.71
2019-11-20,23.22,22.78,38.99,51.19,35.3,44.37
2019-11-21,29.31,27.28,48.43,48.28,30.22,47.46
2019-11-22,32.59,27.26,41.54,42.84,29.72,44.57
2019-11-23,36.87,23.1,25.58,38.32,26.43,34.2
2019-11-24,47.58,33.32,29.6,43.71,30.62,47.76
2019-11-25,37.89,31.05,31.86,47,32.54,35.98
2019-11-26,43.3,33.72,39.21,49.53,32.79,30.19
2019-11-27,34.88,39.18,30.2,50.64,28.08,31.37
2019-11-28,30.99,32.91,28.72,49.72,27.41,35.71
2019-11-29,24.82,27.3,24.66,35.63,28.58,27.64
2019-11-30,19.8,31.58,23.38,30.34,24.91,26.31
2019-12-01,18.54,33.27,32.28,45.73,23.4,34.45
2019-12-02,22.64,23.57,32.54,49.6,22.17,34.14
2019-12-03,28.88,26.08,32.57,56.45,20.1,38.16
2019-12-04,44.53,34.43,33.48,46.86,30.71,38.59
2019-12-05,42.62,33.57,42.41,41.39,27.09,44.68
2019-12-06,40.61,33.97,32.34,28.97,30.81,36.28
2019-12-07,30.49,20.01,33.69,26.27,33.25,34.34
2019-12-08,28.46,20.11,32.51,22.69,27.28,34.74
2019-12-09,29.65,19.98,29.47,24.75,24.99,33.01
2019-12-10,33.44,20.15,38.14,15.74,24.18,35.58
2019-12-11,31.81,24.04,41.46,18.73,26.62,39.18
2019-12-12,37.02,24,44.13,16.58,23.84,40.94
2019-12-13,35.09,22.78,29.14,19.93,26.76,22.46
2019-12-14,28.77,22.61,22.94,20.46,26.37,21.17
2019-12-15,34.2,26.83,22.96,17.99,27.3,25.94
2019-12-16,30.69,26.19,22.1,18.38,25.47,25.34
2019-12-17,30.3,35.26,24.27,18.36,24.37,27.62
2019-12-18,32.35,29.67,32.08,17.47,24.3,31.24
2019-12-19,26.97,33.87,28.22,13.58,25.57,28.39
2019-12-20,28.4,36.82,29.05,12.75,25.49,31.68
2019-12-21,37.53,33.86,23.62,17.22,31.18,23.62
2019-12-22,45.17,38.89,21.48,13.55,28.57,23.49
2019-12-23,43.35,32.21,23.8,12.52,30.37,26.71
2019-12-24,37.89,28.38,28.17,11.28,32.49,29.28
2019-12-25,32.38,33.18,21.13,11.47,34.33,21.96
2019-12-26,43.66,27.5,25.73,16.71,29.67,23.43
2019-12-27,39.42,24.11,27.55,34.48,26.83,29.85
2019-12-28,37.81,28.28,27.92,25.59,31.39,26.6
2019-12-29,43.5,33.22,35.11,29.92,32.58,31.52
2019-12-30,44.92,35.08,26.44,29.28,36.01,24.64
2019-12-31,45.78,36.95,28.07,26.22,30.96,28.33
2020-01-01,37.39,24.79,39.58,26.13,28.71,39.32
2020-01-02,33.11,21.31,36.5,23.98,22.23,30
2020-01-03,32.98,25.52,27.82,19.37,22.63,17.93
2020-01-04,37.35,28.4,29.94,20.27,27.61,20.99
2020-01-05,45.1,30.88,30.21,19.38,29.06,26.11
2020-01-06,25.22,25,21.99,19.15,26.58,14.87
2020-01-07,28.66,28.97,22.82,18.09,27.64,19.03
2020-01-08,47.48,29.73,17.63,22.01,26.31,9.61
2020-01-09,45.49,27.67,22,28.78,20.13,20.76
2020-01-10,39.61,28.3,27.25,29.36,30.67,28.33
2020-01-11,40.4,27.22,30.98,30.66,29.76,32.18
2020-01-12,37.47,32.45,32.47,30.04,29.52,28.24
2020-01-13,46.68,33.52,27.98,24.18,32.27,24.61
2020-01-14,47.83,35.37,21.62,34.9,41.27,18.3
2020-01-15,55.92,33.57,26.19,17.6,36.53,20.05
2020-01-16,59.83,33.34,18.63,30.7,33.42,10.41
2020-01-17,43.88,26.76,18.97,30.24,25.51,15.35
2020-01-18,24.91,29.02,19.93,16.38,25.43,20.46
2020-01-19,29.97,26.29,25.86,14.33,25.09,39.73
2020-01-20,35.59,26.38,24.64,20.22,25.95,31.63
2020-01-21,36.29,31.09,27.6,23.55,28.47,30.6
2020-01-22,32.1,34.26,24.63,21.36,27.79,26.71
2020-01-23,31.17,34.64,27.73,28.89,23.8,44.71
2020-01-24,29.94,32.88,30.53,29.38,21.9,57.14
2020-01-25,30.14,34.13,26.8,28.27,24.01,41.64
2020-01-26,36.55,33.78,32.7,23.44,26.27,28.19
2020-01-27,42.71,31.54,26.6,23.99,29.09,18.13
2020-01-28,47.28,33.41,23.29,34.09,36.31,17.76
2020-01-29,50.62,26.05,23.96,36.45,27.33,23.66
2020-01-30,37.97,21.78,24.23,29.62,32.23,23.65
2020-01-31,47.97,32.79,24.36,28.41,33.28,27.43
2020-02-01,43.71,28.75,29.22,24.82,23.6,25.48
2020-02-02,39.98,23.73,29.69,26.28,22.37,28.89
2020-02-03,32.47,20.76,33.94,23.89,19.82,28.47
2020-02-04,32,26.69,41,24.37,22.31,26.02
2020-02-05,34.73,30.7,32.03,26.77,20.87,39.12
2020-02-06,41.55,33.97,33.75,25.75,22.55,44.36
2020-02-07,41.16,27.6,34.75,35.96,28.54,43.74
2020-02-08,38.36,29.24,35.72,26.75,22.27,52.62
2020-02-09,34.35,31.94,36.29,26.62,17.12,50.82
2020-02-10,32.75,34.11,31.92,28.12,24.04,45.46
2020-02-11,34.75,28.62,37.22,27.96,30.41,41.76
2020-02-12,34.6,30.14,37.86,29.97,27.5,52.01
2020-02-13,34.92,23.31,36.8,24.55,28.73,59.5
2020-02-14,45.01,37.77,43.62,26.94,25.32,60.62
2020-02-15,46.99,31.92,42.21,23.03,27.56,41.7
2020-02-16,49.12,21.95,40.01,24.11,34.95,36.29
2020-02-17,42.21,18.31,38.6,25.15,29.88,25.93
2020-02-18,47.44,24.7,42.7,39.35,29.11,23.02
2020-02-19,49.57,24.71,44.29,40.48,32.27,28.43
2020-02-20,38.42,27.14,55.32,55.78,31.14,62.28
2020-02-21,40.89,16.21,39.58,55.98,32.66,37.34
2020-02-22,37.76,20.66,32.03,37.41,28.48,26.27
2020-02-23,49.19,26.85,35.15,21.28,29.68,30.42
2020-02-24,43.59,23.61,33.36,26.32,32.78,37.23
2020-02-25,50.22,28.52,35.32,39.24,31.4,32.57
2020-02-26,36.49,39.14,38.64,37.33,34.42,33.78
2020-02-27,41.29,31.47,36.36,35.12,36.84,33.45
2020-02-28,46.4,36.16,41.53,42.81,35.27,57.46
2020-02-29,47.04,38.15,37.35,47.24,33.3,54.76
2020-03-01,49.93,50.11,39.84,42.76,33.69,58.03
2020-03-02,48.39,26.4,36.64,37.2,29.23,45.68
2020-03-03,61.01,43.88,32.39,38.34,29.24,39.54
2020-03-04,52.01,34.39,41.77,42.33,26.06,44.57
2020-03-05,53.06,20.27,36.98,38.37,29.33,51.61
2020-03-06,50.82,21.65,33.52,38.6,21.86,47.23
2020-03-07,37.49,24.05,35.47,39.7,23.93,38.14
2020-03-08,40.31,21.36,34.59,37.03,23.97,35.2
2020-03-09,45.57,20.12,34.54,36.14,18.94,42.54
2020-03-10,50.57,27.37,47.66,31.35,21.56,53.14
2020-03-11,50.73,34.46,42.36,35.62,21.78,58.4
2020-03-12,49.83,29.98,34.27,45.8,21.14,40.31
2020-03-13,42.26,21.73,37.42,34.83,20.64,40.26
2020-03-14,38.8,21.6,29.17,29.84,20.47,38.98
2020-03-15,49.32,30.14,37.25,34.5,22.61,50.33
2020-03-16,36.51,21.02,38.38,31.11,19.88,47.56
2020-03-17,31.85,30.61,40.59,31.53,20.94,52.03
2020-03-18,39.28,49.4,41.73,34.27,20.74,46.04
2020-03-19,55.4,40.15,43.16,39.61,24.86,50.39
2020-03-20,53.12,31.17,48.23,44.36,29.44,60.03
2020-03-21,59.91,45.38,43.19,38.06,28.78,57.23
2020-03-22,48.99,46.53,47.67,35.96,26.93,55.11
2020-03-23,42.02,31.28,46.48,37.21,28.82,50.47
2020-03-24,39.76,35.18,38.23,34.65,28.26,43.6
2020-03-25,38.24,37.16,32.11,31.82,28.67,38.79
2020-03-26,35.05,36.81,30.59,37.84,29.13,36.85
2020-03-27,35.6,33.97,27.38,25.53,33.42,38.52
2020-03-28,36.29,16.33,25.06,32.18,36.97,42.37
2020-03-29,37.19,34.65,35.75,38.54,36.94,54.46
2020-03-30,41.31,33.94,40.26,42.16,36.78,58.39
2020-03-31,42.69,35.24,40.96,37.28,37.4,63.43
2020-04-01,41.52,36.35,35.06,27.68,35.46,54.79
2020-04-02,46.12,37.84,39.47,33.27,33.65,61.46
2020-04-03,49.16,38.03,46.82,35.36,31.37,66.52
2020-04-04,43.88,38.31,41.26,33.08,26.57,58.64
2020-04-05,39.66,37.64,44.55,29.91,27.81,53.97
2020-04-06,42.79,32.83,44.16,31.38,25.48,54.3
2020-04-07,42.61,30.45,42.65,27.77,34.09,61.31
2020-04-08,52.65,34.11,45.8,27.87,36.03,62.85
2020-04-09,48.84,32.83,48.34,30,29.65,67.87
2020-04-10,47.67,37.08,40.36,37.27,28.05,50.44
2020-04-11,45.02,30.16,49.51,29.1,23.3,60.63
2020-04-12,47,33.51,50.15,24.84,24.1,67.11
2020-04-13,46.22,36.84,41.07,18.6,29.34,53.63
2020-04-14,46.63,41.74,40.74,22.11,33.8,47.71
2020-04-15,46.04,36.82,38.22,20.48,34.56,45.18
2020-04-16,43.3,35.94,41.87,22.13,33.93,55.51
2020-04-17,41.22,33.55,53.53,19.8,29.02,73.94
2020-04-18,39.05,33.46,49.14,21.16,24.66,71.23
2020-04-19,36.3,37.03,40.53,21.52,24.31,62.46
2020-04-20,32.7,35.57,32.67,19.7,21.8,37.77
2020-04-21,31.78,38.09,48.56,22.41,20.2,66.92
2020-04-22,34.71,36.05,46.94,23.51,23.58,62.97
2020-04-23,38.1,34.28,43.99,24.39,23.42,55.3
2020-04-24,34.36,37.53,47.98,33.12,23.95,63.8
2020-04-25,30.95,41.7,54.53,24.99,24.59,73.49
2020-04-26,37.25,34.53,47.16,23.97,25.52,62.13
2020-04-27,33.06,37.34,53.43,23.11,26.87,67.03
2020-04-28,33.9,38.1,58.96,23.16,23.68,74.53
2020-04-29,30.77,45,58.57,23.39,29.77,66.09
2020-04-30,32.26,42.2,59.55,31.42,32.53,70.1
2020-05-01,40.97,50.88,56.81,28.24,27.21,79.99
2020-05-02,38.88,46.97,60.45,26.78,30.87,91.17
2020-05-03,39.28,45.9,49.04,28.22,30.42,72.95
2020-05-04,42.46,41.28,50.56,19.64,32.53,64.94
2020-05-05,43.07,42.79,52.12,21.55,32.74,67.79
2020-05-06,38.88,47.7,53.95,26.63,31.28,74.54
2020-05-07,34.69,43.98,73.11,33.77,26.6,83.29
2020-05-08,31.87,48.61,74.28,40.69,29.18,92.2
2020-05-09,30.1,42.92,76.32,44.38,31.69,100.91
2020-05-10,34.13,46.44,63.71,38.5,26.82,83.27
2020-05-11,35.18,40.83,64.6,33.78,27.77,70.79
2020-05-12,26.07,45.26,64.1,34.29,24.41,78.92
2020-05-13,27.46,43.23,52.2,31.25,25.87,73.47
2020-05-14,33.15,48.56,50.22,22.81,25.8,67.65
2020-05-15,25.11,43.18,53.08,22.08,27.84,77.07
2020-05-16,32.49,38.92,63.12,21.61,30.88,89.44
2020-05-17,36.41,39.6,59.79,22.52,31.95,63.65
2020-05-18,35.55,43.39,53.55,26.95,35.11,61.06
2020-05-19,27.88,48.74,57.05,28.31,33.8,61.72
2020-05-20,26.03,46.54,62.34,28.45,29.47,71.92
2020-05-21,26.55,57,62.56,35.42,32.1,71
2020-05-22,34.42,60.89,55.45,39.65,28.72,53.74
2020-05-23,39.84,46.91,41.87,36.74,35.2,51.48
2020-05-24,27.7,49.94,53.31,33.04,43.37,55.27
2020-05-25,33.26,49.76,54.74,31.37,38.23,55.55
2020-05-26,34.72,41.21,38.73,38.78,37.5,34.74
2020-05-27,26.83,39.81,66.77,37.29,40.38,69.11
2020-05-28,27.7,38.64,55.92,36.68,32.09,73.51
2020-05-29,25.16,57.6,47.48,36.09,30.78,70.04
2020-05-30,24.01,62,50.29,29.22,32.56,62.58
2020-05-31,25.66,47.36,42.29,26.35,25.41,64.29
2020-06-01,20.96,49.45,50.57,38.02,30.2,72.06
2020-06-02,17.46,53.61,50.06,40.95,29.86,64.49
2020-06-03,19.62,59.22,52.16,37.94,18.84,64.22
2020-06-04,17.73,60.66,39.14,39.31,21.39,52.81
2020-06-05,18.92,55.1,44.83,37.11,20.05,57.47
2020-06-06,18.22,52.89,51.46,30.8,17.59,64.64
2020-06-07,14.91,56.57,45.4,36.71,17.98,64.41
2020-06-08,16.9,46.75,51.77,34.27,16.57,64.5
2020-06-09,16.73,55.54,49.14,42.58,20.04,74.49
2020-06-10,15.65,41.46,40.8,51.12,17.59,65.41
2020-06-11,12.9,46.53,40.63,44.3,13.48,67.71
2020-06-12,15.56,52.79,43.37,42.83,15.47,93.6
2020-06-13,15.52,51.41,34.95,47.41,16.2,91.81
2020-06-14,13.54,52.51,38.86,45.48,17.74,93.14
2020-06-15,16.22,51.3,48.39,48.03,15.24,94.84
2020-06-16,16.51,56.23,51.4,51.25,13.05,81.32
2020-06-17,13.01,53.18,48.72,46.7,14.37,79.58
2020-06-18,12.63,73.43,47.98,51.53,13.99,69.32
2020-06-19,12.34,52.41,40.95,48.21,12.04,62.43
2020-06-20,14.16,61.97,36.24,54.11,13.86,55.44
2020-06-21,13.37,59.9,33.92,49.52,14.47,66.63
2020-06-22,13.04,71.42,42.76,49.16,15.94,79.1
2020-06-23,17.72,69.77,28.64,47.86,16.49,54.24
2020-06-24,18.26,70.18,24.77,47.33,20.81,49.35
2020-06-25,19.58,69.8,25.92,42.23,23.48,45.86
2020-06-26,19.53,66.85,24.82,46.84,24.41,32.75
2020-06-27,15.69,68.51,18.88,56.36,24.22,19.54
2020-06-28,17.59,77.45,18.05,56.4,22.25,17.28
2020-06-29,16.99,62.57,26.61,43.61,19.98,36.5
2020-06-30,16.08,68.75,37.29,41.17,17.4,58.07
2020-07-01,15.4,48.37,29.73,36.07,13.2,44.14
