Date,Bengaluru,Chennai,Delhi,Lucknow,Hyderabad
2016-12-31,106,174,338,342,173
2017-01-01,88,118,332,350,110
2017-01-02,83,64,384,324,103
2017-01-03,87,74,373,360,103
2017-01-04,91,68,439,296,215
2017-01-05,85,104,318,357,276
2017-01-06,88,171,390,365,158
2017-01-07,106,135,332,346,137
2017-01-08,95,110,283,366,102
2017-01-09,87,105,300,366,96
2017-01-10,130,332,305,318,98
2017-01-11,132,244,337,251,163
2017-01-12,110,246,417,306,236
2017-01-13,91,360,426,350,281
2017-01-14,78,146,439,404,183
2017-01-15,71,103,382,407,164
2017-01-16,66,103,397,455,184
2017-01-17,94,137,330,419,133
2017-01-18,117,142,358,373,126
2017-01-19,87,76,376,394,104
2017-01-20,85,107,334,362,150
2017-01-21,98,86,387,282,156
2017-01-22,98,78,446,352,113
2017-01-23,111,117,379,342,156
2017-01-24,100,125,375,324,151
2017-01-25,168,111,450,368,149
2017-01-26,182,104,340,373,132
2017-01-27,174,68,203,258,100
2017-01-28,210,44,236,138,115
2017-01-29,214,51,252,111,199
2017-01-30,230,58,302,203,129
2017-01-31,97,70,358,328,110
2017-02-01,101,130,317,345,151
2017-02-02,94,89,387,383,102
2017-02-03,207,81,438,360,113
2017-02-04,270,105,407,337,149
2017-02-05,269,149,312,263,164
2017-02-06,273,148,367,238,118
2017-02-07,238,166,263,243,185
2017-02-08,200,183,287,178,180
2017-02-09,69,183,346,286,161
2017-02-10,77,217,314,264,121
2017-02-11,109,186,314,300,115
2017-02-12,80,126,314,358,78
2017-02-13,59,89,298,351,107.5
2017-02-14,71,80,319,327,137
2017-02-15,83,95,382,321,123
2017-02-16,83,125,352,341,158
2017-02-17,95,141,309,378,193
2017-02-18,96,151,301,388,179
2017-02-19,92,142,274,371,141
2017-02-20,90,116,313,309,160
2017-02-21,104,88,310,356,128
2017-02-22,106,92,258,273,161
2017-02-23,99,76,238,223,164
2017-02-24,83,80,449,216,183
2017-02-25,75,69,516,204,165
2017-02-26,73,65,520,224,165
2017-02-27,70,90,363,205,179
2017-02-28,71,108,362,257,197
2017-03-01,71,157,397,339,166
2017-03-02,75,152,280,342,147
2017-03-03,104,123,206,218,142
2017-03-04,57,93,190,214,116
2017-03-05,59,52,210,190,102
2017-03-06,54,59,201,197,106
2017-03-07,59,65,243,211,109
2017-03-08,102,78,267,321,124
2017-03-09,72,93,245,321,181
2017-03-10,66,148,165,202,113
2017-03-11,56,348,102,97,108
2017-03-12,66,63,159,88,117
2017-03-13,55,52,174,144,143
2017-03-14,69,43,270,148,161
2017-03-15,44,80,397,138,95
2017-03-16,54,350,371,173,76
2017-03-17,98,197,328,262,97
2017-03-18,99,87,254,227,146
2017-03-19,95,110,342,226,167
2017-03-20,87,109,367,285,144
2017-03-21,83,59,400,232,145
2017-03-22,74,57,390,303,171
2017-03-23,89,65,417,325,175
2017-03-24,140,80,359,349,148
2017-03-25,104,137,309,329,137
2017-03-26,99,158,292,230,140
2017-03-27,90,131,278,254,164
2017-03-28,82,86,320,335,154
2017-03-29,112,61,350,335,127
2017-03-30,90,80,234,325,114
2017-03-31,112,57,233,299,150
2017-04-01,124,60,341,318,136
2017-04-02,113,65,259,240,123
2017-04-03,117,71,204,212,132
2017-04-04,120,75,220,252,123
2017-04-05,94,67,255,196,103
2017-04-06,110,80,211,174,92
2017-04-07,94,65,428,215,136
2017-04-08,82,80,497,230,128
2017-04-09,75,89,289,298,175
2017-04-10,99,67,285,202,164
2017-04-11,99,117,368,208,192
2017-04-12,78,107,304,186,199
2017-04-13,108,83,377,246,173
2017-04-14,107,76,418,287,165
2017-04-15,106,87,355,194,152
2017-04-16,105,106,416,180,148
2017-04-17,86,111,403,198,173
2017-04-18,77,192,415,254,191
2017-04-19,92,125,412,317,166
2017-04-20,81,184,394,321,131
2017-04-21,75,152,357,239,136
2017-04-22,64,184,291,235,143
2017-04-23,50,210,244,278,156
2017-04-24,59,125,287,290,162
2017-04-25,66,96,254,272,156
2017-04-26,92,93,242,313,151
2017-04-27,87,97,223,304,171
2017-04-28,96,104,243,260,142
2017-04-29,139,99,237,264,127
2017-04-30,65,101,275,302,99
2017-05-01,77,76,183,226,99
2017-05-02,60,64,370,234,110
2017-05-03,84,58,419,309,118
2017-05-04,94,62,317,312,130
2017-05-05,80,76,455,302,138
2017-05-06,89,67,435,346,122
2017-05-07,98,74,468,422,98
2017-05-08,82,72,442,350,131
2017-05-09,69,79,400,237,109
2017-05-10,41,105,223,137,165
2017-05-11,53,79,220,125,123
2017-05-12,68,67,474,205,86
2017-05-13,156,70,479,227,84
2017-05-14,101,94,373,279,107
2017-05-15,52,165,354,319,85
2017-05-16,56,194,349,314,98
2017-05-17,67,139,264,263,102
2017-05-18,70,262,188,146,118
2017-05-19,64,276,294,289,148
2017-05-20,50,165,334,326,126
2017-05-21,59,159,505,288,131
2017-05-22,44,113,349,317,115
2017-05-23,58,137,421,314,130
2017-05-24,62,191,238,312,156
2017-05-25,57,231,204,346,127
2017-05-26,66,167,289,339,119
2017-05-27,47,144,236,210,103
2017-05-28,41,123,148,81,93
2017-05-29,43,90,94,100,76
2017-05-30,46,90,130,74,82
2017-05-31,42,80,123,70,80
2017-06-01,54,91,192,101,79
2017-06-02,52,91,324,182,109
2017-06-03,42,102,357,179,103
2017-06-04,28,120,393,304,84
2017-06-05,29,92,302,321,106
2017-06-06,54,72,239,221,97
2017-06-07,47,95,210,73,74
2017-06-08,51,80,77,106,67
2017-06-09,55,70,89,150,69
2017-06-10,54,77,143,253,68
2017-06-11,51,66,80,190,61
2017-06-12,45,73,92,231,50
2017-06-13,44,60,112,256,63
2017-06-14,59,81,117,306.5,84
2017-06-15,76,69,101,357,75
2017-06-16,65,82,106,407.5,72
2017-06-17,60,84,88,458,94
2017-06-18,57,74,94,323,86
2017-06-19,50,71,150,93,82
2017-06-20,53,76,97,328,83
2017-06-21,70,91,109,183,70
2017-06-22,60,77,124,97,59
2017-06-23,54,79,117.5,111,67
2017-06-24,60,93,111,152,63
2017-06-25,71,75,148,128,60
2017-06-26,138,73,108,78,63
2017-06-27,78,76,73,66,53
2017-06-28,82,71,58,70,60
2017-06-29,76,81,58,80,62
2017-06-30,76,98.5,46,79,61
2017-07-01,92,116,84,89,63
2017-07-02,160,109,54,106,66
2017-07-03,92,92,49,78,66
2017-07-04,85,74,149,61,57
2017-07-05,93,63,212,61,58
2017-07-06,87,77,85,53,57
2017-07-07,97.5,119,77,58,63
2017-07-08,108,94,65,69,66
2017-07-09,112,104,108,64,61
2017-07-10,102,76,78,75,60
2017-07-11,78,92,59,58,60
2017-07-12,67,85,47,43,66
2017-07-13,74,96,39,55,58
2017-07-14,72,84,40,82,53
2017-07-15,82,86,56,96,74
2017-07-16,61,99,65,87,86
2017-07-17,68,80,71,73,93
2017-07-18,68,78,97,78,47
2017-07-19,60,73,118,83,46
2017-07-20,61,70,116,69,48
2017-07-21,111,117,53,83,50
2017-07-22,132,131,30,122,55
2017-07-23,107,77,37,79,71
2017-07-24,109,169,35,80,65
2017-07-25,164,203,37,68,55
2017-07-26,85,221,32,66,62
2017-07-27,83,164,41,149,60
2017-07-28,122,85,42,84,56
2017-07-29,119,74,47,85,55
2017-07-30,94,81,30,78,63
2017-07-31,89,73,29,64,69
2017-08-01,136,82,44,57,60
2017-08-02,130,144,40,76,61
2017-08-03,160,120,49,78,51
2017-08-04,55,84,50,125,49
2017-08-05,106,149,88,156,67
2017-08-06,127,202,99,158,75
2017-08-07,176,96,110,126,90
2017-08-08,143,96,68,80,83
2017-08-09,74,71,73,70,80
2017-08-10,50,48,95,146,71
2017-08-11,56,61,58,126,65
2017-08-12,50,82,45,84,67
2017-08-13,67,55,49.6666666666667,81,55
2017-08-14,82,80,54.3333333333333,175,60
2017-08-15,70,86,59,134,58
2017-08-16,65,101,53,97,63
2017-08-17,70,99,66,172,70
2017-08-18,64,76,70,129,85
2017-08-19,57,79.5,70,66,65
2017-08-20,63,83,63,110,59
2017-08-21,48,86.5,42,72,62
2017-08-22,63,90,47.3333333333333,75,60
2017-08-23,62,86,52.6666666666667,75,62
2017-08-24,68,91,58,73,72
2017-08-25,172,91,104,76,72
2017-08-26,91,81,97.8,63,55
2017-08-27,39,81,91.6,56,52
2017-08-28,47,109,85.4,50,56
2017-08-29,57,127,79.2,41,56
2017-08-30,56,92,73,55,56
2017-08-31,69,93,94,108,60
2017-09-01,200,84,91,70,71
2017-09-02,135,86,88,72,87
2017-09-03,107,93,88,66,64
2017-09-04,74,82,89,83,59
2017-09-05,79,136,88,73,79
2017-09-06,101,104,88,84,86
2017-09-07,60,78,88,77,82
2017-09-08,75,82,106,96,74
2017-09-09,114,84,96,95,72
2017-09-10,57,73,118,116,60
2017-09-11,68,64,119,171,51
2017-09-12,68,68,106,163,55
2017-09-13,59,79,115,153,55
2017-09-14,63,73,142,173,60
2017-09-15,52,77,169,120,56
2017-09-16,49,77,110,79,56
2017-09-17,40,77,106,76,39
2017-09-18,43,67,99,75,53
2017-09-19,44,68,109,141,54
2017-09-20,52,67,137,61,57
2017-09-21,51,71,144,67,59
2017-09-22,51,87,92,176,58
2017-09-23,76,98,83,59,54
2017-09-24,76,137,84,79,95
2017-09-25,57,156,104,76,99
2017-09-26,65,116,131,89,80
2017-09-27,83,104,165,151,107
2017-09-28,56,106,176,160,98
2017-09-29,58,81,172,140,74
2017-09-30,61,78,137,135,70
2017-10-01,66,66,131,140,110
2017-10-02,69,62,132,115,81.5
2017-10-03,62,58,115,122,53
2017-10-04,125,62,151,100,102
2017-10-05,126,78,180,95,164
2017-10-06,80,68,183,103,102
2017-10-07,70,75,193,138,94
2017-10-08,104,75,224,188,100
2017-10-09,83,77,268,165,111
2017-10-10,130,89,253,207,103
2017-10-11,79,94,208,200,113
2017-10-12,71,86,211,182,102
2017-10-13,61,146,246,259,147
2017-10-14,67,90,319,311,123
2017-10-15,73,83,317,308,97
2017-10-16,58,77,310,319,125.5
2017-10-17,64,76,313,348,154
2017-10-18,98,277,310,354,150
2017-10-19,98,431,336,330,151
2017-10-20,177,213,497,362,247
2017-10-21,129,72,404,265,141
2017-10-22,79,70,338,339,121
2017-10-23,80,114,327,391,113
2017-10-24,94,115,366,353,111
2017-10-25,96,100,357,363,117.8
2017-10-26,75,68,328,379,124.6
2017-10-27,66,70,345,343,131.4
2017-10-28,80,83,379,338,138.2
2017-10-29,98,113,362,333,145
2017-10-30,102,88,340,344,130
2017-10-31,120,75,366,237,128
2017-11-01,141,99,344,312,150
2017-11-02,120,70,305,323,156
2017-11-03,159,62,310,354,158
2017-11-04,125,66,345,369,114
2017-11-05,59,58,370,388,91
2017-11-06,49,68,377,339,80
2017-11-07,68,68,532,362,94
2017-11-08,54,74,675,425,105
2017-11-09,70,70,677,495,95
2017-11-10,75,103,597,503,100
2017-11-11,77,146,471,463,123
2017-11-12,69,163,613,386,123
2017-11-13,65,110,561,454,111
2017-11-14,68,91,444,581,111
2017-11-15,66,68,378,444,104
2017-11-16,76,96,357,360,92
2017-11-17,81,108,330,361,82
2017-11-18,64,82,309,341,106
2017-11-19,68,62,297,360,112
2017-11-20,62,69,329,324,86
2017-11-21,60,61,341,316,106
2017-11-22,65,64,348,350,102
2017-11-23,87,126,340,344,133
2017-11-24,82,158,348,336,149
2017-11-25,72,184,347,342,140
2017-11-26,69,136,368,360,147
2017-11-27,58,87,382,342,166
2017-11-28,58,71,360,385,171
2017-11-29,82,75,359,364,164
2017-11-30,68,69,388,411,140
2017-12-01,53,57,377,434,139
2017-12-02,26,71,356,387,135
2017-12-03,54,90,384,389,140
2017-12-04,68,86,415,366,144
2017-12-05,63,76,404,366,128
2017-12-06,83,70,330,369,100
2017-12-07,96,143,215,351,122
2017-12-08,120,175,220,240,145
2017-12-09,148,156,312,310,142
2017-12-10,133,163,389,389,120
2017-12-11,143,153,406,354,117
2017-12-12,86,126,280,339,144
2017-12-13,75,93,263,352,143
2017-12-14,86,81,276,328,132
2017-12-15,122,95,292,328,126
2017-12-16,119,107,228,325,133
2017-12-17,100,102,195,293,136
2017-12-18,108,97,223,341,140
2017-12-19,112,91,291,417,138
2017-12-20,110,78,378,543,151
2017-12-21,131,93,467,486,164
2017-12-22,93,109,370,383,195
2017-12-23,91,89,253,337,180
2017-12-24,70,83,309,339,169
2017-12-25,91,88,398,395,163
2017-12-26,174,113,372,371,164
2017-12-27,99,186,379,425,136
2017-12-28,109,148,398,460,132
2017-12-29,85,95,399,443,184
2017-12-30,77,108,421,362,156
2017-12-31,72,77,451,387,138
2018-01-01,73,89,462,356,122
2018-01-02,86,94,439,320,126
2018-01-03,84,105,405,406,163
2018-01-04,86,184,394,389,174
2018-01-05,95,176,398,398,164
2018-01-06,102,158,403,359,158
2018-01-07,104,136,384,387,146
2018-01-08,93,124,314,431,146
2018-01-09,84,121,373,408,160
2018-01-10,75,96,366,398,165
2018-01-11,76,179,318,393,160
2018-01-12,115,156,306,427,155
2018-01-13,101,258,370,432,150
2018-01-14,118,207,365,420,140
2018-01-15,98,147,352,398,143
2018-01-16,92,134,278,359,132
2018-01-17,98,161,350,363,125
2018-01-18,100,129,411,368,129
2018-01-19,104,164,451,433,129
2018-01-20,122,140,351,391,131
2018-01-21,103,180,310,355,133
2018-01-22,96,167,362,384,142
2018-01-23,102,149,343,426,125
2018-01-24,104,164,286,346,121
2018-01-25,101,187,267,324,139
2018-01-26,98,172,263,333,146
2018-01-27,104,161,284,344,167
2018-01-28,109,165,334,357,138
2018-01-29,94,155,332,373,140
2018-01-30,99,148,300,344,137
2018-01-31,109,159,271,295,130
2018-02-01,94,135,293,324,129
2018-02-02,118,167,318,321,125
2018-02-03,88,164,277,370,114
2018-02-04,87,123,284,370,104
2018-02-05,81,79,313,312,111
2018-02-06,85,94,324,323,111
2018-02-07,79,78,287,322,125
2018-02-08,80,78,334,299,114
2018-02-09,95,107,375,290,108
2018-02-10,83,113,378,286,113
2018-02-11,76,131,350,266,100
2018-02-12,74,88,218,267,102
2018-02-13,78,130,189,239,94
2018-02-14,71,138,217,247,100
2018-02-15,71,99,189,301,113
2018-02-16,70,119,248,359,110
2018-02-17,77,113,277,398,108
2018-02-18,83,133,284,358,116
2018-02-19,82,150,321,386,111
2018-02-20,81,118,335,313,103
2018-02-21,80,146,347,332,107
2018-02-22,82,118,333,394,114
2018-02-23,83,95,331,389,123
2018-02-24,81,88,347,382,106
2018-02-25,69,73,317,348,104
2018-02-26,68,76,170,317,118
2018-02-27,71,117,167,181,134
2018-02-28,81,182,274,202,129
2018-03-01,83,234,293,264,124
2018-03-02,87,138,300,236,118
2018-03-03,92,115,244,202,119
2018-03-04,84,113,205,227,122
2018-03-05,86,93,180,187,114
2018-03-06,87,83,170,250,106
2018-03-07,90,113,192,288,108
2018-03-08,99,174,262,340,107
2018-03-09,104,126,316,297,118
2018-03-10,109,128,207,249,122
2018-03-11,106,128,179,219,124
2018-03-12,92,118,236,247,95
2018-03-13,76,153,241,247,88
2018-03-14,75,74,287,317,103
2018-03-15,77,69,314,331,96
2018-03-16,71,78,269,233,115
2018-03-17,74,81,218,273,105
2018-03-18,53,89,177,142,80
2018-03-19,61,88,177,196,93
2018-03-20,97,108,224,225,103
2018-03-21,124,115,302,245,108
2018-03-22,135,93,226,273,126
2018-03-23,127,94,171,218,128
2018-03-24,100,127,183,197,131
2018-03-25,98,117,202,198,135
2018-03-26,100,109,203,151,126
2018-03-27,87,109,246,137,123
2018-03-28,97.3333333333333,90,293,214,116
2018-03-29,107.666666666667,70,238,271,122
2018-03-30,118,69,234,256,120
2018-03-31,104,75,269,201,110
2018-04-01,102,86,217,106,103
2018-04-02,107,67,217,204,84
2018-04-03,98,68,239,300,99
2018-04-04,108,71,244,319,101
2018-04-05,107,81,329,252,92
2018-04-06,108,103,271,153,98
2018-04-07,106,84,170,143,93
2018-04-08,103,62,142,102,85
2018-04-09,93,70,133,146,95
2018-04-10,91.3333333333333,66,205,126,98
2018-04-11,89.6666666666667,66,179,132,88
2018-04-12,88,61,135,97,83
2018-04-13,65,63,201,91,83
2018-04-14,62,61,233,97,79
2018-04-15,65,59,240,113,73
2018-04-16,61,61,296,180,100
2018-04-17,70,62,266,240,99
2018-04-18,67,56,216,217,93
2018-04-19,81,71,242,162,108
2018-04-20,85,65,271,231,117
2018-04-21,79,66,444,207,122
2018-04-22,74,55,302,194,117
2018-04-23,66,65,197,156,90
2018-04-24,82,76,242,160,90
2018-04-25,74,78,287,236,104
2018-04-26,83,89,329,281,94
2018-04-27,103,74,351,226,101
2018-04-28,82,62,288,195,94
2018-04-29,81,59,259,197,102
2018-04-30,100,68,221,162,103
2018-05-01,352,92,173,98,116
2018-05-02,114,112,161,108,101
2018-05-03,98,111,167,170,98
2018-05-04,73,127,146,94,81
2018-05-05,144,128,174,126,74
2018-05-06,99,77,280,196,83
2018-05-07,151,75,243,209,93
2018-05-08,113,77,252,353,111
2018-05-09,76,94,168,322,112
2018-05-10,65,80,218,250,101
2018-05-11,59,70,292,324,95
2018-05-12,62,74,330,336,96
2018-05-13,60,77,285,301,101
2018-05-14,69,71,174,476,100
2018-05-15,64,79,173,164,87
2018-05-16,61,81,194,204,85
2018-05-17,65,82,240,301,106
2018-05-18,92,70,254,289,89
2018-05-19,98,81,270,287,103
2018-05-20,80,66,231,318,117
2018-05-21,71,64,208,426,132
2018-05-22,90,82,207,357,120
2018-05-23,117,84,306,257,110
2018-05-24,70,73,303,291,104
2018-05-25,73,64,260,250,119
2018-05-26,76,65,244,242,91
2018-05-27,89,79,268,273,83
2018-05-28,80,77,276,269,87
2018-05-29,67,88,303,246,84
2018-05-30,60,82,272,214,89
2018-05-31,73,85,223,174,93
2018-06-01,68,98,196,139,110
2018-06-02,86,124,183,151,82
2018-06-03,88,98,154,179,83
2018-06-04,60,83,170,225,89
2018-06-05,61,86,160,219,83
2018-06-06,63,79,146,175,84
2018-06-07,70,66,166,127,69
2018-06-08,50,71,180,161,68
2018-06-09,52,67,153,108,64
2018-06-10,51,73,153,133,52
2018-06-11,65,73,186,107,53
2018-06-12,50,88,285,125,70
2018-06-13,49,88,453,147,84
2018-06-14,61,91,522,181,86
2018-06-15,83,97,593,240,86
2018-06-16,106,114,531,301,67
2018-06-17,55,86,384,321,67
2018-06-18,69,99,179,279,59
2018-06-19,81,90,146,179,50
2018-06-20,69,104,175,186,58
2018-06-21,64,107,221,228,52
2018-06-22,64,107,249,215,56
2018-06-23,66,102,228,229,56
2018-06-24,64,109,194,157,41
2018-06-25,87,101,168,116,41
2018-06-26,92,112,128,184,41
2018-06-27,60,133,126,136,44
2018-06-28,57,127,99,124,46
2018-06-29,51,98,90,93,65
2018-06-30,66,135,113,83,62
2018-07-01,72,150,102,125,60
2018-07-02,63,150,111,117,53
2018-07-03,63,159,122,111,59
2018-07-04,60,93,128,81,71
2018-07-05,61,97,130,74,68
2018-07-06,65,128,147,110,49
2018-07-07,56,135,155,195,59
2018-07-08,62,80,176,174,62
2018-07-09,66,106,168,132,44
2018-07-10,63,103,140,88,48
2018-07-11,78,97,111,100,54
2018-07-12,56,77,130,89,49
2018-07-13,53,84,109,90,37
2018-07-14,57,76,96,95,42
2018-07-15,62,92,92,101,58
2018-07-16,59,79,95,90,72
2018-07-17,60,66,105,84,38
2018-07-18,57,69,114,75,33
2018-07-19,59,79,106,125,45
2018-07-20,52,71,90,94,37
2018-07-21,59,70,114,71,41
2018-07-22,60,87,87,77,55
2018-07-23,65,101,80,76,49
2018-07-24,64,87,101,80,54
2018-07-25,59,68,90,78,52
2018-07-26,65,63,90,77,54
2018-07-27,68,63,68,72,54
2018-07-28,59,95,71,83,53
2018-07-29,66,97,100,99,72
2018-07-30,64,78,122,73,87
2018-07-31,62,93,135,84,73
2018-08-01,66,80,155,41,72
2018-08-02,68,91,215,55,72
2018-08-03,72,71,228,75,92
2018-08-04,77,79,215,99,90
2018-08-05,77,107,234,210,66
2018-08-06,67,123,166,204,72
2018-08-07,67,96,123,183,54
2018-08-08,60,57,108,99,53
2018-08-09,58,54,102,80,49
2018-08-10,60,63,111,96,48
2018-08-11,56,87,106,94,43
2018-08-12,57,60,92,77,47
2018-08-13,53,60,102,80,42
2018-08-14,60,71,122,73,41
2018-08-15,59,61,128,122,65
2018-08-16,52,53,109,55,40
2018-08-17,48,76,109,60,35
2018-08-18,57,126,90,123,44
2018-08-19,59,111,100,144,48
2018-08-20,53,152,138,69,47
2018-08-21,69,148,105,82,34
2018-08-22,65,161,91,89,39
2018-08-23,63,74,86,97,40
2018-08-24,62,71,89,88,48
2018-08-25,67,106,100,78,52
2018-08-26,70,81,85,163,50
2018-08-27,62,70,82,183,48
2018-08-28,64,62,81,72,48
2018-08-29,68,58,88,81,53
2018-08-30,68,89,97,72,68
2018-08-31,64,83,127,57,77
2018-09-01,68,65,132,63,70
2018-09-02,66,84,116,69,50
2018-09-03,63,83,89,61,48
2018-09-04,76,87,118,83,50
2018-09-05,78,111,108,107,72
2018-09-06,66,93,137,101,76
2018-09-07,70,108,117,94,82
2018-09-08,63,118,105,87,62
2018-09-09,64,115,86,90,79
2018-09-10,73,68,92,92,86
2018-09-11,90,79,91,101,79
2018-09-12,91,70,96,96,71
2018-09-13,88,86,108,76,78
2018-09-14,94,161,113,84,85
2018-09-15,77,112,126,100,92
2018-09-16,73,97,124,103,101
2018-09-17,74,96,135,130,85
2018-09-18,65,92,154,123,68
2018-09-19,65,80,157,172,79
2018-09-20,79,92,173,173,81
2018-09-21,87,109,155,116,91
2018-09-22,77,108,76,64,62
2018-09-23,87,89,69,82,65
2018-09-24,85,111,63,124,62
2018-09-25,78,107,63,109,84
2018-09-26,85,93,99,93,108
2018-09-27,80,111,151,102,95
2018-09-28,78,54,200,132,92
2018-09-29,75,58,229,224,100
2018-09-30,70,157,176,177,118
2018-10-01,82,82,148,200,128
2018-10-02,67,66,186,191,94
2018-10-03,65,63,160,228,72
2018-10-04,65,66,206,249,79
2018-10-05,62,75,268,226,84
2018-10-06,56,81,237,251,109
2018-10-07,62,65,189,270,124
2018-10-08,73,69,253,272,130
2018-10-09,80,96,269,235,124
2018-10-10,93,164,263,233,128
2018-10-11,110,147,219,262,120
2018-10-12,115,90,163,175,121
2018-10-13,167,82,264,109,118
2018-10-14,116,65,237,170,108
2018-10-15,88,70,253,218,100
2018-10-16,90,68,309,292,105
2018-10-17,75,77,332,306,83
2018-10-18,116,67,330,296,73
2018-10-19,81,91,300,294,74
2018-10-20,71,110,344,246,105
2018-10-21,88,124,325,268,119
2018-10-22,102,218,296,275,125
2018-10-23,119,170,274,273,133
2018-10-24,132,160,354,313,142
2018-10-25,110,140,356,355,128
2018-10-26,101,144,394,342,107
2018-10-27,107,126,396,338,117
2018-10-28,108,115,403,344,120
2018-10-29,103,158,397,329,110
2018-10-30,125,98,456,332,115
2018-10-31,107,78,422,311,117
2018-11-01,92,83,433,307,106
2018-11-02,84,89,391,340,86
2018-11-03,82,65,353,344,58
2018-11-04,74,167,238,321,55
2018-11-05,81,85,424,292,64
2018-11-06,110,72,411,326,80
2018-11-07,97,128,317,332,95
2018-11-08,144,96,452,485,107
2018-11-09,94,133,487,430,114
2018-11-10,96,137,430,412,129
2018-11-11,105,155,454,367,131
2018-11-12,113,185,437,355,127
2018-11-13,143,231,454,394,134
2018-11-14,143,210,361,367,139
2018-11-15,141,135,251,342,133
2018-11-16,88,68,302,282,118
2018-11-17,84,71,292,274,76
2018-11-18,91,78,330,345,57
2018-11-19,77,70,340,371,53
2018-11-20,77,72,367,378,86
2018-11-21,81,65,396,392,129
2018-11-22,73,60,317,341,131
2018-11-23,79,70,356,323,133
2018-11-24,144,162,296,308,148
2018-11-25,142,234,266,294,140
2018-11-26,124,211,349,366,135
2018-11-27,127,141,396,400,138
2018-11-28,127,123,363,387,142
2018-11-29,119,90,384,326,146
2018-11-30,94,79,365,347,139
2018-12-01,86,96,335,361,135
2018-12-02,92,74,329,354,137
2018-12-03,73,67,356,327,140
2018-12-04,75,80,394,361,154
2018-12-05,106,86,374,373,146
2018-12-06,87,87,385,381,123
2018-12-07,90,129,376,362,108
2018-12-08,119,221,366,353,132
2018-12-09,128,224,389,353,159
2018-12-10,157,222,431,394,161
2018-12-11,180,196,464,381,158
2018-12-12,179,195,443,362,153
2018-12-13,148,154,264,333,145
2018-12-14,103,86,248,269,144
2018-12-15,85,149,274,235,157
2018-12-16,112,155,295,252,151
2018-12-17,146,89,338,317,141
2018-12-18,225,148,370,330,67
2018-12-19,142,90,370,310,54
2018-12-20,130,78,423,349,76
2018-12-21,116,81,422,343,104
2018-12-22,109,82,468,363,127
2018-12-23,87,109,557,414,151
2018-12-24,79,137,577,345,159
2018-12-25,103,150,475,338,153
2018-12-26,118,217,405,346,136
2018-12-27,117,182,458,324,126
2018-12-28,123,160,413,325,131
2018-12-29,124,205,420,339,132
2018-12-30,127,211,484,388,139
2018-12-31,123,150,509,403,134
2019-01-01,128,212,475,413,132
2019-01-02,103,158,501,457,133
2019-01-03,101,167,537,410,141
2019-01-04,106,192,432,374,142
2019-01-05,104,116,440,390,148
2019-01-06,115,186,371,383,149
2019-01-07,120,168,331,246,155
2019-01-08,120,108,340,239,151
2019-01-09,122,185,321,239,146
2019-01-10,120,181,317,270,146
2019-01-11,126,199,401,339,153
2019-01-12,132,183,482,346,154
2019-01-13,125,105,464,396,154
2019-01-14,111,110,320,347,146
2019-01-15,109,115,248,184,147
2019-01-16,113,97,383,305,152
2019-01-17,121,111,515,415,150
2019-01-18,152,140,437,363,148
2019-01-19,122,131,411,310,153
2019-01-20,106,102,480,337,155
2019-01-21,101,98,413,391,132
2019-01-22,145,176,174,350,105
2019-01-23,156,92,186,331,105
2019-01-24,130,99,328,218,112
2019-01-25,109,73,188,341,96
2019-01-26,102,68,231,208,73
2019-01-27,101,70,275,142,72
2019-01-28,99,71,301,204,124
2019-01-29,83,84,297,214,136
2019-01-30,107,120,342,285,108
2019-01-31,132,144,397,334,114
2019-02-01,109,147,329,329,131
2019-02-02,104,99,338,316,118
2019-02-03,101,84,323,354,120
2019-02-04,81,86,301,283,110
2019-02-05,92,115,398,280,115
2019-02-06,120,149,380,374,130
2019-02-07,146,138,233,274,120
2019-02-08,113,87,136,132,114
2019-02-09,134,77,169,204,128
2019-02-10,112,67,277,175,130
2019-02-11,80,77,332,189,118
2019-02-12,84,126,357,253,122
2019-02-13,96,200,372,311,130
2019-02-14,89,283,350,367,127
2019-02-15,103,187,275,304,102
2019-02-16,107,87,288,170,91
2019-02-17,123,93,247,166,101
2019-02-18,116,80,278,161,109
2019-02-19,116,78,232,228,123
2019-02-20,87,66,305,330,87
2019-02-21,85,75,158,271,82
2019-02-22,99,104,191,258,94
2019-02-23,105,101,116,198,115
2019-02-24,110,89,169,139,114
2019-02-25,103,105,221,183,100
2019-02-26,120,279,144,239,117
2019-02-27,115,127,112,196,111
2019-02-28,125,100,198,122,112
2019-03-01,143,102,222,136,120
2019-03-02,107,252,227,274,85
2019-03-03,114,128,172,319,68
2019-03-04,123,76,217,230,80
2019-03-05,118,87,173,228,117
2019-03-06,128,111,189,173,136
2019-03-07,152,105,228,220,143
2019-03-08,167,85,220,288,143
2019-03-09,151,90,194,234,122
2019-03-10,100,83,157,198,102
2019-03-11,91,66,190,222,92
2019-03-12,105,89,149,279,97
2019-03-13,113,143,168,207,101
2019-03-14,118,155,281,218,101
2019-03-15,106,100,183,212,104
2019-03-16,108,86,143,130,101
2019-03-17,115,106,198,149,97
2019-03-18,123,86,221,237,93
2019-03-19,113,87,239,212,85
2019-03-20,102,103,234,254,86
2019-03-21,120,138,272,270,95
2019-03-22,122,102,141,139,87
2019-03-23,119,95,131,110,101
2019-03-24,120,83,126,134,111
2019-03-25,97,83,136,190,107
2019-03-26,113,87,162,217,113
2019-03-27,129,81,177,172,107
2019-03-28,148,81,245,215,114
2019-03-29,149,73,273,304,127
2019-03-30,137,81,252,315,132
2019-03-31,135,100,198,261,124
2019-04-01,126,130,153,137,106
2019-04-02,136,126,194,204,114
2019-04-03,135,117,208,291,106
2019-04-04,127,89,260,336,102
2019-04-05,130,100,284,315,93
2019-04-06,130,101,269,232,89
2019-04-07,127,99,315,195,78
2019-04-08,125,98,284,153,80
2019-04-09,149,112,240,155,91
2019-04-10,123,111,263,197,100
2019-04-11,112,110,196,197,87
2019-04-12,130,100,202,278,82
2019-04-13,109,79,175,253,91
2019-04-14,106,76,150,169,102
2019-04-15,111,76,163,150,95
2019-04-16,115,70,206,171,104
2019-04-17,124,73,102,136,91
2019-04-18,127,62,104,115,96
2019-04-19,107,66,151,95,94
2019-04-20,122,81,199,132,69
2019-04-21,106,85,225,230,69
2019-04-22,107,74,246,258,70
2019-04-23,112,74,257,314,96
2019-04-24,108,73,232,223,92
2019-04-25,126,76,251,218,102
2019-04-26,144,75,223,298,108
2019-04-27,150,69,248,222,124
2019-04-28,141,71,269,283,112
2019-04-29,140,75,256,287,103
2019-04-30,124,78,257,287,98
2019-05-01,111,80,285,322,96
2019-05-02,103,78,275,277,111
2019-05-03,112,78,202,151,119
2019-05-04,120,80,182,141,110
2019-05-05,132,79,231,124,106
2019-05-06,131,82,267,112,118
2019-05-07,113,83,310,121,130
2019-05-08,87,75,389,183,133
2019-05-09,106,79,390,197,132
2019-05-10,120,77,333,219,125
2019-05-11,105,126,266,210,121
2019-05-12,101,150,352,164,104
2019-05-13,106,135,376,183,109
2019-05-14,88,145,217,178,98
2019-05-15,96,132,194,198,110
2019-05-16,102,107,192,223,93
2019-05-17,110,102,257,192,109
2019-05-18,121,88,176,167,112
2019-05-19,116,83,168,144,134
2019-05-20,109,76,216,196,120
2019-05-21,109,71,206,189,111
2019-05-22,107,80,167,203,109
2019-05-23,102,79,228,189,104
2019-05-24,92,113,151,150,92
2019-05-25,82,124,125,142,112
2019-05-26,91,131,135,125,124
2019-05-27,92,113,163,160,114
2019-05-28,92,132,175,211,112
2019-05-29,112,137,191,175,124
2019-05-30,98,141,226,231,119
2019-05-31,101,156,266,230,105
2019-06-01,89,148,300,167,95
2019-06-02,100,143,222,176,111
2019-06-03,98,161,232,184,91
2019-06-04,69,143,212,174,75
2019-06-05,78,153,190,195,86
2019-06-06,78,132,209,205,103
2019-06-07,102,94,192,145,89
2019-06-08,76,126,184,104,78
2019-06-09,66,119,237,151,88
2019-06-10,54,100,230,183,75
2019-06-11,50,116,315,173,60
2019-06-12,51,119,280,144,48
2019-06-13,50,110,189,162,39
2019-06-14,59,91,167,202,40
2019-06-15,69,89,217,225,55
2019-06-16,63,87,205,199,57
2019-06-17,61,80,126,113,60
2019-06-18,70,108,119,114,60
2019-06-19,74,91,173,160,60
2019-06-20,67,88,175,138,54
2019-06-21,64,92,178,164,65
2019-06-22,67,96,185,207,60
2019-06-23,66,109,153,112,60
2019-06-24,65,101,118,115,62
2019-06-25,65,129,131,151,62
2019-06-26,74,179,161,143,60
2019-06-27,72,69,169,161,38
2019-06-28,72,78,207,199,35
2019-06-29,79,106,223,226,35
2019-06-30,68,123,234,239,39
2019-07-01,65,125,195,124,44
2019-07-02,70,73,202,172,36
2019-07-03,64,174,162,104,46
2019-07-04,65,84,111,94,49
2019-07-05,63,134,113,98,46
2019-07-06,62,85,99,105,42
2019-07-07,69,77,101,107,47
2019-07-08,58,88,129,104,36
2019-07-09,64,92,131,80,43
2019-07-10,68,92,150,90,36
2019-07-11,86,76,300,92,40
2019-07-12,71,81,294,91,45
2019-07-13,62,94,312,95,46
2019-07-14,63,80,243,84,36
2019-07-15,65,99,180,114,44
2019-07-16,65,80,117,78,60
2019-07-17,69,77,92,102,68
2019-07-18,73,85,98,88,70
2019-07-19,66,74,142,103,89
2019-07-20,48,84,137,112,64
2019-07-21,64,87,123,86,54
2019-07-22,57,70,124,81,48
2019-07-23,56,73,156,86,48
2019-07-24,60,73,165,78,47
2019-07-25,64,94,98,72,49
2019-07-26,62,85,94,79,50
2019-07-27,55,66,85,67,47
2019-07-28,62,83,83,95,47
2019-07-29,64,77,82,80,42
2019-07-30,58,74,90,75,35
2019-07-31,58,114,90,91,37
2019-08-01,61,105,98,91,41
2019-08-02,59,129,95,145,37
2019-08-03,56,130,104,108,39
2019-08-04,60,126,101,108,36
2019-08-05,53,105,108,103,37
2019-08-06,48,110,99,86,51
2019-08-07,57,65,104,98,46
2019-08-08,53,84,99,107,47
2019-08-09,55,70,89,94,46
2019-08-10,49,74,75,92,45
2019-08-11,50,76,83,100,50
2019-08-12,52,112,80,103,63
2019-08-13,68,80,85,116,72
2019-08-14,70,106,93,105,75
2019-08-15,59,105,93,83,58
2019-08-16,51,110,73,81,53
2019-08-17,61,82,67,60,69
2019-08-18,67,69,66,64,89
2019-08-19,65,58,99,69,85
2019-08-20,74,68,103,80,82
2019-08-21,73,77,107,74,75
2019-08-22,68,82,125,78,67
2019-08-23,65,52,130,72,65
2019-08-24,57,48,149,78,51
2019-08-25,68,47,107,74,51
2019-08-26,63,57,77,66,52
2019-08-27,61,48,114,85,65
2019-08-28,52,104,119,73,68
2019-08-29,49,51,103,93,65
2019-08-30,53,101,110,104,54
2019-08-31,63,121,123,110,41
2019-09-01,61,122,123,103,44
2019-09-02,48,108,105,102,38
2019-09-03,51,100,131,85,38
2019-09-04,51,146,165,73,35
2019-09-05,56,70,118,72,32
2019-09-06,64,75,96,75,34
2019-09-07,63,105,95,73,32
2019-09-08,62,76,99,63,33
2019-09-09,63,76,107,67,36
2019-09-10,67,111,139,74,39
2019-09-11,62,150,166,76,50
2019-09-12,68,103,158,92,57
2019-09-13,67,78,103,95,49
2019-09-14,70,81,85,77,48
2019-09-15,69,89,83,81,61
2019-09-16,67,100,111,69,65
2019-09-17,120,96,143,69,65
2019-09-18,92,105,117,81,65
2019-09-19,82,95,80,72,56
2019-09-20,67,120,96,86,53
2019-09-21,74,106,112,89,61
2019-09-22,81,126,86,81,61
2019-09-23,91,135,89,72,65
2019-09-24,100,114,103,85,60
2019-09-25,81,93,100,92,49
2019-09-26,64,99,87,70,53
2019-09-27,83,103,78,67,38
2019-09-28,99,105,78,54,44
2019-09-29,93,116,68,52,63
2019-09-30,73,106,75,52,75
2019-10-01,88,109,98,65,87
2019-10-02,92,122,105,66,72
2019-10-03,95,110,140,76,85
2019-10-04,104,72,113,91,81
2019-10-05,107,78,108,104,71
2019-10-06,85,145,127,126,82
2019-10-07,88,108,133,146,86
2019-10-08,92,141,123,167,95
2019-10-09,89,114,165,197,92
2019-10-10,146,92,208,149,80
2019-10-11,95,87,243,160,70
2019-10-12,90,92,235,162,67
2019-10-13,72,89,282,160,70
2019-10-14,73,86,285,208,88
2019-10-15,79,75,291,198,98
2019-10-16,71,64,320,198,98
2019-10-17,75,61,300,222,117
2019-10-18,69,80,265,226,64
2019-10-19,71,75,170,210,54
2019-10-20,56,73,242,260,63
2019-10-21,69,71,254,301,53
2019-10-22,69,69,243,288,71
2019-10-23,66,81,248,280,78
2019-10-24,62,67,335,293,72
2019-10-25,65,86,331,235,51
2019-10-26,59,121,315,180,52
2019-10-27,74,306,354,193,59
2019-10-28,88,208,417,356,126
2019-10-29,80,83,419,356,94
2019-10-30,78,84,452,330,82
2019-10-31,68,141,460,364,76
2019-11-01,84,133,591,383,54
2019-11-02,77,76,473,428,66
2019-11-03,89,91,659,431,84
2019-11-04,95,222,532,453,96
2019-11-05,139,261,385,455,155
2019-11-06,169,229,265,353,177
2019-11-07,174,273,296,369,155
2019-11-08,159,294,346,362,131
2019-11-09,116,253,321,332,156
2019-11-10,96,230,339,265,169
2019-11-11,124,192,376,245,122
2019-11-12,96,77,475,307,104
2019-11-13,83,76,532,362,123
2019-11-14,80,92,537,357,125
2019-11-15,77,84,595,342,127
2019-11-16,82,57,438,326,141
2019-11-17,76,122,273,289,131
2019-11-18,72,90,245,187,145
2019-11-19,74,63,251,225,165
2019-11-20,77,47,315,300,181
2019-11-21,86,56,375,330,161
2019-11-22,96,60,377,327,161
2019-11-23,90,64,334,330,159
2019-11-24,79,110,264,292,156
2019-11-25,83,86,269,276,163
2019-11-26,88,77,284,365,176
2019-11-27,89,80,166,373,154
2019-11-28,86,63,106,377,146
2019-11-29,75,53,89,262,129
2019-11-30,75,48,175,178,127
2019-12-01,65,60,257,207,127
2019-12-02,70,49,299,246,92
2019-12-03,76,56,302,275,75
2019-12-04,86,71,313,291,144
2019-12-05,87,93,389,340,172
2019-12-06,103,107,423,362,178
2019-12-07,89,76,382,343,186
2019-12-08,68,69,404,352,156
2019-12-09,70,61,371,308,119
2019-12-10,74,56,377,314,117
2019-12-11,73,72,430,361,125
2019-12-12,77,62,471,348,125
2019-12-13,74,52,322,304,85
2019-12-14,74,68,179,147,78
2019-12-15,68,70,205,126,87
2019-12-16,69,59,202,153,96
2019-12-17,69,62,178,164,120
2019-12-18,82,92,273,170,150
2019-12-19,85,83,354,251,147
2019-12-20,91,106,452,323,151
2019-12-21,95,126,441,366,172
2019-12-22,88,134,351,365,166
2019-12-23,92,92,321,306,157
2019-12-24,89,99,376,315,130
2019-12-25,76,99,384,307,131
2019-12-26,95,110,340,327,128
2019-12-27,98,77,372,326,119
2019-12-28,82,65,425,352,130
2019-12-29,80,92,455,339,158
2019-12-30,93,83,506,320,143
2019-12-31,97,84,417,350,107
2020-01-01,82,70,492,442,82
2020-01-02,81,57,485,361,64
2020-01-03,85,74,426,313,64
2020-01-04,95,64,366,245,87
2020-01-05,118,62,354,210,112
2020-01-06,81,61,335,262,125
2020-01-07,75,55,285,308,93
2020-01-08,93,73,281,344,82
2020-01-09,101,79,231,247,84
2020-01-10,94,74,255,198,123
2020-01-11,78,72,309,281,149
2020-01-12,79,83,352,377,140
2020-01-13,106,140,381,377,128
2020-01-14,121,230,314,323,134
2020-01-15,111,168,241,354,119
2020-01-16,114,74,286,294,76
2020-01-17,106,62,287,122,66
2020-01-18,86,65,262,161,69
2020-01-19,66,67,290,138,74
2020-01-20,81,69,282,191,77
2020-01-21,90,85,359,256,84
2020-01-22,87,93,378,356,84
2020-01-23,82,104,273,249,106
2020-01-24,108,123,155,156,125
2020-01-25,100,110,251,267,133
2020-01-26,97,87,349,303,131
2020-01-27,98,78,365,337,128
2020-01-28,102,85,302,325,107
2020-01-29,115,84,218,313,128
2020-01-30,112,87,195,195,126
2020-01-31,111,78,203,147,141
2020-02-01,102,63,244,224,99
2020-02-02,94,55,254,216,77
2020-02-03,79,63,297,239,76
2020-02-04,82,74,336,307,71
2020-02-05,86,94,344,278,70
2020-02-06,96,89,277,230,80
2020-02-07,96,75,307,309,80
2020-02-08,105,64,315,248,79
2020-02-09,101,61,310,272,82
2020-02-10,103,58,328,275,68
2020-02-11,87,69,347,267,75
2020-02-12,80,81,343,253,94
2020-02-13,84,93,279,244,122
2020-02-14,111,118,186,192,146
2020-02-15,128,121,174,214,154
2020-02-16,120,82,254,209,140
2020-02-17,99,72,323,283,126
2020-02-18,103,85,292,232,116
2020-02-19,101,84,300,249,112
2020-02-20,94,77,253,227,97
2020-02-21,90,75,170,198,86
2020-02-22,78,76,104,103,72
2020-02-23,81,65,221,173,68
2020-02-24,82,77,169,222,70
2020-02-25,107,81,244,167,86
2020-02-26,104,84,303,97,112
2020-02-27,112,83,270,92,108
2020-02-28,98,75,214,116,97
2020-02-29,95,72,144,147,91
2020-03-01,101,80,105,148,92
2020-03-02,103,76,192,136,95
2020-03-03,137,96,226,144,97
2020-03-04,131,84,200,191,106
2020-03-05,117,77,112,182,113
2020-03-06,100,61,82,125,100
2020-03-07,93,69,77,80,85
2020-03-08,91,57,156,91,77
2020-03-09,99,65,138,128,70
2020-03-10,93,61,186,163,65
2020-03-11,95,76,128,165,62
2020-03-12,97,65,125,112,78
2020-03-13,90,72,170,111,79
2020-03-14,86,74,131,74,75
2020-03-15,88,79,124,96,82
2020-03-16,79,66,148,86,71
2020-03-17,77,76,164,134,67
2020-03-18,78,92,162,164,67
2020-03-19,91,88,191,183,87
2020-03-20,100,95,209,252,79
2020-03-21,103,80,205,219,84
2020-03-22,99,71,198,128,102
2020-03-23,85,73,127,122,73
2020-03-24,106,57,124,207,66
2020-03-25,70,58,92,237,60
2020-03-26,61,54,93,108,59
2020-03-27,67,59,76,77,65
2020-03-28,70,55,51,73,70
2020-03-29,66,53,64,64,75
2020-03-30,72,50,74,69,72
2020-03-31,68,60,81,85,68
2020-04-01,64,75,80,116,87
2020-04-02,70,74,78,115,88
2020-04-03,82,72,84,81,73
2020-04-04,74,67,90,71,67
2020-04-05,77,66,103,91,66
2020-04-06,65,57,134,90,64
2020-04-07,62,55,100,75,77
2020-04-08,67,55,91,77,56
2020-04-09,65,55,89,94,59
2020-04-10,76,80,111,81,62
2020-04-11,70,60,126,121,55
2020-04-12,64,59,102,151,61
2020-04-13,72,64,119,93,68
2020-04-14,72,65,134,157,74
2020-04-15,74,62,152,138,74
2020-04-16,66,65,172,160,70
2020-04-17,74,65,123,211,74
2020-04-18,94,56,102,140,75
2020-04-19,67,59,95,125,67
2020-04-20,53,59,115,91,58
2020-04-21,65,61,102,81,54
2020-04-22,71,60,122,84,50
2020-04-23,63,56,129,112,53
2020-04-24,69,58,143,142,63
2020-04-25,66,67,121,120,62
2020-04-26,61,66,119,95,71
2020-04-27,59,60,98,69,56
2020-04-28,71,68,105,64,56
2020-04-29,62,69,123,74,51
2020-04-30,61,70,128,83,59
2020-05-01,74,71,140,82,67
2020-05-02,72,70,127,67,54
2020-05-03,71,71,110,63,70
2020-05-04,79,66,92,73,77
2020-05-05,91,81,117,83,71
2020-05-06,85,78,139,64,73
2020-05-07,82,73,140,73,59
2020-05-08,73,76,138,77,65
2020-05-09,76,65,142,103,69
2020-05-10,78,69,127,122,65
2020-05-11,77,66,113,140,83
2020-05-12,82,68,122,106,74
2020-05-13,66,69,132,143,64
2020-05-14,66,77,154,107,60
2020-05-15,73,70,125,142,60
2020-05-16,74,82,175,143,67
2020-05-17,70,68,202,107,70
2020-05-18,68,76,222,151,72
2020-05-19,72,82,238,113,93
2020-05-20,79,90,196,209,106
2020-05-21,70,92,149,152,109
2020-05-22,68,102,199,158,114
2020-05-23,72,77,202,164,122
2020-05-24,66,81,174,134,116
2020-05-25,70,79,157,173,102
2020-05-26,66,79,153,147,89
2020-05-27,75,77,156,205,87
2020-05-28,74,79,174,135,86
2020-05-29,66,112,129,78,84
2020-05-30,72,105,84,97,65
2020-05-31,61,88,80,81,67
2020-06-01,49,101,100,85,55
2020-06-02,40,95,123,99,79
2020-06-03,42,76,123,110,38
2020-06-04,43,99,144,142,33
2020-06-05,55,81,126,100,38
2020-06-06,55,92,102,84,58
2020-06-07,55,128,104,70,64
2020-06-08,55,85,112,77,54
2020-06-09,58,87,138,148,57
2020-06-10,70,80,154,193,48
2020-06-11,59,106,142,183,42
2020-06-12,49,169,152,166,42
2020-06-13,50,112,132,117,38
2020-06-14,49,80,147,91,32
2020-06-15,47,79,130,79,33
2020-06-16,55,86,126,76,31
2020-06-17,57,96,110,73,29
2020-06-18,65,112,107,75,30
2020-06-19,65,109,132,70,37
2020-06-20,56,152,158,78,52
2020-06-21,52,140,105,71,56
2020-06-22,49,106,104,64,60
2020-06-23,56,109,85,72,51
2020-06-24,63,102,71,90,51
2020-06-25,63,108,86,116,52
2020-06-26,58,95,104,81,52
2020-06-27,51,95,112,74,58
2020-06-28,61,98,196,77,49
2020-06-29,65,104,233,65,47
2020-06-30,63,110,114,69,46
2020-07-01,43,92,101,76,48
