Date,Bengaluru,Chennai,Delhi,Lucknow,Hyderabad,Patna
2017-10-01,1.37,12.04,14.66,16.22,2.95,19.34
2017-10-02,1.8,9.25,12.1,22.14,4.8,19.88
2017-10-03,1.81,9.16,11.47,32.38,9.81,39.73
2017-10-04,7.5,11.83,14.09,23.2,11.72,45.4
2017-10-05,21.6,13.9,13.8,36.06,11.45,41.89
2017-10-06,17.21,14.66,12.19,31.85,8.09,42.64
2017-10-07,17.23,12.3,14.27,37.13,12.33,23.05
2017-10-08,14.42,12.53,14.05,31.31,10.59,40.39
2017-10-09,15.19,18.35,17.82,35.01,6.49,35.55
2017-10-10,14.78,12.65,13.81,41.09,6.08,40.18
2017-10-11,17.4,14.11,14.22,22.52,4.63,109.78
2017-10-12,16.24,16.1,12.39,29.05,5.04,28.26
2017-10-13,16.58,20.74,14.41,46.9,3.15,25.66
2017-10-14,15.1,17.57,23.78,29.84,3.74,19.4
2017-10-15,18.62,16.49,15.25,41.41,3.41,47.92
2017-10-16,15.09,18.07,40.14,65.79,3.45,39.43
2017-10-17,21.29,23.85,49.91,57.02,4.69,44.39
2017-10-18,23.66,26.48,55.52,71.46,5.58,44.95
2017-10-19,21.72,27.96,53.32,33.42,10.71,33.57
2017-10-20,22.47,14.79,47.28,29.91,3.38,42.2
2017-10-21,16.86,14.83,49.3,25.23,5.46,29.46
2017-10-22,14.94,14.45,31.89,56.2,2.55,60.74
2017-10-23,17.72,16.93,63.05,84.66,5.48,92.02
2017-10-24,25.27,16.04,87.22,70.3,2.17,91.32
2017-10-25,26.42,16.63,57.55,84.92,1.55,72.98
2017-10-26,22.64,18.49,63.21,108.75,1.84,40.44
2017-10-27,19.54,16.51,52.4,98.16,2.33,41.76
2017-10-28,22.25,15.98,60.5,113.9,2.4,94.11
2017-10-29,21.46,14.75,57.94,45.39,4.19,55.14
2017-10-30,16.63,16.25,64.94,55.14,0,69.64
2017-10-31,24.36,14.16,75.68,62.96,32.64,29.03
2017-11-01,47.53,9.72,43.9,36.76,36.6,0
2017-11-02,50.52,10.8,56.86,44.44,27.41,26.02
2017-11-03,62.33,13.65,60.96,46.54,27.54,67.76
2017-11-04,27.96,18.14,74.75,52.5,23.05,122.4
2017-11-05,23.52,11.65,97.76,66.41,19.93,84.83
2017-11-06,22.24,15.71,96,60.42,25.12,63.09
2017-11-07,25.13,20.32,103.77,58.14,29.83,58.85
2017-11-08,25.46,14.1,104.65,66.12,24.69,84.36
2017-11-09,26.42,14.27,104.52,82.14,25.68,79.33
2017-11-10,20.93,15.3,109.98,63.79,27.05,203
2017-11-11,24.53,13.12,117.92,44.84,29.64,132.18
2017-11-12,24.2,11.81,104.82,30.59,29.99,70.91
2017-11-13,22.14,19.88,105.48,76.25,27.59,114.74
2017-11-14,20.53,19.35,75.36,116.02,28.97,166.51
2017-11-15,17.34,28.29,79.14,69.47,25.3,78.83
2017-11-16,23.09,31.03,82.34,70.19,27.1,50.08
2017-11-17,18.76,19.05,70.95,45.63,25.49,75.54
2017-11-18,22.57,18.68,50.62,37.86,24.83,136.55
2017-11-19,25.1,14.12,55.24,35.5,25.29,87.81
2017-11-20,25.05,14.46,64.19,31.15,25.21,39.46
2017-11-21,26.66,16.24,75.18,34.77,28.86,38.81
2017-11-22,28.5,18.52,74.09,42.64,22.12,42.31
2017-11-23,28.13,25.94,70.15,43.51,28.39,25.56
2017-11-24,30.94,26.61,82.97,43.54,23.41,47.96
2017-11-25,34.88,22.93,88,59.61,24.28,36.7
2017-11-26,33.72,15.45,101.44,40.24,31.34,19.86
2017-11-27,34.14,16.55,87.3,41.65,33.05,14.26
2017-11-28,34.51,16.62,93.71,55.7,36.36,25.02
2017-11-29,26.59,19.6,132.94,130.14,29.33,45.99
2017-11-30,22.72,14.21,108.26,101.26,30.5,48.46
2017-12-01,21.32,14.07,94.55,124.68,26.11,28.65
2017-12-02,23.42,16.1,102.69,79.94,23.91,45.69
2017-12-03,29.32,15.55,99.76,72.57,25.61,18.58
2017-12-04,30.26,16.56,101.07,60.04,24.68,21.4
2017-12-05,25.19,14.06,104.85,42.85,20.52,25.66
2017-12-06,28.15,15.27,68.08,36.02,20.6,24.32
2017-12-07,31.84,18.02,39.33,33.79,27.61,14.62
2017-12-08,50.17,21.07,3.63,38.04,22.87,17.91
2017-12-09,44.62,20.82,9.06,77.61,22.57,129.42
2017-12-10,38.79,18.97,16.38,79.86,23.47,107.68
2017-12-11,41.9,16.3,13.13,68.51,32.65,114.79
2017-12-12,33,20.09,3.04,77.96,42.71,67.03
2017-12-13,28.17,14.83,2.59,41.47,33.14,57.63
2017-12-14,34.18,18.59,2.33,31.95,22.84,47.53
2017-12-15,67.93,14.2,3.26,33.77,23.42,43.36
2017-12-16,29.85,18.54,2.87,31.24,31.68,35.74
2017-12-17,31.65,13.79,2.44,42.28,31.63,20.69
2017-12-18,39.92,15.45,2.15,47.82,23.1,65.97
2017-12-19,31.68,16.64,4.37,95.55,32.53,53.79
2017-12-20,88.57,18.2,5.96,131.19,48.21,51.81
2017-12-21,69.84,17.48,3.57,65.06,50.51,11.85
2017-12-22,77.93,21.68,2.69,35.32,55.73,45.13
2017-12-23,37.69,20.49,3.61,51.76,42.69,75.53
2017-12-24,17.8,19,9.75,52.15,41.56,32.78
2017-12-25,14.41,16.38,7.06,41.29,36.68,53.5
2017-12-26,20.89,23.35,6.18,52.01,34.06,25.24
2017-12-27,26.75,19.01,9.76,64.87,34.05,28.9
2017-12-28,25.49,27.14,11.62,73.3,39.96,14.52
2017-12-29,27.48,20.07,10.69,50.17,45.17,8.19
2017-12-30,24.2,21.65,15.32,44.54,47.61,35.53
2017-12-31,24.62,10.97,23.13,37.95,43.33,38.14
2018-01-01,22.62,11.72,11.79,28.79,36.98,29.5
2018-01-02,21.46,13.17,4.26,40.59,31.23,16.12
2018-01-03,25.24,15.62,2.87,28.67,28.9,68.3
2018-01-04,25.4,14.55,4.24,34.5,40.67,29.69
2018-01-05,27.28,14.05,4.57,39.93,41.36,13.2
2018-01-06,26.54,13.34,8.53,50.65,40.73,47.68
2018-01-07,24.43,13.8,4.99,49.26,36.43,67.77
2018-01-08,24.61,13.71,5.28,40.75,33.01,61.93
2018-01-09,22.08,11.96,10.36,44.62,33.53,25.19
2018-01-10,20.93,12.39,3.98,39.3,33.57,53.95
2018-01-11,31.34,14.8,3.47,42.21,36.87,52.96
2018-01-12,24.24,15.35,3.73,40.61,43,65.07
2018-01-13,28.98,20.98,3.2,59.1,41.95,39.86
2018-01-14,30.63,14.32,1.87,65,40.04,15.67
2018-01-15,20.85,10.79,2.15,70.75,23.11,46.99
2018-01-16,26.35,10.75,3.92,33.04,25.41,82.87
2018-01-17,23.5,15.27,34.61,43.64,28.58,23.04
2018-01-18,24.32,18.85,85.75,57.82,38.39,20.22
2018-01-19,23.41,17.57,81.11,104.19,38.21,49.99
2018-01-20,23.33,17.79,53.34,43.51,42.06,39.44
2018-01-21,20.26,16.88,63.87,47.75,37.92,33.14
2018-01-22,19.57,16.82,72.5,60.5,31.43,29.03
2018-01-23,20.22,18.15,67.65,81.59,27.83,52.97
2018-01-24,28.47,18.6,56.27,29.79,26.3,24.81
2018-01-25,20.55,18.91,48.6,24.61,38.56,10.36
2018-01-26,18.82,16.01,57.6,26.22,37.18,6.68
2018-01-27,21.59,16.59,60.99,26.06,34.93,38.14
2018-01-28,18.06,15.9,73.57,31.53,30.72,20.84
2018-01-29,20.86,16.29,74.45,33.49,28.63,14.09
2018-01-30,18.96,18.79,51.3,27.1,33.46,67.17
2018-01-31,20.81,21.61,48.06,21.7,44.33,39.23
2018-02-01,31,20.84,67.65,27.21,63.29,10.81
2018-02-02,25.09,18.15,71.59,50.47,53.44,9.66
2018-02-03,19.43,22.82,64.81,85.06,33.42,78.6
2018-02-04,17.81,16.68,56.52,24.26,25.66,53.8
2018-02-05,19.56,17.01,78.45,24.02,29.17,20.35
2018-02-06,17.18,18.16,67.62,24.7,40.94,12.17
2018-02-07,18.77,15.07,55.33,27.97,56.56,10.46
2018-02-08,32.12,15.81,86.77,27.34,42.94,9.28
2018-02-09,26.93,18.28,84.22,26.29,38.89,8.94
2018-02-10,25.66,17.07,86.85,34.48,32.19,8.22
2018-02-11,14.77,14.25,82.24,55.4,17.89,11.26
2018-02-12,15.02,12.66,42.62,29.17,12.99,13.92
2018-02-13,12.96,16.55,72.84,26.82,16.16,13.57
2018-02-14,13.54,17.53,44.75,20.07,22.99,9.93
2018-02-15,15.35,16.78,47.11,22.13,29.9,8.84
2018-02-16,22.24,12.52,60.03,21.53,33.77,10.1
2018-02-17,23.18,10.31,60.9,25.88,39.91,25.73
2018-02-18,15.17,13.46,67.43,30.06,39.49,29.26
2018-02-19,17.17,11.8,88.37,30.55,26.69,16.43
2018-02-20,16.61,12.05,87.59,39.68,25.68,36.75
2018-02-21,20.66,11,94.31,85.51,28.9,22.49
2018-02-22,26.13,12.53,90.58,55.94,29.91,16.93
2018-02-23,19.82,11.96,92.54,74.73,30,9.39
2018-02-24,15.15,9.91,80.95,52.21,27.02,10.54
2018-02-25,13.05,10.8,59.15,26.11,33.9,8.73
2018-02-26,23.09,13.45,43.27,23.22,52.86,7.83
2018-02-27,20.8,12.95,56.44,30.83,52.81,7.74
2018-02-28,25.1,14.34,78.41,36.52,54.05,8.48
2018-03-01,20.33,12.58,79.9,34.48,46.13,25.26
2018-03-02,21.33,11.87,78.23,29.24,37.83,10.7
2018-03-03,26.83,10.47,59.03,28.02,27.24,5.18
2018-03-04,31.34,11.96,56.08,33.09,32.28,7.78
2018-03-05,39.95,10.3,56.62,28.16,27.82,6.73
2018-03-06,29.06,15.17,44.67,27.32,23.52,6.29
2018-03-07,19.18,14.02,54.4,33.73,26.99,7.26
2018-03-08,19.49,27.97,82.26,51.26,31.44,9.06
2018-03-09,31.65,14.85,75.45,41.19,31.79,8.36
2018-03-10,25.26,15.41,47.05,31.44,30.19,5.79
2018-03-11,20.37,12.02,55.86,32.65,20.92,6.7
2018-03-12,16.54,10.68,65.27,34.97,24.38,32.2
2018-03-13,13.79,10.34,73.67,36.52,25.69,63.94
2018-03-14,15.38,11.68,87.49,77.86,27.97,62.19
2018-03-15,17.84,14.92,66.89,48.68,22.92,34.25
2018-03-16,15.29,13.71,62.19,28.47,23.98,26.55
2018-03-17,22.16,16.28,44.69,29.87,20.02,14.63
2018-03-18,25.18,16.28,41.03,26.57,20.64,10.85
2018-03-19,28.1,17.53,62.83,32.7,25.09,37.33
2018-03-20,34.02,18.53,82.08,31.04,29.2,23.1
2018-03-21,31.3,16.58,66.03,50.38,27.17,14.21
2018-03-22,38.75,15.48,41.53,34.95,34.8,13.4
2018-03-23,50.12,12.52,42.49,26.68,41.43,12.04
2018-03-24,28.5,9.04,44.39,27.29,43.32,7.04
2018-03-25,47.05,7.91,41.31,25.68,30.11,7.23
2018-03-26,31.84,11.67,51.42,28.35,23.68,10.05
2018-03-27,23.6,13.31,76,30.87,26.49,11.28
2018-03-28,33.78,13.96,79.52,63.85,24.05,12.35
2018-03-29,41.75,12.43,49.23,52.1,28.94,11.98
2018-03-30,34.17,11.16,58.22,45.75,23.3,6.24
2018-03-31,27.21,12.92,57.92,30.89,24.83,22.93
2018-04-01,17.49,13.7,46.42,52.33,19.08,17.85
2018-04-02,31.9,13.43,64.03,48.47,26.19,17.35
2018-04-03,49.37,13.71,66.35,64.6,24.93,16.89
2018-04-04,45.2,16.57,69.5,47.29,24.13,11.21
2018-04-05,51.07,14.11,76.02,36.46,22.52,9.59
2018-04-06,55.02,17.25,62.14,32.46,26.36,8.44
2018-04-07,33.33,17.41,50.39,30.99,32.78,7.72
2018-04-08,12.97,19.85,41.32,40.51,22.43,7.96
2018-04-09,10.6,16.58,53.81,37.22,28.67,9.22
2018-04-10,36.05,16.73,65.04,40.52,25.31,7.62
2018-04-11,43.24,18.24,41.68,35.64,20.42,8.5
2018-04-12,39.18,15.81,49.98,29.06,26.69,9.67
2018-04-13,41.42,20.6,64.81,32.57,21.17,12.78
2018-04-14,35.53,17.46,73.26,35.76,18.73,32.2
2018-04-15,17.16,14.52,75.59,43.54,20.46,14.25
2018-04-16,12.56,16.4,79.53,63.01,31.05,9.82
2018-04-17,32.3,18.98,69.28,51.87,23.94,9.66
2018-04-18,35.66,18.74,46.57,30.43,22.78,8.61
2018-04-19,18.62,18.85,62.47,37.42,32.35,7.61
2018-04-20,27.12,17.82,49.75,62.57,35.01,6.21
2018-04-21,41.59,19.04,35.73,29.7,38.23,8.22
2018-04-22,23.46,15.3,35.38,25.06,24.29,8.67
2018-04-23,22.84,15.93,43.95,29.31,17,7.22
2018-04-24,24.4,20.6,61.05,47.53,21.62,12.55
2018-04-25,29.28,49.33,77.25,80.39,17.69,30.04
2018-04-26,21.13,39.58,78.44,37.19,21.42,28
2018-04-27,30.23,23.4,54.16,28.77,21.56,30.51
2018-04-28,31.32,24.85,41.23,30.87,18.35,27.16
2018-04-29,26.98,21.08,48.22,31.32,18.74,21.84
2018-04-30,12.72,24.69,58.38,25.82,26.63,25.16
2018-05-01,9.9,64.31,41.04,28.5,20.1,21.59
2018-05-02,21.7,47.54,42.86,28.28,18.75,19.16
2018-05-03,31.13,25.05,40.96,27.84,16.39,17.5
2018-05-04,36.23,77.57,37.96,33.45,20.45,35.06
2018-05-05,18.98,59.62,55.93,33.16,18.07,30.21
2018-05-06,14.69,32.55,71.2,34.49,17.4,27.65
2018-05-07,32.23,30.08,76.02,40.14,17.24,32.8
2018-05-08,13.81,33.89,32.84,59,27.32,36.08
2018-05-09,19.63,41.88,56.74,26.89,22.67,40
2018-05-10,17.75,25.82,68.21,28.47,19.53,35.82
2018-05-11,18.71,22.08,75.54,45.82,18.67,13.81
2018-05-12,13.98,21.65,88.45,29.03,18.58,8.05
2018-05-13,13.73,20.18,44.1,25.92,19.38,6.09
2018-05-14,21.25,20.3,41.85,28.58,15.62,6.01
2018-05-15,18.25,20.89,43.92,34.12,14.76,22.46
2018-05-16,16.48,20.45,45.65,35.09,21.61,25.35
2018-05-17,15.82,20.26,44.55,26.18,26.17,19.01
2018-05-18,27.53,20.47,63.16,30.8,21.97,11.09
2018-05-19,34.28,19.43,81.75,28.54,23.1,7.76
2018-05-20,10.96,18.7,50.04,29.22,17.35,7.16
2018-05-21,19.8,21.56,48.33,41.6,18.72,7.16
2018-05-22,20.95,29.83,60.5,34.12,15.7,4.83
2018-05-23,26.25,21.94,86.18,27.68,19.55,3.72
2018-05-24,21.18,20.48,67.13,25.63,20.82,3.04
2018-05-25,21.53,19.86,63.04,32.67,18.88,24.46
2018-05-26,26.53,18.25,61.71,56.48,16.85,26.04
2018-05-27,27.37,18.71,57.05,31.7,16.54,18.38
2018-05-28,18.11,16.9,57.51,28.06,15.75,20.87
2018-05-29,17.52,16.78,66.84,22.9,17.59,31.38
2018-05-30,16.18,17.08,42.64,29.11,16.12,29.17
2018-05-31,17.21,17.04,44.17,34.78,15.51,28.66
2018-06-01,19.15,20.3,33.87,33.75,18.61,28.84
2018-06-02,24.13,19.9,35.13,21.65,21.68,31.2
2018-06-03,15.78,18.9,43.09,21.89,18.05,27.34
2018-06-04,16.36,18.57,38.57,22.07,19.01,38.95
2018-06-05,15.62,17.84,32.62,21.61,18.39,40.32
2018-06-06,15.45,20.84,33.05,21.02,17.68,39.64
2018-06-07,17.37,18.07,37.99,22.53,14.03,36.7
2018-06-08,16.94,17,36.1,22.24,13.55,27.75
2018-06-09,16.88,16.14,36.36,22.05,13.67,20.75
2018-06-10,20.16,15.87,38.52,19.79,13.49,14.96
2018-06-11,18.29,18.97,35.75,24.31,15.72,14.54
2018-06-12,15.48,18.09,34.01,26.12,17.8,12.13
2018-06-13,18.48,25.56,30.62,24.02,13.57,10.75
2018-06-14,20.84,19.27,29.01,25.59,14.67,76.95
2018-06-15,21.94,15.94,29.31,22.02,12.92,49.75
2018-06-16,20.74,17.28,29.76,20.72,13.35,22.55
2018-06-17,18.77,20.48,27.88,22.14,12.88,15.56
2018-06-18,19.88,19.42,31.17,24.63,12.01,22.23
2018-06-19,17.4,15.28,29.02,25.58,10.99,42.21
2018-06-20,18.08,22.85,37.25,26.69,13.31,38.69
2018-06-21,20.93,14.97,35.93,26.64,12.97,36.7
2018-06-22,27.45,15.03,53.22,21.66,16.4,28.08
2018-06-23,22.5,16.64,49.29,21,14.39,26.49
2018-06-24,18.69,14.78,37.1,21.97,13.25,21.6
2018-06-25,16.14,15.69,31.12,24.72,13.14,18.96
2018-06-26,13.51,15.56,26.14,23,15.22,12.97
2018-06-27,12.58,15.13,25.96,20.77,18.17,35.66
2018-06-28,14.8,15.09,23.9,20.45,16.02,30.42
2018-06-29,17.54,15.77,26.78,21.22,14.57,46.82
2018-06-30,38.97,14.75,28.23,21.76,18.78,36.29
2018-07-01,32.18,13.8,26.45,28.09,16.84,30.87
2018-07-02,31.9,14.25,22.61,27.8,15.61,29.72
2018-07-03,28.51,13.28,32.19,25.08,14.97,22.19
2018-07-04,23.4,13.93,25.67,23.7,14.46,23.11
2018-07-05,24,16.19,33.66,24.25,15.17,29.89
2018-07-06,23.64,18.4,35.28,26.12,17.26,32.83
2018-07-07,22.69,22.4,28.17,25.02,17.7,37.62
2018-07-08,19.14,15.81,35.86,21.96,16.11,32.9
2018-07-09,27.64,13.61,28.69,21.26,15.32,39.75
2018-07-10,28.01,14.04,24.09,20.06,14.62,33.13
2018-07-11,24.79,14.02,26.63,22.32,15.63,38.51
2018-07-12,20.39,14.22,28.48,22.96,15.24,35.81
2018-07-13,20.25,18.65,29.09,23.02,14.07,40.85
2018-07-14,22.41,14.77,31.3,23.07,17.84,32.93
2018-07-15,16.7,13.9,25.51,21.38,17.67,27.56
2018-07-16,25.39,10.15,32.44,22.15,15.02,30.87
2018-07-17,16.7,12.63,28.81,22.24,14,28.16
2018-07-18,11.96,16.76,28.39,21.78,15.15,33.92
2018-07-19,13.91,16.09,25.71,23.46,15.57,35.88
2018-07-20,13.27,16.23,30.45,23.35,14.61,31.77
2018-07-21,13.99,16.28,37.03,24.11,14.44,32.92
2018-07-22,11.91,15.5,27.12,22.11,14.56,22.64
2018-07-23,18.1,15.87,29.43,24.99,14.24,25.78
2018-07-24,15.74,16.3,26.72,21.56,14.68,23.38
2018-07-25,19.77,16.25,28.48,22.52,14.67,17.28
2018-07-26,33.72,18.27,28.9,23.99,18.69,29.98
2018-07-27,22.7,19.2,25.77,24.8,18.52,23.87
2018-07-28,15.78,19.98,24.43,29.64,18.1,34.55
2018-07-29,14.34,18.32,30.46,28.56,19.71,14.17
2018-07-30,23.4,18.35,28.28,22.91,17.39,17.41
2018-07-31,26.45,19.1,30.1,23.39,17.24,19.79
2018-08-01,29.88,18.84,32.34,22.69,16.46,14.06
2018-08-02,24.09,19.69,32.61,26.26,18.33,28.01
2018-08-03,26.75,16.97,31.73,23.74,19.13,22.75
2018-08-04,31.52,17.22,32.96,28.82,17.64,27.33
2018-08-05,23.82,16.82,29.73,24.32,18.56,24.35
2018-08-06,26.37,17.71,32.23,25.92,16.3,39.43
2018-08-07,26.63,17.01,31.04,22.16,16.08,33.02
2018-08-08,31.6,16.69,30.33,20.13,16.46,24.01
2018-08-09,28.22,16.65,29.1,20.3,21,30.11
2018-08-10,29.13,18.78,42.63,24.73,17.3,40.88
2018-08-11,28.96,18.74,28.8,23.07,18.46,36.15
2018-08-12,21.04,16.6,25.93,27.27,14.38,37.07
2018-08-13,25.47,23.9,28.15,32.41,13.61,62.27
2018-08-14,30.21,27.87,30.34,38.36,20.02,47.08
2018-08-15,26.23,26.35,22.86,33.74,12.18,27.22
2018-08-16,23.99,24.79,33.72,22.15,13.35,30.96
2018-08-17,25.21,27.61,30.72,24.31,14.14,31.06
2018-08-18,24.67,28.32,26.14,27.91,12.67,50.13
2018-08-19,24.39,27.41,33.12,26.34,21.07,30.19
2018-08-20,30.67,29.04,37.99,26.04,15.99,32.87
2018-08-21,29.4,26.15,26.25,24.15,14.4,27.63
2018-08-22,30.51,25.25,28.73,21.86,16.5,25.75
2018-08-23,32.44,27.24,27.95,24.86,17.2,34.21
2018-08-24,34.56,26.86,29.81,25.1,16.98,39.51
2018-08-25,36.32,25.76,26.16,25.05,18.74,34.96
2018-08-26,31.57,25.26,20.16,26.96,17.43,25.81
2018-08-27,36.57,28.39,23.07,27.38,21.01,33.05
2018-08-28,31.9,27.95,27.65,22.8,19.35,31.46
2018-08-29,30.96,31.81,27.86,24.35,18.67,27.94
2018-08-30,32.55,27.15,34.45,28.2,19.13,41.1
2018-08-31,38.66,26.63,26.93,26.38,18.9,40.02
2018-09-01,29.17,30.79,31.54,23.49,18.32,39.83
2018-09-02,26.12,30.72,29.51,23.79,19.12,25.01
2018-09-03,36.16,25.39,30,26.72,18.24,30.47
2018-09-04,37.81,26.57,49.8,26.07,19.27,24.84
2018-09-05,31.97,26.39,37.55,22.51,17.59,37.1
2018-09-06,33.3,26.43,43.56,27.3,17.54,28.93
2018-09-07,32.1,26.31,49.1,23.35,15.82,27.41
2018-09-08,23.04,26.88,31.93,22.8,13.78,28.32
2018-09-09,25.42,24.42,24.12,23.88,20.62,20.23
2018-09-10,28.16,28.9,30.96,23.46,22.32,12.59
2018-09-11,35.58,26.44,32,23.33,26.5,16.07
2018-09-12,42.15,27.1,29.28,26.3,26.63,11.82
2018-09-13,39.47,25.22,30.78,24.72,28.14,22.73
2018-09-14,42.26,24.28,32.01,24.69,23.67,21.13
2018-09-15,41.69,26.14,37.7,21.17,24.05,32.93
2018-09-16,46.22,26.23,31.12,22.25,24.38,24.41
2018-09-17,41.59,34.16,33.99,18.61,14.98,23.94
2018-09-18,32.53,33.53,28.63,19.82,17.48,27.26
2018-09-19,28.88,33.81,40.98,25.92,20.98,35.36
2018-09-20,54.46,36.47,42.01,26.7,18.92,37.35
2018-09-21,37.62,29.79,24.32,17.31,17.69,22.03
2018-09-22,40.33,29.55,19.92,18.35,14.88,27.93
2018-09-23,39.6,24.07,16.84,20.88,17.34,18.52
2018-09-24,37.99,26.17,25.46,24.75,25.03,19.17
2018-09-25,45.05,27.74,30.35,24.3,28.61,20.64
2018-09-26,32.14,25.69,42.65,19.76,39.13,12.22
2018-09-27,37.06,23.88,73.58,23.93,24.46,26.64
2018-09-28,34.42,24.39,93.15,21.52,29.38,21.99
2018-09-29,33.62,24.44,74.55,23.71,33.21,15.89
2018-09-30,31.12,24.91,35.4,20.42,32.15,9.3
2018-10-01,34.21,24.44,47.61,20.9,24.9,9.23
2018-10-02,26.83,24.73,46.51,18.76,23.67,7.86
2018-10-03,27.91,23.68,56.37,22.99,21.14,11.02
2018-10-04,32.94,29.87,59.34,38.03,22.06,11.07
2018-10-05,29.23,35.69,83.28,33.49,22.39,13.61
2018-10-06,29.19,29.91,61.88,38.52,27.18,10.51
2018-10-07,32.48,26.55,57.51,31.8,25.24,9.23
2018-10-08,34.31,31,63,41.67,25.58,13.44
2018-10-09,41.65,29.99,56.31,29.3,31,17.39
2018-10-10,47.59,34.59,45.93,24.85,31.61,22.25
2018-10-11,63.94,30.12,33.12,22.91,26.79,29.4
2018-10-12,60.98,27.85,47.82,25.83,26.64,31.33
2018-10-13,57.57,22.7,68.66,22.38,34.65,20.99
2018-10-14,28.07,25.64,53.99,22.59,24.31,13.6
2018-10-15,31.68,22.08,68.24,28.72,25.04,17.04
2018-10-16,31.15,23.42,100.51,39.62,20.97,12.93
2018-10-17,32.79,27.86,81.62,37.01,23.8,34.3
2018-10-18,37.9,29.65,112.6,48.84,21.6,42.26
2018-10-19,27.29,33.15,61.47,46.77,26.85,30.52
2018-10-20,31.45,35.57,59.64,40.75,31.47,13.44
2018-10-21,38.3,26.02,71.3,42.75,28.44,13.25
2018-10-22,51.26,30.6,71.09,34.18,35.41,15.36
2018-10-23,52.1,31.36,87.65,35.55,28.2,14.12
2018-10-24,47.8,31.19,129.52,62.44,28.34,11.18
2018-10-25,45.09,31.3,120.26,91.04,30.25,18.94
2018-10-26,46.02,28.88,133.52,81.44,30.17,22.7
2018-10-27,51.24,32.54,143.02,84.15,42.38,37.86
2018-10-28,47.93,29.44,100.04,63.47,33.18,19.96
2018-10-29,65.76,27.9,104.22,111.56,27.61,16.77
2018-10-30,73.78,27.21,119.07,109.83,28.61,14.79
2018-10-31,46.05,30.1,122.87,74.42,32.11,17.61
2018-11-01,37.49,30.91,133.14,93.21,30.38,22.24
2018-11-02,29.12,27.01,86.56,108.27,25.92,15.86
2018-11-03,28.45,23.55,45.59,63.46,22.01,12.67
2018-11-04,25.74,24.03,30.79,35.72,20.14,15.65
2018-11-05,32.92,27.64,48.8,29.36,23.46,45.28
2018-11-06,34.18,30.82,44.84,28.33,25,26.47
2018-11-07,34.22,30.88,52.43,49.28,23.63,26.2
2018-11-08,38.24,31.42,106.68,47.4,21.32,9.18
2018-11-09,32.31,25.77,109.68,56.68,25.9,8.15
2018-11-10,39.15,28.01,127.11,68.35,26.57,8.81
2018-11-11,43.57,25.69,113.81,58.38,27.54,7.4
2018-11-12,65.11,26.84,101.5,84.84,31.73,6
2018-11-13,59.92,30.73,111.18,118.49,37.98,4.68
2018-11-14,77.83,29.59,67.48,60.15,39.93,6.19
2018-11-15,50.94,24.8,51.99,50,35.35,26.86
2018-11-16,31.59,22.92,41.05,25.77,29.83,11.27
2018-11-17,28.53,26.96,61.7,29.4,21.93,8.13
2018-11-18,25.94,27.07,92.64,65.15,20.29,15.36
2018-11-19,28.63,23.22,47.93,83.48,21.29,26.16
2018-11-20,35,23.8,80.38,100.43,27.66,15.47
2018-11-21,32.46,22.53,81.87,65.02,27.7,16.95
2018-11-22,30.52,28.68,120.74,54.87,28.06,18.78
2018-11-23,34.72,27.7,102.45,47.99,30.04,13.41
2018-11-24,32.39,31.62,50.88,45.74,34.44,10.93
2018-11-25,27.58,28.95,84.38,54.6,30.48,12.07
2018-11-26,30.14,35.11,120.55,90.57,32.61,23.81
2018-11-27,36.17,32.76,176.98,124.82,35.57,16.57
2018-11-28,32.37,30.02,146.11,99.86,36.14,32.01
2018-11-29,28.83,27.3,124.27,57.85,43.12,20.04
2018-11-30,30.83,28.31,86.03,38.48,34.75,12.7
2018-12-01,34.43,30.54,90.73,52.47,35.06,8.57
2018-12-02,27.96,26.02,152.89,104.37,33.02,10.01
2018-12-03,29.75,26.81,144.74,51.88,30.02,29.59
2018-12-04,34.03,27.4,169.75,73.75,29.22,63.88
2018-12-05,30.8,28.85,142.92,47.87,24.04,49.65
2018-12-06,33.09,27.19,156.61,53.62,25.89,27.46
2018-12-07,34.16,26.96,105.05,46.55,19.87,11.1
2018-12-08,28.09,24.43,107.05,60.28,20.56,23.45
2018-12-09,19.92,23.02,127.78,75.26,20.26,18.96
2018-12-10,31.44,25.93,121.45,168.23,18.63,22.37
2018-12-11,39.46,29.71,124.9,67.28,24.48,46.74
2018-12-12,39.8,37.55,80.05,62.66,21.92,31.18
2018-12-13,37.08,31.05,56.05,35.67,22.72,24.74
2018-12-14,38.05,29.69,60.27,28.84,25.98,13.25
2018-12-15,39.72,23.66,53.33,28.82,24.05,9.65
2018-12-16,38.75,22.21,65.32,58.93,23.25,10.16
2018-12-17,76.09,26.53,94.61,57.35,20.68,9.64
2018-12-18,106.26,29.8,82.18,47.69,19.52,8.93
2018-12-19,47.55,23.98,89.2,36.4,22.61,25.13
2018-12-20,35.33,24.8,139.08,36.56,30.84,12.91
2018-12-21,48.19,24.41,103.06,37.62,30.3,9.21
2018-12-22,35.22,23.85,117.64,86.36,31.84,13.73
2018-12-23,25.68,25.66,145.67,54.66,25.43,7.94
2018-12-24,29.5,24.58,152.77,38.8,25.96,5.72
2018-12-25,33.96,27.37,74.6,31.82,26.91,5.28
2018-12-26,33.88,25.49,89.51,40.92,23.04,10.26
2018-12-27,34.5,27.37,143.91,33.69,25.8,8.97
2018-12-28,32,26.23,68.5,24.82,28.62,20.82
2018-12-29,32.97,25.86,102,38.3,28.59,69.6
2018-12-30,27.6,16.02,157.78,65.59,29.77,62.85
2018-12-31,40.95,17,133.87,64.7,35.35,48.29
2019-01-01,41.3,18.62,121.07,69.19,45.22,24.91
2019-01-02,41.65,19.05,133.85,127.24,50.15,45.12
2019-01-03,51.87,20.62,106.99,44.7,48.67,34.78
2019-01-04,50.21,21.03,74.39,63.12,44.19,41.14
2019-01-05,44.4,20.84,90.67,77.95,32.05,59.21
2019-01-06,36.84,21.97,54.18,26.99,26.12,25.02
2019-01-07,48.97,20.57,72.14,40.1,34.49,18.83
2019-01-08,56.53,23.85,54.76,27.47,44.33,10.77
2019-01-09,55.76,20.37,50.88,25.04,51.58,10.59
2019-01-10,53.27,23.31,80.36,52.2,40.41,22.04
2019-01-11,51.67,21.07,151.4,72.65,27.71,24.43
2019-01-12,50.62,19.41,148.93,72.04,23.07,42.11
2019-01-13,43.65,19.21,94.9,69.4,22.02,19.93
2019-01-14,48.49,17.7,40.87,22.63,23.01,5.37
2019-01-15,48.92,16.57,61.72,28.64,24.66,19.78
2019-01-16,44.5,16.56,142.71,64.84,27.09,18.33
2019-01-17,48.8,16.51,147.7,58.21,35.9,15.32
2019-01-18,32.16,17.1,88.33,32.96,31.9,9.05
2019-01-19,33.38,17.4,133.24,34.34,30.41,15.29
2019-01-20,27.7,17.11,195.81,65.11,36.2,14.79
2019-01-21,31.71,17.8,85.11,68.52,28.09,33.22
2019-01-22,46.61,18.36,34.22,27.72,21.82,78.51
2019-01-23,40.52,18.09,76.5,27.42,22.14,74.17
2019-01-24,28.82,17.49,58.86,66.82,23.4,67
2019-01-25,28.37,18.97,38.45,72.12,17.72,57.49
2019-01-26,29.19,15.61,35.94,22.42,17.8,18.15
2019-01-27,24.5,16.2,42.16,20.66,21.7,11.24
2019-01-28,24.72,15.61,46.7,21.36,24.51,13.44
2019-01-29,28.59,17.65,58.67,20.76,24.96,10.62
2019-01-30,34.7,17.54,89.54,43.25,29.88,12.64
2019-01-31,30.45,17.43,101.46,98.18,31.26,67.08
2019-02-01,33.41,17.51,48.72,59.29,27.13,78.51
2019-02-02,30.75,17.55,35.82,37.83,28.11,24.91
2019-02-03,24.55,16.7,37.93,21.29,24.88,12.92
2019-02-04,25.35,17.17,76.95,23.33,25,12.46
2019-02-05,24.42,17.72,153.6,58.32,26.85,12.17
2019-02-06,33.98,17.64,62.85,73.63,27.64,12.5
2019-02-07,31.49,18.08,27.94,23.15,20.66,13.08
2019-02-08,25.96,17.64,49.45,35.78,32.58,7.26
2019-02-09,37.69,16.49,41.45,22.39,28.81,32.42
2019-02-10,29.4,16.68,69.38,23.52,22.94,36.31
2019-02-11,26.17,15.46,95.55,37.8,20.66,38.74
2019-02-12,27.32,15.5,101.01,64.09,27.17,60.4
2019-02-13,30.98,16.89,96.09,97.46,33.09,40.03
2019-02-14,32.32,16.58,54.06,85.74,29.37,18.54
2019-02-15,32.59,16.98,45.94,22.06,23.07,14.64
2019-02-16,44.47,16.68,33.34,18.38,30.37,9.9
2019-02-17,44.8,16.52,41.77,14.32,27.3,6.2
2019-02-18,54.29,16.21,56.8,29.36,34.94,30.08
2019-02-19,30.1,16.21,65.95,48.2,23.75,52.14
2019-02-20,27.55,19.18,63.41,51.45,19.71,19.81
2019-02-21,36.91,17.35,67.04,52.14,22.13,21.16
2019-02-22,44.74,18.06,41.61,33.72,26.97,18.75
2019-02-23,56.96,22.5,30.5,14.67,31.15,8.55
2019-02-24,50.3,20.87,42.89,23.71,24.27,7.21
2019-02-25,53.87,17.55,62,48.76,21.5,13.85
2019-02-26,44.18,18.94,48.45,32.18,28.73,23.23
2019-02-27,32.28,16.65,33.41,18.81,27.78,27.72
2019-02-28,40.15,18.56,60.89,14.77,23.07,30.21
2019-03-01,44.92,15.91,60.61,29.96,27.68,38.79
2019-03-02,26.08,22.05,70.66,40,18.95,53.89
2019-03-03,30.01,28.19,41.09,29.57,17.94,32.03
2019-03-04,26.24,20.28,67.55,21.91,21.47,18.47
2019-03-05,33.34,37.82,37.94,26.53,26.36,12.67
2019-03-06,46.05,23.09,53.83,28.4,32.23,8.58
2019-03-07,71.78,29.17,78.33,37.61,37.6,7
2019-03-08,58.06,20.43,63.98,34.04,27.4,8.07
2019-03-09,26.56,29.51,41.64,34.44,24.61,10.14
2019-03-10,16.78,56.47,43.2,37.86,21.43,9.54
2019-03-11,19.58,25.53,53.94,44.46,19.8,21.25
2019-03-12,26.33,40.42,34.98,39.86,19.1,12.4
2019-03-13,33.73,33.94,59.86,37.06,18.66,7.58
2019-03-14,32.81,32.56,69.01,34.49,20.9,5.67
2019-03-15,35.5,33.91,50.74,27.92,22.04,24.05
2019-03-16,37.28,40.11,37.43,26.01,18.97,40.77
2019-03-17,29.69,31.42,50.26,22.65,19.29,36.19
2019-03-18,24.96,43.22,56.61,24.64,21.62,41.85
2019-03-19,26.76,30.91,71.06,24.73,18.12,41.57
2019-03-20,22.43,27.52,64.3,38.24,21.63,50.58
2019-03-21,21.97,20.35,37.11,28.14,16.05,67.58
2019-03-22,24.89,20.64,28.73,17.87,16.94,17.55
2019-03-23,27.54,30.54,27.32,12.66,22.74,15.14
2019-03-24,23.65,38.8,30.81,17.67,22.14,16.53
2019-03-25,30.32,35.08,30.48,31.79,23.8,25.27
2019-03-26,36.32,39.59,37.75,26.67,25.55,26.9
2019-03-27,38.77,22.99,50.71,22.67,22.44,8.24
2019-03-28,45.48,27.32,81.85,39.57,24.28,10.82
2019-03-29,39.27,26.66,89.35,62.64,28.9,37.11
2019-03-30,35.11,27.97,64.31,51.61,22.57,17.6
2019-03-31,26.85,20.18,35.27,59.62,20.48,3.21
2019-04-01,32.36,19.02,32.02,48.85,22.71,21.86
2019-04-02,46.62,18.37,57.47,45.79,22.45,37.15
2019-04-03,39.47,20.33,58.01,35.46,22.16,28.91
2019-04-04,32.36,21.02,81.06,36.5,21.16,17.48
2019-04-05,39.93,19.51,90.76,26.69,16.5,10.53
2019-04-06,30.73,20.85,53.28,23.68,23.18,21.5
2019-04-07,30.27,20.17,52.96,23,16.22,22.93
2019-04-08,32.46,21.4,47.31,27.94,21.92,18.38
2019-04-09,30.96,29.58,60.44,31.56,27.11,9.63
2019-04-10,32.08,30.53,80.11,27.98,28.05,30.7
2019-04-11,30.94,28.5,53.99,29.32,18.56,23.7
2019-04-12,33.74,28.63,40.63,26.89,20.25,13.34
2019-04-13,28.27,27.86,35.19,27.87,24.09,7.95
2019-04-14,25.14,27.71,34.28,19.61,25.55,7.29
2019-04-15,31.72,23.89,50.81,22.74,21.37,7.38
2019-04-16,32.87,20.56,35.08,19.35,20.98,12.34
2019-04-17,33.1,16.1,23.56,21.3,17.74,8.9
2019-04-18,31.8,15.89,35.02,19.44,20.12,9.14
2019-04-19,25.65,14.37,49.15,20.43,18.5,6.83
2019-04-20,28.96,12.67,56.28,19.59,17.19,58.5
2019-04-21,27.82,16.03,69.32,25.53,15.12,77.1
2019-04-22,29.57,15.67,74.42,33.57,16.33,34.22
2019-04-23,28.78,17.47,83.46,22.6,26.08,25.15
2019-04-24,29.39,18.01,39.67,24.4,19.38,29.51
2019-04-25,32.06,17.15,30.31,28.16,21.2,21.86
2019-04-26,27.21,16.86,52.86,27.8,18.98,16.79
2019-04-27,27.39,17.1,34.4,16.51,23.05,14.14
2019-04-28,28.62,16.69,35.31,16.1,16.87,12.75
2019-04-29,27.53,16.81,53.91,22.21,16.3,29.26
2019-04-30,26.58,16.96,57.61,41.53,14.32,11.25
2019-05-01,23.34,16.91,58.94,26.57,15.02,8.03
2019-05-02,27.32,18.94,36.46,20.91,16.47,7.29
2019-05-03,25.52,20.99,43.92,20.02,13.67,6.87
2019-05-04,26.34,19.28,54.6,19.8,14.72,5.58
2019-05-05,25.65,17.51,57.99,20.19,20.05,7.28
2019-05-06,27.94,18.37,84.3,16.38,26.43,8.82
2019-05-07,27.32,22.2,103.77,25.72,39.49,10.13
2019-05-08,25.5,21.57,100.34,24.01,26.82,5.57
2019-05-09,35.49,24,57.35,18.95,27.2,38.22
2019-05-10,27.99,24.83,34.62,19.78,30.85,14.72
2019-05-11,24.4,61.02,35.69,23.28,16.23,21.36
2019-05-12,28.06,47.97,33.4,18.11,13.98,9.58
2019-05-13,22.24,41.69,44.98,18.85,15.97,7.26
2019-05-14,24.52,41.86,30.36,13.07,14.31,6.75
2019-05-15,25.03,30.37,59.46,13.35,16.76,5.36
2019-05-16,36.97,21.13,51.51,12.29,17.53,4.9
2019-05-17,36.02,21,54.56,11.68,15.54,5.77
2019-05-18,35.89,20.76,29.15,10.04,18.66,5.66
2019-05-19,25.63,21.86,40.46,9.22,26.81,3.58
2019-05-20,28.8,21.68,61.22,11.39,12.98,6.62
2019-05-21,23.99,22.14,44.25,13.28,12.46,23.64
2019-05-22,30.39,22.48,57.11,17.16,13.11,7.34
2019-05-23,35.36,20.26,60.95,17.44,12.57,4.35
2019-05-24,26.04,17.59,40.59,13.53,16.07,5.06
2019-05-25,25.38,18.52,29.66,13.22,22.03,5.17
2019-05-26,23.18,18.87,34.89,13.16,29.48,6.21
2019-05-27,30.96,18.69,53.14,14.04,19.84,10.36
2019-05-28,25.24,19.57,66.06,15.67,20.36,6.03
2019-05-29,22.09,20.24,68.16,19.67,24.53,4.56
2019-05-30,22.95,21.1,97.8,19.33,14.72,3.66
2019-05-31,24.68,21.75,69,18.52,14.16,11.58
2019-06-01,29.63,17.17,69.74,17.49,15.41,4.78
2019-06-02,19.6,16.84,26.31,16.83,19,3.35
2019-06-03,24.12,17.26,26.82,16.82,11.76,4.11
2019-06-04,30.04,17.92,32.65,17.44,13.87,3.95
2019-06-05,27.22,16.92,36.36,17.5,18.23,12.06
2019-06-06,27.68,18.59,42.88,17.23,14.13,5.91
2019-06-07,32.77,19.22,32.74,18.04,13.13,5.76
2019-06-08,24.49,14.38,50.16,17.8,18.87,5.07
2019-06-09,20.29,11.47,85.14,18.21,14.06,4.41
2019-06-10,21.21,21.56,76.01,19.79,12.49,4.89
2019-06-11,20.4,25.92,65.68,22.17,11.83,4.61
2019-06-12,22.31,18.18,30.61,21.08,9.48,4.54
2019-06-13,23.51,20.21,31.46,21.27,10.7,44.91
2019-06-14,23.77,33.73,37.54,18.87,8.74,43.34
2019-06-15,24.36,21.36,49.69,20.24,8.08,17.65
2019-06-16,21.24,20.24,21.83,19.9,5,5.19
2019-06-17,25.92,23.37,26.75,16.39,7.2,4.87
2019-06-18,22.94,23.7,31.79,21.2,6.91,17.59
2019-06-19,23.52,20.43,36.51,18.21,7.22,17.62
2019-06-20,20.57,24.79,26.95,17.78,7.2,9.69
2019-06-21,22.89,28.92,37.67,19.16,11,11.19
2019-06-22,21.76,25.54,37.1,19.69,9.47,30.12
2019-06-23,21.5,29.76,19.84,19.82,12.24,42.4
2019-06-24,22.49,27.18,22.57,21.87,12.15,37.23
2019-06-25,26.12,33.35,29.27,20.11,14.72,41.76
2019-06-26,24.94,27.37,34.44,24.48,8.97,49.58
2019-06-27,24.37,38.48,38.24,23.81,7.95,27.73
2019-06-28,23.98,23.44,37.84,24.06,6.9,37.19
2019-06-29,27.38,28.92,35.19,25.04,8.61,31.22
2019-06-30,19.15,29.49,39.12,21.73,9.97,25.39
2019-07-01,21.32,28.68,27.68,21.15,8.9,27.46
2019-07-02,23.04,27.19,23.43,22.04,8.62,18.09
2019-07-03,21.1,27.38,21.33,25.74,7.4,13.45
2019-07-04,23.35,26.1,27,21.38,8.29,9.37
2019-07-05,23.66,27.45,34.24,22.71,8.12,41.43
2019-07-06,25.96,30.79,26.12,22.2,5.39,33.35
2019-07-07,21.55,24,25.63,22.04,4.34,29.84
2019-07-08,19.26,25.5,28.57,21.8,6.2,31.15
2019-07-09,20.78,24.14,26.68,20.27,6.72,29.84
2019-07-10,22.32,26.31,29.11,19.6,6.38,15.78
2019-07-11,24.61,32.52,29.36,21.44,7.99,24.83
2019-07-12,23.18,25.59,27.19,22.39,10.1,28.42
2019-07-13,22.77,22.37,22.98,19.31,9.79,28.32
2019-07-14,20.69,19.66,24.71,18.16,10.4,15.13
2019-07-15,21.59,23.27,26.07,18.86,10.75,23.04
2019-07-16,22.16,29.26,23.74,19.11,14.47,30.06
2019-07-17,26.64,32.01,26.68,18.76,10.94,12.18
2019-07-18,28.31,29.82,37.88,20.11,9.98,11.02
2019-07-19,22.72,24.23,49.35,20.71,11.18,12.24
2019-07-20,21.45,24.65,34.22,19.72,8.86,10.52
2019-07-21,25.39,22.76,40.01,19.22,8.47,7.83
2019-07-22,26.02,28.46,45.91,19.31,10.45,19.66
2019-07-23,25.31,25.77,46.01,18.93,7.35,31.1
2019-07-24,24.67,27.52,42.88,19.7,8.04,14.08
2019-07-25,24.76,26.87,33.55,18.28,9.19,11.29
2019-07-26,24.97,27.57,29.95,16.74,10.63,19.8
2019-07-27,19.66,29,25.46,17.07,8.24,13.71
2019-07-28,22.03,22.76,21.22,15.18,8.08,11.16
2019-07-29,21.39,21.99,24.31,15.5,8.17,11.84
2019-07-30,24.17,30.69,25.19,16.47,8.76,9.63
2019-07-31,21.49,26.92,24.98,15.93,9.93,8.08
2019-08-01,18.94,22.86,26.51,16.54,10.97,8.69
2019-08-02,23.57,30.74,29.14,19.76,9.48,7.96
2019-08-03,20.69,39.85,33.32,14.88,8.49,7.71
2019-08-04,20.51,42.12,34.32,16.31,8.68,6.69
2019-08-05,22.65,31.66,38.54,17.4,9.21,36.34
2019-08-06,24.66,31.99,37.25,14.8,10.9,38.16
2019-08-07,25.36,22.72,38.88,15,12.04,22.31
2019-08-08,22.47,23.27,30.82,14.06,12.81,35.03
2019-08-09,23.29,24.91,21.86,14.85,8.84,40.7
2019-08-10,24.99,22.87,21.47,15.57,10.03,37.37
2019-08-11,21.33,18.57,25.93,17.2,11.86,32.25
2019-08-12,26.78,19.05,27.51,17.97,13.34,23.43
2019-08-13,28.97,20.18,32.07,17.01,20.72,25.35
2019-08-14,25.42,19.67,33.85,13.65,18.15,30.15
2019-08-15,21.81,22.16,32.56,14.93,15.07,17.26
2019-08-16,24.55,22.72,26.32,14.85,17.62,14.84
2019-08-17,28.58,22.26,24.77,14.21,16.82,11.49
2019-08-18,29.87,19.71,25.39,16.06,23.36,9.51
2019-08-19,31.49,23.76,38.82,16.71,21.82,9.46
2019-08-20,28.57,24.49,31.87,16.98,23.12,11.99
2019-08-21,27.03,27.29,32.26,24.17,17.12,9.64
2019-08-22,23.82,24.7,44.39,14.78,13.24,10.26
2019-08-23,22.24,22.11,54.52,15.58,12.13,5.89
2019-08-24,23.84,18.63,59.19,14.94,11.5,31.8
2019-08-25,18.18,20.1,27.89,13.25,11.82,29.18
2019-08-26,19.29,22.87,31.88,15.76,12.3,42.86
2019-08-27,23.79,25.87,39.32,18.06,9.84,32.09
2019-08-28,22.89,22.45,37.1,17.91,9.42,18.53
2019-08-29,19.69,22.67,27.72,16.36,9.95,17.15
2019-08-30,19.78,22.38,30.15,18.81,10.94,12.56
2019-08-31,22.6,20.93,40.39,19.3,11.37,8.23
2019-09-01,17.09,21.68,29.57,13.36,8.8,5.33
2019-09-02,12.58,20.31,27.85,14.33,8.14,66.99
2019-09-03,17.74,24.62,32.78,16.36,8.44,40.43
2019-09-04,19.57,26.79,30.78,16.04,8.08,39.64
2019-09-05,20.44,27.05,25.41,13.98,9.16,45.22
2019-09-06,20.57,30.02,27.49,17.78,8.05,36.76
2019-09-07,18.87,14.76,30.5,18.15,8.2,30.69
2019-09-08,15.67,16.78,24.75,17.51,6.92,24.87
2019-09-09,17.26,18.24,29.46,17.17,8.32,33.91
2019-09-10,13.55,16.37,34.48,17.79,7.91,30.71
2019-09-11,16.19,16.55,37.15,17.54,10,46.51
2019-09-12,25.64,15.73,28.38,17.39,9.09,30.12
2019-09-13,24.74,15.07,25.5,18.6,7.93,35.64
2019-09-14,20.68,12.18,21.91,17.46,9.61,36.8
2019-09-15,18.78,14.34,24.91,17.3,12.92,32.34
2019-09-16,20.07,14.56,37.24,18.48,11.68,36.32
2019-09-17,23.99,15.35,34.26,16.96,9.75,33.14
2019-09-18,23.16,16.53,25.04,16.64,12.46,40.86
2019-09-19,21.91,17.86,20.35,17.43,13.6,43.03
2019-09-20,26.19,16.7,30.32,18.19,14.45,50.24
2019-09-21,27.2,13.94,32.82,17.64,15.16,46.18
2019-09-22,37.17,24.14,33.12,17.14,12.62,32.13
2019-09-23,48.69,16.28,27.61,16.67,17.19,38.78
2019-09-24,36.56,13.95,34.14,17.82,15.9,31.56
2019-09-25,26.46,14.27,27.25,16.71,12.51,23.6
2019-09-26,26.68,13.38,26.71,16.24,9.51,18.3
2019-09-27,32.03,12.39,22.68,16.78,9.31,14.5
2019-09-28,27.62,10.41,25.22,16.12,9.06,8.34
2019-09-29,21.74,11.47,19.7,15.95,13.85,6.78
2019-09-30,17.87,14.08,26.39,18.41,25.22,8.39
2019-10-01,29.12,15.67,26.89,22.62,20.19,35.97
2019-10-02,35.39,18.43,32.24,18.41,12.22,27.73
2019-10-03,37.85,16.99,46.78,21.39,16.06,23.13
2019-10-04,51.72,18.07,35.15,28.13,15.95,39.01
2019-10-05,52.79,13.45,36.22,20.2,15.47,39.17
2019-10-06,36.15,14.99,37.52,25.1,16.14,21.07
2019-10-07,46.86,30.18,31.6,25.22,15.72,9.56
2019-10-08,26.66,24.68,34.71,24.73,12.16,10.39
2019-10-09,53.18,22.13,58.38,25.38,14.02,11.22
2019-10-10,37.94,20.52,54.51,25.34,18.72,32.02
2019-10-11,39.71,17.44,53.08,36.22,16.47,24.47
2019-10-12,32.46,12.75,53.06,31.77,16.34,19.69
2019-10-13,26.36,16.24,63.23,32.95,15.72,11.14
2019-10-14,35.28,14.66,68.23,34.97,14.37,25.01
2019-10-15,34.84,18.72,86.5,24.71,14.29,24.2
2019-10-16,33.44,18,62.13,29.93,15.26,22.33
2019-10-17,35.63,19.65,42.73,34.63,16,16.01
2019-10-18,26.37,17.33,34.81,36.01,11.59,43.66
2019-10-19,27.14,15.93,53.94,40.52,12.31,19.48
2019-10-20,23.16,20.76,53.46,28.1,13.8,9.97
2019-10-21,35.45,19.12,55.42,29.98,13.29,6.67
2019-10-22,29.48,22.34,57.98,46.27,17.71,13.23
2019-10-23,19.84,21.85,80.24,58.92,16.66,11.99
2019-10-24,16.05,30.74,108.93,48.22,12.99,10
2019-10-25,19.56,42.27,64.73,26.1,15.97,9.3
2019-10-26,20.81,22.53,83.98,50.12,9.9,7.47
2019-10-27,23.05,34.75,68.91,46.27,11.8,7.35
2019-10-28,26.91,36.78,59.73,61.07,15.71,14.11
2019-10-29,27.53,56.01,86.74,57.93,17.77,17.68
2019-10-30,32.16,40.96,113.63,51.36,19.03,19.08
2019-10-31,26.76,42.24,123.63,61.41,13.88,15.13
2019-11-01,31.75,48.82,96.68,58.9,14.98,16.21
2019-11-02,30.28,22.08,61.32,69.53,18.73,17.36
2019-11-03,27.98,27.23,53.58,47.15,15.44,12.88
2019-11-04,46.01,26.57,51.48,41.39,17.28,12.37
2019-11-05,61.74,27.57,53.16,39.12,23.28,14.63
2019-11-06,53.01,26.64,81.72,46.3,24.61,14.99
2019-11-07,61.28,27.37,54.77,73.07,17.71,19.75
2019-11-08,47.34,26.41,73.74,70.2,21.6,22.23
2019-11-09,40.02,22.12,56.07,59.48,19.58,44.34
2019-11-10,31.84,24.79,56.41,42.04,17.44,55.73
2019-11-11,34.39,23.68,75.05,28.59,20.55,39.18
2019-11-12,27.22,25.55,83.09,43.45,17.74,72.61
2019-11-13,31.5,20.04,94.33,57.71,20.36,75.81
2019-11-14,32.14,13.12,114.67,73.59,18.43,74.46
2019-11-15,38.17,18.49,73.02,59.61,21.15,58.93
2019-11-16,33.07,20.74,45.36,55.69,20.91,49.82
2019-11-17,34.06,16.07,32.29,40.72,18.84,45.18
2019-11-18,36.43,15.25,49.47,35.22,21.34,43.74
2019-11-19,34.15,20.75,77.11,46.52,19.65,67.99
2019-11-20,33.42,16.8,106.76,36.42,23.25,75.24
2019-11-21,39.94,17.41,135.9,45.72,24.57,59.19
2019-11-22,36.86,16.06,113.99,40.9,25.3,89.3
2019-11-23,34.86,21.16,60.68,37.99,28.07,65.89
2019-11-24,20.72,18.43,42.87,32.58,25.13,56.45
2019-11-25,28.88,17.11,69.13,39.9,20.55,67.31
2019-11-26,32.97,26.56,73.89,71.13,15.71,50.29
2019-11-27,40.58,15.73,41.04,34.59,20.13,56.54
2019-11-28,35.02,22.02,27.14,26.59,30.01,106.91
2019-11-29,31.74,18.19,49.52,36.72,29.05,112.23
2019-11-30,27.09,18.24,56.55,31.14,26.28,57.23
2019-12-01,23.27,19.5,63.15,25.65,22.23,57.24
2019-12-02,24.48,19.5,77.73,31.56,19.45,98.01
2019-12-03,31.57,18,82.31,31.19,24.79,87.26
2019-12-04,28.23,15,107.88,60.23,25.8,119.3
2019-12-05,34.22,14.87,148.59,70.5,32.55,82.61
2019-12-06,31.36,17.05,103.48,67.92,32.85,37.31
2019-12-07,34.96,19.28,107.56,84.03,33.08,46.84
2019-12-08,26.74,26.23,137.04,59.6,29.65,57.49
2019-12-09,30.66,31.82,114.07,44.55,28.47,44.86
2019-12-10,28.35,24.72,115.07,59.81,31.49,38.43
2019-12-11,29.6,32.61,138.71,73.2,36.44,60.46
2019-12-12,27.89,21.33,76.85,58.51,30.6,31.44
2019-12-13,27.01,25.69,32.94,16,23.17,14.62
2019-12-14,27.35,31.9,43.17,18.03,24.88,13.84
2019-12-15,23.24,30.77,43.01,20.85,22.09,18.67
2019-12-16,27.99,25.96,36,15.41,27.36,13.89
2019-12-17,31.1,22.7,40.32,12.1,33.48,11.64
2019-12-18,34.26,24.6,48.79,13.78,37.04,11.77
2019-12-19,34.57,21.11,72.47,16.88,32.73,25.76
2019-12-20,37.72,20.82,66.4,29.06,38.9,30.178
2019-12-21,28.63,25.58,57.35,44.87,33.96,34.596
2019-12-22,25.64,22.47,36.7,25.65,28.6,39.014
2019-12-23,31.8,25.99,44.43,17.99,28.3,43.432
2019-12-24,31.31,25.04,64.46,17.81,24.29,47.85
2019-12-25,27.4,25.26,40.79,19.02,23.25,43.25
2019-12-26,29.65,30.75,41.2,24.25,24.52,39.17
2019-12-27,32.59,33.61,54.95,49.95,26.15,49.02
2019-12-28,27.78,32.37,83.47,57.03,28.11,49.18
2019-12-29,26.31,20.92,61.51,51.12,31.18,48.57
2019-12-30,27.79,18.99,79.04,49.67,26.86,64.26
2019-12-31,27.48,20.97,64.57,85.91,22.41,82.49
2020-01-01,26.74,18.7,135,118.48,19.3,81.09
2020-01-02,30.18,19.86,143.71,83.02,20.49,78.83
2020-01-03,26.92,20.62,131.13,61.45,18.87,70.31
2020-01-04,41.89,18.64,110.2,57.73,22.36,73.4
2020-01-05,29.52,13.3,54.3,46.25,24.59,52.81
2020-01-06,31.18,15.93,60.14,69.59,25.69,58.67
2020-01-07,32.13,15.99,46.56,78.58,21.53,84.61
2020-01-08,28.53,24.25,45.09,51.08,19.35,86.53
2020-01-09,32.74,26.55,31.03,39.14,22.57,62.86
2020-01-10,35.92,27.69,50.71,35.09,21.49,64.39
2020-01-11,28.01,30.05,69.66,66.13,29.49,73.54
2020-01-12,30.05,20.28,113.97,90.26,30.97,71.96
2020-01-13,41.27,22.56,84.22,43.38,33.07,91.2
2020-01-14,43.97,33.44,40.99,63.95,25.37,94.37
2020-01-15,37.49,20.74,54.26,82,15.62,98.56
2020-01-16,37.98,19.86,51.19,30.77,13.92,99.28
2020-01-17,43.73,18.78,49.2,51.64,19.17,69.02
2020-01-18,28.93,15.06,60.8,41.39,22.59,75.21
2020-01-19,25.93,22.8,36.38,38.53,22,81.16
2020-01-20,35.46,33.31,49.07,39,23.89,97.6
2020-01-21,33.87,30.54,83.32,80.41,24.07,141.74
2020-01-22,31.73,29.44,82.89,73.94,23.56,115.78
2020-01-23,30.61,23.65,33.47,34.1,31.09,99.05
2020-01-24,40.6,36.45,45.88,44.3,37.99,90.8
2020-01-25,49.87,33.21,84.2,64.83,36.22,119.9
2020-01-26,48.99,31.63,95.06,57.59,34.1,130.35
2020-01-27,46.01,29.51,116.25,72.79,30.46,131.91
2020-01-28,34.73,26.08,37.97,38.85,23.94,124.91
2020-01-29,38.26,21.46,48.65,17.61,28.53,96.2
2020-01-30,53.47,18.86,50.9,22.33,29.56,70.53
2020-01-31,35.68,18.27,53.46,30.3,30.84,90.82
2020-02-01,30.74,16.95,67.5,30.33,30.19,84.26
2020-02-02,23.37,13.98,54.17,30.67,22.65,73.98
2020-02-03,35.34,15.2,73.96,46.46,24.72,96.95
2020-02-04,33.89,17.53,115.76,71.28,24.15,161.95
2020-02-05,32.31,20.76,67.5,30.36,26.52,117.13
2020-02-06,37.61,32.42,60.54,42.4,29.82,163.1
2020-02-07,32.33,23.09,88.53,31.96,21.89,197.71
2020-02-08,30.83,18.18,54.41,44.47,24.59,165.36
2020-02-09,26.24,15.08,60.36,60.7,23.16,126.92
2020-02-10,26.76,15.14,82.69,52.76,23.63,115.49
2020-02-11,27.96,27.78,107.57,55.47,23.38,102.79
2020-02-12,27.32,28.76,64.65,49.52,27.32,64.03
2020-02-13,38.56,24.45,37.63,45.13,32.56,103.98
2020-02-14,49,24.59,30.48,24.24,52.12,113.68
2020-02-15,56.07,27.25,41.54,35.28,51.8,96.69
2020-02-16,32.5,21.01,70.95,44.98,34.66,152.09
2020-02-17,45.43,23.12,88.49,40.52,35.83,148.93
2020-02-18,38.88,34.56,67.21,32.47,33.53,108.66
2020-02-19,34.52,26.62,111.77,60.97,32.04,126.38
2020-02-20,34.36,22.64,32.65,25.81,21.75,127.25
2020-02-21,26.87,40.21,26.24,15.54,18.73,61.08
2020-02-22,26.23,15.94,50.12,20.03,21.61,72.16
2020-02-23,23.7,13.32,61.5,28.23,19.69,95.65
2020-02-24,28.15,19.03,51.6,29.39,20.91,81.91
2020-02-25,33.28,18.97,52.38,18.12,21.56,68.27
2020-02-26,30.32,14.06,78.58,25.11,26.33,93.46
2020-02-27,33.19,15.26,46.13,25.25,23.77,96.74
2020-02-28,29.54,16.35,26.32,30.59,19.28,79.46
2020-02-29,30.87,23.07,27.57,28.17,16.14,98.58
2020-03-01,21.37,14.59,41.36,23.27,17.73,96.77
2020-03-02,32.36,18.88,85.92,29.8,20.68,94.16
2020-03-03,35.82,25.41,71.98,26.55,17.39,111.01
2020-03-04,39.86,23.69,60.78,31.62,22.73,96.2
2020-03-05,30.95,22.63,28.54,21.35,27.67,80.49
2020-03-06,25.33,17.01,29.75,15.52,18.67,53.75
2020-03-07,28.22,19.21,34.85,15.38,21.69,70.27
2020-03-08,22.73,13.11,61.74,16.55,17.67,80.27
2020-03-09,24.69,18.79,34.79,17.5,18.72,67.04
2020-03-10,23.81,20.54,29.74,17.11,17.74,64.66
2020-03-11,27.1,17.42,24.99,19.34,20.78,67.25
2020-03-12,30.35,17.21,39.57,20.78,22.99,86.43
2020-03-13,30.03,28.29,49,16.11,19.82,84.2
2020-03-14,28.63,25.01,32.7,25.87,21.84,66.39
2020-03-15,23.19,19.31,46.69,28.06,21.68,57.98
2020-03-16,23.54,17.69,44.12,34.29,22.5,54.3
2020-03-17,22.33,16.23,48.87,45.35,22.98,57.58
2020-03-18,25.9,16.71,53.31,39.94,24.45,64.18
2020-03-19,27.94,18.85,59.24,32.38,24.66,58.24
2020-03-20,24.16,16.27,55.88,44.61,18.77,70.61
2020-03-21,32.76,16.23,54.04,26.71,19.21,79.79
2020-03-22,14.52,11.4,30.31,15.47,16.82,66.81
2020-03-23,20.75,13.48,25.31,15.56,12.92,64.96
2020-03-24,16.61,13.16,26.48,17.97,11.79,80.41
2020-03-25,11.41,9.79,22.57,14.18,11.53,66.72
2020-03-26,10.63,13.84,17.41,9.05,11.39,65.41
2020-03-27,11.22,9.8,15.89,12.92,11.2,64.28
2020-03-28,12.06,10.1,18.34,12.15,8.47,59.88
2020-03-29,14.05,13.3,16.42,10.26,11.3,25.29
2020-03-30,13.51,16.37,16.62,10.79,12.19,24.29
2020-03-31,11.79,13.7,18.01,11.2,14.38,64.97
2020-04-01,11.6,16.23,19.26,13.26,13.07,68.39
2020-04-02,10.93,13.84,17.72,10.17,12.85,62.84
2020-04-03,11.07,12.21,19.33,10.17,12.23,51.85
2020-04-04,10.79,12.6,21.19,9.6,13.49,53.03
2020-04-05,11.62,11.9,22.78,10.41,12.2,57.79
2020-04-06,11.77,13.82,22.68,9.2,13.41,51
2020-04-07,14.79,13.3,17.38,8.95,23.9,59.45
2020-04-08,14.46,11.87,16.51,12.6,21.26,72.57
2020-04-09,13.21,15.12,18.16,9.22,26.47,70.26
2020-04-10,11.44,17.08,23.3,10.61,22.02,46.09
2020-04-11,11.3,16.63,21.9,13.83,21.24,50.3
2020-04-12,12.7,14.87,14.66,12.23,15.09,46.05
2020-04-13,16.92,16.04,19.83,14.6,14.06,49.13
2020-04-14,16.73,12.73,22.96,17.62,13.94,42.84
2020-04-15,14.7,12,24.05,13.63,13.43,54.86
2020-04-16,13.63,13.09,25.66,15.56,13.75,51.46
2020-04-17,13.36,11.22,16.95,19.69,15.53,50.49
2020-04-18,12.25,11.66,17.02,11.4,17.34,47.22
2020-04-19,11.63,11.62,20.82,13.81,17.97,39.22
2020-04-20,11.72,9.88,25.55,9.47,18.67,50.14
2020-04-21,13.46,10.05,19.57,8.87,21.48,48.5
2020-04-22,11.49,13.87,24.17,10.81,18.57,47.55
2020-04-23,13.28,15.98,22.92,14.66,17.87,42.53
2020-04-24,15.61,15.03,24.87,10.23,16.45,55.3
2020-04-25,15.19,15,19.91,10.94,17.63,44.52
2020-04-26,13.11,15.7,17.77,7.53,15.56,54.83
2020-04-27,14.32,12.96,16.38,8.48,16.13,57.37
2020-04-28,13.01,11.52,20.03,8.54,15.18,58.88
2020-04-29,13.47,11.52,22.66,8.89,16.46,69.42
2020-04-30,17.17,16.53,20.45,9.66,16.33,61.62
2020-05-01,14.65,9.36,20.45,7.72,15.54,92.02
2020-05-02,15.24,7.96,19.49,7.62,18.8,90.23
2020-05-03,16.81,7.73,21.57,7.91,18.2,76.55
2020-05-04,17.75,6.95,20.79,10.16,14.89,76.8
2020-05-05,17.24,8.02,24.06,8.83,17.35,53.63
2020-05-06,16.58,9.68,25.58,9.15,15.19,44.36
2020-05-07,17.08,9.18,18.92,8.98,15.26,71.38
2020-05-08,16.68,8.67,20.69,11.11,15.87,53.76
2020-05-09,15.16,7.99,19.17,10.16,14.83,54.67
2020-05-10,13.74,9.5,14.47,7.76,18.09,54.28
2020-05-11,14.33,9.72,15.6,10.81,20.61,65.15
2020-05-12,14.61,10.02,14.62,10.83,19.37,55.05
2020-05-13,14.5,9.07,16.74,12.56,16.92,76.54
2020-05-14,16.02,12.7,21.86,12.24,15.62,66.61
2020-05-15,16.78,20.87,18.9,15.48,16.59,55.68
2020-05-16,17.24,12.81,19.89,15.27,17.99,73.86
2020-05-17,12.56,15.85,26.01,18.66,19.68,91.79
2020-05-18,11.92,18.39,29.28,19.06,17.21,76.16
2020-05-19,13.59,22.97,38.49,18.93,19.56,57.23
2020-05-20,15.4,21.31,25.93,15.16,20.28,55.07
2020-05-21,16.17,18.62,25.81,13.92,22.31,54.62
2020-05-22,16.51,17.82,40.17,12.97,25.41,54.39
2020-05-23,15.53,15.94,37.85,9.22,22.82,58.97
2020-05-24,13.26,16.33,21.76,13.12,17.02,39.45
2020-05-25,17.08,16.23,25,15.61,15.57,30.01
2020-05-26,16.95,16.14,37.41,15.95,15.44,11.16
2020-05-27,18.77,18.62,21.37,13.41,15.94,11.37
2020-05-28,16.36,18.71,13.26,8.86,17.03,11.81
2020-05-29,17.14,21.64,14.69,9.12,15.88,13.18
2020-05-30,17.45,15.08,14.11,10.25,15.62,18.18
2020-05-31,10.32,12.57,13.15,10.77,19.32,13.99
2020-06-01,9.4,17.89,17.6,12.7,21.23,11.71
2020-06-02,10.18,16.95,19.94,16.23,16.75,23.73
2020-06-03,10.9,16.64,21.64,20.08,14,27.13
2020-06-04,13.01,15.78,29.57,15.36,13.16,54.39
2020-06-05,18.98,19.15,20.45,14.22,15.07,35.29
2020-06-06,16.43,18.93,16.37,14.95,14.47,45.29
2020-06-07,12.94,20.39,17.92,13.44,13.89,46.35
2020-06-08,15.43,21.97,21.44,15.53,14.29,42.41
2020-06-09,16.43,21.03,28.36,17.66,13.92,50.18
2020-06-10,17.72,15.9,35.09,13.81,16.09,43.94
2020-06-11,16.75,18.3,30,13.79,17.06,34.96
2020-06-12,15.48,20.6,29.74,10.62,15.04,48.94
2020-06-13,16.68,21.63,22.93,10.55,13.7,35.51
2020-06-14,14.6,22.91,22.01,10.09,14.15,12.47
2020-06-15,15.5,18.82,21.79,11.5,14.57,19.3
2020-06-16,15.94,22.1,19.98,9.23,12.66,23.62
2020-06-17,17.22,24.29,14.73,12.46,13.65,25.83
2020-06-18,16.54,27.99,15.69,9.9,13.77,27.81
2020-06-19,15.89,23.72,15.57,9.18,15.44,24.26
2020-06-20,14.97,22.61,17.92,9.3,14.55,28.38
2020-06-21,14.83,21.18,19.89,9.59,15.65,25.68
2020-06-22,17.28,18.09,17.46,9.31,15.23,33.47
2020-06-23,17.11,23.05,15.33,12.35,16.53,36.15
2020-06-24,16.98,16.05,15.72,19.87,17.75,33.97
2020-06-25,19.1,20.56,21.17,22.33,17.73,28.9
2020-06-26,15.57,13.96,21.75,17.02,14.59,24.65
2020-06-27,13.07,19.59,22.47,17.78,15.39,22.28
2020-06-28,10.58,16.39,23.86,17.6,14.89,36.76
2020-06-29,12.94,16.74,21.94,18.87,17.09,47.69
2020-06-30,15,20.29,15.44,11.95,14.59,52.04
2020-07-01,14.83,16.44,16.81,6.73,16.13,57.72
